   6   96
1 1
    24.672192241995731     0.000000000000003     0.000000000000000
     0.000000000000003    24.672192241995738     0.000000000000000
     0.000000000000000     0.000000000000000    27.341926297823214
1 2
    -0.763906198374378    -0.892778357657963     0.010898867249279
     0.892778357657964    -0.405027514681223     0.024359567730306
    -0.010898867249279     0.024359567730306     0.753157810957299
1 3
    -0.163993656014298    -0.000000000000000     0.000000000000000
    -0.000000000000000     0.070449068022706     0.005690546523211
     0.000000000000000     0.005690546523211    -0.137929839109100
1 4
    -0.763906198374378     0.892778357657964    -0.010898867249279
    -0.892778357657963    -0.405027514681223     0.024359567730306
     0.010898867249279     0.024359567730306     0.753157810957299
1 5
    -0.494747185604512     0.737379329180468     0.026545438104293
    -1.048177386135460    -0.674186527451089    -0.002741087954803
     0.015646570855013    -0.021618479775503     0.753157810957299
1 6
    -0.067428959780725     0.055891889435188     0.003726122518340
     0.055891889435188    -0.131967354602570     0.002151277838997
     0.004298410019803     0.002481688182021    -0.030029295470536
1 7
    -0.067428959780725    -0.055891889435188    -0.003726122518340
    -0.055891889435188    -0.131967354602570     0.002151277838997
    -0.004298410019803     0.002481688182021    -0.030029295470536
1 8
    -0.494747185604512    -0.737379329180468    -0.026545438104293
     1.048177386135459    -0.674186527451090    -0.002741087954803
    -0.015646570855013    -0.021618479775503     0.753157810957299
1 9
     0.011838387013455    -0.101516677374235     0.004928157850518
    -0.101516677374235    -0.105382975005047    -0.002845273261606
     0.004928157850518    -0.002845273261606    -0.137929839109100
1 10
    -0.164236552013492     0.000000000000000     0.000000000000000
     0.000000000000000    -0.035159762369803    -0.004302555677994
     0.000000000000000    -0.004963376364041    -0.030029295470536
1 11
     0.011838387013455     0.101516677374235    -0.004928157850518
     0.101516677374235    -0.105382975005047    -0.002845273261606
    -0.004928157850518    -0.002845273261606    -0.137929839109100
1 12
    -0.164236552013492     0.000000000000000     0.000000000000000
     0.000000000000000    -0.035159762369803    -0.004963376364041
     0.000000000000000    -0.004302555677994    -0.030029295470536
1 13
    -0.494747185604512    -1.048177386135460     0.015646570855013
     0.737379329180468    -0.674186527451089    -0.021618479775503
     0.026545438104293    -0.002741087954803     0.753157810957299
1 14
    -0.494747185604512     1.048177386135459    -0.015646570855013
    -0.737379329180468    -0.674186527451090    -0.021618479775503
    -0.026545438104293    -0.002741087954803     0.753157810957299
1 15
    -0.067428959780725    -0.055891889435188    -0.004298410019803
    -0.055891889435188    -0.131967354602570     0.002481688182021
    -0.003726122518340     0.002151277838997    -0.030029295470536
1 16
    -0.067428959780725     0.055891889435188     0.004298410019803
     0.055891889435188    -0.131967354602570     0.002481688182021
     0.003726122518340     0.002151277838997    -0.030029295470536
1 17
    -0.003383501780022    -0.010660676961747    -0.027642882743630
    -0.010660676961747     0.008926387647194    -0.015959625793212
    -0.020243609944678    -0.011687653650930     0.008095154721885
1 18
    -0.002429620026048     0.002892182999898     0.008897628457243
     0.000189083341095     0.000027908051999     0.002793016172489
     0.003559746046364    -0.011215777354487    -0.013263808841384
1 19
    -0.002429620026048    -0.002892182999898    -0.008897628457243
    -0.000189083341095     0.000027908051999     0.002793016172489
    -0.003559746046364    -0.011215777354487    -0.013263808841384
1 20
    -0.003383501780022     0.010660676961747     0.027642882743630
     0.010660676961747     0.008926387647194    -0.015959625793212
     0.020243609944678    -0.011687653650930     0.008095154721885
1 21
     0.000747753496051    -0.001645374117204     0.006867637187177
     0.001057725541599    -0.003149465470099     0.006309064191163
    -0.007933275088994     0.008690719184416    -0.013263808841384
1 22
     0.001384874872173     0.000000000000000     0.000000000000000
     0.000000000000000     0.001384874872173     0.000000000000000
     0.000000000000000     0.000000000000000    -0.020695642258566
1 23
     0.000747753496051     0.001645374117204    -0.006867637187177
    -0.001057725541599    -0.003149465470099     0.006309064191163
     0.007933275088994     0.008690719184416    -0.013263808841384
1 24
    -0.005105570192062     0.000000000000000     0.000000000000000
     0.000000000000000    -0.006180613577804     0.008900370920760
     0.000000000000000    -0.003363383580323     0.026794072604188
1 25
    -0.001920701431076    -0.000482907628898    -0.002029991270065
    -0.003186007287701    -0.000481010542973    -0.009102080363652
    -0.011493021135358     0.002525058170071    -0.013263808841384
1 26
    -0.001920701431076     0.000482907628898     0.002029991270065
     0.003186007287701    -0.000481010542973    -0.009102080363652
     0.011493021135358     0.002525058170071    -0.013263808841384
1 27
    -0.002261584690474    -0.004204049972695     0.008404240358952
    -0.004204049972695     0.002592834076371     0.004852190433575
    -0.000301958061831    -0.000174335568282    -0.006389992310110
1 28
    -0.002261584690474     0.004204049972695    -0.008404240358952
     0.004204049972695     0.002592834076371     0.004852190433575
     0.000301958061831    -0.000174335568282    -0.006389992310110
1 29
     0.015081332360802     0.000000000000000     0.000000000000000
     0.000000000000000    -0.009538446493630     0.031919251586424
     0.000000000000000     0.023375307301859     0.008095154721885
1 30
    -0.005911852731368     0.000465507441112     0.007707947320483
     0.000465507441112    -0.005374331038497    -0.004450185460380
    -0.002912775623232     0.001681691790162     0.026794072604188
1 31
     0.005020043459793     0.000000000000000     0.000000000000000
     0.000000000000000    -0.004688794073896    -0.009704380867150
     0.000000000000000     0.000348671136565    -0.006389992310110
1 32
    -0.005911852731368    -0.000465507441112    -0.007707947320483
    -0.000465507441112    -0.005374331038497    -0.004450185460380
     0.002912775623232     0.001681691790162     0.026794072604188
1 33
    -4.367334346831493    -1.653334860711447     3.122290997789566
    -1.653334860711446    -2.458227693046802     1.802655548062153
     3.161365255646946     1.825215081354496    -4.758929680022143
1 34
    -0.061596036107387     0.100544247793156     0.005633757326461
    -0.020416883672742    -0.015418570657893    -0.024690432050279
     0.049663338334875    -0.004868683441932    -0.096080616911271
1 35
    -0.061596036107387    -0.100544247793156    -0.005633757326461
     0.020416883672742    -0.015418570657893    -0.024690432050279
    -0.049663338334875    -0.004868683441933    -0.096080616911271
1 36
    -4.367334346831495     1.653334860711446    -3.122290997789567
     1.653334860711447    -2.458227693046803     1.802655548062152
    -3.161365255646948     1.825215081354496    -4.758929680022137
1 37
     0.007733229413016    -0.060444153783666    -0.018565662722725
     0.060516977682233    -0.084747836178296     0.017224192988611
     0.020615265623739     0.045444054355710    -0.096080616911271
1 38
     0.028532985319361     0.000000000000000     0.000000000000000
     0.000000000000000     0.028532985319361     0.000000000000000
     0.000000000000000     0.000000000000000    -0.026539819139911
1 39
     0.007733229413016     0.060444153783666     0.018565662722725
    -0.060516977682233    -0.084747836178296     0.017224192988611
    -0.020615265623739     0.045444054355710    -0.096080616911271
1 40
     0.414969979515116     0.000000000000000     0.000000000000000
     0.000000000000000    -0.271149917850984     0.147672441256644
     0.000000000000000     0.228388709503711    -0.268881002252724
1 41
    -0.061659103453548     0.020453295622026    -0.024199420049185
    -0.100507835843873    -0.015355503311732     0.007466239061668
    -0.029048072711136    -0.040575370913777    -0.096080616911271
1 42
    -0.061659103453548    -0.020453295622026     0.024199420049185
     0.100507835843873    -0.015355503311732     0.007466239061668
     0.029048072711136    -0.040575370913777    -0.096080616911271
1 43
    -0.004010852333625    -0.004603206006776    -0.016489774002873
    -0.004603206006776     0.001304472120669    -0.009520375459435
    -0.006097523535927    -0.003520406854858     0.010465620736367
1 44
    -0.004010852333625     0.004603206006776     0.016489774002873
     0.004603206006776     0.001304472120669    -0.009520375459435
     0.006097523535927    -0.003520406854858     0.010465620736367
1 45
    -1.503674366154456     0.000000000000000     0.000000000000000
     0.000000000000000    -5.321887673723841    -3.605311096124304
     0.000000000000000    -3.650430162708991    -4.758929680022140
1 46
    -0.099619943509458     0.297098630580507     0.127888085567119
     0.297098630580507     0.243440005173592    -0.073836220628322
     0.197790424367758    -0.114194354751856    -0.268881002252723
1 47
     0.003962134347817     0.000000000000000     0.000000000000000
     0.000000000000000    -0.006668514560773     0.019040750918869
     0.000000000000000     0.007040813709715     0.010465620736367
1 48
    -0.099619943509458    -0.297098630580507    -0.127888085567119
    -0.297098630580507     0.243440005173591    -0.073836220628322
    -0.197790424367758    -0.114194354751856    -0.268881002252724
1 49
    -4.345784214642232    -1.635876285539152    -3.132839717731388
    -1.635876285539151    -2.456836987008324    -1.808745854360170
    -3.094259843411147    -1.786471753536077    -4.732729275726824
1 50
    -0.054169755735135     0.082562025659542    -0.009573093626734
    -0.025567963817977    -0.010172128060046     0.017632672984873
    -0.050373100754968    -0.005053573363556    -0.097295294787102
1 51
    -0.054169755735135    -0.082562025659542     0.009573093626734
     0.025567963817977    -0.010172128060046     0.017632672984873
     0.050373100754968    -0.005053573363556    -0.097295294787102
1 52
    -4.345784214642234     1.635876285539152     3.132839717731390
     1.635876285539152    -2.456836987008325    -1.808745854360170
     3.094259843411148    -1.786471753536076    -4.732729275726818
1 53
     0.003507617731010    -0.058868010914807     0.010483795928157
     0.049261978562712    -0.067849501526191    -0.017106878765995
    -0.029563073290212    -0.041097598239418    -0.097295294787102
1 54
     0.023414459815701     0.000000000000000     0.000000000000000
     0.000000000000000     0.023414459815701     0.000000000000000
     0.000000000000000     0.000000000000000    -0.022252728042475
1 55
     0.003507617731010     0.058868010914807    -0.010483795928157
    -0.049261978562712    -0.067849501526191    -0.017106878765995
     0.029563073290212    -0.041097598239418    -0.097295294787102
1 56
     0.422633343336167     0.000000000000000     0.000000000000000
     0.000000000000000    -0.274968231695059    -0.138755857449337
     0.000000000000000    -0.232193488305810    -0.253306409020799
1 57
    -0.045850687688646     0.020764947641930     0.020056889554891
    -0.087365041835589    -0.018491196106535    -0.000525794218878
     0.020810027464757     0.046151171602973    -0.097295294787102
1 58
    -0.045850687688646    -0.020764947641930    -0.020056889554891
     0.087365041835589    -0.018491196106535    -0.000525794218878
    -0.020810027464757     0.046151171602973    -0.097295294787102
1 59
    -0.008017482516682    -0.005839319629639     0.020331982685218
    -0.005839319629639    -0.001274816996570     0.011738675676469
     0.012241664112763     0.007067728070833     0.011345538038117
1 60
    -0.008017482516682     0.005839319629639    -0.020331982685218
     0.005839319629639    -0.001274816996570     0.011738675676469
    -0.012241664112763     0.007067728070833     0.011345538038117
1 61
    -1.512363373191370     0.000000000000000     0.000000000000000
     0.000000000000000    -5.290257828459188     3.617491708720339
     0.000000000000000     3.572943507072152    -4.732729275726821
1 62
    -0.100567837937252     0.302070342848539    -0.120166097475018
     0.302070342848539     0.248232949578360     0.069377928724669
    -0.201085459466157     0.116096744152905    -0.253306409020798
1 63
     0.002096515763486     0.000000000000000     0.000000000000000
     0.000000000000000    -0.011388815276739    -0.023477351352938
     0.000000000000000    -0.014135456141665     0.011345538038117
1 64
    -0.100567837937252    -0.302070342848539     0.120166097475018
    -0.302070342848539     0.248232949578360     0.069377928724669
     0.201085459466157     0.116096744152905    -0.253306409020799
1 65
    -0.005796524584312    -0.002370374731037    -0.025652301026096
    -0.002370374731037    -0.003059451606223    -0.014810362902750
    -0.022694270961135    -0.013102543448473    -0.063834262577321
1 66
    -0.012259748325127     0.000000000000000     0.000000000000000
    -0.000000000000000    -0.004031791450512     0.005141876813151
     0.000000000000000    -0.005873216028262     0.005253381872126
1 67
    -0.005796524584312     0.002370374731037     0.025652301026096
     0.002370374731037    -0.003059451606223    -0.014810362902750
     0.022694270961135    -0.013102543448473    -0.063834262577321
1 68
    -0.005303964611921    -0.000000000000000     0.000000000000000
    -0.000000000000000     0.004393048041489     0.013917877300886
     0.000000000000000     0.032572024175150     0.037443225226485
1 69
    -0.006088780669165    -0.003562809837330     0.004452995943319
    -0.003562809837330    -0.010202759106473    -0.002570938406575
    -0.005086354282389     0.002936608014131     0.005253381872126
1 70
    -0.006088780669165     0.003562809837330    -0.004452995943319
     0.003562809837330    -0.010202759106473    -0.002570938406575
     0.005086354282389     0.002936608014131     0.005253381872126
1 71
     0.001990256984271     0.001630397402868     0.007522503309858
     0.000098676845684    -0.002153861394605     0.002133344156215
     0.005179733128514    -0.001858255821352    -0.006003245971073
1 72
     0.001990256984271    -0.001630397402868    -0.007522503309858
    -0.000098676845684    -0.002153861394605     0.002133344156215
    -0.005179733128514    -0.001858255821352    -0.006003245971073
1 73
    -0.001690915117179     0.000000000000000     0.000000000000000
     0.000000000000000    -0.007165061073356     0.029620725805500
     0.000000000000000     0.026205086896947    -0.063834262577321
1 74
    -0.000369120687748     0.001460864179744     0.005608781889226
     0.002992584736928     0.000205516277414     0.005448006888282
     0.000980569816236     0.005414908384793    -0.006003245971073
1 75
    -0.000992507126943     0.000000000000000     0.000000000000000
    -0.000000000000000    -0.000992507126943     0.000000000000000
     0.000000000000000     0.000000000000000    -0.001134771650097
1 76
    -0.000369120687748    -0.001460864179744    -0.005608781889226
    -0.002992584736928     0.000205516277414     0.005448006888282
    -0.000980569816236     0.005414908384793    -0.006003245971073
1 77
     0.001968794878137    -0.004198929649336     0.012053235309322
    -0.004198929649336    -0.002879711448568    -0.006958938650443
     0.028208200388361    -0.016286012087575     0.037443225226485
1 78
    -0.001866542912023     0.002128047612652    -0.001913721420632
     0.000596327055468     0.001702938501690    -0.007581351044497
    -0.004199163312278    -0.003556652563442    -0.006003245971073
1 79
    -0.001866542912023    -0.002128047612652     0.001913721420632
    -0.000596327055468     0.001702938501690    -0.007581351044497
     0.004199163312278    -0.003556652563442    -0.006003245971073
1 80
     0.001968794878137     0.004198929649336    -0.012053235309322
     0.004198929649336    -0.002879711448568    -0.006958938650443
    -0.028208200388361    -0.016286012087575     0.037443225226485
1 81
     0.001215589021136    -0.000523852750339     0.002137697023916
    -0.000523852750339     0.001820482073984     0.001234199952203
    -0.000826126855950    -0.000476964562667    -0.000940862640658
1 82
     0.001639805471791    -0.000000000000000     0.000000000000000
    -0.000000000000000     0.001907300921273     0.000985099041556
     0.000000000000000     0.000770681857927     0.002611415368353
1 83
     0.001215589021136     0.000523852750339    -0.002137697023916
     0.000523852750339     0.001820482073984     0.001234199952203
     0.000826126855950    -0.000476964562667    -0.000940862640658
1 84
     0.001943062997454     0.000000000000000     0.000000000000000
     0.000000000000000    -0.000226140246727     0.003846794293728
     0.000000000000000    -0.000100150212354     0.004992749951070
1 85
     0.001840427058903    -0.000115828927324     0.000853120795231
    -0.000115828927324     0.001706679334162    -0.000492549520778
     0.000667430067200    -0.000385340928963     0.002611415368353
1 86
     0.001840427058903     0.000115828927324    -0.000853120795231
     0.000115828927324     0.001706679334162    -0.000492549520778
    -0.000667430067200    -0.000385340928963     0.002611415368353
1 87
     0.001162422079842     0.000560405725655     0.000255186659272
     0.000150961782118     0.001664001402083     0.000110119510468
    -0.002633061272872    -0.000778332985386     0.001894814642765
1 88
     0.001162422079842    -0.000560405725655    -0.000255186659272
    -0.000150961782118     0.001664001402083     0.000110119510468
     0.002633061272872    -0.000778332985386     0.001894814642765
1 89
     0.002122928600408     0.000000000000000     0.000000000000000
     0.000000000000000     0.000913142494712    -0.002468399904407
     0.000000000000000     0.000953929125335    -0.000940862640658
1 90
     0.001846637738102    -0.000244070312362     0.000222959623153
     0.000165373631175     0.000979785743823     0.000165938374402
    -0.001990586774384    -0.001891131459336     0.001894814642765
1 91
     0.001861752963316     0.000000000000000     0.000000000000000
     0.000000000000000     0.001861752963316     0.000000000000000
     0.000000000000000     0.000000000000000     0.002234976978904
1 92
     0.001846637738102     0.000244070312362    -0.000222959623153
    -0.000165373631175     0.000979785743823     0.000165938374402
     0.001990586774384    -0.001891131459336     0.001894814642765
1 93
     0.000316160564318     0.000939292557716     0.003331421581501
     0.000939292557716     0.001400762186409    -0.001923397146864
    -0.000086732628093     0.000050075106177     0.004992749951070
1 94
     0.001230575404943    -0.000190310122712    -0.000032227036118
    -0.000599754066248     0.001595848076982    -0.000276057884870
     0.000642474498489     0.002669464444721     0.001894814642765
1 95
     0.001230575404943     0.000190310122712     0.000032227036118
     0.000599754066248     0.001595848076982    -0.000276057884870
    -0.000642474498489     0.002669464444721     0.001894814642765
1 96
     0.000316160564318    -0.000939292557716    -0.003331421581501
    -0.000939292557716     0.001400762186409    -0.001923397146864
     0.000086732628093     0.000050075106177     0.004992749951070
17 1
    -0.003383501780022    -0.010660676961747    -0.020243609944678
    -0.010660676961747     0.008926387647194    -0.011687653650930
    -0.027642882743630    -0.015959625793212     0.008095154721885
17 2
    -0.003383501780022     0.010660676961747     0.020243609944678
     0.010660676961747     0.008926387647194    -0.011687653650930
     0.027642882743630    -0.015959625793212     0.008095154721885
17 3
    -0.002429620026048    -0.000189083341095    -0.003559746046364
    -0.002892182999898     0.000027908051999    -0.011215777354487
    -0.008897628457243     0.002793016172489    -0.013263808841384
17 4
    -0.002429620026048     0.000189083341095     0.003559746046364
     0.002892182999898     0.000027908051999    -0.011215777354487
     0.008897628457243     0.002793016172489    -0.013263808841384
17 5
     0.015081332360802     0.000000000000000     0.000000000000000
     0.000000000000000    -0.009538446493630     0.023375307301859
     0.000000000000000     0.031919251586424     0.008095154721885
17 6
    -0.005911852731368    -0.000465507441112     0.002912775623232
    -0.000465507441112    -0.005374331038497     0.001681691790162
    -0.007707947320483    -0.004450185460380     0.026794072604188
17 7
     0.005020043459793     0.000000000000000     0.000000000000000
     0.000000000000000    -0.004688794073896     0.000348671136565
     0.000000000000000    -0.009704380867150    -0.006389992310110
17 8
    -0.005911852731368     0.000465507441112    -0.002912775623232
     0.000465507441112    -0.005374331038497     0.001681691790162
     0.007707947320483    -0.004450185460380     0.026794072604188
17 9
    -0.001920701431076    -0.003186007287701    -0.011493021135358
    -0.000482907628898    -0.000481010542973     0.002525058170071
    -0.002029991270065    -0.009102080363652    -0.013263808841384
17 10
    -0.002261584690474     0.004204049972695     0.000301958061831
     0.004204049972695     0.002592834076371    -0.000174335568282
    -0.008404240358952     0.004852190433575    -0.006389992310110
17 11
    -0.002261584690474    -0.004204049972695    -0.000301958061831
    -0.004204049972695     0.002592834076371    -0.000174335568282
     0.008404240358952     0.004852190433575    -0.006389992310110
17 12
    -0.001920701431076     0.003186007287701     0.011493021135358
     0.000482907628898    -0.000481010542973     0.002525058170071
     0.002029991270065    -0.009102080363652    -0.013263808841384
17 13
     0.000747753496051     0.001057725541599    -0.007933275088994
    -0.001645374117204    -0.003149465470099     0.008690719184416
     0.006867637187177     0.006309064191163    -0.013263808841384
17 14
    -0.005105570192062     0.000000000000000     0.000000000000000
     0.000000000000000    -0.006180613577804    -0.003363383580323
     0.000000000000000     0.008900370920760     0.026794072604188
17 15
     0.000747753496051    -0.001057725541599     0.007933275088994
     0.001645374117204    -0.003149465470099     0.008690719184416
    -0.006867637187177     0.006309064191163    -0.013263808841384
17 16
     0.001384874872173     0.000000000000000     0.000000000000000
     0.000000000000000     0.001384874872173     0.000000000000000
     0.000000000000000     0.000000000000000    -0.020695642258566
17 17
    22.585972411477737     0.000000000000003     0.000000000000000
     0.000000000000003    22.585972411477744     0.000000000000000
     0.000000000000000     0.000000000000000    27.236725352905268
17 18
    -0.527044453394486    -1.001381208712376    -0.025394957435978
     1.001381208712377    -0.385678557547170    -0.000208982554751
     0.025394957435978    -0.000208982554751     0.430376071621355
17 19
    -0.424560266420159    -0.000000000000000     0.000000000000000
    -0.000000000000000     0.063865280633820    -0.005101758335426
     0.000000000000000    -0.005101758335426    -0.117675108449881
17 20
    -0.527044453394486     1.001381208712377     0.025394957435978
    -1.001381208712376    -0.385678557547170    -0.000208982554751
    -0.025394957435978    -0.000208982554751     0.430376071621355
17 21
    -0.421020031508999     0.940167980196117    -0.012878462919351
    -1.062594437228637    -0.491702979432657    -0.021888186990206
     0.012516494516627     0.022097169544957     0.430376071621354
17 22
    -0.058561615373075     0.071285706102900     0.001611294247438
     0.071285706102900    -0.140875258588839     0.000930281167502
    -0.002110351375404    -0.001218411934674     0.023697230657128
17 23
    -0.058561615373075    -0.071285706102900    -0.001611294247438
    -0.071285706102900    -0.140875258588839     0.000930281167502
     0.002110351375404    -0.001218411934674     0.023697230657128
17 24
    -0.421020031508999    -0.940167980196117     0.012878462919351
     1.062594437228636    -0.491702979432657    -0.021888186990206
    -0.012516494516627     0.022097169544957     0.430376071621354
17 25
    -0.058241106129675    -0.211494465803029    -0.004418252322448
    -0.211494465803029    -0.302453879656664     0.002550879167713
    -0.004418252322448     0.002550879167713    -0.117675108449881
17 26
    -0.182032080196721     0.000000000000000     0.000000000000000
     0.000000000000000    -0.017404793765193    -0.001860562335004
     0.000000000000000     0.002436823869349     0.023697230657128
17 27
    -0.058241106129675     0.211494465803029     0.004418252322448
     0.211494465803029    -0.302453879656664     0.002550879167713
     0.004418252322448     0.002550879167713    -0.117675108449881
17 28
    -0.182032080196721     0.000000000000000     0.000000000000000
     0.000000000000000    -0.017404793765193     0.002436823869349
     0.000000000000000    -0.001860562335004     0.023697230657128
17 29
    -0.421020031508999    -1.062594437228637     0.012516494516627
     0.940167980196117    -0.491702979432657     0.022097169544957
    -0.012878462919351    -0.021888186990206     0.430376071621354
17 30
    -0.421020031508999     1.062594437228636    -0.012516494516627
    -0.940167980196117    -0.491702979432657     0.022097169544957
     0.012878462919351    -0.021888186990206     0.430376071621354
17 31
    -0.058561615373075    -0.071285706102900     0.002110351375404
    -0.071285706102900    -0.140875258588839    -0.001218411934674
    -0.001611294247438     0.000930281167502     0.023697230657128
17 32
    -0.058561615373075     0.071285706102900    -0.002110351375404
     0.071285706102900    -0.140875258588839    -0.001218411934674
     0.001611294247438     0.000930281167502     0.023697230657128
17 33
     0.001927691139748     0.000000000000000     0.000000000000000
     0.000000000000000     0.001927691139748     0.000000000000000
     0.000000000000000     0.000000000000000     0.012639312701336
17 34
     0.000500125272985    -0.000947981668615    -0.001592223180086
     0.000841719358254     0.002252529032268    -0.001569584618762
     0.000468774682089    -0.000043612406154    -0.003520231890524
17 35
     0.002105819228297    -0.000000000000000     0.000000000000000
    -0.000000000000000     0.005547848295805    -0.000298885060748
     0.000000000000000     0.001936658268059     0.004537660791268
17 36
     0.000500125272985     0.000947981668615     0.001592223180086
    -0.000841719358254     0.002252529032268    -0.001569584618762
    -0.000468774682089    -0.000043612406154    -0.003520231890524
17 37
     0.001768415162328     0.000109471849231    -0.002155411743280
    -0.001680229177638     0.000984239142924    -0.000594113413068
     0.000196617889395     0.000427776986417    -0.003520231890524
17 38
     0.003159322651611     0.000799141108088     0.000037421381360
     0.000799141108088     0.002236553983861     0.000021605244602
    -0.000211339590370    -0.000122016969390     0.001192433807960
17 39
     0.003159322651611    -0.000799141108088    -0.000037421381360
    -0.000799141108088     0.002236553983861     0.000021605244602
     0.000211339590370    -0.000122016969390     0.001192433807960
17 40
     0.001768415162328    -0.000109471849231     0.002155411743280
     0.001680229177638     0.000984239142924    -0.000594113413068
    -0.000196617889395     0.000427776986417    -0.003520231890524
17 41
     0.004687341028928    -0.001490442306513    -0.000258842055420
    -0.001490442306513     0.002966326495174     0.000149442530374
     0.001677195258589    -0.000968329134030     0.004537660791268
17 42
     0.001775169649986     0.000000000000000     0.000000000000000
     0.000000000000000     0.003620706985487    -0.000043210489203
     0.000000000000000     0.000244033938781     0.001192433807960
17 43
     0.004687341028928     0.001490442306513     0.000258842055420
     0.001490442306513     0.002966326495174     0.000149442530374
    -0.001677195258589    -0.000968329134030     0.004537660791268
17 44
     0.000492928846655    -0.000000000000000     0.000000000000000
    -0.000000000000000     0.001780398977334     0.000788957075149
     0.000000000000000     0.000856650996994     0.004091247282553
17 45
     0.001860441022566    -0.001627098022457    -0.000563188563194
     0.000162603004412     0.000892213282687     0.002163698031830
    -0.000272156792694    -0.000384164580263    -0.003520231890524
17 46
     0.001860441022566     0.001627098022457     0.000563188563194
    -0.000162603004412     0.000892213282687     0.002163698031830
     0.000272156792694    -0.000384164580263    -0.003520231890524
17 47
     0.001458531444664    -0.000557490919891     0.000683256869574
    -0.000557490919891     0.000814796379325    -0.000394478537574
     0.000741881525574    -0.000428325498497     0.004091247282553
17 48
     0.001458531444664     0.000557490919891    -0.000683256869574
     0.000557490919891     0.000814796379325    -0.000394478537574
    -0.000741881525574    -0.000428325498497     0.004091247282553
17 49
    -0.031934722757801     0.000000000000000     0.000000000000000
    -0.000000000000000    -0.031934722757801     0.000000000000000
     0.000000000000000     0.000000000000000     0.080355677733256
17 50
     0.001741448362782     0.014702538540282     0.000496193833531
     0.011484709352467    -0.001518139790945     0.022548910399579
     0.013101312827740    -0.026720046014153    -0.028044603230136
17 51
     0.000629801483529     0.000000000000000     0.000000000000000
     0.000000000000000    -0.002108917729549     0.000719555437520
     0.000000000000000     0.002156361368821     0.005326887959698
17 52
     0.001741448362782    -0.014702538540282    -0.000496193833531
    -0.011484709352467    -0.001518139790945     0.022548910399579
    -0.013101312827740    -0.026720046014153    -0.028044603230136
17 53
     0.010636168212647     0.006349340452781     0.019776026150460
     0.009567169640596    -0.010412859640811    -0.010844738734751
    -0.016589582224676     0.024706092738826    -0.028044603230136
17 54
    -0.001159713710717    -0.003716941546326     0.009306714495390
    -0.003716941546326     0.003132240693950     0.005373234119184
     0.005794701110156     0.003345572245822     0.010198979974513
17 55
    -0.001159713710717     0.003716941546326    -0.009306714495390
     0.003716941546326     0.003132240693950     0.005373234119184
    -0.005794701110156     0.003345572245822     0.010198979974513
17 56
     0.010636168212647    -0.006349340452781    -0.019776026150460
    -0.009567169640596    -0.010412859640811    -0.010844738734751
     0.016589582224676     0.024706092738826    -0.028044603230136
17 57
    -0.001424237926280     0.001185900206179     0.000623153288324
     0.001185900206179    -0.000054878319741    -0.000359777718760
     0.001867463725138    -0.001078180684410     0.005326887959698
17 58
     0.005278217896283     0.000000000000000     0.000000000000000
     0.000000000000000    -0.003305690913050    -0.010746468238369
     0.000000000000000    -0.006691144491644     0.010198979974513
17 59
    -0.001424237926280    -0.001185900206179    -0.000623153288324
    -0.001185900206179    -0.000054878319741    -0.000359777718760
    -0.001867463725138    -0.001078180684410     0.005326887959698
17 60
     0.008387545952138    -0.000000000000000     0.000000000000000
    -0.000000000000000     0.007474981999774    -0.002322792961012
     0.000000000000000    -0.001008390260808     0.010302654159707
17 61
    -0.012042653717674    -0.003526454305778     0.019279832316929
    -0.006744283493594     0.012265962289511    -0.011704171664829
    -0.029690895052415     0.002013953275327    -0.028044603230136
17 62
    -0.012042653717674     0.003526454305778    -0.019279832316929
     0.006744283493594     0.012265962289511    -0.011704171664829
     0.029690895052415     0.002013953275327    -0.028044603230136
17 63
     0.007703122987865     0.000395151782663    -0.002011597711968
     0.000395151782663     0.008159404964047     0.001161396480506
    -0.000873291582788     0.000504195130404     0.010302654159707
17 64
     0.007703122987865    -0.000395151782663     0.002011597711968
    -0.000395151782663     0.008159404964047     0.001161396480506
     0.000873291582788     0.000504195130404     0.010302654159707
17 65
    -4.112910869121984    -1.796316886163404     3.443109438098495
    -1.796316886163403    -2.038702793569362     1.987880160935509
     3.192033084969965     1.842921160869603    -4.546927747385382
17 66
    -0.065198385335326     0.117422652947154    -0.066150770954287
    -0.047686848693507    -0.038344388915595    -0.007268517541888
     0.050403148954910    -0.014877304917715    -0.055181677399358
17 67
    -0.065198385335326    -0.117422652947154     0.066150770954287
     0.047686848693507    -0.038344388915595    -0.007268517541888
    -0.050403148954910    -0.014877304917715    -0.055181677399358
17 68
    -4.112910869121984     1.796316886163403    -3.443109438098496
     1.796316886163404    -2.038702793569362     1.987880160935508
    -3.192033084969967     1.842921160869602    -4.546927747385377
17 69
    -0.014861399002030    -0.076748921303231    -0.039370106316272
     0.088360580337430    -0.088681375248892    -0.053653989355394
     0.012317450478867     0.051089059884541    -0.055181677399358
17 70
     0.021381699549322     0.000000000000000     0.000000000000000
     0.000000000000000     0.021381699549322     0.000000000000000
     0.000000000000000     0.000000000000000    -0.029317892082506
17 71
    -0.014861399002030     0.076748921303231     0.039370106316272
    -0.088360580337430    -0.088681375248892    -0.053653989355394
    -0.012317450478867     0.051089059884541    -0.055181677399358
17 72
     0.382380073878923     0.000000000000000     0.000000000000000
     0.000000000000000    -0.297431018787472     0.211464666602571
     0.000000000000000     0.163222069139888    -0.243620262959690
17 73
    -0.075254377039026     0.053492678210607     0.026780664638016
    -0.111616823430054    -0.028288397211895     0.060922506897283
    -0.038085698476043    -0.036211754966826    -0.055181677399358
17 74
    -0.075254377039026    -0.053492678210607    -0.026780664638016
     0.111616823430054    -0.028288397211895     0.060922506897283
     0.038085698476043    -0.036211754966826    -0.055181677399358
17 75
     0.007679278844713    -0.005093645752937    -0.001551589307455
    -0.005093645752937     0.013560914337942    -0.000895810504331
    -0.003412866986371    -0.001970419673290     0.000340655845733
17 76
     0.007679278844713     0.005093645752937     0.001551589307455
     0.005093645752937     0.013560914337942    -0.000895810504331
     0.003412866986371    -0.001970419673290     0.000340655845733
17 77
    -1.001598755793051     0.000000000000000     0.000000000000000
     0.000000000000000    -5.150014906898297    -3.975760321871017
     0.000000000000000    -3.685842321739204    -4.546927747385380
17 78
    -0.127478245620873     0.294366838011778     0.183133773280634
     0.294366838011778     0.212427300712325    -0.105732333301286
     0.141354458333403    -0.081611034569944    -0.243620262959690
17 79
     0.016501732084557     0.000000000000000     0.000000000000000
     0.000000000000000     0.004738461098099     0.001791621008662
     0.000000000000000     0.003940839346580     0.000340655845733
17 80
    -0.127478245620873    -0.294366838011778    -0.183133773280634
    -0.294366838011778     0.212427300712325    -0.105732333301286
    -0.141354458333403    -0.081611034569944    -0.243620262959690
17 81
    -4.114489669347402    -1.781284422123047    -3.447775591651729
    -1.781284422123046    -2.057639588115348    -1.990574165945549
    -3.224251859919387    -1.861522679259612    -4.617157353444949
17 82
    -0.067238308217544     0.125483576649214     0.067899803757464
    -0.042948577985858    -0.038014423619273     0.005394261861011
    -0.058363159821479     0.023008276263042    -0.037780331519869
17 83
    -0.067238308217544    -0.125483576649215    -0.067899803757464
     0.042948577985858    -0.038014423619273     0.005394261861011
     0.058363159821479     0.023008276263042    -0.037780331519868
17 84
    -4.114489669347403     1.781284422123047     3.447775591651731
     1.781284422123047    -2.057639588115348    -1.990574165945549
     3.224251859919389    -1.861522679259611    -4.617157353444943
17 85
    -0.009581691996950    -0.076236640881381     0.038621469685033
     0.092195513753691    -0.095671039839867     0.056105824035436
    -0.009255828169654    -0.062048117182053    -0.037780331519868
17 86
     0.032910014190732     0.000000000000000     0.000000000000000
     0.000000000000000     0.032910014190732     0.000000000000000
     0.000000000000000     0.000000000000000    -0.022022301387137
17 87
    -0.009581691996950     0.076236640881381    -0.038621469685033
    -0.092195513753691    -0.095671039839867     0.056105824035436
     0.009255828169654    -0.062048117182053    -0.037780331519868
17 88
     0.388135941821478     0.000000000000000     0.000000000000000
     0.000000000000000    -0.300152989843820    -0.179012969176397
     0.000000000000000    -0.142381187702301    -0.263054374903319
17 89
    -0.081059097540731     0.050928014422013    -0.029278334072431
    -0.117504140213059    -0.024193634296086    -0.061500085896447
     0.049107331651825     0.039039840919011    -0.037780331519868
17 90
    -0.081059097540731    -0.050928014422013     0.029278334072431
     0.117504140213059    -0.024193634296086    -0.061500085896447
    -0.049107331651825     0.039039840919011    -0.037780331519868
17 91
     0.013443165235017    -0.002985115312065     0.001038897658404
    -0.002985115312065     0.016890079492983     0.000599807842740
     0.002499780633849     0.001443249021868     0.005484957640842
17 92
     0.013443165235017     0.002985115312065    -0.001038897658404
     0.002985115312065     0.016890079492983     0.000599807842740
    -0.002499780633849     0.001443249021868     0.005484957640842
17 93
    -1.029214547499319     0.000000000000000     0.000000000000000
     0.000000000000000    -5.142914709963431     3.981148331891097
     0.000000000000000     3.723045358519222    -4.617157353444946
17 94
    -0.128080756927495     0.298037849982900    -0.155029778913640
     0.298037849982900     0.216063708905154     0.089506484588198
    -0.123305725571193     0.071190593851151    -0.263054374903319
17 95
     0.018613536621965     0.000000000000000     0.000000000000000
     0.000000000000000     0.011719708106034    -0.001199615685480
     0.000000000000000    -0.002886498043736     0.005484957640842
17 96
    -0.128080756927495    -0.298037849982900     0.155029778913640
    -0.298037849982900     0.216063708905154     0.089506484588198
     0.123305725571193     0.071190593851151    -0.263054374903319
33 1
    -4.367334346831493    -1.653334860711446     3.161365255646946
    -1.653334860711447    -2.458227693046802     1.825215081354496
     3.122290997789566     1.802655548062153    -4.758929680022143
33 2
    -4.367334346831495     1.653334860711447    -3.161365255646948
     1.653334860711446    -2.458227693046803     1.825215081354496
    -3.122290997789567     1.802655548062152    -4.758929680022137
33 3
    -0.061596036107387     0.020416883672742    -0.049663338334875
    -0.100544247793156    -0.015418570657893    -0.004868683441933
    -0.005633757326461    -0.024690432050279    -0.096080616911271
33 4
    -0.061596036107387    -0.020416883672742     0.049663338334875
     0.100544247793156    -0.015418570657893    -0.004868683441932
     0.005633757326461    -0.024690432050279    -0.096080616911271
33 5
    -1.503674366154456     0.000000000000000     0.000000000000000
     0.000000000000000    -5.321887673723841    -3.650430162708991
     0.000000000000000    -3.605311096124304    -4.758929680022140
33 6
    -0.099619943509458    -0.297098630580507    -0.197790424367758
    -0.297098630580507     0.243440005173591    -0.114194354751856
    -0.127888085567119    -0.073836220628322    -0.268881002252724
33 7
     0.003962134347817     0.000000000000000     0.000000000000000
     0.000000000000000    -0.006668514560773     0.007040813709715
     0.000000000000000     0.019040750918869     0.010465620736367
33 8
    -0.099619943509458     0.297098630580507     0.197790424367758
     0.297098630580507     0.243440005173592    -0.114194354751856
     0.127888085567119    -0.073836220628322    -0.268881002252723
33 9
    -0.061659103453548    -0.100507835843873    -0.029048072711136
     0.020453295622026    -0.015355503311732    -0.040575370913777
    -0.024199420049185     0.007466239061668    -0.096080616911271
33 10
    -0.004010852333625     0.004603206006776     0.006097523535927
     0.004603206006776     0.001304472120669    -0.003520406854858
     0.016489774002873    -0.009520375459435     0.010465620736367
33 11
    -0.004010852333625    -0.004603206006776    -0.006097523535927
    -0.004603206006776     0.001304472120669    -0.003520406854858
    -0.016489774002873    -0.009520375459435     0.010465620736367
33 12
    -0.061659103453548     0.100507835843873     0.029048072711136
    -0.020453295622026    -0.015355503311732    -0.040575370913777
     0.024199420049185     0.007466239061668    -0.096080616911271
33 13
     0.007733229413016     0.060516977682233     0.020615265623739
    -0.060444153783666    -0.084747836178296     0.045444054355710
    -0.018565662722725     0.017224192988611    -0.096080616911271
33 14
     0.414969979515116     0.000000000000000     0.000000000000000
     0.000000000000000    -0.271149917850984     0.228388709503711
     0.000000000000000     0.147672441256644    -0.268881002252724
33 15
     0.007733229413016    -0.060516977682233    -0.020615265623739
     0.060444153783666    -0.084747836178296     0.045444054355710
     0.018565662722725     0.017224192988611    -0.096080616911271
33 16
     0.028532985319361     0.000000000000000     0.000000000000000
     0.000000000000000     0.028532985319361     0.000000000000000
     0.000000000000000     0.000000000000000    -0.026539819139911
33 17
     0.001927691139748     0.000000000000000     0.000000000000000
     0.000000000000000     0.001927691139748     0.000000000000000
     0.000000000000000     0.000000000000000     0.012639312701336
33 18
     0.000500125272985    -0.000841719358254    -0.000468774682089
     0.000947981668615     0.002252529032268    -0.000043612406154
     0.001592223180086    -0.001569584618762    -0.003520231890524
33 19
     0.002105819228297    -0.000000000000000     0.000000000000000
    -0.000000000000000     0.005547848295805     0.001936658268059
     0.000000000000000    -0.000298885060748     0.004537660791268
33 20
     0.000500125272985     0.000841719358254     0.000468774682089
    -0.000947981668615     0.002252529032268    -0.000043612406154
    -0.001592223180086    -0.001569584618762    -0.003520231890524
33 21
     0.001860441022566     0.000162603004412    -0.000272156792694
    -0.001627098022457     0.000892213282687    -0.000384164580263
    -0.000563188563194     0.002163698031830    -0.003520231890524
33 22
     0.001458531444664     0.000557490919891    -0.000741881525574
     0.000557490919891     0.000814796379325    -0.000428325498497
    -0.000683256869574    -0.000394478537574     0.004091247282553
33 23
     0.001458531444664    -0.000557490919891     0.000741881525574
    -0.000557490919891     0.000814796379325    -0.000428325498497
     0.000683256869574    -0.000394478537574     0.004091247282553
33 24
     0.001860441022566    -0.000162603004412     0.000272156792694
     0.001627098022457     0.000892213282687    -0.000384164580263
     0.000563188563194     0.002163698031830    -0.003520231890524
33 25
     0.004687341028928    -0.001490442306513     0.001677195258589
    -0.001490442306513     0.002966326495174    -0.000968329134030
    -0.000258842055420     0.000149442530374     0.004537660791268
33 26
     0.000492928846655    -0.000000000000000     0.000000000000000
    -0.000000000000000     0.001780398977334     0.000856650996994
     0.000000000000000     0.000788957075149     0.004091247282553
33 27
     0.004687341028928     0.001490442306513    -0.001677195258589
     0.001490442306513     0.002966326495174    -0.000968329134030
     0.000258842055420     0.000149442530374     0.004537660791268
33 28
     0.001775169649986     0.000000000000000     0.000000000000000
     0.000000000000000     0.003620706985487     0.000244033938781
     0.000000000000000    -0.000043210489203     0.001192433807960
33 29
     0.001768415162328    -0.001680229177638     0.000196617889395
     0.000109471849231     0.000984239142924     0.000427776986417
    -0.002155411743280    -0.000594113413068    -0.003520231890524
33 30
     0.001768415162328     0.001680229177638    -0.000196617889395
    -0.000109471849231     0.000984239142924     0.000427776986417
     0.002155411743280    -0.000594113413068    -0.003520231890524
33 31
     0.003159322651611    -0.000799141108088     0.000211339590370
    -0.000799141108088     0.002236553983861    -0.000122016969390
    -0.000037421381360     0.000021605244602     0.001192433807960
33 32
     0.003159322651611     0.000799141108088    -0.000211339590370
     0.000799141108088     0.002236553983861    -0.000122016969390
     0.000037421381360     0.000021605244602     0.001192433807960
33 33
    11.593261696049620     0.000000000000001     0.000000000000000
     0.000000000000001    11.593261696049623     0.000000000000000
     0.000000000000000     0.000000000000000    15.223704796973621
33 34
    -0.700683447615792     0.035460462257096    -0.139741158239686
    -0.035460462257096     0.090202316157129    -0.026493098299314
     0.139741158239686    -0.026493098299314     0.361145076053386
33 35
     0.001449169857985     0.000000000000000     0.000000000000000
     0.000000000000000    -0.004071054155618     0.008912984395619
     0.000000000000000     0.008912984395619     0.070075737404753
33 36
    -0.700683447615792    -0.035460462257096     0.139741158239686
     0.035460462257096     0.090202316157129    -0.026493098299314
    -0.139741158239686    -0.026493098299314     0.361145076053386
33 37
    -0.107519124786101    -0.377924043716500    -0.092814275272007
    -0.307003119202308    -0.502962006672562    -0.107772843840172
     0.046926882967679     0.134265942139486     0.361145076053386
33 38
     0.019477596429732     0.012157105221540     0.007704810554598
     0.012157105221540     0.005439780485286     0.004448374447752
    -0.005107251190504    -0.002948672849656     0.005104433859104
33 39
     0.019477596429732    -0.012157105221540    -0.007704810554598
    -0.012157105221540     0.005439780485286     0.004448374447752
     0.005107251190504    -0.002948672849656     0.005104433859104
33 40
    -0.107519124786101     0.377924043716500     0.092814275272007
     0.307003119202308    -0.502962006672562    -0.107772843840172
    -0.046926882967679     0.134265942139486     0.361145076053386
33 41
    -0.002690998152217     0.002390327115181     0.007718870910140
     0.002390327115181     0.000069113854584    -0.004456492197809
     0.007718870910140    -0.004456492197809     0.070075737404753
33 42
    -0.001579127486937     0.000000000000000     0.000000000000000
     0.000000000000000     0.026496504401954    -0.008896748895504
     0.000000000000000     0.005897345699313     0.005104433859104
33 43
    -0.002690998152217    -0.002390327115181    -0.007718870910140
    -0.002390327115181     0.000069113854584    -0.004456492197809
    -0.007718870910140    -0.004456492197809     0.070075737404753
33 44
    -0.001579127486937     0.000000000000000     0.000000000000000
     0.000000000000000     0.026496504401954     0.005897345699313
     0.000000000000000    -0.008896748895504     0.005104433859104
33 45
    -0.107519124786101    -0.307003119202308     0.046926882967679
    -0.377924043716500    -0.502962006672562     0.134265942139486
    -0.092814275272007    -0.107772843840172     0.361145076053386
33 46
    -0.107519124786101     0.307003119202308    -0.046926882967679
     0.377924043716500    -0.502962006672562     0.134265942139486
     0.092814275272007    -0.107772843840172     0.361145076053386
33 47
     0.019477596429732    -0.012157105221540     0.005107251190504
    -0.012157105221540     0.005439780485286    -0.002948672849656
    -0.007704810554598     0.004448374447752     0.005104433859104
33 48
     0.019477596429732     0.012157105221540    -0.005107251190504
     0.012157105221540     0.005439780485286    -0.002948672849656
     0.007704810554598     0.004448374447752     0.005104433859104
33 49
     0.210503015283505     0.000000000000000     0.000000000000000
     0.000000000000000     0.210503015283505     0.000000000000000
     0.000000000000000     0.000000000000000    -2.099267957789114
33 50
    -0.174909927051204    -0.168907938773749    -0.146650728973989
     0.165819565675286     0.207199882835669     0.140780012295717
    -0.157927276042099    -0.150872496758354    -0.007019226348862
33 51
    -0.010884618481757    -0.000000000000000     0.000000000000000
    -0.000000000000000     0.030563854731655    -0.013548998899423
     0.000000000000000     0.013766645142253    -0.007709660740904
33 52
    -0.174909927051204     0.168907938773749     0.146650728973989
    -0.165819565675286     0.207199882835668     0.140780012295717
     0.157927276042099    -0.150872496758354    -0.007019226348862
33 53
     0.110335125584134     0.001133257751265     0.048593702506182
    -0.333594246697770    -0.078045169799669    -0.197393262922839
    -0.209623052946170    -0.061332784623758    -0.007019226348862
33 54
    -0.004405507371970     0.000507326639463    -0.012620001610911
     0.000507326639463    -0.004991317715691    -0.007286161327233
    -0.001336976631008    -0.000771903817813     0.032437523229393
33 55
    -0.004405507371970    -0.000507326639463     0.012620001610911
    -0.000507326639463    -0.004991317715691    -0.007286161327233
     0.001336976631008    -0.000771903817813     0.032437523229393
33 56
     0.110335125584134    -0.001133257751265    -0.048593702506182
     0.333594246697770    -0.078045169799669    -0.197393262922839
     0.209623052946170    -0.061332784623758    -0.007019226348862
33 57
     0.020201736428302    -0.017947715375447    -0.011733777242748
    -0.017947715375447    -0.000522500178404     0.006774499449712
     0.011922264418077    -0.006883322571126    -0.007709660740904
33 58
    -0.005284222887552     0.000000000000000     0.000000000000000
     0.000000000000000    -0.004112602200109     0.014572322654466
     0.000000000000000     0.001543807635625     0.032437523229393
33 59
     0.020201736428302     0.017947715375447     0.011733777242748
     0.017947715375447    -0.000522500178404     0.006774499449712
    -0.011922264418077    -0.006883322571126    -0.007709660740904
33 60
    -0.007471898052051     0.000000000000000     0.000000000000000
    -0.000000000000000    -0.001631851370762    -0.003551568224586
     0.000000000000000    -0.012282806993431     0.032281912836702
33 61
     0.113009735143767    -0.332050060148538     0.195244431480171
     0.002677444300497    -0.080719779359302     0.056613250627122
    -0.051695776904070     0.212205281382113    -0.007019226348862
33 62
     0.113009735143767     0.332050060148538    -0.195244431480171
    -0.002677444300497    -0.080719779359302     0.056613250627122
     0.051695776904070     0.212205281382113    -0.007019226348862
33 63
    -0.003091863041084    -0.002528814392642    -0.003075748305765
    -0.002528814392642    -0.006011886381728     0.001775784112293
    -0.010637222886092     0.006141403496716     0.032281912836702
33 64
    -0.003091863041084     0.002528814392642     0.003075748305765
     0.002528814392642    -0.006011886381728     0.001775784112293
     0.010637222886092     0.006141403496716     0.032281912836702
33 65
    -0.001004041529147     0.000884498353158     0.003615415913352
     0.000884498353158    -0.002025372253734     0.002087361350806
    -0.000864245658180    -0.000498972463396    -0.003844833187386
33 66
     0.001143699996225     0.000460583548845     0.000896375488316
     0.002243665745050    -0.001359187188222     0.000952626455432
     0.003122291009290     0.000964161915098    -0.001025757649680
33 67
     0.001143699996225    -0.000460583548845    -0.000896375488316
    -0.002243665745050    -0.001359187188222     0.000952626455432
    -0.003122291009290     0.000964161915098    -0.001025757649680
33 68
    -0.001004041529147    -0.000884498353158    -0.003615415913352
    -0.000884498353158    -0.002025372253734     0.002087361350806
     0.000864245658180    -0.000498972463396    -0.003844833187386
33 69
     0.000437508901230     0.002651385363845     0.001273186454880
     0.000868303167640    -0.000652996093227     0.000299970716495
     0.002396134216481     0.002221902374504    -0.001025757649680
33 70
    -0.000064105491490     0.000000000000000     0.000000000000000
    -0.000000000000000    -0.000064105491490     0.000000000000000
     0.000000000000000     0.000000000000000    -0.003094037821362
33 71
     0.000437508901230    -0.002651385363845    -0.001273186454880
    -0.000868303167640    -0.000652996093227     0.000299970716495
    -0.002396134216481     0.002221902374504    -0.001025757649680
33 72
     0.001623942809727    -0.000000000000000     0.000000000000000
     0.000000000000000     0.000251658709898     0.001996118936529
     0.000000000000000     0.001142529161032    -0.004051685983273
33 73
    -0.001904439685450    -0.000483821479308     0.000376810966563
     0.001299260716897     0.001688952493453    -0.001252597171928
    -0.000726156792809    -0.003186064289602    -0.001025757649680
33 74
    -0.001904439685450     0.000483821479308    -0.000376810966563
    -0.001299260716897     0.001688952493453    -0.001252597171928
     0.000726156792809    -0.003186064289602    -0.001025757649680
33 75
     0.000530906450941    -0.000415758367802    -0.000619037815229
    -0.000415758367802     0.001010982862078    -0.000357401649261
    -0.000916901244549    -0.000529373180360    -0.001576786935145
33 76
     0.000530906450941     0.000415758367802     0.000619037815229
     0.000415758367802     0.001010982862078    -0.000357401649261
     0.000916901244549    -0.000529373180360    -0.001576786935145
33 77
    -0.002536037616028     0.000000000000000     0.000000000000000
     0.000000000000000    -0.000493376166853    -0.004174722701612
     0.000000000000000     0.000997944926792    -0.003844833187386
33 78
     0.000594729734855     0.000594216445831     0.001728689708009
     0.000594216445831     0.001280871784770    -0.000998059468265
     0.000989459278019    -0.000571264580516    -0.004051685983273
33 79
     0.001251021067647     0.000000000000000     0.000000000000000
     0.000000000000000     0.000290868245372     0.000714803298522
     0.000000000000000     0.001058746360721    -0.001576786935145
33 80
     0.000594729734855    -0.000594216445831    -0.001728689708009
    -0.000594216445831     0.001280871784770    -0.000998059468265
    -0.000989459278019    -0.000571264580516    -0.004051685983273
33 81
     0.003802271541045     0.000003821811081    -0.000069884240961
     0.000003821811081     0.003797858493733    -0.000040347685331
     0.000476198495592     0.000274933329618    -0.000273187507477
33 82
     0.003476076010587    -0.000288562017805    -0.000224591370550
     0.000228168553040     0.003361964939816     0.000159212705494
     0.000165370285405    -0.000052143211249     0.000945727530320
33 83
     0.003476076010587     0.000288562017805     0.000224591370550
    -0.000228168553040     0.003361964939816     0.000159212705494
    -0.000165370285405    -0.000052143211249     0.000945727530320
33 84
     0.003802271541045    -0.000003821811081     0.000069884240961
    -0.000003821811081     0.003797858493733    -0.000040347685331
    -0.000476198495592     0.000274933329618    -0.000273187507477
33 85
     0.003364341570154     0.000292678462301     0.000025586562288
    -0.000224052108543     0.003473699380248    -0.000274108185114
     0.000037527797126     0.000169286473816     0.000945727530320
33 86
     0.003556707545687     0.000000000000000     0.000000000000000
     0.000000000000000     0.003556707545687     0.000000000000000
     0.000000000000000     0.000000000000000     0.000829961327338
33 87
     0.003364341570154    -0.000292678462301    -0.000025586562288
     0.000224052108543     0.003473699380248    -0.000274108185114
    -0.000037527797126     0.000169286473816     0.000945727530320
33 88
     0.003088687350331    -0.000000000000000     0.000000000000000
    -0.000000000000000     0.003143037925788     0.000077620366009
     0.000000000000000    -0.000310241210350     0.001048014106916
33 89
     0.003416643844863    -0.000193855376161     0.000250177932838
     0.000322875194684     0.003421397105539     0.000114895479620
    -0.000127842488279    -0.000117143262567     0.000945727530320
33 90
     0.003416643844863     0.000193855376161    -0.000250177932838
    -0.000322875194684     0.003421397105539     0.000114895479620
     0.000127842488279    -0.000117143262567     0.000945727530320
33 91
     0.003073688129835    -0.000186890076546    -0.000122654348157
    -0.000186890076546     0.003289490201840    -0.000070814520925
     0.000145410565077     0.000083952828890     0.000613791730872
33 92
     0.003073688129835     0.000186890076546     0.000122654348157
     0.000186890076546     0.003289490201840    -0.000070814520925
    -0.000145410565077     0.000083952828890     0.000613791730872
33 93
     0.003795651970077     0.000000000000000     0.000000000000000
     0.000000000000000     0.003804478064702     0.000080695370662
     0.000000000000000    -0.000549866659235    -0.000273187507477
33 94
     0.003129450281924    -0.000023534489528     0.000067221208815
    -0.000023534489528     0.003102274994195    -0.000038810183004
    -0.000268676769464     0.000155120605175     0.001048014106916
33 95
     0.003397391237843     0.000000000000000     0.000000000000000
     0.000000000000000     0.002965787093833     0.000141629041851
     0.000000000000000    -0.000167905657781     0.000613791730872
33 96
     0.003129450281924     0.000023534489528    -0.000067221208815
     0.000023534489528     0.003102274994195    -0.000038810183004
     0.000268676769464     0.000155120605175     0.001048014106916
49 1
    -4.345784214642232    -1.635876285539151    -3.094259843411147
    -1.635876285539152    -2.456836987008324    -1.786471753536077
    -3.132839717731388    -1.808745854360170    -4.732729275726824
49 2
    -4.345784214642234     1.635876285539152     3.094259843411148
     1.635876285539152    -2.456836987008325    -1.786471753536076
     3.132839717731390    -1.808745854360170    -4.732729275726818
49 3
    -0.054169755735135     0.025567963817977     0.050373100754968
    -0.082562025659542    -0.010172128060046    -0.005053573363556
     0.009573093626734     0.017632672984873    -0.097295294787102
49 4
    -0.054169755735135    -0.025567963817977    -0.050373100754968
     0.082562025659542    -0.010172128060046    -0.005053573363556
    -0.009573093626734     0.017632672984873    -0.097295294787102
49 5
    -1.512363373191370     0.000000000000000     0.000000000000000
     0.000000000000000    -5.290257828459188     3.572943507072152
     0.000000000000000     3.617491708720339    -4.732729275726821
49 6
    -0.100567837937252    -0.302070342848539     0.201085459466157
    -0.302070342848539     0.248232949578360     0.116096744152905
     0.120166097475018     0.069377928724669    -0.253306409020799
49 7
     0.002096515763486     0.000000000000000     0.000000000000000
     0.000000000000000    -0.011388815276739    -0.014135456141665
     0.000000000000000    -0.023477351352938     0.011345538038117
49 8
    -0.100567837937252     0.302070342848539    -0.201085459466157
     0.302070342848539     0.248232949578360     0.116096744152905
    -0.120166097475018     0.069377928724669    -0.253306409020798
49 9
    -0.045850687688646    -0.087365041835589     0.020810027464757
     0.020764947641930    -0.018491196106535     0.046151171602973
     0.020056889554891    -0.000525794218878    -0.097295294787102
49 10
    -0.008017482516682     0.005839319629639    -0.012241664112763
     0.005839319629639    -0.001274816996570     0.007067728070833
    -0.020331982685218     0.011738675676469     0.011345538038117
49 11
    -0.008017482516682    -0.005839319629639     0.012241664112763
    -0.005839319629639    -0.001274816996570     0.007067728070833
     0.020331982685218     0.011738675676469     0.011345538038117
49 12
    -0.045850687688646     0.087365041835589    -0.020810027464757
    -0.020764947641930    -0.018491196106535     0.046151171602973
    -0.020056889554891    -0.000525794218878    -0.097295294787102
49 13
     0.003507617731010     0.049261978562712    -0.029563073290212
    -0.058868010914807    -0.067849501526191    -0.041097598239418
     0.010483795928157    -0.017106878765995    -0.097295294787102
49 14
     0.422633343336167     0.000000000000000     0.000000000000000
     0.000000000000000    -0.274968231695059    -0.232193488305810
     0.000000000000000    -0.138755857449337    -0.253306409020799
49 15
     0.003507617731010    -0.049261978562712     0.029563073290212
     0.058868010914807    -0.067849501526191    -0.041097598239418
    -0.010483795928157    -0.017106878765995    -0.097295294787102
49 16
     0.023414459815701     0.000000000000000     0.000000000000000
     0.000000000000000     0.023414459815701     0.000000000000000
     0.000000000000000     0.000000000000000    -0.022252728042475
49 17
    -0.031934722757801    -0.000000000000000     0.000000000000000
     0.000000000000000    -0.031934722757801     0.000000000000000
     0.000000000000000     0.000000000000000     0.080355677733256
49 18
     0.001741448362782    -0.011484709352467    -0.013101312827740
    -0.014702538540282    -0.001518139790945    -0.026720046014153
    -0.000496193833531     0.022548910399579    -0.028044603230136
49 19
     0.000629801483529     0.000000000000000     0.000000000000000
     0.000000000000000    -0.002108917729549     0.002156361368821
     0.000000000000000     0.000719555437520     0.005326887959698
49 20
     0.001741448362782     0.011484709352467     0.013101312827740
     0.014702538540282    -0.001518139790945    -0.026720046014153
     0.000496193833531     0.022548910399579    -0.028044603230136
49 21
    -0.012042653717674    -0.006744283493594    -0.029690895052415
    -0.003526454305778     0.012265962289511     0.002013953275327
     0.019279832316929    -0.011704171664829    -0.028044603230136
49 22
     0.007703122987865    -0.000395151782663     0.000873291582788
    -0.000395151782663     0.008159404964047     0.000504195130404
     0.002011597711968     0.001161396480506     0.010302654159707
49 23
     0.007703122987865     0.000395151782663    -0.000873291582788
     0.000395151782663     0.008159404964047     0.000504195130404
    -0.002011597711968     0.001161396480506     0.010302654159707
49 24
    -0.012042653717674     0.006744283493594     0.029690895052415
     0.003526454305778     0.012265962289511     0.002013953275327
    -0.019279832316929    -0.011704171664829    -0.028044603230136
49 25
    -0.001424237926280     0.001185900206179     0.001867463725138
     0.001185900206179    -0.000054878319741    -0.001078180684410
     0.000623153288324    -0.000359777718760     0.005326887959698
49 26
     0.008387545952138    -0.000000000000000     0.000000000000000
    -0.000000000000000     0.007474981999774    -0.001008390260808
     0.000000000000000    -0.002322792961012     0.010302654159707
49 27
    -0.001424237926280    -0.001185900206179    -0.001867463725138
    -0.001185900206179    -0.000054878319741    -0.001078180684410
    -0.000623153288324    -0.000359777718760     0.005326887959698
49 28
     0.005278217896283     0.000000000000000     0.000000000000000
     0.000000000000000    -0.003305690913050    -0.006691144491644
     0.000000000000000    -0.010746468238369     0.010198979974513
49 29
     0.010636168212647     0.009567169640596    -0.016589582224676
     0.006349340452781    -0.010412859640811     0.024706092738826
     0.019776026150460    -0.010844738734751    -0.028044603230136
49 30
     0.010636168212647    -0.009567169640596     0.016589582224676
    -0.006349340452781    -0.010412859640811     0.024706092738826
    -0.019776026150460    -0.010844738734751    -0.028044603230136
49 31
    -0.001159713710717     0.003716941546326    -0.005794701110156
     0.003716941546326     0.003132240693950     0.003345572245822
    -0.009306714495390     0.005373234119184     0.010198979974513
49 32
    -0.001159713710717    -0.003716941546326     0.005794701110156
    -0.003716941546326     0.003132240693950     0.003345572245822
     0.009306714495390     0.005373234119184     0.010198979974513
49 33
     0.210503015283505     0.000000000000000     0.000000000000000
     0.000000000000000     0.210503015283505     0.000000000000000
     0.000000000000000     0.000000000000000    -2.099267957789114
49 34
    -0.174909927051204    -0.165819565675286     0.157927276042099
     0.168907938773749     0.207199882835668    -0.150872496758354
     0.146650728973989     0.140780012295717    -0.007019226348862
49 35
    -0.010884618481757    -0.000000000000000     0.000000000000000
    -0.000000000000000     0.030563854731655     0.013766645142253
     0.000000000000000    -0.013548998899423    -0.007709660740904
49 36
    -0.174909927051204     0.165819565675286    -0.157927276042099
    -0.168907938773749     0.207199882835669    -0.150872496758354
    -0.146650728973989     0.140780012295717    -0.007019226348862
49 37
     0.113009735143767     0.002677444300497    -0.051695776904070
    -0.332050060148538    -0.080719779359302     0.212205281382113
     0.195244431480171     0.056613250627122    -0.007019226348862
49 38
    -0.003091863041084     0.002528814392642     0.010637222886092
     0.002528814392642    -0.006011886381728     0.006141403496716
     0.003075748305765     0.001775784112293     0.032281912836702
49 39
    -0.003091863041084    -0.002528814392642    -0.010637222886092
    -0.002528814392642    -0.006011886381728     0.006141403496716
    -0.003075748305765     0.001775784112293     0.032281912836702
49 40
     0.113009735143767    -0.002677444300497     0.051695776904070
     0.332050060148538    -0.080719779359302     0.212205281382113
    -0.195244431480171     0.056613250627122    -0.007019226348862
49 41
     0.020201736428302    -0.017947715375447     0.011922264418077
    -0.017947715375447    -0.000522500178404    -0.006883322571126
    -0.011733777242748     0.006774499449712    -0.007709660740904
49 42
    -0.007471898052051    -0.000000000000000     0.000000000000000
     0.000000000000000    -0.001631851370762    -0.012282806993431
     0.000000000000000    -0.003551568224586     0.032281912836702
49 43
     0.020201736428302     0.017947715375447    -0.011922264418077
     0.017947715375447    -0.000522500178404    -0.006883322571126
     0.011733777242748     0.006774499449712    -0.007709660740904
49 44
    -0.005284222887552     0.000000000000000     0.000000000000000
     0.000000000000000    -0.004112602200109     0.001543807635625
     0.000000000000000     0.014572322654466     0.032437523229393
49 45
     0.110335125584134    -0.333594246697770    -0.209623052946170
     0.001133257751265    -0.078045169799669    -0.061332784623758
     0.048593702506182    -0.197393262922839    -0.007019226348862
49 46
     0.110335125584134     0.333594246697770     0.209623052946170
    -0.001133257751265    -0.078045169799669    -0.061332784623758
    -0.048593702506182    -0.197393262922839    -0.007019226348862
49 47
    -0.004405507371970    -0.000507326639463     0.001336976631008
    -0.000507326639463    -0.004991317715691    -0.000771903817813
     0.012620001610911    -0.007286161327233     0.032437523229393
49 48
    -0.004405507371970     0.000507326639463    -0.001336976631008
     0.000507326639463    -0.004991317715691    -0.000771903817813
    -0.012620001610911    -0.007286161327233     0.032437523229393
49 49
    11.895902004125723     0.000000000000001     0.000000000000000
     0.000000000000001    11.895902004125727     0.000000000000000
     0.000000000000000     0.000000000000000    15.494689839227918
49 50
    -0.756991798665082     0.022696432133148     0.131741619199090
    -0.022696432133148     0.092807264574379     0.024649074896601
    -0.131741619199090     0.024649074896601     0.354767676497785
49 51
    -0.000641588769795     0.000000000000000     0.000000000000000
     0.000000000000000    -0.003484521000660    -0.005638606402716
     0.000000000000000    -0.005638606402716     0.072601135494334
49 52
    -0.756991798665082    -0.022696432133148    -0.131741619199090
     0.022696432133148     0.092807264574379     0.024649074896601
     0.131741619199090     0.024649074896601     0.354767676497785
49 53
    -0.119642501235486    -0.390670220571943     0.087217534639787
    -0.345277356305648    -0.544542032855217     0.101767051513807
    -0.044524084559303    -0.126416126410408     0.354767676497785
49 54
     0.016700417421323     0.012820139040454    -0.003568812418527
     0.012820139040454     0.001896995969214    -0.002060454810524
     0.007501693692066     0.004331104872492     0.014011146542830
49 55
     0.016700417421323    -0.012820139040454     0.003568812418527
    -0.012820139040454     0.001896995969214    -0.002060454810524
    -0.007501693692066     0.004331104872492     0.014011146542830
49 56
    -0.119642501235486     0.390670220571943    -0.087217534639787
     0.345277356305648    -0.544542032855216     0.101767051513807
     0.044524084559303    -0.126416126410408     0.354767676497785
49 57
    -0.002773787942943     0.001231025766583    -0.004883176386694
     0.001231025766583    -0.001352321827511     0.002819303201358
    -0.004883176386694     0.002819303201358     0.072601135494334
49 58
    -0.005504714756841     0.000000000000000     0.000000000000000
     0.000000000000000     0.024102128147377     0.004120909621048
     0.000000000000000    -0.008662209744985     0.014011146542830
49 59
    -0.002773787942943    -0.001231025766583     0.004883176386694
    -0.001231025766583    -0.001352321827511     0.002819303201358
     0.004883176386694     0.002819303201358     0.072601135494334
49 60
    -0.005504714756841     0.000000000000000     0.000000000000000
     0.000000000000000     0.024102128147377    -0.008662209744985
     0.000000000000000     0.004120909621048     0.014011146542830
49 61
    -0.119642501235486    -0.345277356305648    -0.044524084559303
    -0.390670220571943    -0.544542032855217    -0.126416126410408
     0.087217534639787     0.101767051513807     0.354767676497785
49 62
    -0.119642501235486     0.345277356305648     0.044524084559303
     0.390670220571943    -0.544542032855216    -0.126416126410408
    -0.087217534639787     0.101767051513807     0.354767676497785
49 63
     0.016700417421323    -0.012820139040454    -0.007501693692066
    -0.012820139040454     0.001896995969214     0.004331104872492
     0.003568812418527    -0.002060454810524     0.014011146542830
49 64
     0.016700417421323     0.012820139040454     0.007501693692066
     0.012820139040454     0.001896995969214     0.004331104872492
    -0.003568812418527    -0.002060454810524     0.014011146542830
49 65
    -0.090179603824583    -0.069382022475621    -0.188701917857526
    -0.069382022475621    -0.010064145118142    -0.108947103071641
    -0.168876923829084    -0.097501137432638    -0.186942884937702
49 66
    -0.000379579595498    -0.001712891015224     0.006819837583526
    -0.000475477533238     0.002254382622474    -0.003290282969658
     0.003956274053213     0.000555660756265     0.006511856144315
49 67
    -0.000379579595498     0.001712891015224    -0.006819837583526
     0.000475477533238     0.002254382622474    -0.003290282969658
    -0.003956274053213     0.000555660756265     0.006511856144315
49 68
    -0.090179603824583     0.069382022475621     0.188701917857526
     0.069382022475621    -0.010064145118142    -0.108947103071641
     0.168876923829084    -0.097501137432638    -0.186942884937701
49 69
     0.000648300690076    -0.001068924492809     0.000560450154400
    -0.002306337974795     0.001226502336901     0.007551294081846
     0.002459353357418     0.003148403456283     0.006511856144315
49 70
    -0.000728773661997     0.000000000000000     0.000000000000000
    -0.000000000000000    -0.000728773661997     0.000000000000000
     0.000000000000000     0.000000000000000    -0.005340204459458
49 71
     0.000648300690076     0.001068924492809    -0.000560450154400
     0.002306337974795     0.001226502336901     0.007551294081846
    -0.002459353357418     0.003148403456283     0.006511856144315
49 72
    -0.001468497656371     0.000000000000000     0.000000000000000
     0.000000000000000    -0.004419664130290    -0.001042317754343
     0.000000000000000    -0.006040701944763     0.020763587587269
49 73
     0.002543483445887    -0.001212153700564    -0.006259387429126
     0.000025259781422    -0.000668680418911    -0.004261011112188
    -0.001496920695795    -0.003704064212548     0.006511856144315
49 74
     0.002543483445887     0.001212153700564     0.006259387429126
    -0.000025259781422    -0.000668680418911    -0.004261011112188
     0.001496920695795    -0.003704064212548     0.006511856144315
49 75
    -0.001337763663737    -0.000543713776223     0.002163632719897
    -0.000543713776223    -0.000709937073609     0.001249173933260
    -0.001949200364229    -0.001125371354992     0.001557399647767
49 76
    -0.001337763663737     0.000543713776223    -0.002163632719897
     0.000543713776223    -0.000709937073609     0.001249173933260
     0.001949200364229    -0.001125371354992     0.001557399647767
49 77
     0.029993584235079     0.000000000000000     0.000000000000000
     0.000000000000000    -0.130237333177803     0.217894206143283
     0.000000000000000     0.195002274865275    -0.186942884937702
49 78
    -0.003681872511810     0.001277892568606    -0.000902673654076
     0.001277892568606    -0.002206289274851     0.000521158877171
    -0.005231401340855     0.003020350972381     0.020763587587269
49 79
    -0.000396023778545     0.000000000000000     0.000000000000000
     0.000000000000000    -0.001651676958801    -0.002498347866520
     0.000000000000000     0.002250742709984     0.001557399647767
49 80
    -0.003681872511810    -0.001277892568606     0.000902673654076
    -0.001277892568606    -0.002206289274851     0.000521158877171
     0.005231401340855     0.003020350972381     0.020763587587269
49 81
     0.002933538542923     0.000653617678238    -0.003559437979555
     0.000653617678238     0.002178805857967    -0.002055042475660
     0.006578870576771     0.003798312698462    -0.000243081356665
49 82
     0.005400136606021     0.000976567200372     0.001025344122328
     0.001492374213448     0.003755697626715     0.001180022330973
    -0.000019214821789     0.000406897930111     0.003210626884492
49 83
     0.005400136606021    -0.000976567200372    -0.001025344122328
    -0.001492374213448     0.003755697626715     0.001180022330973
     0.000019214821789     0.000406897930111     0.003210626884492
49 84
     0.002933538542923    -0.000653617678238     0.003559437979555
    -0.000653617678238     0.002178805857967    -0.002055042475660
    -0.006578870576771     0.003798312698462    -0.000243081356665
49 85
     0.005235890363953     0.001587201825519     0.001534601376820
     0.001071394812443     0.003919943868783     0.000297962892071
     0.000342776533329    -0.000220089488854     0.003210626884492
49 86
     0.003148326655625     0.000000000000000     0.000000000000000
     0.000000000000000     0.003148326655625     0.000000000000000
     0.000000000000000     0.000000000000000     0.002253622969419
49 87
     0.005235890363953    -0.001587201825519    -0.001534601376820
    -0.001071394812443     0.003919943868783     0.000297962892071
    -0.000342776533329    -0.000220089488854     0.003210626884492
49 88
     0.007289790006329    -0.000000000000000     0.000000000000000
    -0.000000000000000     0.004719683801289    -0.000122564825313
     0.000000000000000     0.009436687960389     0.008041834003130
49 89
     0.003097724379130    -0.000163075894467     0.000509257254492
     0.000352731118609     0.006058109853606    -0.001477985223044
     0.000361991355118    -0.000186808441257     0.003210626884492
49 90
     0.003097724379130     0.000163075894467    -0.000509257254492
    -0.000352731118609     0.006058109853606    -0.001477985223044
    -0.000361991355118    -0.000186808441257     0.003210626884492
49 91
     0.003405841121026    -0.000854486480392    -0.000020569447339
    -0.000854486480392     0.004392517119973    -0.000011875775958
     0.000439144195810     0.000253540019664     0.000310078899145
49 92
     0.003405841121026     0.000854486480392     0.000020569447339
     0.000854486480392     0.004392517119973    -0.000011875775958
    -0.000439144195810     0.000253540019664     0.000310078899145
49 93
     0.001801439515489     0.000000000000000     0.000000000000000
     0.000000000000000     0.003310904885401     0.004110084951319
     0.000000000000000    -0.007596625396924    -0.000243081356665
49 94
     0.005362210352549     0.001112888631994    -0.000106144252332
     0.001112888631994     0.006647263455069     0.000061282412657
     0.008172411501284    -0.004718343980195     0.008041834003130
49 95
     0.004885855119446     0.000000000000000     0.000000000000000
     0.000000000000000     0.002912503121552     0.000023751551917
     0.000000000000000    -0.000507080039328     0.000310078899145
49 96
     0.005362210352549    -0.001112888631994     0.000106144252332
    -0.001112888631994     0.006647263455069     0.000061282412657
    -0.008172411501284    -0.004718343980195     0.008041834003130
65 1
    -0.005796524584312    -0.002370374731037    -0.022694270961135
    -0.002370374731037    -0.003059451606223    -0.013102543448473
    -0.025652301026096    -0.014810362902750    -0.063834262577321
65 2
    -0.005303964611921    -0.000000000000000     0.000000000000000
    -0.000000000000000     0.004393048041489     0.032572024175150
     0.000000000000000     0.013917877300886     0.037443225226485
65 3
    -0.005796524584312     0.002370374731037     0.022694270961135
     0.002370374731037    -0.003059451606223    -0.013102543448473
     0.025652301026096    -0.014810362902750    -0.063834262577321
65 4
    -0.012259748325127    -0.000000000000000     0.000000000000000
     0.000000000000000    -0.004031791450512    -0.005873216028262
     0.000000000000000     0.005141876813151     0.005253381872126
65 5
     0.001968794878137    -0.004198929649336     0.028208200388361
    -0.004198929649336    -0.002879711448568    -0.016286012087575
     0.012053235309322    -0.006958938650443     0.037443225226485
65 6
     0.001968794878137     0.004198929649336    -0.028208200388361
     0.004198929649336    -0.002879711448568    -0.016286012087575
    -0.012053235309322    -0.006958938650443     0.037443225226485
65 7
    -0.001866542912023    -0.000596327055468     0.004199163312278
    -0.002128047612652     0.001702938501690    -0.003556652563442
     0.001913721420632    -0.007581351044497    -0.006003245971073
65 8
    -0.001866542912023     0.000596327055468    -0.004199163312278
     0.002128047612652     0.001702938501690    -0.003556652563442
    -0.001913721420632    -0.007581351044497    -0.006003245971073
65 9
    -0.001690915117179     0.000000000000000     0.000000000000000
     0.000000000000000    -0.007165061073356     0.026205086896947
     0.000000000000000     0.029620725805500    -0.063834262577321
65 10
    -0.000369120687748    -0.002992584736928    -0.000980569816236
    -0.001460864179744     0.000205516277414     0.005414908384793
    -0.005608781889226     0.005448006888282    -0.006003245971073
65 11
    -0.000992507126943    -0.000000000000000     0.000000000000000
     0.000000000000000    -0.000992507126943     0.000000000000000
     0.000000000000000     0.000000000000000    -0.001134771650097
65 12
    -0.000369120687748     0.002992584736928     0.000980569816236
     0.001460864179744     0.000205516277414     0.005414908384793
     0.005608781889226     0.005448006888282    -0.006003245971073
65 13
    -0.006088780669165    -0.003562809837330    -0.005086354282389
    -0.003562809837330    -0.010202759106473     0.002936608014131
     0.004452995943319    -0.002570938406575     0.005253381872126
65 14
     0.001990256984271    -0.000098676845684    -0.005179733128514
    -0.001630397402868    -0.002153861394605    -0.001858255821352
    -0.007522503309858     0.002133344156215    -0.006003245971073
65 15
     0.001990256984271     0.000098676845684     0.005179733128514
     0.001630397402868    -0.002153861394605    -0.001858255821352
     0.007522503309858     0.002133344156215    -0.006003245971073
65 16
    -0.006088780669165     0.003562809837330     0.005086354282389
     0.003562809837330    -0.010202759106473     0.002936608014131
    -0.004452995943319    -0.002570938406575     0.005253381872126
65 17
    -4.112910869121984    -1.796316886163403     3.192033084969965
    -1.796316886163404    -2.038702793569362     1.842921160869603
     3.443109438098495     1.987880160935509    -4.546927747385382
65 18
    -4.112910869121984     1.796316886163404    -3.192033084969967
     1.796316886163403    -2.038702793569362     1.842921160869602
    -3.443109438098496     1.987880160935508    -4.546927747385377
65 19
    -0.065198385335326     0.047686848693507    -0.050403148954910
    -0.117422652947154    -0.038344388915595    -0.014877304917715
     0.066150770954287    -0.007268517541888    -0.055181677399358
65 20
    -0.065198385335326    -0.047686848693507     0.050403148954910
     0.117422652947154    -0.038344388915595    -0.014877304917715
    -0.066150770954287    -0.007268517541888    -0.055181677399358
65 21
    -1.001598755793051     0.000000000000000     0.000000000000000
     0.000000000000000    -5.150014906898297    -3.685842321739204
     0.000000000000000    -3.975760321871017    -4.546927747385380
65 22
    -0.127478245620873    -0.294366838011778    -0.141354458333403
    -0.294366838011778     0.212427300712325    -0.081611034569944
    -0.183133773280634    -0.105732333301286    -0.243620262959690
65 23
     0.016501732084557     0.000000000000000     0.000000000000000
     0.000000000000000     0.004738461098099     0.003940839346580
     0.000000000000000     0.001791621008662     0.000340655845733
65 24
    -0.127478245620873     0.294366838011778     0.141354458333403
     0.294366838011778     0.212427300712325    -0.081611034569944
     0.183133773280634    -0.105732333301286    -0.243620262959690
65 25
    -0.075254377039026    -0.111616823430054    -0.038085698476043
     0.053492678210607    -0.028288397211895    -0.036211754966826
     0.026780664638016     0.060922506897283    -0.055181677399358
65 26
     0.007679278844713     0.005093645752937     0.003412866986371
     0.005093645752937     0.013560914337942    -0.001970419673290
     0.001551589307455    -0.000895810504331     0.000340655845733
65 27
     0.007679278844713    -0.005093645752937    -0.003412866986371
    -0.005093645752937     0.013560914337942    -0.001970419673290
    -0.001551589307455    -0.000895810504331     0.000340655845733
65 28
    -0.075254377039026     0.111616823430054     0.038085698476043
    -0.053492678210607    -0.028288397211895    -0.036211754966826
    -0.026780664638016     0.060922506897283    -0.055181677399358
65 29
    -0.014861399002030     0.088360580337430     0.012317450478867
    -0.076748921303231    -0.088681375248892     0.051089059884541
    -0.039370106316272    -0.053653989355394    -0.055181677399358
65 30
     0.382380073878923     0.000000000000000     0.000000000000000
     0.000000000000000    -0.297431018787472     0.163222069139888
     0.000000000000000     0.211464666602571    -0.243620262959690
65 31
    -0.014861399002030    -0.088360580337430    -0.012317450478867
     0.076748921303231    -0.088681375248892     0.051089059884541
     0.039370106316272    -0.053653989355394    -0.055181677399358
65 32
     0.021381699549322     0.000000000000000     0.000000000000000
     0.000000000000000     0.021381699549322     0.000000000000000
     0.000000000000000     0.000000000000000    -0.029317892082506
65 33
    -0.001004041529147     0.000884498353158    -0.000864245658180
     0.000884498353158    -0.002025372253734    -0.000498972463396
     0.003615415913352     0.002087361350806    -0.003844833187386
65 34
    -0.001004041529147    -0.000884498353158     0.000864245658180
    -0.000884498353158    -0.002025372253734    -0.000498972463396
    -0.003615415913352     0.002087361350806    -0.003844833187386
65 35
     0.001143699996225    -0.002243665745050    -0.003122291009290
    -0.000460583548845    -0.001359187188222     0.000964161915098
    -0.000896375488316     0.000952626455432    -0.001025757649680
65 36
     0.001143699996225     0.002243665745050     0.003122291009290
     0.000460583548845    -0.001359187188222     0.000964161915098
     0.000896375488316     0.000952626455432    -0.001025757649680
65 37
    -0.002536037616028     0.000000000000000     0.000000000000000
     0.000000000000000    -0.000493376166853     0.000997944926792
     0.000000000000000    -0.004174722701612    -0.003844833187386
65 38
     0.000594729734855    -0.000594216445831    -0.000989459278019
    -0.000594216445831     0.001280871784770    -0.000571264580516
    -0.001728689708009    -0.000998059468265    -0.004051685983273
65 39
     0.001251021067647     0.000000000000000     0.000000000000000
     0.000000000000000     0.000290868245372     0.001058746360721
     0.000000000000000     0.000714803298522    -0.001576786935145
65 40
     0.000594729734855     0.000594216445831     0.000989459278019
     0.000594216445831     0.001280871784770    -0.000571264580516
     0.001728689708009    -0.000998059468265    -0.004051685983273
65 41
    -0.001904439685450     0.001299260716897    -0.000726156792809
    -0.000483821479308     0.001688952493453    -0.003186064289602
     0.000376810966563    -0.001252597171928    -0.001025757649680
65 42
     0.000530906450941     0.000415758367802     0.000916901244549
     0.000415758367802     0.001010982862078    -0.000529373180360
     0.000619037815229    -0.000357401649261    -0.001576786935145
65 43
     0.000530906450941    -0.000415758367802    -0.000916901244549
    -0.000415758367802     0.001010982862078    -0.000529373180360
    -0.000619037815229    -0.000357401649261    -0.001576786935145
65 44
    -0.001904439685450    -0.001299260716897     0.000726156792809
     0.000483821479308     0.001688952493453    -0.003186064289602
    -0.000376810966563    -0.001252597171928    -0.001025757649680
65 45
     0.000437508901230     0.000868303167640     0.002396134216481
     0.002651385363845    -0.000652996093227     0.002221902374504
     0.001273186454880     0.000299970716495    -0.001025757649680
65 46
     0.001623942809727     0.000000000000000     0.000000000000000
    -0.000000000000000     0.000251658709898     0.001142529161032
     0.000000000000000     0.001996118936529    -0.004051685983273
65 47
     0.000437508901230    -0.000868303167640    -0.002396134216481
    -0.002651385363845    -0.000652996093227     0.002221902374504
    -0.001273186454880     0.000299970716495    -0.001025757649680
65 48
    -0.000064105491490    -0.000000000000000     0.000000000000000
     0.000000000000000    -0.000064105491490     0.000000000000000
     0.000000000000000     0.000000000000000    -0.003094037821362
65 49
    -0.090179603824583    -0.069382022475621    -0.168876923829084
    -0.069382022475621    -0.010064145118142    -0.097501137432638
    -0.188701917857526    -0.108947103071641    -0.186942884937702
65 50
    -0.090179603824583     0.069382022475621     0.168876923829084
     0.069382022475621    -0.010064145118142    -0.097501137432638
     0.188701917857526    -0.108947103071641    -0.186942884937701
65 51
    -0.000379579595498     0.000475477533238    -0.003956274053213
     0.001712891015224     0.002254382622474     0.000555660756265
    -0.006819837583526    -0.003290282969658     0.006511856144315
65 52
    -0.000379579595498    -0.000475477533238     0.003956274053213
    -0.001712891015224     0.002254382622474     0.000555660756265
     0.006819837583526    -0.003290282969658     0.006511856144315
65 53
     0.029993584235079     0.000000000000000     0.000000000000000
     0.000000000000000    -0.130237333177803     0.195002274865275
     0.000000000000000     0.217894206143283    -0.186942884937702
65 54
    -0.003681872511810    -0.001277892568606     0.005231401340855
    -0.001277892568606    -0.002206289274851     0.003020350972381
     0.000902673654076     0.000521158877171     0.020763587587269
65 55
    -0.000396023778545     0.000000000000000     0.000000000000000
     0.000000000000000    -0.001651676958801     0.002250742709984
     0.000000000000000    -0.002498347866520     0.001557399647767
65 56
    -0.003681872511810     0.001277892568606    -0.005231401340855
     0.001277892568606    -0.002206289274851     0.003020350972381
    -0.000902673654076     0.000521158877171     0.020763587587269
65 57
     0.002543483445887     0.000025259781422    -0.001496920695795
    -0.001212153700564    -0.000668680418911    -0.003704064212548
    -0.006259387429126    -0.004261011112188     0.006511856144315
65 58
    -0.001337763663737     0.000543713776223     0.001949200364229
     0.000543713776223    -0.000709937073609    -0.001125371354992
    -0.002163632719897     0.001249173933260     0.001557399647767
65 59
    -0.001337763663737    -0.000543713776223    -0.001949200364229
    -0.000543713776223    -0.000709937073609    -0.001125371354992
     0.002163632719897     0.001249173933260     0.001557399647767
65 60
     0.002543483445887    -0.000025259781422     0.001496920695795
     0.001212153700564    -0.000668680418911    -0.003704064212548
     0.006259387429126    -0.004261011112188     0.006511856144315
65 61
     0.000648300690076    -0.002306337974795     0.002459353357418
    -0.001068924492809     0.001226502336901     0.003148403456283
     0.000560450154400     0.007551294081846     0.006511856144315
65 62
    -0.001468497656371     0.000000000000000     0.000000000000000
     0.000000000000000    -0.004419664130290    -0.006040701944763
     0.000000000000000    -0.001042317754343     0.020763587587269
65 63
     0.000648300690076     0.002306337974795    -0.002459353357418
     0.001068924492809     0.001226502336901     0.003148403456283
    -0.000560450154400     0.007551294081846     0.006511856144315
65 64
    -0.000728773661997    -0.000000000000000     0.000000000000000
     0.000000000000000    -0.000728773661997     0.000000000000000
     0.000000000000000     0.000000000000000    -0.005340204459458
65 65
    12.067757421829485     0.000000000000001     0.000000000000000
     0.000000000000001    12.067757421829489     0.000000000000000
     0.000000000000000     0.000000000000000    15.007226984133995
65 66
    -1.081764708248610     0.022055175190004    -0.119946445627666
    -0.022055175190004     0.081308673529698    -0.012986005500065
     0.119946445627666    -0.012986005500065     0.267804542169569
65 67
    -0.004345957336258    -0.000000000000000     0.000000000000000
    -0.000000000000000     0.001847348759778     0.000808483421805
     0.000000000000000     0.000808483421805     0.040407705419541
65 68
    -1.081764708248610    -0.022055175190004     0.119946445627666
     0.022055175190004     0.081308673529698    -0.012986005500065
    -0.119946445627666    -0.012986005500065     0.267804542169569
65 69
    -0.209459671914879    -0.525680722732749    -0.071219433470574
    -0.481570372352742    -0.790996362804033    -0.097383666257175
     0.048727012157092     0.110369671757240     0.267804542169569
65 70
     0.013831038496007     0.014580052179150     0.008921472804058
     0.014580052179150    -0.003004555604855     0.005150814724991
     0.000933701476964     0.000539072799068    -0.002886971308961
65 71
     0.013831038496007    -0.014580052179150    -0.008921472804058
    -0.014580052179150    -0.003004555604855     0.005150814724991
    -0.000933701476964     0.000539072799068    -0.002886971308961
65 72
    -0.209459671914879     0.525680722732749     0.071219433470574
     0.481570372352742    -0.790996362804033    -0.097383666257175
    -0.048727012157092     0.110369671757240     0.267804542169569
65 73
     0.000299022235769    -0.002681780206290     0.000700167181821
    -0.002681780206290    -0.002797630812249    -0.000404241710902
     0.000700167181821    -0.000404241710902     0.040407705419541
65 74
    -0.011422352655286     0.000000000000000     0.000000000000000
     0.000000000000000     0.022248835546438    -0.010301629449981
     0.000000000000000    -0.001078145598136    -0.002886971308961
65 75
     0.000299022235769     0.002681780206290    -0.000700167181821
     0.002681780206290    -0.002797630812249    -0.000404241710902
    -0.000700167181821    -0.000404241710902     0.040407705419541
65 76
    -0.011422352655286     0.000000000000000     0.000000000000000
     0.000000000000000     0.022248835546438    -0.001078145598136
     0.000000000000000    -0.010301629449981    -0.002886971308961
65 77
    -0.209459671914879    -0.481570372352742     0.048727012157092
    -0.525680722732749    -0.790996362804033     0.110369671757240
    -0.071219433470574    -0.097383666257175     0.267804542169569
65 78
    -0.209459671914879     0.481570372352742    -0.048727012157092
     0.525680722732749    -0.790996362804033     0.110369671757240
     0.071219433470574    -0.097383666257175     0.267804542169569
65 79
     0.013831038496007    -0.014580052179150    -0.000933701476964
    -0.014580052179150    -0.003004555604855     0.000539072799068
    -0.008921472804058     0.005150814724991    -0.002886971308961
65 80
     0.013831038496007     0.014580052179150     0.000933701476964
     0.014580052179150    -0.003004555604855     0.000539072799068
     0.008921472804058     0.005150814724991    -0.002886971308961
65 81
     0.251301266240670     0.000000000000000     0.000000000000000
     0.000000000000000     0.251301266240670     0.000000000000000
     0.000000000000000     0.000000000000000    -1.236506159805510
65 82
    -0.085158004392807    -0.097085636365773    -0.152246259296592
     0.093738176339213     0.158252916548643     0.143481436148403
    -0.153934614149964    -0.134410201289435    -0.063013696516516
65 83
     0.000586225468107    -0.000000000000000     0.000000000000000
    -0.000000000000000     0.025969687232129     0.006070987223324
     0.000000000000000    -0.005267835674272     0.000059953157465
65 84
    -0.085158004392807     0.097085636365773     0.152246259296592
    -0.093738176339213     0.158252916548643     0.143481436148403
     0.153934614149964    -0.134410201289435    -0.063013696516516
65 85
     0.095950693602704    -0.010824979201077     0.048135439027696
    -0.201648791906063    -0.022855781446868    -0.203589846256203
    -0.193369955919413    -0.066106185730907    -0.063013696516516
65 86
    -0.016016407914367    -0.011616978863800    -0.006761474516627
    -0.011616978863800    -0.002602276165997    -0.003903739132293
     0.015975168152951     0.009223267633456     0.036207751805734
65 87
    -0.016016407914367     0.011616978863800     0.006761474516627
     0.011616978863800    -0.002602276165997    -0.003903739132293
    -0.015975168152951     0.009223267633456     0.036207751805734
65 88
     0.095950693602704     0.010824979201077    -0.048135439027696
     0.201648791906063    -0.022855781446868    -0.203589846256203
     0.193369955919413    -0.066106185730907    -0.063013696516516
65 89
     0.019623821791123    -0.010991361361817     0.005257629161449
    -0.010991361361817     0.006932090909112    -0.003035493611662
    -0.004562079516882     0.002633917837136     0.000059953157465
65 90
     0.004104789708188     0.000000000000000     0.000000000000000
     0.000000000000000    -0.022723473788552     0.007807478264586
     0.000000000000000    -0.018446535266911     0.036207751805734
65 91
     0.019623821791123     0.010991361361817    -0.005257629161449
     0.010991361361817     0.006932090909113    -0.003035493611662
     0.004562079516882     0.002633917837136     0.000059953157465
65 92
     0.004196504575334     0.000000000000000     0.000000000000000
     0.000000000000000    -0.018967339144244     0.015655021887846
     0.000000000000000    -0.013184378334377     0.039076731695487
65 93
     0.098849679023857    -0.199975061892784     0.200381698324288
    -0.009151249187798    -0.025754766868021     0.060108410107800
    -0.039435341769448     0.200516387020342    -0.063013696516516
65 94
     0.098849679023857     0.199975061892784    -0.200381698324288
     0.009151249187798    -0.025754766868021     0.060108410107800
     0.039435341769448     0.200516387020342    -0.063013696516516
65 95
    -0.013176378214349     0.010030238555223     0.013557646651676
     0.010030238555223    -0.001594456354560    -0.007827510943923
    -0.011418006570676     0.006592189167188     0.039076731695487
65 96
    -0.013176378214349    -0.010030238555223    -0.013557646651676
    -0.010030238555223    -0.001594456354560    -0.007827510943923
     0.011418006570676     0.006592189167188     0.039076731695487
81 1
     0.001215589021136    -0.000523852750339    -0.000826126855950
    -0.000523852750339     0.001820482073984    -0.000476964562667
     0.002137697023916     0.001234199952203    -0.000940862640658
81 2
     0.001943062997454     0.000000000000000     0.000000000000000
     0.000000000000000    -0.000226140246727    -0.000100150212354
     0.000000000000000     0.003846794293728     0.004992749951070
81 3
     0.001215589021136     0.000523852750339     0.000826126855950
     0.000523852750339     0.001820482073984    -0.000476964562667
    -0.002137697023916     0.001234199952203    -0.000940862640658
81 4
     0.001639805471791    -0.000000000000000     0.000000000000000
    -0.000000000000000     0.001907300921273     0.000770681857927
     0.000000000000000     0.000985099041556     0.002611415368353
81 5
     0.000316160564318     0.000939292557716    -0.000086732628093
     0.000939292557716     0.001400762186409     0.000050075106177
     0.003331421581501    -0.001923397146864     0.004992749951070
81 6
     0.000316160564318    -0.000939292557716     0.000086732628093
    -0.000939292557716     0.001400762186409     0.000050075106177
    -0.003331421581501    -0.001923397146864     0.004992749951070
81 7
     0.001230575404943     0.000599754066248    -0.000642474498489
     0.000190310122712     0.001595848076982     0.002669464444721
     0.000032227036118    -0.000276057884870     0.001894814642765
81 8
     0.001230575404943    -0.000599754066248     0.000642474498489
    -0.000190310122712     0.001595848076982     0.002669464444721
    -0.000032227036118    -0.000276057884870     0.001894814642765
81 9
     0.002122928600408     0.000000000000000     0.000000000000000
     0.000000000000000     0.000913142494712     0.000953929125335
     0.000000000000000    -0.002468399904407    -0.000940862640658
81 10
     0.001846637738102    -0.000165373631175     0.001990586774384
     0.000244070312362     0.000979785743823    -0.001891131459336
    -0.000222959623153     0.000165938374402     0.001894814642765
81 11
     0.001861752963316     0.000000000000000     0.000000000000000
     0.000000000000000     0.001861752963316     0.000000000000000
     0.000000000000000     0.000000000000000     0.002234976978904
81 12
     0.001846637738102     0.000165373631175    -0.001990586774384
    -0.000244070312362     0.000979785743823    -0.001891131459336
     0.000222959623153     0.000165938374402     0.001894814642765
81 13
     0.001840427058903    -0.000115828927324     0.000667430067200
    -0.000115828927324     0.001706679334162    -0.000385340928963
     0.000853120795231    -0.000492549520778     0.002611415368353
81 14
     0.001162422079842    -0.000150961782118     0.002633061272872
    -0.000560405725655     0.001664001402083    -0.000778332985386
    -0.000255186659272     0.000110119510468     0.001894814642765
81 15
     0.001162422079842     0.000150961782118    -0.002633061272872
     0.000560405725655     0.001664001402083    -0.000778332985386
     0.000255186659272     0.000110119510468     0.001894814642765
81 16
     0.001840427058903     0.000115828927324    -0.000667430067200
     0.000115828927324     0.001706679334162    -0.000385340928963
    -0.000853120795231    -0.000492549520778     0.002611415368353
81 17
    -4.114489669347402    -1.781284422123046    -3.224251859919387
    -1.781284422123047    -2.057639588115348    -1.861522679259612
    -3.447775591651729    -1.990574165945549    -4.617157353444949
81 18
    -4.114489669347403     1.781284422123047     3.224251859919389
     1.781284422123047    -2.057639588115348    -1.861522679259611
     3.447775591651731    -1.990574165945549    -4.617157353444943
81 19
    -0.067238308217544     0.042948577985858     0.058363159821479
    -0.125483576649215    -0.038014423619273     0.023008276263042
    -0.067899803757464     0.005394261861011    -0.037780331519868
81 20
    -0.067238308217544    -0.042948577985858    -0.058363159821479
     0.125483576649214    -0.038014423619273     0.023008276263042
     0.067899803757464     0.005394261861011    -0.037780331519869
81 21
    -1.029214547499319     0.000000000000000     0.000000000000000
     0.000000000000000    -5.142914709963431     3.723045358519222
     0.000000000000000     3.981148331891097    -4.617157353444946
81 22
    -0.128080756927495    -0.298037849982900     0.123305725571193
    -0.298037849982900     0.216063708905154     0.071190593851151
     0.155029778913640     0.089506484588198    -0.263054374903319
81 23
     0.018613536621965     0.000000000000000     0.000000000000000
     0.000000000000000     0.011719708106034    -0.002886498043736
     0.000000000000000    -0.001199615685480     0.005484957640842
81 24
    -0.128080756927495     0.298037849982900    -0.123305725571193
     0.298037849982900     0.216063708905154     0.071190593851151
    -0.155029778913640     0.089506484588198    -0.263054374903319
81 25
    -0.081059097540731    -0.117504140213059     0.049107331651825
     0.050928014422013    -0.024193634296086     0.039039840919011
    -0.029278334072431    -0.061500085896447    -0.037780331519868
81 26
     0.013443165235017     0.002985115312065    -0.002499780633849
     0.002985115312065     0.016890079492983     0.001443249021868
    -0.001038897658404     0.000599807842740     0.005484957640842
81 27
     0.013443165235017    -0.002985115312065     0.002499780633849
    -0.002985115312065     0.016890079492983     0.001443249021868
     0.001038897658404     0.000599807842740     0.005484957640842
81 28
    -0.081059097540731     0.117504140213059    -0.049107331651825
    -0.050928014422013    -0.024193634296086     0.039039840919011
     0.029278334072431    -0.061500085896447    -0.037780331519868
81 29
    -0.009581691996950     0.092195513753691    -0.009255828169654
    -0.076236640881381    -0.095671039839867    -0.062048117182053
     0.038621469685033     0.056105824035436    -0.037780331519868
81 30
     0.388135941821478     0.000000000000000     0.000000000000000
     0.000000000000000    -0.300152989843820    -0.142381187702301
     0.000000000000000    -0.179012969176397    -0.263054374903319
81 31
    -0.009581691996950    -0.092195513753691     0.009255828169654
     0.076236640881381    -0.095671039839867    -0.062048117182053
    -0.038621469685033     0.056105824035436    -0.037780331519868
81 32
     0.032910014190732     0.000000000000000     0.000000000000000
     0.000000000000000     0.032910014190732     0.000000000000000
     0.000000000000000     0.000000000000000    -0.022022301387137
81 33
     0.003802271541045     0.000003821811081     0.000476198495592
     0.000003821811081     0.003797858493733     0.000274933329618
    -0.000069884240961    -0.000040347685331    -0.000273187507477
81 34
     0.003802271541045    -0.000003821811081    -0.000476198495592
    -0.000003821811081     0.003797858493733     0.000274933329618
     0.000069884240961    -0.000040347685331    -0.000273187507477
81 35
     0.003476076010587    -0.000228168553040    -0.000165370285405
     0.000288562017805     0.003361964939816    -0.000052143211249
     0.000224591370550     0.000159212705494     0.000945727530320
81 36
     0.003476076010587     0.000228168553040     0.000165370285405
    -0.000288562017805     0.003361964939816    -0.000052143211249
    -0.000224591370550     0.000159212705494     0.000945727530320
81 37
     0.003795651970077     0.000000000000000     0.000000000000000
     0.000000000000000     0.003804478064702    -0.000549866659235
     0.000000000000000     0.000080695370662    -0.000273187507477
81 38
     0.003129450281924     0.000023534489528     0.000268676769464
     0.000023534489528     0.003102274994195     0.000155120605175
    -0.000067221208815    -0.000038810183004     0.001048014106916
81 39
     0.003397391237843     0.000000000000000     0.000000000000000
     0.000000000000000     0.002965787093833    -0.000167905657781
     0.000000000000000     0.000141629041851     0.000613791730872
81 40
     0.003129450281924    -0.000023534489528    -0.000268676769464
    -0.000023534489528     0.003102274994195     0.000155120605175
     0.000067221208815    -0.000038810183004     0.001048014106916
81 41
     0.003416643844863     0.000322875194684    -0.000127842488279
    -0.000193855376161     0.003421397105539    -0.000117143262567
     0.000250177932838     0.000114895479620     0.000945727530320
81 42
     0.003073688129835     0.000186890076546    -0.000145410565077
     0.000186890076546     0.003289490201840     0.000083952828890
     0.000122654348157    -0.000070814520925     0.000613791730872
81 43
     0.003073688129835    -0.000186890076546     0.000145410565077
    -0.000186890076546     0.003289490201840     0.000083952828890
    -0.000122654348157    -0.000070814520925     0.000613791730872
81 44
     0.003416643844863    -0.000322875194684     0.000127842488279
     0.000193855376161     0.003421397105539    -0.000117143262567
    -0.000250177932838     0.000114895479620     0.000945727530320
81 45
     0.003364341570154    -0.000224052108543     0.000037527797126
     0.000292678462301     0.003473699380248     0.000169286473816
     0.000025586562288    -0.000274108185114     0.000945727530320
81 46
     0.003088687350331    -0.000000000000000     0.000000000000000
    -0.000000000000000     0.003143037925788    -0.000310241210350
     0.000000000000000     0.000077620366009     0.001048014106916
81 47
     0.003364341570154     0.000224052108543    -0.000037527797126
    -0.000292678462301     0.003473699380248     0.000169286473816
    -0.000025586562288    -0.000274108185114     0.000945727530320
81 48
     0.003556707545687     0.000000000000000     0.000000000000000
     0.000000000000000     0.003556707545687     0.000000000000000
     0.000000000000000     0.000000000000000     0.000829961327338
81 49
     0.002933538542923     0.000653617678238     0.006578870576771
     0.000653617678238     0.002178805857967     0.003798312698462
    -0.003559437979555    -0.002055042475660    -0.000243081356665
81 50
     0.002933538542923    -0.000653617678238    -0.006578870576771
    -0.000653617678238     0.002178805857967     0.003798312698462
     0.003559437979555    -0.002055042475660    -0.000243081356665
81 51
     0.005400136606021    -0.001492374213448     0.000019214821789
    -0.000976567200372     0.003755697626715     0.000406897930111
    -0.001025344122328     0.001180022330973     0.003210626884492
81 52
     0.005400136606021     0.001492374213448    -0.000019214821789
     0.000976567200372     0.003755697626715     0.000406897930111
     0.001025344122328     0.001180022330973     0.003210626884492
81 53
     0.001801439515489     0.000000000000000     0.000000000000000
     0.000000000000000     0.003310904885401    -0.007596625396924
     0.000000000000000     0.004110084951319    -0.000243081356665
81 54
     0.005362210352549    -0.001112888631994    -0.008172411501284
    -0.001112888631994     0.006647263455069    -0.004718343980195
     0.000106144252332     0.000061282412657     0.008041834003130
81 55
     0.004885855119446     0.000000000000000     0.000000000000000
     0.000000000000000     0.002912503121552    -0.000507080039328
     0.000000000000000     0.000023751551917     0.000310078899145
81 56
     0.005362210352549     0.001112888631994     0.008172411501284
     0.001112888631994     0.006647263455069    -0.004718343980195
    -0.000106144252332     0.000061282412657     0.008041834003130
81 57
     0.003097724379130     0.000352731118609     0.000361991355118
    -0.000163075894467     0.006058109853606    -0.000186808441257
     0.000509257254492    -0.001477985223044     0.003210626884492
81 58
     0.003405841121026     0.000854486480392    -0.000439144195810
     0.000854486480392     0.004392517119973     0.000253540019664
     0.000020569447339    -0.000011875775958     0.000310078899145
81 59
     0.003405841121026    -0.000854486480392     0.000439144195810
    -0.000854486480392     0.004392517119973     0.000253540019664
    -0.000020569447339    -0.000011875775958     0.000310078899145
81 60
     0.003097724379130    -0.000352731118609    -0.000361991355118
     0.000163075894467     0.006058109853606    -0.000186808441257
    -0.000509257254492    -0.001477985223044     0.003210626884492
81 61
     0.005235890363953     0.001071394812443     0.000342776533329
     0.001587201825519     0.003919943868783    -0.000220089488854
     0.001534601376820     0.000297962892071     0.003210626884492
81 62
     0.007289790006329    -0.000000000000000     0.000000000000000
    -0.000000000000000     0.004719683801289     0.009436687960389
     0.000000000000000    -0.000122564825313     0.008041834003130
81 63
     0.005235890363953    -0.001071394812443    -0.000342776533329
    -0.001587201825519     0.003919943868783    -0.000220089488854
    -0.001534601376820     0.000297962892071     0.003210626884492
81 64
     0.003148326655625     0.000000000000000     0.000000000000000
     0.000000000000000     0.003148326655625     0.000000000000000
     0.000000000000000     0.000000000000000     0.002253622969419
81 65
     0.251301266240670     0.000000000000000     0.000000000000000
     0.000000000000000     0.251301266240670     0.000000000000000
     0.000000000000000     0.000000000000000    -1.236506159805510
81 66
    -0.085158004392807    -0.093738176339213     0.153934614149964
     0.097085636365773     0.158252916548643    -0.134410201289435
     0.152246259296592     0.143481436148403    -0.063013696516516
81 67
     0.000586225468107    -0.000000000000000     0.000000000000000
    -0.000000000000000     0.025969687232129    -0.005267835674272
     0.000000000000000     0.006070987223324     0.000059953157465
81 68
    -0.085158004392807     0.093738176339213    -0.153934614149964
    -0.097085636365773     0.158252916548643    -0.134410201289435
    -0.152246259296592     0.143481436148403    -0.063013696516516
81 69
     0.098849679023857    -0.009151249187798    -0.039435341769448
    -0.199975061892784    -0.025754766868021     0.200516387020342
     0.200381698324288     0.060108410107800    -0.063013696516516
81 70
    -0.013176378214349    -0.010030238555223     0.011418006570676
    -0.010030238555223    -0.001594456354560     0.006592189167188
    -0.013557646651676    -0.007827510943923     0.039076731695487
81 71
    -0.013176378214349     0.010030238555223    -0.011418006570676
     0.010030238555223    -0.001594456354560     0.006592189167188
     0.013557646651676    -0.007827510943923     0.039076731695487
81 72
     0.098849679023857     0.009151249187798     0.039435341769448
     0.199975061892784    -0.025754766868021     0.200516387020342
    -0.200381698324288     0.060108410107800    -0.063013696516516
81 73
     0.019623821791123    -0.010991361361817    -0.004562079516882
    -0.010991361361817     0.006932090909112     0.002633917837136
     0.005257629161449    -0.003035493611662     0.000059953157465
81 74
     0.004196504575334     0.000000000000000     0.000000000000000
     0.000000000000000    -0.018967339144244    -0.013184378334377
     0.000000000000000     0.015655021887846     0.039076731695487
81 75
     0.019623821791123     0.010991361361817     0.004562079516882
     0.010991361361817     0.006932090909113     0.002633917837136
    -0.005257629161449    -0.003035493611662     0.000059953157465
81 76
     0.004104789708188     0.000000000000000     0.000000000000000
     0.000000000000000    -0.022723473788552    -0.018446535266911
     0.000000000000000     0.007807478264586     0.036207751805734
81 77
     0.095950693602704    -0.201648791906063    -0.193369955919413
    -0.010824979201077    -0.022855781446868    -0.066106185730907
     0.048135439027696    -0.203589846256203    -0.063013696516516
81 78
     0.095950693602704     0.201648791906063     0.193369955919413
     0.010824979201077    -0.022855781446868    -0.066106185730907
    -0.048135439027696    -0.203589846256203    -0.063013696516516
81 79
    -0.016016407914367     0.011616978863800    -0.015975168152951
     0.011616978863800    -0.002602276165997     0.009223267633456
     0.006761474516627    -0.003903739132293     0.036207751805734
81 80
    -0.016016407914367    -0.011616978863800     0.015975168152951
    -0.011616978863800    -0.002602276165997     0.009223267633456
    -0.006761474516627    -0.003903739132293     0.036207751805734
81 81
    11.587476915010543     0.000000000000001     0.000000000000000
     0.000000000000001    11.587476915010546     0.000000000000000
     0.000000000000000     0.000000000000000    14.275519246046738
81 82
    -1.042199620614978     0.034394984446142     0.139956173128188
    -0.034394984446142     0.077859947335079     0.009405255943926
    -0.139956173128189     0.009405255943926     0.293038384156667
81 83
    -0.006184402217087    -0.000000000000000     0.000000000000000
    -0.000000000000000     0.004622300457516    -0.004381022769546
     0.000000000000000    -0.004381022769546     0.045736599423508
81 84
    -1.042199620614978    -0.034394984446142    -0.139956173128189
     0.034394984446142     0.077859947335079     0.009405255943926
     0.139956173128188     0.009405255943926     0.293038384156667
81 85
    -0.202154944652435    -0.519395004244428     0.078123277140629
    -0.450605035352144    -0.762184728627464     0.116502973373501
    -0.061832895987560    -0.125908229317427     0.293038384156667
81 86
     0.017859266502849     0.011890185713418    -0.011315032933813
     0.011890185713418     0.004129662658136    -0.006532737310226
    -0.002748988521387    -0.001587129262822     0.000062074835790
81 87
     0.017859266502849    -0.011890185713418     0.011315032933813
    -0.011890185713418     0.004129662658136    -0.006532737310226
     0.002748988521387    -0.001587129262822     0.000062074835790
81 88
    -0.202154944652435     0.519395004244428    -0.078123277140629
     0.450605035352144    -0.762184728627464     0.116502973373501
     0.061832895987560    -0.125908229317427     0.293038384156667
81 89
     0.001920624788865    -0.004679439523676    -0.003794077012985
    -0.004679439523676    -0.003482726548437     0.002190511384773
    -0.003794077012985     0.002190511384773     0.045736599423508
81 90
    -0.002735139264221     0.000000000000000     0.000000000000000
     0.000000000000000     0.024724068425206     0.013065474620452
     0.000000000000000     0.003174258525644     0.000062074835790
81 91
     0.001920624788865     0.004679439523676     0.003794077012985
     0.004679439523676    -0.003482726548437     0.002190511384773
     0.003794077012985     0.002190511384773     0.045736599423508
81 92
    -0.002735139264221     0.000000000000000     0.000000000000000
     0.000000000000000     0.024724068425206     0.003174258525644
     0.000000000000000     0.013065474620452     0.000062074835790
81 93
    -0.202154944652435    -0.450605035352144    -0.061832895987560
    -0.519395004244428    -0.762184728627464    -0.125908229317427
     0.078123277140629     0.116502973373501     0.293038384156667
81 94
    -0.202154944652435     0.450605035352144     0.061832895987560
     0.519395004244428    -0.762184728627464    -0.125908229317427
    -0.078123277140629     0.116502973373501     0.293038384156667
81 95
     0.017859266502849    -0.011890185713418     0.002748988521387
    -0.011890185713418     0.004129662658136    -0.001587129262822
     0.011315032933813    -0.006532737310226     0.000062074835790
81 96
     0.017859266502849     0.011890185713418    -0.002748988521387
     0.011890185713418     0.004129662658136    -0.001587129262822
    -0.011315032933813    -0.006532737310226     0.000062074835790