   6   96
1 1
    19.784429471243769    -0.000000000000002     0.000000000000000
    -0.000000000000002    19.784429471243772     0.000000000000000
     0.000000000000000     0.000000000000000    22.015806854112331
1 2
    -0.519896427126291    -0.805698471274003     0.001036984928151
     0.805698471274004    -0.277960294712122     0.035815170149119
    -0.001036984928151     0.035815170149119     0.928836429928175
1 3
     0.039264234195429    -0.000000000000000     0.000000000000000
    -0.000000000000000     0.019596075115232     0.002750485839817
     0.000000000000000     0.002750485839817    -0.112438193890640
1 4
    -0.519896427126291     0.805698471274004    -0.001036984928151
    -0.805698471274003    -0.277960294712122     0.035815170149119
     0.001036984928151     0.035815170149119     0.928836429928175
1 5
    -0.338444327815664     0.700937052891991     0.031535339654074
    -0.910459889656017    -0.459412394022749    -0.017009529783440
     0.030498354725924    -0.018805640365679     0.928836429928174
1 6
    -0.022295114325947     0.020607029389106     0.006535821164241
     0.020607029389106    -0.046090062255944     0.003773458108550
     0.011639622149001     0.006720138980991    -0.069469968886323
1 7
    -0.022295114325947    -0.020607029389106    -0.006535821164241
    -0.020607029389106    -0.046090062255944     0.003773458108550
    -0.011639622149001     0.006720138980991    -0.069469968886323
1 8
    -0.338444327815664    -0.700937052891990    -0.031535339654074
     0.910459889656017    -0.459412394022749    -0.017009529783440
    -0.030498354725924    -0.018805640365679     0.928836429928174
1 9
     0.024513114885281     0.008516562704562     0.002381990610031
     0.008516562704562     0.034347194425380    -0.001375242919909
     0.002381990610031    -0.001375242919909    -0.112438193890640
1 10
    -0.057987536220943     0.000000000000000     0.000000000000000
     0.000000000000000    -0.010397640360948    -0.007546916217099
     0.000000000000000    -0.013440277961983    -0.069469968886323
1 11
     0.024513114885281    -0.008516562704562    -0.002381990610031
    -0.008516562704562     0.034347194425380    -0.001375242919909
    -0.002381990610031    -0.001375242919909    -0.112438193890640
1 12
    -0.057987536220943     0.000000000000000     0.000000000000000
     0.000000000000000    -0.010397640360948    -0.013440277961983
     0.000000000000000    -0.007546916217099    -0.069469968886323
1 13
    -0.338444327815664    -0.910459889656017     0.030498354725924
     0.700937052891991    -0.459412394022749    -0.018805640365679
     0.031535339654074    -0.017009529783440     0.928836429928174
1 14
    -0.338444327815664     0.910459889656017    -0.030498354725924
    -0.700937052891990    -0.459412394022749    -0.018805640365679
    -0.031535339654074    -0.017009529783440     0.928836429928174
1 15
    -0.022295114325947    -0.020607029389106    -0.011639622149001
    -0.020607029389106    -0.046090062255944     0.006720138980991
    -0.006535821164241     0.003773458108550    -0.069469968886323
1 16
    -0.022295114325947     0.020607029389106     0.011639622149001
     0.020607029389106    -0.046090062255944     0.006720138980991
     0.006535821164241     0.003773458108550    -0.069469968886323
1 17
    -0.005635969372447    -0.005367239958790    -0.033116543759942
    -0.005367239958790     0.000561585497578    -0.019119845454433
    -0.017960623592190    -0.010369570865764     0.008918449463370
1 18
    -0.004798059915167    -0.003548951245905     0.010033415250446
     0.002831079110449    -0.000599387646564     0.002257672571484
    -0.008797867160896    -0.013651086195608    -0.029167987724115
1 19
    -0.004798059915167     0.003548951245905    -0.010033415250446
    -0.002831079110449    -0.000599387646564     0.002257672571484
     0.008797867160896    -0.013651086195608    -0.029167987724115
1 20
    -0.005635969372447     0.005367239958790     0.033116543759942
     0.005367239958790     0.000561585497578    -0.019119845454433
     0.017960623592190    -0.010369570865764     0.008918449463370
1 21
    -0.001959903466702     0.001192468720926     0.006971909425556
    -0.005187561635429    -0.003437544095029     0.007560356207862
    -0.016221121015096    -0.000793633362652    -0.029167987724115
1 22
    -0.000486512003895     0.000000000000000     0.000000000000000
     0.000000000000000    -0.000486512003895     0.000000000000000
     0.000000000000000     0.000000000000000    -0.036930196259619
1 23
    -0.001959903466702    -0.001192468720926    -0.006971909425556
     0.005187561635429    -0.003437544095029     0.007560356207862
     0.016221121015096    -0.000793633362652    -0.029167987724115
1 24
     0.002464565820978    -0.000000000000000     0.000000000000000
     0.000000000000000    -0.002213806050873     0.009363551739017
     0.000000000000000     0.006331273275566     0.030789961806454
1 25
    -0.001338207960728    -0.004828625567701    -0.003061505824890
     0.001551404788653    -0.004059239601003    -0.009818028779346
    -0.007423253854200     0.014444719558261    -0.029167987724115
1 26
    -0.001338207960728     0.004828625567701     0.003061505824890
    -0.001551404788653    -0.004059239601003    -0.009818028779346
     0.007423253854200     0.014444719558261    -0.029167987724115
1 27
    -0.000271654417691    -0.003858745959833     0.011472324783310
    -0.003858745959833     0.004184041619597     0.006623549801875
    -0.004421998913150    -0.002553042262864    -0.015411493842829
1 28
    -0.000271654417691     0.003858745959833    -0.011472324783310
     0.003858745959833     0.004184041619597     0.006623549801875
     0.004421998913150    -0.002553042262864    -0.015411493842829
1 29
     0.003660362932590     0.000000000000000     0.000000000000000
     0.000000000000000    -0.008734746807460     0.038239690908865
     0.000000000000000     0.020739141731529     0.008918449463370
1 30
    -0.001044213082910     0.002025794444687     0.008109073675639
     0.002025794444687     0.001294972853015    -0.004681775869509
     0.005483043494942    -0.003165636637783     0.030789961806454
1 31
     0.006411889638241     0.000000000000000     0.000000000000000
     0.000000000000000    -0.002499502436336    -0.013247099603750
     0.000000000000000     0.005106084525727    -0.015411493842829
1 32
    -0.001044213082910    -0.002025794444687    -0.008109073675639
    -0.002025794444687     0.001294972853015    -0.004681775869509
    -0.005483043494942    -0.003165636637783     0.030789961806454
1 33
    -3.597670801204874    -1.153940366498993     2.336930443535220
    -1.153940366498991    -2.265215238750939     1.349227420652492
     2.489582338203590     1.437361033131582    -4.065490205606223
1 34
    -0.068980089619125     0.071062694652317     0.043914229566795
    -0.017445295020821    -0.000845821275085    -0.015502772709434
     0.056571515882292     0.025807976236568    -0.135941869060566
1 35
    -0.068980089619125    -0.071062694652317    -0.043914229566795
     0.017445295020821    -0.000845821275085    -0.015502772709434
    -0.056571515882292     0.025807976236568    -0.135941869060566
1 36
    -3.597670801204877     1.153940366498992    -2.336930443535220
     1.153940366498992    -2.265215238750940     1.349227420652491
    -2.489582338203591     1.437361033131582    -4.065490205606219
1 37
     0.005337626721774    -0.060352648555797     0.008531319787932
     0.028155341117341    -0.075163537615984     0.045782224747183
     0.050636120982279     0.036088381766375    -0.135941869060566
1 38
     0.011207586486744     0.000000000000000     0.000000000000000
    -0.000000000000000     0.011207586486744     0.000000000000000
     0.000000000000000     0.000000000000000    -0.016517299648625
1 39
     0.005337626721774     0.060352648555797    -0.008531319787932
    -0.028155341117341    -0.075163537615984     0.045782224747183
    -0.050636120982279     0.036088381766375    -0.135941869060566
1 40
     0.318088894739722    -0.000000000000000     0.000000000000000
     0.000000000000000    -0.127749045441961    -0.009629554352488
     0.000000000000000     0.234158197970232    -0.205995669890693
1 41
    -0.041096403443964     0.001346641301593    -0.035382909778864
    -0.087161348371545    -0.028729507450245    -0.030279452037750
    -0.005935394900013    -0.061896358002944    -0.135941869060566
1 42
    -0.041096403443964    -0.001346641301593     0.035382909778864
     0.087161348371545    -0.028729507450245    -0.030279452037750
     0.005935394900013    -0.061896358002944    -0.135941869060566
1 43
    -0.001253412765641    -0.000760626249474    -0.022067559572567
    -0.000760626249474    -0.000375117225868    -0.012740711459580
     0.006001332950324     0.003464871194366     0.014203620582111
1 44
    -0.001253412765641     0.000760626249474     0.022067559572567
     0.000760626249474    -0.000375117225868    -0.012740711459580
    -0.006001332950324     0.003464871194366     0.014203620582111
1 45
    -1.598987457523971     0.000000000000000     0.000000000000000
     0.000000000000000    -4.263898582431846    -2.698454841304983
     0.000000000000000    -2.874722066263163    -4.065490205606221
1 46
    -0.016289560396540     0.193053491084132    -0.008339438696378
     0.193053491084132     0.206629409694301     0.004814777176244
     0.202786947946607    -0.117079098985116    -0.205995669890693
1 47
     0.000064030544019     0.000000000000000     0.000000000000000
     0.000000000000000    -0.001692560535527     0.025481422919159
     0.000000000000000    -0.006929742388733     0.014203620582111
1 48
    -0.016289560396540    -0.193053491084132     0.008339438696378
    -0.193053491084132     0.206629409694301     0.004814777176244
    -0.202786947946607    -0.117079098985116    -0.205995669890693
1 49
    -3.523997133876689    -1.098633336049142    -2.277317096042861
    -1.098633336049140    -2.255404629259354    -1.314809638430484
    -2.326855586111889    -1.343410699007085    -3.939760377595759
1 50
    -0.045954806215140     0.061263022281224    -0.043118032970507
    -0.029220778100742    -0.000771686195915     0.006513774330674
    -0.063175016727269    -0.040291097759711    -0.124692384527979
1 51
    -0.045954806215140    -0.061263022281224     0.043118032970507
     0.029220778100742    -0.000771686195915     0.006513774330674
     0.063175016727269    -0.040291097759711    -0.124692384527978
1 52
    -3.523997133876691     1.098633336049141     2.277317096042862
     1.098633336049141    -2.255404629259355    -1.314809638430483
     2.326855586111890    -1.343410699007085    -3.939760377595754
1 53
     0.001807232526560    -0.056796204025308    -0.015917922440370
     0.033687596356659    -0.048533724937614    -0.040598199079011
    -0.066480622569907    -0.034565620490466    -0.124692384527979
1 54
     0.004953097976925     0.000000000000000     0.000000000000000
    -0.000000000000000     0.004953097976925     0.000000000000000
     0.000000000000000     0.000000000000000    -0.002209704917487
1 55
     0.001807232526560     0.056796204025308     0.015917922440370
    -0.033687596356659    -0.048533724937614    -0.040598199079011
     0.066480622569907    -0.034565620490466    -0.124692384527979
1 56
     0.331406819670708    -0.000000000000000     0.000000000000000
     0.000000000000000    -0.118569002934899     0.027252251404557
     0.000000000000000    -0.238821653067536    -0.184271365609356
1 57
    -0.025942164928002     0.017666474266418     0.027200110530136
    -0.072817326115549    -0.020784327483053     0.034084424748337
    -0.003305605842638     0.074856718250178    -0.124692384527979
1 58
    -0.025942164928002    -0.017666474266418    -0.027200110530136
     0.072817326115549    -0.020784327483053     0.034084424748337
     0.003305605842638     0.074856718250178    -0.124692384527979
1 59
    -0.000885262228774    -0.003582515161543     0.026875742944220
    -0.003582515161543     0.003251469957012     0.015516717423517
     0.006511079540269     0.003759173525289     0.022778237084554
1 60
    -0.000885262228774     0.003582515161543    -0.026875742944220
     0.003582515161543     0.003251469957012     0.015516717423517
    -0.006511079540269     0.003759173525289     0.022778237084554
1 61
    -1.621108376950687     0.000000000000000     0.000000000000000
     0.000000000000000    -4.158293386185359     2.629619276860967
     0.000000000000000     2.686821398014169    -3.939760377595757
1 62
    -0.006075047283497     0.194845246732628     0.023601142026667
     0.194845246732628     0.218912864019306    -0.013626125702279
    -0.206825618530280     0.119410826533768    -0.184271365609356
1 63
     0.005319836049904     0.000000000000000     0.000000000000000
     0.000000000000000    -0.002953628321666    -0.031033434847034
     0.000000000000000    -0.007518347050579     0.022778237084554
1 64
    -0.006075047283497    -0.194845246732628    -0.023601142026667
    -0.194845246732628     0.218912864019306    -0.013626125702279
     0.206825618530280     0.119410826533768    -0.184271365609356
1 65
    -0.003843078420294    -0.006989333555742    -0.041369781178437
    -0.006989333555742     0.004227508799433    -0.023884854299686
    -0.052056248142215    -0.030054688877910    -0.081884660901706
1 66
    -0.015484320819167    -0.000000000000000     0.000000000000000
     0.000000000000000    -0.002946137407451     0.007500936689060
     0.000000000000000    -0.014775436768042     0.017577408113226
1 67
    -0.003843078420294     0.006989333555742     0.041369781178437
     0.006989333555742     0.004227508799433    -0.023884854299686
     0.052056248142215    -0.030054688877910    -0.081884660901706
1 68
     0.001030463386317     0.000000000000000     0.000000000000000
    -0.000000000000000     0.010486364615096     0.009145956961587
     0.000000000000000     0.044940918319291     0.046093935573826
1 69
    -0.006080683260380    -0.005429192675928     0.006496001724905
    -0.005429192675928    -0.012349774966238    -0.003750468344530
    -0.012795903593135     0.007387718384021     0.017577408113226
1 70
    -0.006080683260380     0.005429192675928    -0.006496001724905
     0.005429192675928    -0.012349774966238    -0.003750468344530
     0.012795903593135     0.007387718384021     0.017577408113226
1 71
     0.004228411729040     0.001879670068238     0.004915188217447
     0.001929675263786    -0.001878430743243    -0.000007932250544
     0.012247417693155     0.000729052438625     0.003479945068876
1 72
     0.004228411729040    -0.001879670068238    -0.004915188217447
    -0.001929675263786    -0.001878430743243    -0.000007932250544
    -0.012247417693155     0.000729052438625     0.003479945068876
1 73
     0.008262802409297     0.000000000000000     0.000000000000000
     0.000000000000000    -0.007878372030157     0.047769708599373
     0.000000000000000     0.060109377755820    -0.081884660901706
1 74
     0.001297774789488     0.003621679289734     0.002450724578243
     0.003571674094186     0.001052206196309     0.004260643985963
     0.006755086779118     0.010242048633718     0.003479945068876
1 75
    -0.001522333434318     0.000000000000000     0.000000000000000
     0.000000000000000    -0.001522333434318     0.000000000000000
     0.000000000000000     0.000000000000000     0.004306763676598
1 76
     0.001297774789488    -0.003621679289734    -0.002450724578243
    -0.003571674094186     0.001052206196309     0.004260643985963
    -0.006755086779118     0.010242048633718     0.003479945068876
1 77
     0.008122389307901    -0.004094525339899     0.007920631070653
    -0.004094525339899     0.003394438693512    -0.004572978480793
     0.038919976933907    -0.022470459159645     0.046093935573826
1 78
    -0.002001215039833     0.001667001428173    -0.002464463639204
     0.001717006623722     0.004351196025630    -0.004252711735419
    -0.005492330914037    -0.010971101072344     0.003479945068876
1 79
    -0.002001215039833    -0.001667001428173     0.002464463639204
    -0.001717006623722     0.004351196025630    -0.004252711735419
     0.005492330914037    -0.010971101072344     0.003479945068876
1 80
     0.008122389307901     0.004094525339899    -0.007920631070653
     0.004094525339899     0.003394438693512    -0.004572978480793
    -0.038919976933907    -0.022470459159645     0.046093935573826
1 81
    -0.003177363428683    -0.000600849175084     0.001223624918731
    -0.000600849175084    -0.002483562562729     0.000706460176216
    -0.000444881000667    -0.000256852165493    -0.001699739459089
1 82
    -0.003618538396280    -0.000000000000000     0.000000000000000
     0.000000000000000    -0.002811256637413     0.001332216567434
     0.000000000000000    -0.001419051002541     0.000660449984007
1 83
    -0.003177363428683     0.000600849175084    -0.001223624918731
     0.000600849175084    -0.002483562562729     0.000706460176216
     0.000444881000667    -0.000256852165493    -0.001699739459089
1 84
    -0.003270943987432    -0.000000000000000     0.000000000000000
     0.000000000000000    -0.003074685674959     0.001305446160235
     0.000000000000000    -0.000852471496558    -0.001385523057967
1 85
    -0.003013077077130    -0.000349563255595     0.001153733390740
    -0.000349563255595    -0.003416717956563    -0.000666108283717
    -0.001228934217467     0.000709525501271     0.000660449984007
1 86
    -0.003013077077130     0.000349563255595    -0.001153733390740
     0.000349563255595    -0.003416717956563    -0.000666108283717
     0.001228934217467     0.000709525501271     0.000660449984007
1 87
    -0.004729342547994     0.000808337708020    -0.000431804003299
    -0.000129711562721    -0.005205069628195     0.002881984207464
    -0.004365380605183     0.000465286112312    -0.000932874969361
1 88
    -0.004729342547994    -0.000808337708020     0.000431804003299
     0.000129711562721    -0.005205069628195     0.002881984207464
     0.004365380605183     0.000465286112312    -0.000932874969361
1 89
    -0.002136662129752     0.000000000000000     0.000000000000000
     0.000000000000000    -0.003524263861660    -0.001412920352433
     0.000000000000000     0.000513704330985    -0.001699739459089
1 90
    -0.004792284117394    -0.000093372230685     0.002279969535320
     0.000844677040057    -0.005142128058795    -0.001814945340045
    -0.001779740709302    -0.004013173557433    -0.000932874969361
1 91
    -0.003169362665283     0.000000000000000     0.000000000000000
     0.000000000000000    -0.003169362665283     0.000000000000000
     0.000000000000000     0.000000000000000     0.004821345804659
1 92
    -0.004792284117394     0.000093372230685    -0.002279969535320
    -0.000844677040057    -0.005142128058795    -0.001814945340045
     0.001779740709302    -0.004013173557433    -0.000932874969361
1 93
    -0.003123750253077    -0.000084982342153     0.001130549538037
    -0.000084982342153    -0.003221879409314    -0.000652723080118
    -0.000738261972022     0.000426235748279    -0.001385523057966
1 94
    -0.005379991598896     0.000505363967407     0.002711773538619
    -0.000432685303335    -0.004554420577294    -0.001067038867420
     0.002585639895882     0.003547887445121    -0.000932874969361
1 95
    -0.005379991598896    -0.000505363967407    -0.002711773538619
     0.000432685303335    -0.004554420577294    -0.001067038867420
    -0.002585639895882     0.003547887445121    -0.000932874969361
1 96
    -0.003123750253077     0.000084982342153    -0.001130549538037
     0.000084982342153    -0.003221879409314    -0.000652723080118
     0.000738261972022     0.000426235748279    -0.001385523057966
17 1
    -0.005635969372447    -0.005367239958790    -0.017960623592190
    -0.005367239958790     0.000561585497578    -0.010369570865764
    -0.033116543759942    -0.019119845454433     0.008918449463370
17 2
    -0.005635969372447     0.005367239958790     0.017960623592190
     0.005367239958790     0.000561585497578    -0.010369570865764
     0.033116543759942    -0.019119845454433     0.008918449463370
17 3
    -0.004798059915167    -0.002831079110449     0.008797867160896
     0.003548951245905    -0.000599387646564    -0.013651086195608
    -0.010033415250446     0.002257672571484    -0.029167987724115
17 4
    -0.004798059915167     0.002831079110449    -0.008797867160896
    -0.003548951245905    -0.000599387646564    -0.013651086195608
     0.010033415250446     0.002257672571484    -0.029167987724115
17 5
     0.003660362932590     0.000000000000000     0.000000000000000
     0.000000000000000    -0.008734746807460     0.020739141731529
     0.000000000000000     0.038239690908865     0.008918449463370
17 6
    -0.001044213082910    -0.002025794444687    -0.005483043494942
    -0.002025794444687     0.001294972853015    -0.003165636637783
    -0.008109073675639    -0.004681775869509     0.030789961806454
17 7
     0.006411889638241     0.000000000000000     0.000000000000000
     0.000000000000000    -0.002499502436336     0.005106084525727
     0.000000000000000    -0.013247099603750    -0.015411493842829
17 8
    -0.001044213082910     0.002025794444687     0.005483043494942
     0.002025794444687     0.001294972853015    -0.003165636637783
     0.008109073675639    -0.004681775869509     0.030789961806454
17 9
    -0.001338207960728     0.001551404788653    -0.007423253854200
    -0.004828625567701    -0.004059239601003     0.014444719558261
    -0.003061505824890    -0.009818028779346    -0.029167987724115
17 10
    -0.000271654417691     0.003858745959833     0.004421998913150
     0.003858745959833     0.004184041619597    -0.002553042262864
    -0.011472324783310     0.006623549801875    -0.015411493842829
17 11
    -0.000271654417691    -0.003858745959833    -0.004421998913150
    -0.003858745959833     0.004184041619597    -0.002553042262864
     0.011472324783310     0.006623549801875    -0.015411493842829
17 12
    -0.001338207960728    -0.001551404788653     0.007423253854200
     0.004828625567701    -0.004059239601003     0.014444719558261
     0.003061505824890    -0.009818028779346    -0.029167987724115
17 13
    -0.001959903466702    -0.005187561635429    -0.016221121015096
     0.001192468720926    -0.003437544095029    -0.000793633362652
     0.006971909425556     0.007560356207862    -0.029167987724115
17 14
     0.002464565820978     0.000000000000000     0.000000000000000
    -0.000000000000000    -0.002213806050873     0.006331273275566
     0.000000000000000     0.009363551739017     0.030789961806454
17 15
    -0.001959903466702     0.005187561635429     0.016221121015096
    -0.001192468720926    -0.003437544095029    -0.000793633362652
    -0.006971909425556     0.007560356207862    -0.029167987724115
17 16
    -0.000486512003895     0.000000000000000     0.000000000000000
     0.000000000000000    -0.000486512003895     0.000000000000000
     0.000000000000000     0.000000000000000    -0.036930196259619
17 17
    16.446795890066486    -0.000000000000002     0.000000000000000
    -0.000000000000002    16.446795890066490     0.000000000000000
     0.000000000000000     0.000000000000000    21.916029601744800
17 18
    -0.221415042125335    -1.078887096592547    -0.023779780802632
     1.078887096592548    -0.171461359515889    -0.006176945454221
     0.023779780802632    -0.006176945454221    -0.048790978826573
17 19
    -0.502767480344111     0.000000000000000     0.000000000000000
     0.000000000000000    -0.034394695751454     0.002988171369722
     0.000000000000000     0.002988171369722    -0.047795420339174
17 20
    -0.221415042125335     1.078887096592548     0.023779780802632
    -1.078887096592547    -0.171461359515889    -0.006176945454221
    -0.023779780802632    -0.006176945454221    -0.048790978826573
17 21
    -0.183949780168251     1.057256517516365    -0.017239282082463
    -1.100517675668730    -0.208926621472973    -0.017505421544394
     0.006540498720170     0.023682366998616    -0.048790978826573
17 22
    -0.051553223256958     0.048267780041795     0.005737368702880
     0.048267780041795    -0.107288054857590     0.003312471365048
    -0.006902834636363    -0.003985353435476     0.052699146022706
17 23
    -0.051553223256958    -0.048267780041795    -0.005737368702880
    -0.048267780041795    -0.107288054857590     0.003312471365048
     0.006902834636363    -0.003985353435476     0.052699146022706
17 24
    -0.183949780168251    -1.057256517516365     0.017239282082463
     1.100517675668730    -0.208926621472974    -0.017505421544394
    -0.006540498720170     0.023682366998616    -0.048790978826573
17 25
    -0.151487891899619    -0.202811364949249     0.002587832317041
    -0.202811364949249    -0.385674284195947    -0.001494085684861
     0.002587832317041    -0.001494085684861    -0.047795420339174
17 26
    -0.135155470657906     0.000000000000000     0.000000000000000
     0.000000000000000    -0.023685807456642    -0.006624942730096
     0.000000000000000     0.007970706870951     0.052699146022706
17 27
    -0.151487891899619     0.202811364949249    -0.002587832317041
     0.202811364949249    -0.385674284195947    -0.001494085684861
    -0.002587832317041    -0.001494085684861    -0.047795420339174
17 28
    -0.135155470657906     0.000000000000000     0.000000000000000
     0.000000000000000    -0.023685807456642     0.007970706870951
     0.000000000000000    -0.006624942730096     0.052699146022706
17 29
    -0.183949780168251    -1.100517675668730     0.006540498720170
     1.057256517516365    -0.208926621472973     0.023682366998616
    -0.017239282082463    -0.017505421544394    -0.048790978826573
17 30
    -0.183949780168251     1.100517675668730    -0.006540498720170
    -1.057256517516365    -0.208926621472974     0.023682366998616
     0.017239282082463    -0.017505421544394    -0.048790978826573
17 31
    -0.051553223256958    -0.048267780041795     0.006902834636363
    -0.048267780041795    -0.107288054857590    -0.003985353435476
    -0.005737368702880     0.003312471365048     0.052699146022706
17 32
    -0.051553223256958     0.048267780041795    -0.006902834636363
     0.048267780041795    -0.107288054857590    -0.003985353435476
     0.005737368702880     0.003312471365048     0.052699146022706
17 33
    -0.000411386869688     0.000000000000000     0.000000000000000
     0.000000000000000    -0.000411386869688     0.000000000000000
     0.000000000000000     0.000000000000000     0.004711198745353
17 34
    -0.000996350750444     0.000534523921167     0.001861604172013
     0.001860414693540     0.001105508176260    -0.000229638979105
     0.001948664452793    -0.001048425264504    -0.012670356404218
17 35
    -0.000638944308611     0.000000000000000     0.000000000000000
    -0.000000000000000     0.004191938465438     0.001040949406536
     0.000000000000000     0.003071451480533    -0.000961361178627
17 36
    -0.000996350750444    -0.000534523921167    -0.001861604172013
    -0.001860414693540     0.001105508176260    -0.000229638979105
    -0.001948664452793    -0.001048425264504    -0.012670356404218
17 37
     0.001617082285004     0.000351548427015     0.000731928896402
    -0.000974342345358    -0.001507924859188     0.001727015994307
     0.000066369313367     0.002211805551823    -0.012670356404218
17 38
     0.000600467786441     0.001735850950998     0.000700600363202
     0.001735850950998    -0.001403920241222     0.000404491808289
    -0.000025177009316    -0.000014535953106    -0.004825995821074
17 39
     0.000600467786441    -0.001735850950998    -0.000700600363202
    -0.001735850950998    -0.001403920241222     0.000404491808289
     0.000025177009316    -0.000014535953106    -0.004825995821074
17 40
     0.001617082285004    -0.000351548427015    -0.000731928896402
     0.000974342345358    -0.001507924859188     0.001727015994307
    -0.000066369313367     0.002211805551823    -0.012670356404218
17 41
     0.002984217771926    -0.002091833602516     0.000901488630114
    -0.002091833602516     0.000568776384901    -0.000520474703268
     0.002659955008633    -0.001535725740267    -0.000961361178627
17 42
    -0.002406114255054     0.000000000000000     0.000000000000000
     0.000000000000000     0.001602661800273    -0.000808983616578
     0.000000000000000     0.000029071906213    -0.004825995821074
17 43
     0.002984217771926     0.002091833602516    -0.000901488630114
     0.002091833602516     0.000568776384901    -0.000520474703268
    -0.002659955008633    -0.001535725740267    -0.000961361178627
17 44
     0.001274134074460     0.000000000000000     0.000000000000000
    -0.000000000000000     0.001730640471639     0.001227295838368
     0.000000000000000     0.001384579746766    -0.000925726843855
17 45
    -0.000456995395836    -0.002171811652712    -0.001129675275611
    -0.000845920880338     0.000566152821652    -0.001497377015202
    -0.001882295139426    -0.001163380287319    -0.012670356404218
17 46
    -0.000456995395836     0.002171811652712     0.001129675275611
     0.000845920880338     0.000566152821652    -0.001497377015202
     0.001882295139426    -0.001163380287319    -0.012670356404218
17 47
     0.001616513872344    -0.000197673068473     0.001062869373985
    -0.000197673068473     0.001388260673754    -0.000613647919184
     0.001199081234265    -0.000692289873383    -0.000925726843855
17 48
     0.001616513872344     0.000197673068473    -0.001062869373985
     0.000197673068473     0.001388260673754    -0.000613647919184
    -0.001199081234265    -0.000692289873383    -0.000925726843855
17 49
    -0.047051878722525     0.000000000000000     0.000000000000000
     0.000000000000000    -0.047051878722525     0.000000000000000
     0.000000000000000     0.000000000000000     0.141374263914016
17 50
    -0.008429813200177     0.019414147887270    -0.000568396360250
     0.003567621911869     0.001419478273722     0.042713359795152
     0.027305609141779    -0.034254309778013    -0.033367205054263
17 51
     0.000897147217439    -0.000000000000000     0.000000000000000
     0.000000000000000    -0.003049983472870    -0.003466538400546
     0.000000000000000     0.002467863837096     0.012010730314137
17 52
    -0.008429813200177    -0.019414147887270     0.000568396360250
    -0.003567621911869     0.001419478273722     0.042713359795152
    -0.027305609141779    -0.034254309778013    -0.033367205054263
17 53
     0.008908553640238    -0.006442688850753     0.036706656483461
     0.009403837124648    -0.015918888566692    -0.021848925584971
    -0.016012297885972     0.040774506071596    -0.033367205054263
17 54
    -0.004179658694562    -0.004135230495556     0.013553572405152
    -0.004135230495556     0.000595294184979     0.007825158676596
     0.007667500948778     0.004426833736789     0.017256866698963
17 55
    -0.004179658694562     0.004135230495556    -0.013553572405152
     0.004135230495556     0.000595294184979     0.007825158676596
    -0.007667500948778     0.004426833736789     0.017256866698963
17 56
     0.008908553640238     0.006442688850753    -0.036706656483461
    -0.009403837124648    -0.015918888566692    -0.021848925584971
     0.016012297885972     0.040774506071596    -0.033367205054263
17 57
    -0.002063200800292     0.001709157724932    -0.003002110318067
     0.001709157724932    -0.000089635455138     0.001733269200273
     0.002137232776006    -0.001233931918548     0.012010730314137
17 58
     0.002982770624749     0.000000000000000     0.000000000000000
     0.000000000000000    -0.006567135134332    -0.015650317353192
     0.000000000000000    -0.008853667473578     0.017256866698963
17 59
    -0.002063200800292    -0.001709157724932     0.003002110318067
    -0.001709157724932    -0.000089635455138     0.001733269200273
    -0.002137232776006    -0.001233931918548     0.012010730314137
17 60
     0.003332500681530     0.000000000000000     0.000000000000000
    -0.000000000000000     0.008478409079860    -0.013675248554729
     0.000000000000000    -0.002334744645185     0.022307798558063
17 61
    -0.010994242829743    -0.002087047774922     0.037275052843711
    -0.017933573750322     0.003983907903288    -0.020864434210181
    -0.043317907027751    -0.006520196293583    -0.033367205054263
17 62
    -0.010994242829743     0.002087047774922    -0.037275052843711
     0.017933573750322     0.003983907903288    -0.020864434210181
     0.043317907027751    -0.006520196293583    -0.033367205054263
17 63
     0.007191931980278    -0.002228243699251    -0.011843112651462
    -0.002228243699251     0.004618977781113     0.006837624277365
    -0.002021948174080     0.001167372322593     0.022307798558063
17 64
     0.007191931980278     0.002228243699251     0.011843112651462
     0.002228243699251     0.004618977781113     0.006837624277365
     0.002021948174080     0.001167372322593     0.022307798558063
17 65
    -3.196243798224834    -1.485602735107866     2.874127363406481
    -1.485602735107864    -1.480817520178096     1.659378206948003
     2.637352497962283     1.522676174646458    -3.393892795295624
17 66
    -0.002047068828579     0.131444827432609    -0.113346607475521
    -0.101349841909408    -0.048694920424453     0.016758812017763
     0.089483676310477    -0.011040910452199    -0.004035075310484
17 67
    -0.002047068828579    -0.131444827432609     0.113346607475521
     0.101349841909408    -0.048694920424453     0.016758812017763
    -0.089483676310477    -0.011040910452199    -0.004035075310484
17 68
    -3.196243798224836     1.485602735107865    -2.874127363406482
     1.485602735107865    -1.480817520178096     1.659378206948002
    -2.637352497962284     1.522676174646457    -3.393892795295619
17 69
    -0.024001446530676    -0.088674476033212    -0.042159746793129
     0.144120193308805    -0.026740542722356    -0.106540447515466
     0.035180129222725     0.083015592134996    -0.004035075310484
17 70
     0.019245576285397     0.000000000000000     0.000000000000000
    -0.000000000000000     0.019245576285397     0.000000000000000
     0.000000000000000     0.000000000000000    -0.054721925317774
17 71
    -0.024001446530676     0.088674476033212     0.042159746793129
    -0.144120193308805    -0.026740542722356    -0.106540447515466
    -0.035180129222725     0.083015592134996    -0.004035075310484
17 72
     0.313612795984045    -0.000000000000000     0.000000000000000
     0.000000000000000    -0.183456125371059     0.186737077678560
     0.000000000000000     0.051099876636303    -0.117732995039539
17 73
    -0.050064468520293     0.129072700547205     0.071186860682392
    -0.103721968794812    -0.000677520732739     0.089781635497703
    -0.054303547087752    -0.071974681682797    -0.004035075310484
17 74
    -0.050064468520293    -0.129072700547205    -0.071186860682392
     0.103721968794812    -0.000677520732739     0.089781635497703
     0.054303547087752    -0.071974681682797    -0.004035075310484
17 75
     0.018729215066792    -0.018309153030013     0.023096144667469
    -0.018309153030013     0.039870803927817     0.013334565341006
     0.013580039838105     0.007840439656136    -0.015645810008407
17 76
     0.018729215066792     0.018309153030013    -0.023096144667469
     0.018309153030013     0.039870803927817     0.013334565341006
    -0.013580039838105     0.007840439656136    -0.015645810008407
17 77
    -0.623104381154726     0.000000000000000     0.000000000000000
     0.000000000000000    -4.053956937248207    -3.318756413896005
     0.000000000000000    -3.045352349292914    -3.393892795295621
17 78
    -0.059188895032283     0.215237156662625     0.161719053098101
     0.215237156662625     0.189345565645269    -0.093368538839280
     0.044253791297289    -0.025549938318151    -0.117732995039539
17 79
     0.050441598358329     0.000000000000000     0.000000000000000
     0.000000000000000     0.008158420636280    -0.026669130682011
     0.000000000000000    -0.015680879312271    -0.015645810008407
17 80
    -0.059188895032283    -0.215237156662625    -0.161719053098101
    -0.215237156662625     0.189345565645269    -0.093368538839280
    -0.044253791297289    -0.025549938318151    -0.117732995039539
17 81
    -3.226529483300411    -1.485602577817848    -2.910897072671877
    -1.485602577817846    -1.511103386876542    -1.680607208490404
    -2.658699821824305    -1.535001057824674    -3.482008444814793
17 82
    -0.013864115516571     0.136009935882994     0.113354336285886
    -0.099412416114351    -0.061171126067177    -0.017861545018513
    -0.107197063352111     0.021061849830843     0.000991942053435
17 83
    -0.013864115516571    -0.136009935882994    -0.113354336285886
     0.099412416114351    -0.061171126067177    -0.017861545018513
     0.107197063352111     0.021061849830843     0.000991942053435
17 84
    -3.226529483300413     1.485602577817846     2.910897072671879
     1.485602577817847    -1.511103386876543    -1.680607208490403
     2.658699821824305    -1.535001057824673    -3.482008444814788
17 85
    -0.033497182511952    -0.088077259599550     0.041208616406071
     0.147345092397795    -0.041538059071796     0.107098507361958
    -0.035358434671852    -0.103366304989440     0.000991942053435
17 86
     0.022701345308510     0.000000000000000     0.000000000000000
    -0.000000000000000     0.022701345308510     0.000000000000000
     0.000000000000000     0.000000000000000    -0.049664067547560
17 87
    -0.033497182511952     0.088077259599550    -0.041208616406071
    -0.147345092397795    -0.041538059071797     0.107098507361958
     0.035358434671852    -0.103366304989440     0.000991942053435
17 88
     0.317720815265558    -0.000000000000000     0.000000000000000
     0.000000000000000    -0.200727523719687    -0.158516926644340
     0.000000000000000    -0.027451086806163    -0.152711238756274
17 89
    -0.065191564347100     0.129046332513473    -0.072145719879815
    -0.106376019483871    -0.009843677236649    -0.089236962343444
     0.071838628680259     0.082304455158596     0.000991942053435
17 90
    -0.065191564347100    -0.129046332513473     0.072145719879815
     0.106376019483871    -0.009843677236649    -0.089236962343444
    -0.071838628680259     0.082304455158596     0.000991942053435
17 91
     0.017180339071508    -0.017222906121524    -0.021969545105153
    -0.017222906121524     0.037067638042488    -0.012684122780434
    -0.010269679538462    -0.005929202246022    -0.017624452840184
17 92
     0.017180339071508     0.017222906121524     0.021969545105153
     0.017222906121524     0.037067638042488    -0.012684122780434
     0.010269679538462    -0.005929202246022    -0.017624452840184
17 93
    -0.653390338664607     0.000000000000000     0.000000000000000
     0.000000000000000    -4.084242531512349     3.361214416980806
     0.000000000000000     3.070002115649347    -3.482008444814790
17 94
    -0.071115438973376     0.224494716055534    -0.137279685403833
     0.224494716055534     0.188108730519247     0.079258463322170
    -0.023773338535629     0.013725543403081    -0.152711238756274
17 95
     0.047011287527977     0.000000000000000     0.000000000000000
     0.000000000000000     0.007236689586019     0.025368245560868
     0.000000000000000     0.011858404492044    -0.017624452840184
17 96
    -0.071115438973376    -0.224494716055534     0.137279685403833
    -0.224494716055534     0.188108730519247     0.079258463322170
     0.023773338535629     0.013725543403081    -0.152711238756274
33 1
    -3.597670801204874    -1.153940366498991     2.489582338203590
    -1.153940366498993    -2.265215238750939     1.437361033131582
     2.336930443535220     1.349227420652492    -4.065490205606223
33 2
    -3.597670801204877     1.153940366498992    -2.489582338203591
     1.153940366498992    -2.265215238750940     1.437361033131582
    -2.336930443535220     1.349227420652491    -4.065490205606219
33 3
    -0.068980089619125     0.017445295020821    -0.056571515882292
    -0.071062694652317    -0.000845821275085     0.025807976236568
    -0.043914229566795    -0.015502772709434    -0.135941869060566
33 4
    -0.068980089619125    -0.017445295020821     0.056571515882292
     0.071062694652317    -0.000845821275085     0.025807976236568
     0.043914229566795    -0.015502772709434    -0.135941869060566
33 5
    -1.598987457523971     0.000000000000000     0.000000000000000
     0.000000000000000    -4.263898582431846    -2.874722066263163
     0.000000000000000    -2.698454841304983    -4.065490205606221
33 6
    -0.016289560396540    -0.193053491084132    -0.202786947946607
    -0.193053491084132     0.206629409694301    -0.117079098985116
     0.008339438696378     0.004814777176244    -0.205995669890693
33 7
     0.000064030544019     0.000000000000000     0.000000000000000
     0.000000000000000    -0.001692560535527    -0.006929742388733
     0.000000000000000     0.025481422919159     0.014203620582111
33 8
    -0.016289560396540     0.193053491084132     0.202786947946607
     0.193053491084132     0.206629409694301    -0.117079098985116
    -0.008339438696378     0.004814777176244    -0.205995669890693
33 9
    -0.041096403443964    -0.087161348371545    -0.005935394900013
     0.001346641301593    -0.028729507450245    -0.061896358002944
    -0.035382909778864    -0.030279452037750    -0.135941869060566
33 10
    -0.001253412765641     0.000760626249474    -0.006001332950324
     0.000760626249474    -0.000375117225868     0.003464871194366
     0.022067559572567    -0.012740711459580     0.014203620582111
33 11
    -0.001253412765641    -0.000760626249474     0.006001332950324
    -0.000760626249474    -0.000375117225868     0.003464871194366
    -0.022067559572567    -0.012740711459580     0.014203620582111
33 12
    -0.041096403443964     0.087161348371545     0.005935394900013
    -0.001346641301593    -0.028729507450245    -0.061896358002944
     0.035382909778864    -0.030279452037750    -0.135941869060566
33 13
     0.005337626721774     0.028155341117341     0.050636120982279
    -0.060352648555797    -0.075163537615984     0.036088381766375
     0.008531319787932     0.045782224747183    -0.135941869060566
33 14
     0.318088894739722     0.000000000000000     0.000000000000000
    -0.000000000000000    -0.127749045441961     0.234158197970232
     0.000000000000000    -0.009629554352488    -0.205995669890693
33 15
     0.005337626721774    -0.028155341117341    -0.050636120982279
     0.060352648555797    -0.075163537615984     0.036088381766375
    -0.008531319787932     0.045782224747183    -0.135941869060566
33 16
     0.011207586486744    -0.000000000000000     0.000000000000000
     0.000000000000000     0.011207586486744     0.000000000000000
     0.000000000000000     0.000000000000000    -0.016517299648625
33 17
    -0.000411386869688     0.000000000000000     0.000000000000000
     0.000000000000000    -0.000411386869688     0.000000000000000
     0.000000000000000     0.000000000000000     0.004711198745353
33 18
    -0.000996350750444    -0.001860414693540    -0.001948664452793
    -0.000534523921167     0.001105508176260    -0.001048425264504
    -0.001861604172013    -0.000229638979105    -0.012670356404218
33 19
    -0.000638944308611    -0.000000000000000     0.000000000000000
     0.000000000000000     0.004191938465438     0.003071451480533
     0.000000000000000     0.001040949406536    -0.000961361178627
33 20
    -0.000996350750444     0.001860414693540     0.001948664452793
     0.000534523921167     0.001105508176260    -0.001048425264504
     0.001861604172013    -0.000229638979105    -0.012670356404218
33 21
    -0.000456995395836    -0.000845920880338    -0.001882295139426
    -0.002171811652712     0.000566152821652    -0.001163380287319
    -0.001129675275611    -0.001497377015202    -0.012670356404218
33 22
     0.001616513872344     0.000197673068473    -0.001199081234265
     0.000197673068473     0.001388260673754    -0.000692289873383
    -0.001062869373985    -0.000613647919184    -0.000925726843855
33 23
     0.001616513872344    -0.000197673068473     0.001199081234265
    -0.000197673068473     0.001388260673754    -0.000692289873383
     0.001062869373985    -0.000613647919184    -0.000925726843855
33 24
    -0.000456995395836     0.000845920880338     0.001882295139426
     0.002171811652712     0.000566152821652    -0.001163380287319
     0.001129675275611    -0.001497377015202    -0.012670356404218
33 25
     0.002984217771926    -0.002091833602516     0.002659955008633
    -0.002091833602516     0.000568776384901    -0.001535725740267
     0.000901488630114    -0.000520474703268    -0.000961361178627
33 26
     0.001274134074460    -0.000000000000000     0.000000000000000
     0.000000000000000     0.001730640471639     0.001384579746766
     0.000000000000000     0.001227295838368    -0.000925726843855
33 27
     0.002984217771926     0.002091833602516    -0.002659955008633
     0.002091833602516     0.000568776384901    -0.001535725740267
    -0.000901488630114    -0.000520474703268    -0.000961361178627
33 28
    -0.002406114255054     0.000000000000000     0.000000000000000
     0.000000000000000     0.001602661800273     0.000029071906213
     0.000000000000000    -0.000808983616578    -0.004825995821074
33 29
     0.001617082285004    -0.000974342345358     0.000066369313367
     0.000351548427015    -0.001507924859188     0.002211805551823
     0.000731928896402     0.001727015994307    -0.012670356404218
33 30
     0.001617082285004     0.000974342345358    -0.000066369313367
    -0.000351548427015    -0.001507924859188     0.002211805551823
    -0.000731928896402     0.001727015994307    -0.012670356404218
33 31
     0.000600467786441    -0.001735850950998     0.000025177009316
    -0.001735850950998    -0.001403920241222    -0.000014535953106
    -0.000700600363202     0.000404491808289    -0.004825995821074
33 32
     0.000600467786441     0.001735850950998    -0.000025177009316
     0.001735850950998    -0.001403920241222    -0.000014535953106
     0.000700600363202     0.000404491808289    -0.004825995821074
33 33
     9.433908182188132    -0.000000000000001     0.000000000000000
    -0.000000000000001     9.433908182188134     0.000000000000000
     0.000000000000000     0.000000000000000    13.065917784984640
33 34
    -0.492785541215484     0.017001164014821    -0.064195437702801
    -0.017001164014821     0.155568799883522    -0.042702145017606
     0.064195437702801    -0.042702145017606     0.397253689456273
33 35
     0.016832201859663    -0.000000000000000     0.000000000000000
    -0.000000000000000    -0.004716930655778     0.002117654266698
     0.000000000000000     0.002117654266698     0.072022001169496
33 36
    -0.492785541215484    -0.017001164014821     0.064195437702801
     0.017001164014821     0.155568799883522    -0.042702145017606
    -0.064195437702801    -0.042702145017606     0.397253689456273
33 37
    -0.006519785391229    -0.297746829037652    -0.069078861232735
    -0.263744501008009    -0.330696955940732    -0.034243807348884
    -0.004883423529934     0.076945952366491     0.397253689456273
33 38
     0.016041769006965     0.009103060037750     0.010265619699296
     0.009103060037750     0.005530460680476     0.005926858296787
    -0.009950862374087    -0.005745133070348     0.001392332682719
33 39
     0.016041769006965    -0.009103060037750    -0.010265619699296
    -0.009103060037750     0.005530460680476     0.005926858296787
     0.009950862374087    -0.005745133070348     0.001392332682719
33 40
    -0.006519785391229     0.297746829037652     0.069078861232735
     0.263744501008009    -0.330696955940733    -0.034243807348884
     0.004883423529934     0.076945952366491     0.397253689456273
33 41
     0.000670352473082     0.009331048093944     0.001833942391393
     0.009331048093944     0.011444918730803    -0.001058827133349
     0.001833942391393    -0.001058827133349     0.072022001169496
33 42
     0.000274806517232     0.000000000000000     0.000000000000000
     0.000000000000000     0.021297423170210    -0.011853716593574
     0.000000000000000     0.011490266140696     0.001392332682719
33 43
     0.000670352473082    -0.009331048093944    -0.001833942391393
    -0.009331048093944     0.011444918730803    -0.001058827133349
    -0.001833942391393    -0.001058827133349     0.072022001169496
33 44
     0.000274806517232     0.000000000000000     0.000000000000000
     0.000000000000000     0.021297423170210     0.011490266140696
     0.000000000000000    -0.011853716593574     0.001392332682719
33 45
    -0.006519785391229    -0.263744501008009    -0.004883423529934
    -0.297746829037652    -0.330696955940732     0.076945952366491
    -0.069078861232735    -0.034243807348884     0.397253689456273
33 46
    -0.006519785391229     0.263744501008009     0.004883423529934
     0.297746829037652    -0.330696955940733     0.076945952366491
     0.069078861232735    -0.034243807348884     0.397253689456273
33 47
     0.016041769006965    -0.009103060037750     0.009950862374087
    -0.009103060037750     0.005530460680476    -0.005745133070348
    -0.010265619699296     0.005926858296787     0.001392332682719
33 48
     0.016041769006965     0.009103060037750    -0.009950862374087
     0.009103060037750     0.005530460680476    -0.005745133070348
     0.010265619699296     0.005926858296787     0.001392332682719
33 49
     0.252998195073846     0.000000000000000     0.000000000000000
    -0.000000000000000     0.252998195073846     0.000000000000000
     0.000000000000000     0.000000000000000    -2.260297107259458
33 50
    -0.179592594494937    -0.145787437131017    -0.144253319511090
     0.142320509392427     0.178813398325452     0.098463706387668
    -0.158842850630633    -0.109970495691004    -0.005524690700431
33 51
    -0.014697177790437     0.000000000000000     0.000000000000000
    -0.000000000000000     0.015592786657637    -0.024033110296188
     0.000000000000000     0.025101096669692     0.009548370801915
33 52
    -0.179592594494937     0.145787437131017     0.144253319511090
    -0.142320509392427     0.178813398325453     0.098463706387668
     0.158842850630633    -0.109970495691004    -0.005524690700431
33 53
     0.087710676373003    -0.012007105998446     0.013145411326947
    -0.300115052521889    -0.088489872542488    -0.174158892470671
    -0.174658668250493    -0.082576696010163    -0.005524690700431
33 54
    -0.001340681289227     0.000970124548776    -0.004717805591373
     0.000970124548776    -0.002460884627994    -0.002723826328163
    -0.003109510534102    -0.001795276743912     0.033091193469868
33 55
    -0.001340681289227    -0.000970124548776     0.004717805591373
    -0.000970124548776    -0.002460884627994    -0.002723826328163
     0.003109510534102    -0.001795276743912     0.033091193469867
33 56
     0.087710676373003     0.012007105998446    -0.013145411326947
     0.300115052521889    -0.088489872542488    -0.174158892470671
     0.174658668250493    -0.082576696010163    -0.005524690700431
33 57
     0.008020295545618    -0.013115939345879    -0.020813284048453
    -0.013115939345879    -0.007124686678418     0.012016555148094
     0.021738187378802    -0.012550548334846     0.009548370801915
33 58
    -0.003020986297377     0.000000000000000     0.000000000000000
     0.000000000000000    -0.000780579619844     0.005447652656327
     0.000000000000000     0.003590553487824     0.033091193469868
33 59
     0.008020295545618     0.013115939345879     0.020813284048453
     0.013115939345879    -0.007124686678418     0.012016555148094
    -0.021738187378802    -0.012550548334846     0.009548370801915
33 60
    -0.009569889093580     0.000000000000000     0.000000000000000
    -0.000000000000000     0.003084911839245    -0.006495956310123
     0.000000000000000    -0.001048053954077     0.033891515418662
33 61
     0.090713123867707    -0.298381588652594     0.157398730838037
    -0.010273642129151    -0.091492320037192     0.075695186083003
    -0.015815817619860     0.192547191701167    -0.005524690700431
33 62
     0.090713123867707     0.298381588652594    -0.157398730838037
     0.010273642129151    -0.091492320037192     0.075695186083003
     0.015815817619860     0.192547191701167    -0.005524690700431
33 63
    -0.000078788393961    -0.005479689543831    -0.005625663186440
    -0.005479689543831    -0.006406188860374     0.003247978155061
    -0.000907641348767     0.000524026977038     0.033891515418662
33 64
    -0.000078788393961     0.005479689543831     0.005625663186440
     0.005479689543831    -0.006406188860374     0.003247978155061
     0.000907641348767     0.000524026977038     0.033891515418662
33 65
    -0.000240604455552    -0.001886804445672    -0.001103596759795
    -0.001886804445672     0.001938089653682    -0.000637161886345
    -0.001775333240350    -0.001024989124217     0.009986928409784
33 66
     0.001422332871225    -0.000443859395556     0.001290882642876
     0.003223087866086    -0.000971118727178     0.000788390430925
     0.005688516324394     0.002400354577755     0.010613620511789
33 67
     0.001422332871225     0.000443859395556    -0.001290882642876
    -0.003223087866086    -0.000971118727178     0.000788390430925
    -0.005688516324394     0.002400354577755     0.010613620511789
33 68
    -0.000240604455552     0.001886804445672     0.001103596759795
     0.001886804445672     0.001938089653682    -0.000637161886345
     0.001775333240350    -0.001024989124217     0.009986928409784
33 69
     0.000830685401622     0.003564675691926     0.001328207462720
    -0.000102271569716    -0.000379471257576     0.000723741946573
     0.004923026204624     0.003726222357890     0.010613620511789
33 70
     0.003520178294317     0.000000000000000     0.000000000000000
    -0.000000000000000     0.003520178294317     0.000000000000000
     0.000000000000000     0.000000000000000     0.006717301123380
33 71
     0.000830685401622    -0.003564675691926    -0.001328207462720
     0.000102271569716    -0.000379471257576     0.000723741946573
    -0.004923026204624     0.003726222357890     0.010613620511789
33 72
     0.001229976787217     0.000000000000000     0.000000000000000
    -0.000000000000000     0.000241921719396     0.000373101697165
     0.000000000000000     0.001107303731409     0.007398349091351
33 73
    -0.001576197056777    -0.001491885804981     0.000037324819844
     0.002175061456661     0.002027411200824    -0.001512132377498
    -0.000765490119771    -0.006126576935646     0.010613620511789
33 74
    -0.001576197056777     0.001491885804981    -0.000037324819844
    -0.002175061456661     0.002027411200824    -0.001512132377498
     0.000765490119771    -0.006126576935646     0.010613620511789
33 75
     0.001555611387197    -0.000365028223193    -0.000638945594592
    -0.000365028223193     0.001977109673042    -0.000368895411035
    -0.001543112212207    -0.000890916251107     0.010279460087704
33 76
     0.001555611387197     0.000365028223193     0.000638945594592
     0.000365028223193     0.001977109673042    -0.000368895411035
     0.001543112212207    -0.000890916251107     0.010279460087704
33 77
     0.003027436708298     0.000000000000000     0.000000000000000
     0.000000000000000    -0.001329951510168     0.001274323772689
     0.000000000000000     0.002049978248434     0.009986928409784
33 78
     0.000488935486351     0.000427840394535     0.000323115547940
     0.000427840394535     0.000982963020262    -0.000186550848583
     0.000958953161106    -0.000553651865705     0.007398349091351
33 79
     0.002187858815964     0.000000000000000     0.000000000000000
     0.000000000000000     0.001344862244274     0.000737790822071
     0.000000000000000     0.001781832502215     0.010279460087704
33 80
     0.000488935486351    -0.000427840394535    -0.000323115547940
    -0.000427840394535     0.000982963020262    -0.000186550848583
    -0.000958953161106    -0.000553651865705     0.007398349091351
33 81
    -0.003647123693386    -0.000200156836808    -0.000554927921730
    -0.000200156836808    -0.003416002486163    -0.000320387784991
     0.000401258035772     0.000231666434967    -0.004659596382887
33 82
    -0.002881039688008    -0.000362878662417     0.000413237792006
     0.000303756866212    -0.004028350638835    -0.000216305684591
     0.000640412847129     0.000334428688671    -0.003904550647538
33 83
    -0.002881039688008     0.000362878662417    -0.000413237792006
    -0.000303756866212    -0.004028350638835    -0.000216305684591
    -0.000640412847129     0.000334428688671    -0.003904550647538
33 84
    -0.003647123693386     0.000200156836808     0.000554927921730
     0.000200156836808    -0.003416002486163    -0.000320387784991
    -0.000401258035772     0.000231666434967    -0.004659596382887
33 85
    -0.003767123389844     0.000815337529992     0.000019292678164
     0.000148702001362    -0.003142266936999     0.000466027267977
     0.000609830163708     0.000387399450188    -0.003904550647538
33 86
    -0.003294399894251     0.000000000000000     0.000000000000000
     0.000000000000000    -0.003294399894251     0.000000000000000
     0.000000000000000     0.000000000000000    -0.004512117055773
33 87
    -0.003767123389844    -0.000815337529992    -0.000019292678164
    -0.000148702001362    -0.003142266936999     0.000466027267977
    -0.000609830163708     0.000387399450188    -0.003904550647538
33 88
    -0.003583238703502    -0.000000000000000     0.000000000000000
     0.000000000000000    -0.003917577530446    -0.000517808580959
     0.000000000000000     0.000218858471260    -0.003639245922317
33 89
    -0.003715922412413     0.000178262899465    -0.000393945113842
     0.000844898428094    -0.003193467914430    -0.000249721583386
    -0.000030582683421    -0.000721828138860    -0.003904550647538
33 90
    -0.003715922412413    -0.000178262899465     0.000393945113842
    -0.000844898428094    -0.003193467914430    -0.000249721583386
     0.000030582683421    -0.000721828138860    -0.003904550647538
33 91
    -0.003452978543391    -0.000325250546814    -0.000153505768782
    -0.000325250546814    -0.003077411561877    -0.000088626596928
     0.000188961870084     0.000109097186559    -0.005033242691123
33 92
    -0.003452978543391     0.000325250546814     0.000153505768782
     0.000325250546814    -0.003077411561877    -0.000088626596928
    -0.000188961870084     0.000109097186559    -0.005033242691123
33 93
    -0.003300441882552     0.000000000000000     0.000000000000000
     0.000000000000000    -0.003762684296997     0.000640775569983
     0.000000000000000    -0.000463332869935    -0.004659596382887
33 94
    -0.003833992823710     0.000144772958802    -0.000448435385408
     0.000144772958802    -0.003666823410238     0.000258904290479
     0.000189536995944    -0.000109429235630    -0.003639245922317
33 95
    -0.002889628071119     0.000000000000000     0.000000000000000
     0.000000000000000    -0.003640762034149     0.000177253193857
     0.000000000000000    -0.000218194373119    -0.005033242691123
33 96
    -0.003833992823710    -0.000144772958802     0.000448435385408
    -0.000144772958802    -0.003666823410238     0.000258904290479
    -0.000189536995944    -0.000109429235630    -0.003639245922317
49 1
    -3.523997133876689    -1.098633336049140    -2.326855586111889
    -1.098633336049142    -2.255404629259354    -1.343410699007085
    -2.277317096042861    -1.314809638430484    -3.939760377595759
49 2
    -3.523997133876691     1.098633336049141     2.326855586111890
     1.098633336049141    -2.255404629259355    -1.343410699007085
     2.277317096042862    -1.314809638430483    -3.939760377595754
49 3
    -0.045954806215140     0.029220778100742     0.063175016727269
    -0.061263022281224    -0.000771686195915    -0.040291097759711
     0.043118032970507     0.006513774330674    -0.124692384527978
49 4
    -0.045954806215140    -0.029220778100742    -0.063175016727269
     0.061263022281224    -0.000771686195915    -0.040291097759711
    -0.043118032970507     0.006513774330674    -0.124692384527979
49 5
    -1.621108376950687     0.000000000000000     0.000000000000000
     0.000000000000000    -4.158293386185359     2.686821398014169
     0.000000000000000     2.629619276860967    -3.939760377595757
49 6
    -0.006075047283497    -0.194845246732628     0.206825618530280
    -0.194845246732628     0.218912864019306     0.119410826533768
    -0.023601142026667    -0.013626125702279    -0.184271365609356
49 7
     0.005319836049904     0.000000000000000     0.000000000000000
     0.000000000000000    -0.002953628321666    -0.007518347050579
     0.000000000000000    -0.031033434847034     0.022778237084554
49 8
    -0.006075047283497     0.194845246732628    -0.206825618530280
     0.194845246732628     0.218912864019306     0.119410826533768
     0.023601142026667    -0.013626125702279    -0.184271365609356
49 9
    -0.025942164928002    -0.072817326115549    -0.003305605842638
     0.017666474266418    -0.020784327483053     0.074856718250178
     0.027200110530136     0.034084424748337    -0.124692384527979
49 10
    -0.000885262228774     0.003582515161543    -0.006511079540269
     0.003582515161543     0.003251469957012     0.003759173525289
    -0.026875742944220     0.015516717423517     0.022778237084554
49 11
    -0.000885262228774    -0.003582515161543     0.006511079540269
    -0.003582515161543     0.003251469957012     0.003759173525289
     0.026875742944220     0.015516717423517     0.022778237084554
49 12
    -0.025942164928002     0.072817326115549     0.003305605842638
    -0.017666474266418    -0.020784327483053     0.074856718250178
    -0.027200110530136     0.034084424748337    -0.124692384527979
49 13
     0.001807232526560     0.033687596356659    -0.066480622569907
    -0.056796204025308    -0.048533724937614    -0.034565620490466
    -0.015917922440370    -0.040598199079011    -0.124692384527979
49 14
     0.331406819670708     0.000000000000000     0.000000000000000
    -0.000000000000000    -0.118569002934899    -0.238821653067536
     0.000000000000000     0.027252251404557    -0.184271365609356
49 15
     0.001807232526560    -0.033687596356659     0.066480622569907
     0.056796204025308    -0.048533724937614    -0.034565620490466
     0.015917922440370    -0.040598199079011    -0.124692384527979
49 16
     0.004953097976925    -0.000000000000000     0.000000000000000
     0.000000000000000     0.004953097976925     0.000000000000000
     0.000000000000000     0.000000000000000    -0.002209704917487
49 17
    -0.047051878722525     0.000000000000000     0.000000000000000
     0.000000000000000    -0.047051878722525     0.000000000000000
     0.000000000000000     0.000000000000000     0.141374263914016
49 18
    -0.008429813200177    -0.003567621911869    -0.027305609141779
    -0.019414147887270     0.001419478273722    -0.034254309778013
     0.000568396360250     0.042713359795152    -0.033367205054263
49 19
     0.000897147217439     0.000000000000000     0.000000000000000
    -0.000000000000000    -0.003049983472870     0.002467863837096
     0.000000000000000    -0.003466538400546     0.012010730314137
49 20
    -0.008429813200177     0.003567621911869     0.027305609141779
     0.019414147887270     0.001419478273722    -0.034254309778013
    -0.000568396360250     0.042713359795152    -0.033367205054263
49 21
    -0.010994242829743    -0.017933573750322    -0.043317907027751
    -0.002087047774922     0.003983907903288    -0.006520196293583
     0.037275052843711    -0.020864434210181    -0.033367205054263
49 22
     0.007191931980278     0.002228243699251     0.002021948174080
     0.002228243699251     0.004618977781113     0.001167372322593
     0.011843112651462     0.006837624277365     0.022307798558063
49 23
     0.007191931980278    -0.002228243699251    -0.002021948174080
    -0.002228243699251     0.004618977781113     0.001167372322593
    -0.011843112651462     0.006837624277365     0.022307798558063
49 24
    -0.010994242829743     0.017933573750322     0.043317907027751
     0.002087047774922     0.003983907903288    -0.006520196293583
    -0.037275052843711    -0.020864434210181    -0.033367205054263
49 25
    -0.002063200800292     0.001709157724932     0.002137232776006
     0.001709157724932    -0.000089635455138    -0.001233931918548
    -0.003002110318067     0.001733269200273     0.012010730314137
49 26
     0.003332500681530    -0.000000000000000     0.000000000000000
     0.000000000000000     0.008478409079860    -0.002334744645185
     0.000000000000000    -0.013675248554729     0.022307798558063
49 27
    -0.002063200800292    -0.001709157724932    -0.002137232776006
    -0.001709157724932    -0.000089635455138    -0.001233931918548
     0.003002110318067     0.001733269200273     0.012010730314137
49 28
     0.002982770624749     0.000000000000000     0.000000000000000
     0.000000000000000    -0.006567135134332    -0.008853667473578
     0.000000000000000    -0.015650317353192     0.017256866698963
49 29
     0.008908553640238     0.009403837124648    -0.016012297885972
    -0.006442688850753    -0.015918888566692     0.040774506071596
     0.036706656483461    -0.021848925584971    -0.033367205054263
49 30
     0.008908553640238    -0.009403837124648     0.016012297885972
     0.006442688850753    -0.015918888566692     0.040774506071596
    -0.036706656483461    -0.021848925584971    -0.033367205054263
49 31
    -0.004179658694562     0.004135230495556    -0.007667500948778
     0.004135230495556     0.000595294184979     0.004426833736789
    -0.013553572405152     0.007825158676596     0.017256866698963
49 32
    -0.004179658694562    -0.004135230495556     0.007667500948778
    -0.004135230495556     0.000595294184979     0.004426833736789
     0.013553572405152     0.007825158676596     0.017256866698963
49 33
     0.252998195073846    -0.000000000000000     0.000000000000000
     0.000000000000000     0.252998195073846     0.000000000000000
     0.000000000000000     0.000000000000000    -2.260297107259458
49 34
    -0.179592594494937    -0.142320509392427     0.158842850630633
     0.145787437131017     0.178813398325453    -0.109970495691004
     0.144253319511090     0.098463706387668    -0.005524690700431
49 35
    -0.014697177790437    -0.000000000000000     0.000000000000000
     0.000000000000000     0.015592786657637     0.025101096669692
     0.000000000000000    -0.024033110296188     0.009548370801915
49 36
    -0.179592594494937     0.142320509392427    -0.158842850630633
    -0.145787437131017     0.178813398325452    -0.109970495691004
    -0.144253319511090     0.098463706387668    -0.005524690700431
49 37
     0.090713123867707    -0.010273642129151    -0.015815817619860
    -0.298381588652594    -0.091492320037192     0.192547191701167
     0.157398730838037     0.075695186083003    -0.005524690700431
49 38
    -0.000078788393961     0.005479689543831     0.000907641348767
     0.005479689543831    -0.006406188860374     0.000524026977038
     0.005625663186440     0.003247978155061     0.033891515418662
49 39
    -0.000078788393961    -0.005479689543831    -0.000907641348767
    -0.005479689543831    -0.006406188860374     0.000524026977038
    -0.005625663186440     0.003247978155061     0.033891515418662
49 40
     0.090713123867707     0.010273642129151     0.015815817619860
     0.298381588652594    -0.091492320037192     0.192547191701167
    -0.157398730838037     0.075695186083003    -0.005524690700431
49 41
     0.008020295545618    -0.013115939345879     0.021738187378802
    -0.013115939345879    -0.007124686678418    -0.012550548334846
    -0.020813284048453     0.012016555148094     0.009548370801915
49 42
    -0.009569889093580    -0.000000000000000     0.000000000000000
     0.000000000000000     0.003084911839245    -0.001048053954077
     0.000000000000000    -0.006495956310123     0.033891515418662
49 43
     0.008020295545618     0.013115939345879    -0.021738187378802
     0.013115939345879    -0.007124686678418    -0.012550548334846
     0.020813284048453     0.012016555148094     0.009548370801915
49 44
    -0.003020986297377     0.000000000000000     0.000000000000000
     0.000000000000000    -0.000780579619844     0.003590553487824
     0.000000000000000     0.005447652656327     0.033091193469868
49 45
     0.087710676373003    -0.300115052521889    -0.174658668250493
    -0.012007105998446    -0.088489872542488    -0.082576696010163
     0.013145411326947    -0.174158892470671    -0.005524690700431
49 46
     0.087710676373003     0.300115052521889     0.174658668250493
     0.012007105998446    -0.088489872542488    -0.082576696010163
    -0.013145411326947    -0.174158892470671    -0.005524690700431
49 47
    -0.001340681289227    -0.000970124548776     0.003109510534102
    -0.000970124548776    -0.002460884627994    -0.001795276743912
     0.004717805591373    -0.002723826328163     0.033091193469867
49 48
    -0.001340681289227     0.000970124548776    -0.003109510534102
     0.000970124548776    -0.002460884627994    -0.001795276743912
    -0.004717805591373    -0.002723826328163     0.033091193469868
49 49
     9.710901109777469    -0.000000000000001     0.000000000000000
    -0.000000000000001     9.710901109777469     0.000000000000000
     0.000000000000000     0.000000000000000    13.338391326347510
49 50
    -0.576289462515114     0.002312137821961     0.061549429650177
    -0.002312137821961     0.163889443510587     0.039467799383409
    -0.061549429650177     0.039467799383409     0.354711510151612
49 51
     0.004930615041456    -0.000000000000000     0.000000000000000
    -0.000000000000000    -0.000458143197091     0.000800417596680
     0.000000000000000     0.000800417596680     0.052551499003136
49 52
    -0.576289462515114    -0.002312137821961    -0.061549429650177
     0.002312137821961     0.163889443510587     0.039467799383409
     0.061549429650177     0.039467799383409     0.354711510151612
49 53
    -0.021155282995839    -0.322819005803777     0.064954831722588
    -0.318194730159855    -0.391244736008689     0.033569469973792
     0.003405402072411    -0.073037269357201     0.354711510151612
49 54
     0.007373797933252     0.007481219722674    -0.004574576307878
     0.007481219722674    -0.001264770508253    -0.002641132862782
     0.012709796225133     0.007338004271926    -0.009697698237057
49 55
     0.007373797933252    -0.007481219722674     0.004574576307878
    -0.007481219722674    -0.001264770508253    -0.002641132862782
    -0.012709796225133     0.007338004271926    -0.009697698237057
49 56
    -0.021155282995839     0.322819005803777    -0.064954831722588
     0.318194730159855    -0.391244736008689     0.033569469973792
    -0.003405402072411    -0.073037269357201     0.354711510151612
49 57
     0.000889046362545     0.002333400764717     0.000693181972361
     0.002333400764717     0.003583425481819    -0.000400208798340
     0.000693181972361    -0.000400208798340     0.052551499003136
49 58
    -0.005584054729005     0.000000000000000     0.000000000000000
     0.000000000000000     0.011693082154005     0.005282265725564
     0.000000000000000    -0.014676008543852    -0.009697698237057
49 59
     0.000889046362545    -0.002333400764717    -0.000693181972361
    -0.002333400764717     0.003583425481819    -0.000400208798340
    -0.000693181972361    -0.000400208798340     0.052551499003136
49 60
    -0.005584054729005     0.000000000000000     0.000000000000000
     0.000000000000000     0.011693082154005    -0.014676008543852
     0.000000000000000     0.005282265725564    -0.009697698237057
49 61
    -0.021155282995839    -0.318194730159855     0.003405402072411
    -0.322819005803777    -0.391244736008689    -0.073037269357201
     0.064954831722588     0.033569469973792     0.354711510151612
49 62
    -0.021155282995839     0.318194730159855    -0.003405402072411
     0.322819005803777    -0.391244736008689    -0.073037269357201
    -0.064954831722588     0.033569469973792     0.354711510151612
49 63
     0.007373797933252    -0.007481219722674    -0.012709796225133
    -0.007481219722674    -0.001264770508253     0.007338004271926
     0.004574576307878    -0.002641132862782    -0.009697698237057
49 64
     0.007373797933252     0.007481219722674     0.012709796225133
     0.007481219722674    -0.001264770508253     0.007338004271926
    -0.004574576307878    -0.002641132862782    -0.009697698237057
49 65
    -0.105739537830750    -0.079490038125435    -0.201606456713246
    -0.079490038125435    -0.013952348011522    -0.116397542053759
    -0.186481031129726    -0.107664873521507    -0.189980864299086
49 66
     0.001048024728865    -0.003722277409480     0.002934397169565
     0.002528976012707     0.005036401589621    -0.006503511072432
     0.005754920164380     0.007216024514871    -0.009975230693679
49 67
     0.001048024728865     0.003722277409480    -0.002934397169565
    -0.002528976012707     0.005036401589621    -0.006503511072432
    -0.005754920164380     0.007216024514871    -0.009975230693679
49 68
    -0.105739537830750     0.079490038125435     0.201606456713246
     0.079490038125435    -0.013952348011522    -0.116397542053759
     0.186481031129727    -0.107664873521507    -0.189980864299086
49 69
     0.003522592712444     0.001100283521260    -0.004165007217737
    -0.005150969900927     0.002561833606043     0.005793018029853
     0.009126720626400     0.001375894801669    -0.009975230693679
49 70
     0.002942695289196     0.000000000000000     0.000000000000000
    -0.000000000000000     0.002942695289196     0.000000000000000
     0.000000000000000     0.000000000000000    -0.015702936801537
49 71
     0.003522592712444    -0.001100283521260     0.004165007217737
     0.005150969900927     0.002561833606043     0.005793018029853
    -0.009126720626400     0.001375894801669    -0.009975230693679
49 72
     0.001993346547389    -0.000000000000000     0.000000000000000
     0.000000000000000    -0.008736063212678    -0.007894456547185
     0.000000000000000    -0.015369760631179     0.000544531134108
49 73
     0.004556022036420    -0.004554319202540    -0.007099404387302
     0.001696934219646     0.001528404282066     0.000710493042579
     0.003371800462020    -0.008591919316540    -0.009975230693679
49 74
     0.004556022036420     0.004554319202540     0.007099404387302
    -0.001696934219646     0.001528404282066     0.000710493042579
    -0.003371800462020    -0.008591919316540    -0.009975230693679
49 75
     0.000478352593591    -0.002044975495434     0.001429505869620
    -0.002044975495434     0.002839686899141     0.000825325598633
    -0.001653302926881    -0.000954534889887    -0.011719078198378
49 76
     0.000478352593591     0.002044975495434    -0.001429505869620
     0.002044975495434     0.002839686899141     0.000825325598633
     0.001653302926881    -0.000954534889887    -0.011719078198378
49 77
     0.031941246898091     0.000000000000000     0.000000000000000
     0.000000000000000    -0.151633132740363     0.232795084107519
     0.000000000000000     0.215329747043013    -0.189980864299086
49 78
    -0.006053710772661     0.004645970709915    -0.006836799918934
     0.004645970709915    -0.000689005892628     0.003947228273592
    -0.013310603156687     0.007684880315589     0.000544531134108
49 79
     0.004020354051916     0.000000000000000     0.000000000000000
     0.000000000000000    -0.000702314559184    -0.001650651197266
     0.000000000000000     0.001909069779773    -0.011719078198378
49 80
    -0.006053710772661    -0.004645970709915     0.006836799918934
    -0.004645970709915    -0.000689005892628     0.003947228273592
     0.013310603156687     0.007684880315589     0.000544531134108
49 81
    -0.002697351066065     0.000533871719726     0.001715539582427
     0.000533871719726    -0.003313813028258     0.000990467239720
     0.006177118748701     0.003566361172379     0.007946245777254
49 82
    -0.000859474353610     0.000436796545727     0.001612374318294
     0.000264188250243    -0.004145193599291     0.004142366217044
    -0.003238933428233    -0.000076199554339     0.008350611443090
49 83
    -0.000859474353610    -0.000436796545727    -0.001612374318294
    -0.000264188250243    -0.004145193599291     0.004142366217044
     0.003238933428233    -0.000076199554339     0.008350611443090
49 84
    -0.002697351066065    -0.000533871719726    -0.001715539582427
    -0.000533871719726    -0.003313813028258     0.000990467239720
    -0.006177118748701     0.003566361172379     0.007946245777254
49 85
    -0.003020228467383     0.001511700219482     0.004393581534885
     0.001684308514966    -0.001984439485518    -0.000674825988469
    -0.001685457463931    -0.002766898852847     0.008350611443090
49 86
    -0.003558413582857     0.000000000000000     0.000000000000000
     0.000000000000000    -0.003558413582857     0.000000000000000
     0.000000000000000     0.000000000000000     0.004444289030728
49 87
    -0.003020228467383    -0.001511700219482    -0.004393581534885
    -0.001684308514966    -0.001984439485518    -0.000674825988469
     0.001685457463931    -0.002766898852847     0.008350611443090
49 88
     0.003815587807015    -0.000000000000000     0.000000000000000
     0.000000000000000    -0.001783675260158    -0.001556426491915
     0.000000000000000     0.007698800977924     0.015481943193197
49 89
    -0.003627299108359     0.001333816116982     0.002781207216591
     0.001161207821497    -0.001377368844542    -0.003467540228574
     0.001553475964302     0.002843098407186     0.008350611443090
49 90
    -0.003627299108359    -0.001333816116982    -0.002781207216591
    -0.001161207821497    -0.001377368844542    -0.003467540228574
    -0.001553475964302     0.002843098407186     0.008350611443090
49 91
    -0.002936536357348    -0.001162802765869     0.001349474713773
    -0.001162802765869    -0.001593847377570     0.000779119589261
     0.001562351495117     0.000902024056275     0.003379552714881
49 92
    -0.002936536357348     0.001162802765869    -0.001349474713773
     0.001162802765869    -0.001593847377570     0.000779119589261
    -0.001562351495117     0.000902024056275     0.003379552714881
49 93
    -0.003622044009355     0.000000000000000     0.000000000000000
     0.000000000000000    -0.002389120084969    -0.001980934479439
     0.000000000000000    -0.007132722344757     0.007946245777254
49 94
    -0.000383859493365     0.002424552029322    -0.001347904881121
     0.002424552029322     0.002415772040222     0.000778213245957
     0.006667357225562    -0.003849400488962     0.015481943193196
49 95
    -0.000922502887681     0.000000000000000     0.000000000000000
     0.000000000000000    -0.003607880847237    -0.001558239178523
     0.000000000000000    -0.001804048112549     0.003379552714881
49 96
    -0.000383859493365    -0.002424552029322     0.001347904881121
    -0.002424552029322     0.002415772040222     0.000778213245957
    -0.006667357225562    -0.003849400488962     0.015481943193197
65 1
    -0.003843078420294    -0.006989333555742    -0.052056248142215
    -0.006989333555742     0.004227508799433    -0.030054688877910
    -0.041369781178437    -0.023884854299686    -0.081884660901706
65 2
     0.001030463386317    -0.000000000000000     0.000000000000000
     0.000000000000000     0.010486364615096     0.044940918319291
     0.000000000000000     0.009145956961587     0.046093935573826
65 3
    -0.003843078420294     0.006989333555742     0.052056248142215
     0.006989333555742     0.004227508799433    -0.030054688877910
     0.041369781178437    -0.023884854299686    -0.081884660901706
65 4
    -0.015484320819167     0.000000000000000     0.000000000000000
    -0.000000000000000    -0.002946137407451    -0.014775436768042
     0.000000000000000     0.007500936689060     0.017577408113226
65 5
     0.008122389307901    -0.004094525339899     0.038919976933907
    -0.004094525339899     0.003394438693512    -0.022470459159645
     0.007920631070653    -0.004572978480793     0.046093935573826
65 6
     0.008122389307901     0.004094525339899    -0.038919976933907
     0.004094525339899     0.003394438693512    -0.022470459159645
    -0.007920631070653    -0.004572978480793     0.046093935573826
65 7
    -0.002001215039833    -0.001717006623722     0.005492330914037
    -0.001667001428173     0.004351196025630    -0.010971101072344
     0.002464463639204    -0.004252711735419     0.003479945068876
65 8
    -0.002001215039833     0.001717006623722    -0.005492330914037
     0.001667001428173     0.004351196025630    -0.010971101072344
    -0.002464463639204    -0.004252711735419     0.003479945068876
65 9
     0.008262802409297     0.000000000000000     0.000000000000000
     0.000000000000000    -0.007878372030157     0.060109377755820
     0.000000000000000     0.047769708599373    -0.081884660901706
65 10
     0.001297774789488    -0.003571674094186    -0.006755086779118
    -0.003621679289734     0.001052206196309     0.010242048633718
    -0.002450724578243     0.004260643985963     0.003479945068876
65 11
    -0.001522333434318     0.000000000000000     0.000000000000000
     0.000000000000000    -0.001522333434318     0.000000000000000
     0.000000000000000     0.000000000000000     0.004306763676598
65 12
     0.001297774789488     0.003571674094186     0.006755086779118
     0.003621679289734     0.001052206196309     0.010242048633718
     0.002450724578243     0.004260643985963     0.003479945068876
65 13
    -0.006080683260380    -0.005429192675928    -0.012795903593135
    -0.005429192675928    -0.012349774966238     0.007387718384021
     0.006496001724905    -0.003750468344530     0.017577408113226
65 14
     0.004228411729040    -0.001929675263786    -0.012247417693155
    -0.001879670068238    -0.001878430743243     0.000729052438625
    -0.004915188217447    -0.000007932250544     0.003479945068876
65 15
     0.004228411729040     0.001929675263786     0.012247417693155
     0.001879670068238    -0.001878430743243     0.000729052438625
     0.004915188217447    -0.000007932250544     0.003479945068876
65 16
    -0.006080683260380     0.005429192675928     0.012795903593135
     0.005429192675928    -0.012349774966238     0.007387718384021
    -0.006496001724905    -0.003750468344530     0.017577408113226
65 17
    -3.196243798224834    -1.485602735107864     2.637352497962283
    -1.485602735107866    -1.480817520178096     1.522676174646458
     2.874127363406481     1.659378206948003    -3.393892795295624
65 18
    -3.196243798224836     1.485602735107865    -2.637352497962284
     1.485602735107865    -1.480817520178096     1.522676174646457
    -2.874127363406482     1.659378206948002    -3.393892795295619
65 19
    -0.002047068828579     0.101349841909408    -0.089483676310477
    -0.131444827432609    -0.048694920424453    -0.011040910452199
     0.113346607475521     0.016758812017763    -0.004035075310484
65 20
    -0.002047068828579    -0.101349841909408     0.089483676310477
     0.131444827432609    -0.048694920424453    -0.011040910452199
    -0.113346607475521     0.016758812017763    -0.004035075310484
65 21
    -0.623104381154726     0.000000000000000     0.000000000000000
     0.000000000000000    -4.053956937248207    -3.045352349292914
     0.000000000000000    -3.318756413896005    -3.393892795295621
65 22
    -0.059188895032283    -0.215237156662625    -0.044253791297289
    -0.215237156662625     0.189345565645269    -0.025549938318151
    -0.161719053098101    -0.093368538839280    -0.117732995039539
65 23
     0.050441598358329     0.000000000000000     0.000000000000000
     0.000000000000000     0.008158420636280    -0.015680879312271
     0.000000000000000    -0.026669130682011    -0.015645810008407
65 24
    -0.059188895032283     0.215237156662625     0.044253791297289
     0.215237156662625     0.189345565645269    -0.025549938318151
     0.161719053098101    -0.093368538839280    -0.117732995039539
65 25
    -0.050064468520293    -0.103721968794812    -0.054303547087752
     0.129072700547205    -0.000677520732739    -0.071974681682797
     0.071186860682392     0.089781635497703    -0.004035075310484
65 26
     0.018729215066792     0.018309153030013    -0.013580039838105
     0.018309153030013     0.039870803927817     0.007840439656136
    -0.023096144667469     0.013334565341006    -0.015645810008407
65 27
     0.018729215066792    -0.018309153030013     0.013580039838105
    -0.018309153030013     0.039870803927817     0.007840439656136
     0.023096144667469     0.013334565341006    -0.015645810008407
65 28
    -0.050064468520293     0.103721968794812     0.054303547087752
    -0.129072700547205    -0.000677520732739    -0.071974681682797
    -0.071186860682392     0.089781635497703    -0.004035075310484
65 29
    -0.024001446530676     0.144120193308805     0.035180129222725
    -0.088674476033212    -0.026740542722356     0.083015592134996
    -0.042159746793129    -0.106540447515466    -0.004035075310484
65 30
     0.313612795984045     0.000000000000000     0.000000000000000
    -0.000000000000000    -0.183456125371059     0.051099876636303
     0.000000000000000     0.186737077678560    -0.117732995039539
65 31
    -0.024001446530676    -0.144120193308805    -0.035180129222725
     0.088674476033212    -0.026740542722356     0.083015592134996
     0.042159746793129    -0.106540447515466    -0.004035075310484
65 32
     0.019245576285397    -0.000000000000000     0.000000000000000
     0.000000000000000     0.019245576285397     0.000000000000000
     0.000000000000000     0.000000000000000    -0.054721925317774
65 33
    -0.000240604455552    -0.001886804445672    -0.001775333240350
    -0.001886804445672     0.001938089653682    -0.001024989124217
    -0.001103596759795    -0.000637161886345     0.009986928409784
65 34
    -0.000240604455552     0.001886804445672     0.001775333240350
     0.001886804445672     0.001938089653682    -0.001024989124217
     0.001103596759795    -0.000637161886345     0.009986928409784
65 35
     0.001422332871225    -0.003223087866086    -0.005688516324394
     0.000443859395556    -0.000971118727178     0.002400354577755
    -0.001290882642876     0.000788390430925     0.010613620511789
65 36
     0.001422332871225     0.003223087866086     0.005688516324394
    -0.000443859395556    -0.000971118727178     0.002400354577755
     0.001290882642876     0.000788390430925     0.010613620511789
65 37
     0.003027436708298     0.000000000000000     0.000000000000000
     0.000000000000000    -0.001329951510168     0.002049978248434
     0.000000000000000     0.001274323772689     0.009986928409784
65 38
     0.000488935486351    -0.000427840394535    -0.000958953161106
    -0.000427840394535     0.000982963020262    -0.000553651865705
    -0.000323115547940    -0.000186550848583     0.007398349091351
65 39
     0.002187858815964     0.000000000000000     0.000000000000000
     0.000000000000000     0.001344862244274     0.001781832502215
     0.000000000000000     0.000737790822071     0.010279460087704
65 40
     0.000488935486351     0.000427840394535     0.000958953161106
     0.000427840394535     0.000982963020262    -0.000553651865705
     0.000323115547940    -0.000186550848583     0.007398349091351
65 41
    -0.001576197056777     0.002175061456661    -0.000765490119771
    -0.001491885804981     0.002027411200824    -0.006126576935646
     0.000037324819844    -0.001512132377498     0.010613620511789
65 42
     0.001555611387197     0.000365028223193     0.001543112212207
     0.000365028223193     0.001977109673042    -0.000890916251107
     0.000638945594592    -0.000368895411035     0.010279460087704
65 43
     0.001555611387197    -0.000365028223193    -0.001543112212207
    -0.000365028223193     0.001977109673042    -0.000890916251107
    -0.000638945594592    -0.000368895411035     0.010279460087704
65 44
    -0.001576197056777    -0.002175061456661     0.000765490119771
     0.001491885804981     0.002027411200824    -0.006126576935646
    -0.000037324819844    -0.001512132377498     0.010613620511789
65 45
     0.000830685401622    -0.000102271569716     0.004923026204624
     0.003564675691926    -0.000379471257576     0.003726222357890
     0.001328207462720     0.000723741946573     0.010613620511789
65 46
     0.001229976787217    -0.000000000000000     0.000000000000000
     0.000000000000000     0.000241921719396     0.001107303731409
     0.000000000000000     0.000373101697165     0.007398349091351
65 47
     0.000830685401622     0.000102271569716    -0.004923026204624
    -0.003564675691926    -0.000379471257576     0.003726222357890
    -0.001328207462720     0.000723741946573     0.010613620511789
65 48
     0.003520178294317    -0.000000000000000     0.000000000000000
     0.000000000000000     0.003520178294317     0.000000000000000
     0.000000000000000     0.000000000000000     0.006717301123380
65 49
    -0.105739537830750    -0.079490038125435    -0.186481031129726
    -0.079490038125435    -0.013952348011522    -0.107664873521507
    -0.201606456713246    -0.116397542053759    -0.189980864299086
65 50
    -0.105739537830750     0.079490038125435     0.186481031129727
     0.079490038125435    -0.013952348011522    -0.107664873521507
     0.201606456713246    -0.116397542053759    -0.189980864299086
65 51
     0.001048024728865    -0.002528976012707    -0.005754920164380
     0.003722277409480     0.005036401589621     0.007216024514871
    -0.002934397169565    -0.006503511072432    -0.009975230693679
65 52
     0.001048024728865     0.002528976012707     0.005754920164380
    -0.003722277409480     0.005036401589621     0.007216024514871
     0.002934397169565    -0.006503511072432    -0.009975230693679
65 53
     0.031941246898091     0.000000000000000     0.000000000000000
     0.000000000000000    -0.151633132740363     0.215329747043013
     0.000000000000000     0.232795084107519    -0.189980864299086
65 54
    -0.006053710772661    -0.004645970709915     0.013310603156687
    -0.004645970709915    -0.000689005892628     0.007684880315589
     0.006836799918934     0.003947228273592     0.000544531134108
65 55
     0.004020354051916     0.000000000000000     0.000000000000000
     0.000000000000000    -0.000702314559184     0.001909069779773
     0.000000000000000    -0.001650651197266    -0.011719078198378
65 56
    -0.006053710772661     0.004645970709915    -0.013310603156687
     0.004645970709915    -0.000689005892628     0.007684880315589
    -0.006836799918934     0.003947228273592     0.000544531134108
65 57
     0.004556022036420     0.001696934219646     0.003371800462020
    -0.004554319202540     0.001528404282066    -0.008591919316540
    -0.007099404387302     0.000710493042579    -0.009975230693679
65 58
     0.000478352593591     0.002044975495434     0.001653302926881
     0.002044975495434     0.002839686899141    -0.000954534889887
    -0.001429505869620     0.000825325598633    -0.011719078198378
65 59
     0.000478352593591    -0.002044975495434    -0.001653302926881
    -0.002044975495434     0.002839686899141    -0.000954534889887
     0.001429505869620     0.000825325598633    -0.011719078198378
65 60
     0.004556022036420    -0.001696934219646    -0.003371800462020
     0.004554319202540     0.001528404282066    -0.008591919316540
     0.007099404387302     0.000710493042579    -0.009975230693679
65 61
     0.003522592712444    -0.005150969900927     0.009126720626400
     0.001100283521260     0.002561833606043     0.001375894801669
    -0.004165007217737     0.005793018029853    -0.009975230693679
65 62
     0.001993346547389     0.000000000000000     0.000000000000000
    -0.000000000000000    -0.008736063212678    -0.015369760631179
     0.000000000000000    -0.007894456547185     0.000544531134108
65 63
     0.003522592712444     0.005150969900927    -0.009126720626400
    -0.001100283521260     0.002561833606043     0.001375894801669
     0.004165007217737     0.005793018029853    -0.009975230693679
65 64
     0.002942695289196    -0.000000000000000     0.000000000000000
     0.000000000000000     0.002942695289196     0.000000000000000
     0.000000000000000     0.000000000000000    -0.015702936801537
65 65
    10.789889645467552    -0.000000000000001     0.000000000000000
    -0.000000000000001    10.789889645467554     0.000000000000000
     0.000000000000000     0.000000000000000    11.505865118879935
65 66
    -1.456391708278943    -0.031552074953865    -0.024943490244793
     0.031552074953865     0.133246151668312    -0.007362264935815
     0.024943490244793    -0.007362264935815     0.161049167180647
65 67
    -0.023179824719134     0.000000000000000     0.000000000000000
     0.000000000000000     0.014730064068876    -0.008629079971508
     0.000000000000000    -0.008629079971508     0.026203170127681
65 68
    -1.456391708278943     0.031552074953865     0.024943490244793
    -0.031552074953865     0.133246151668312    -0.007362264935815
    -0.024943490244793    -0.007362264935815     0.161049167180647
65 69
    -0.264163313318502    -0.656781309812062    -0.018847653586203
    -0.719885459719791    -1.058982243292129    -0.017920563743133
     0.006095836658590     0.025282828678947     0.161049167180647
65 70
    -0.018916830068677    -0.004896132150978     0.005539893982032
    -0.004896132150978    -0.013263263637967     0.003198459281808
     0.020929732237754     0.012083786541534     0.008201344459347
65 71
    -0.018916830068677     0.004896132150978    -0.005539893982032
     0.004896132150978    -0.013263263637967     0.003198459281808
    -0.020929732237754     0.012083786541534     0.008201344459347
65 72
    -0.264163313318502     0.656781309812062     0.018847653586203
     0.719885459719791    -1.058982243292129    -0.017920563743133
    -0.006095836658590     0.025282828678947     0.161049167180647
65 73
     0.005252591871873    -0.016415463372530    -0.007473002466614
    -0.016415463372530    -0.013702352522132     0.004314539985754
    -0.007473002466614     0.004314539985754     0.026203170127681
65 74
    -0.010436480422612     0.000000000000000     0.000000000000000
     0.000000000000000    -0.021743613284033    -0.006396918563616
     0.000000000000000    -0.024167573083068     0.008201344459347
65 75
     0.005252591871873     0.016415463372530     0.007473002466614
     0.016415463372530    -0.013702352522132     0.004314539985754
     0.007473002466614     0.004314539985754     0.026203170127681
65 76
    -0.010436480422612     0.000000000000000     0.000000000000000
     0.000000000000000    -0.021743613284033    -0.024167573083068
     0.000000000000000    -0.006396918563616     0.008201344459347
65 77
    -0.264163313318502    -0.719885459719791     0.006095836658590
    -0.656781309812062    -1.058982243292129     0.025282828678947
    -0.018847653586203    -0.017920563743133     0.161049167180647
65 78
    -0.264163313318502     0.719885459719791    -0.006095836658590
     0.656781309812062    -1.058982243292129     0.025282828678947
     0.018847653586203    -0.017920563743133     0.161049167180647
65 79
    -0.018916830068677     0.004896132150978    -0.020929732237754
     0.004896132150978    -0.013263263637967     0.012083786541534
    -0.005539893982032     0.003198459281808     0.008201344459347
65 80
    -0.018916830068677    -0.004896132150978     0.020929732237754
    -0.004896132150978    -0.013263263637967     0.012083786541534
     0.005539893982032     0.003198459281808     0.008201344459347
65 81
     0.337719789692539     0.000000000000000     0.000000000000000
    -0.000000000000000     0.337719789692539     0.000000000000000
     0.000000000000000     0.000000000000000    -0.701730455596131
65 82
    -0.036406584662832    -0.036242510461651    -0.162167734492190
     0.035192923742935     0.090790383211749     0.111212966840353
    -0.162450468289663    -0.101767663079259    -0.180742929804743
65 83
    -0.010390671233532     0.000000000000000     0.000000000000000
    -0.000000000000000     0.006364274445046     0.026771023121593
     0.000000000000000    -0.027864367718494     0.037184798877575
65 84
    -0.036406584662832     0.036242510461651     0.162167734492191
    -0.035192923742935     0.090790383211749     0.111212966840353
     0.162450468289663    -0.101767663079259    -0.180742929804743
65 85
     0.058536656862163    -0.019622582309256     0.015229387267887
    -0.091058016513842    -0.004152858313246    -0.196047861164584
    -0.169358615655246    -0.089802400855897    -0.180742929804743
65 86
    -0.048923320106761    -0.028061080884166     0.010914332965958
    -0.028061080884166    -0.016521174902311     0.006301393075921
     0.063312910040617     0.036553725655129     0.047258077096566
65 87
    -0.048923320106761     0.028061080884166    -0.010914332965958
     0.028061080884166    -0.016521174902311     0.006301393075921
    -0.063312910040617     0.036553725655129     0.047258077096566
65 88
     0.058536656862163     0.019622582309256    -0.015229387267887
     0.091058016513842    -0.004152858313246    -0.196047861164584
     0.169358615655246    -0.089802400855897    -0.180742929804743
65 89
     0.002175538025401    -0.007255104298338     0.023184386108600
    -0.007255104298338    -0.006201934813887    -0.013385511560796
    -0.024131250304607     0.013932183859247     0.037184798877575
65 90
    -0.000320102300086     0.000000000000000     0.000000000000000
     0.000000000000000    -0.065124392708985    -0.012602786151842
     0.000000000000000    -0.073107451310258     0.047258077096566
65 91
     0.002175538025401     0.007255104298338    -0.023184386108600
     0.007255104298338    -0.006201934813887    -0.013385511560796
     0.024131250304607     0.013932183859247     0.037184798877575
65 92
     0.000451227650067    -0.000000000000000     0.000000000000000
     0.000000000000000    -0.060216216894663     0.071214352879153
     0.000000000000000     0.006952653421794     0.049569907085911
65 93
     0.059445625624045    -0.090533223154484     0.177397121760078
    -0.019097788949898    -0.005061827075128     0.084834894324230
    -0.006908147365583     0.191570063935156    -0.180742929804743
65 94
     0.059445625624045     0.090533223154484    -0.177397121760078
     0.019097788949898    -0.005061827075128     0.084834894324230
     0.006908147365583     0.191570063935156    -0.180742929804743
65 95
    -0.045049355758481     0.026269774079210     0.061673438707416
     0.026269774079210    -0.014715633486116    -0.035607176439577
     0.006021174486983    -0.003476326710897     0.049569907085911
65 96
    -0.045049355758481    -0.026269774079210    -0.061673438707416
    -0.026269774079210    -0.014715633486116    -0.035607176439577
    -0.006021174486983    -0.003476326710897     0.049569907085911
81 1
    -0.003177363428683    -0.000600849175084    -0.000444881000667
    -0.000600849175084    -0.002483562562729    -0.000256852165493
     0.001223624918731     0.000706460176216    -0.001699739459089
81 2
    -0.003270943987432     0.000000000000000     0.000000000000000
    -0.000000000000000    -0.003074685674959    -0.000852471496558
     0.000000000000000     0.001305446160235    -0.001385523057967
81 3
    -0.003177363428683     0.000600849175084     0.000444881000667
     0.000600849175084    -0.002483562562729    -0.000256852165493
    -0.001223624918731     0.000706460176216    -0.001699739459089
81 4
    -0.003618538396280     0.000000000000000     0.000000000000000
    -0.000000000000000    -0.002811256637413    -0.001419051002541
     0.000000000000000     0.001332216567434     0.000660449984007
81 5
    -0.003123750253077    -0.000084982342153    -0.000738261972022
    -0.000084982342153    -0.003221879409314     0.000426235748279
     0.001130549538037    -0.000652723080118    -0.001385523057966
81 6
    -0.003123750253077     0.000084982342153     0.000738261972022
     0.000084982342153    -0.003221879409314     0.000426235748279
    -0.001130549538037    -0.000652723080118    -0.001385523057966
81 7
    -0.005379991598896     0.000432685303335    -0.002585639895882
    -0.000505363967407    -0.004554420577294     0.003547887445121
    -0.002711773538619    -0.001067038867420    -0.000932874969361
81 8
    -0.005379991598896    -0.000432685303335     0.002585639895882
     0.000505363967407    -0.004554420577294     0.003547887445121
     0.002711773538619    -0.001067038867420    -0.000932874969361
81 9
    -0.002136662129752     0.000000000000000     0.000000000000000
     0.000000000000000    -0.003524263861660     0.000513704330985
     0.000000000000000    -0.001412920352433    -0.001699739459089
81 10
    -0.004792284117394    -0.000844677040057     0.001779740709302
     0.000093372230685    -0.005142128058795    -0.004013173557433
    -0.002279969535320    -0.001814945340045    -0.000932874969361
81 11
    -0.003169362665283     0.000000000000000     0.000000000000000
     0.000000000000000    -0.003169362665283     0.000000000000000
     0.000000000000000     0.000000000000000     0.004821345804659
81 12
    -0.004792284117394     0.000844677040057    -0.001779740709302
    -0.000093372230685    -0.005142128058795    -0.004013173557433
     0.002279969535320    -0.001814945340045    -0.000932874969361
81 13
    -0.003013077077130    -0.000349563255595    -0.001228934217467
    -0.000349563255595    -0.003416717956563     0.000709525501271
     0.001153733390740    -0.000666108283717     0.000660449984007
81 14
    -0.004729342547994     0.000129711562721     0.004365380605183
    -0.000808337708020    -0.005205069628195     0.000465286112312
     0.000431804003299     0.002881984207464    -0.000932874969361
81 15
    -0.004729342547994    -0.000129711562721    -0.004365380605183
     0.000808337708020    -0.005205069628195     0.000465286112312
    -0.000431804003299     0.002881984207464    -0.000932874969361
81 16
    -0.003013077077130     0.000349563255595     0.001228934217467
     0.000349563255595    -0.003416717956563     0.000709525501271
    -0.001153733390740    -0.000666108283717     0.000660449984007
81 17
    -3.226529483300411    -1.485602577817846    -2.658699821824305
    -1.485602577817848    -1.511103386876542    -1.535001057824674
    -2.910897072671877    -1.680607208490404    -3.482008444814793
81 18
    -3.226529483300413     1.485602577817847     2.658699821824305
     1.485602577817846    -1.511103386876543    -1.535001057824673
     2.910897072671879    -1.680607208490403    -3.482008444814788
81 19
    -0.013864115516571     0.099412416114351     0.107197063352111
    -0.136009935882994    -0.061171126067177     0.021061849830843
    -0.113354336285886    -0.017861545018513     0.000991942053435
81 20
    -0.013864115516571    -0.099412416114351    -0.107197063352111
     0.136009935882994    -0.061171126067177     0.021061849830843
     0.113354336285886    -0.017861545018513     0.000991942053435
81 21
    -0.653390338664607     0.000000000000000     0.000000000000000
     0.000000000000000    -4.084242531512349     3.070002115649347
     0.000000000000000     3.361214416980806    -3.482008444814790
81 22
    -0.071115438973376    -0.224494716055534     0.023773338535629
    -0.224494716055534     0.188108730519247     0.013725543403081
     0.137279685403833     0.079258463322170    -0.152711238756274
81 23
     0.047011287527977     0.000000000000000     0.000000000000000
     0.000000000000000     0.007236689586019     0.011858404492044
     0.000000000000000     0.025368245560868    -0.017624452840184
81 24
    -0.071115438973376     0.224494716055534    -0.023773338535629
     0.224494716055534     0.188108730519247     0.013725543403081
    -0.137279685403833     0.079258463322170    -0.152711238756274
81 25
    -0.065191564347100    -0.106376019483871     0.071838628680259
     0.129046332513473    -0.009843677236649     0.082304455158596
    -0.072145719879815    -0.089236962343444     0.000991942053435
81 26
     0.017180339071508     0.017222906121524     0.010269679538462
     0.017222906121524     0.037067638042488    -0.005929202246022
     0.021969545105153    -0.012684122780434    -0.017624452840184
81 27
     0.017180339071508    -0.017222906121524    -0.010269679538462
    -0.017222906121524     0.037067638042488    -0.005929202246022
    -0.021969545105153    -0.012684122780434    -0.017624452840184
81 28
    -0.065191564347100     0.106376019483871    -0.071838628680259
    -0.129046332513473    -0.009843677236649     0.082304455158596
     0.072145719879815    -0.089236962343444     0.000991942053435
81 29
    -0.033497182511952     0.147345092397795    -0.035358434671852
    -0.088077259599550    -0.041538059071796    -0.103366304989440
     0.041208616406071     0.107098507361958     0.000991942053435
81 30
     0.317720815265558     0.000000000000000     0.000000000000000
    -0.000000000000000    -0.200727523719687    -0.027451086806163
     0.000000000000000    -0.158516926644340    -0.152711238756274
81 31
    -0.033497182511952    -0.147345092397795     0.035358434671852
     0.088077259599550    -0.041538059071797    -0.103366304989440
    -0.041208616406071     0.107098507361958     0.000991942053435
81 32
     0.022701345308510    -0.000000000000000     0.000000000000000
     0.000000000000000     0.022701345308510     0.000000000000000
     0.000000000000000     0.000000000000000    -0.049664067547560
81 33
    -0.003647123693386    -0.000200156836808     0.000401258035772
    -0.000200156836808    -0.003416002486163     0.000231666434967
    -0.000554927921730    -0.000320387784991    -0.004659596382887
81 34
    -0.003647123693386     0.000200156836808    -0.000401258035772
     0.000200156836808    -0.003416002486163     0.000231666434967
     0.000554927921730    -0.000320387784991    -0.004659596382887
81 35
    -0.002881039688008    -0.000303756866212    -0.000640412847129
     0.000362878662417    -0.004028350638835     0.000334428688671
    -0.000413237792006    -0.000216305684591    -0.003904550647538
81 36
    -0.002881039688008     0.000303756866212     0.000640412847129
    -0.000362878662417    -0.004028350638835     0.000334428688671
     0.000413237792006    -0.000216305684591    -0.003904550647538
81 37
    -0.003300441882552     0.000000000000000     0.000000000000000
     0.000000000000000    -0.003762684296997    -0.000463332869935
     0.000000000000000     0.000640775569983    -0.004659596382887
81 38
    -0.003833992823710    -0.000144772958802    -0.000189536995944
    -0.000144772958802    -0.003666823410238    -0.000109429235630
     0.000448435385408     0.000258904290479    -0.003639245922317
81 39
    -0.002889628071119     0.000000000000000     0.000000000000000
     0.000000000000000    -0.003640762034149    -0.000218194373119
     0.000000000000000     0.000177253193857    -0.005033242691123
81 40
    -0.003833992823710     0.000144772958802     0.000189536995944
     0.000144772958802    -0.003666823410238    -0.000109429235630
    -0.000448435385408     0.000258904290479    -0.003639245922317
81 41
    -0.003715922412413     0.000844898428094    -0.000030582683421
     0.000178262899465    -0.003193467914430    -0.000721828138860
    -0.000393945113842    -0.000249721583386    -0.003904550647538
81 42
    -0.003452978543391     0.000325250546814    -0.000188961870084
     0.000325250546814    -0.003077411561877     0.000109097186559
     0.000153505768782    -0.000088626596928    -0.005033242691123
81 43
    -0.003452978543391    -0.000325250546814     0.000188961870084
    -0.000325250546814    -0.003077411561877     0.000109097186559
    -0.000153505768782    -0.000088626596928    -0.005033242691123
81 44
    -0.003715922412413    -0.000844898428094     0.000030582683421
    -0.000178262899465    -0.003193467914430    -0.000721828138860
     0.000393945113842    -0.000249721583386    -0.003904550647538
81 45
    -0.003767123389844     0.000148702001362     0.000609830163708
     0.000815337529992    -0.003142266936999     0.000387399450188
     0.000019292678164     0.000466027267977    -0.003904550647538
81 46
    -0.003583238703502     0.000000000000000     0.000000000000000
    -0.000000000000000    -0.003917577530446     0.000218858471260
     0.000000000000000    -0.000517808580959    -0.003639245922317
81 47
    -0.003767123389844    -0.000148702001362    -0.000609830163708
    -0.000815337529992    -0.003142266936999     0.000387399450188
    -0.000019292678164     0.000466027267977    -0.003904550647538
81 48
    -0.003294399894251     0.000000000000000     0.000000000000000
     0.000000000000000    -0.003294399894251     0.000000000000000
     0.000000000000000     0.000000000000000    -0.004512117055773
81 49
    -0.002697351066065     0.000533871719726     0.006177118748701
     0.000533871719726    -0.003313813028258     0.003566361172379
     0.001715539582427     0.000990467239720     0.007946245777254
81 50
    -0.002697351066065    -0.000533871719726    -0.006177118748701
    -0.000533871719726    -0.003313813028258     0.003566361172379
    -0.001715539582427     0.000990467239720     0.007946245777254
81 51
    -0.000859474353610    -0.000264188250243     0.003238933428233
    -0.000436796545727    -0.004145193599291    -0.000076199554339
    -0.001612374318294     0.004142366217044     0.008350611443090
81 52
    -0.000859474353610     0.000264188250243    -0.003238933428233
     0.000436796545727    -0.004145193599291    -0.000076199554339
     0.001612374318294     0.004142366217044     0.008350611443090
81 53
    -0.003622044009355     0.000000000000000     0.000000000000000
     0.000000000000000    -0.002389120084969    -0.007132722344757
     0.000000000000000    -0.001980934479439     0.007946245777254
81 54
    -0.000383859493365    -0.002424552029322    -0.006667357225562
    -0.002424552029322     0.002415772040222    -0.003849400488962
     0.001347904881121     0.000778213245957     0.015481943193197
81 55
    -0.000922502887681     0.000000000000000     0.000000000000000
     0.000000000000000    -0.003607880847237    -0.001804048112549
     0.000000000000000    -0.001558239178523     0.003379552714881
81 56
    -0.000383859493365     0.002424552029322     0.006667357225562
     0.002424552029322     0.002415772040222    -0.003849400488962
    -0.001347904881121     0.000778213245957     0.015481943193196
81 57
    -0.003627299108359     0.001161207821497     0.001553475964302
     0.001333816116982    -0.001377368844542     0.002843098407186
     0.002781207216591    -0.003467540228574     0.008350611443090
81 58
    -0.002936536357348     0.001162802765869    -0.001562351495117
     0.001162802765869    -0.001593847377570     0.000902024056275
    -0.001349474713773     0.000779119589261     0.003379552714881
81 59
    -0.002936536357348    -0.001162802765869     0.001562351495117
    -0.001162802765869    -0.001593847377570     0.000902024056275
     0.001349474713773     0.000779119589261     0.003379552714881
81 60
    -0.003627299108359    -0.001161207821497    -0.001553475964302
    -0.001333816116982    -0.001377368844542     0.002843098407186
    -0.002781207216591    -0.003467540228574     0.008350611443090
81 61
    -0.003020228467383     0.001684308514966    -0.001685457463931
     0.001511700219482    -0.001984439485518    -0.002766898852847
     0.004393581534885    -0.000674825988469     0.008350611443090
81 62
     0.003815587807015     0.000000000000000     0.000000000000000
    -0.000000000000000    -0.001783675260158     0.007698800977924
     0.000000000000000    -0.001556426491915     0.015481943193197
81 63
    -0.003020228467383    -0.001684308514966     0.001685457463931
    -0.001511700219482    -0.001984439485518    -0.002766898852847
    -0.004393581534885    -0.000674825988469     0.008350611443090
81 64
    -0.003558413582857     0.000000000000000     0.000000000000000
     0.000000000000000    -0.003558413582857     0.000000000000000
     0.000000000000000     0.000000000000000     0.004444289030728
81 65
     0.337719789692539    -0.000000000000000     0.000000000000000
     0.000000000000000     0.337719789692539     0.000000000000000
     0.000000000000000     0.000000000000000    -0.701730455596131
81 66
    -0.036406584662832    -0.035192923742935     0.162450468289663
     0.036242510461651     0.090790383211749    -0.101767663079259
     0.162167734492191     0.111212966840353    -0.180742929804743
81 67
    -0.010390671233532    -0.000000000000000     0.000000000000000
     0.000000000000000     0.006364274445046    -0.027864367718494
     0.000000000000000     0.026771023121593     0.037184798877575
81 68
    -0.036406584662832     0.035192923742935    -0.162450468289663
    -0.036242510461651     0.090790383211749    -0.101767663079259
    -0.162167734492190     0.111212966840353    -0.180742929804743
81 69
     0.059445625624045    -0.019097788949898    -0.006908147365583
    -0.090533223154484    -0.005061827075128     0.191570063935156
     0.177397121760078     0.084834894324230    -0.180742929804743
81 70
    -0.045049355758481    -0.026269774079210    -0.006021174486983
    -0.026269774079210    -0.014715633486116    -0.003476326710897
    -0.061673438707416    -0.035607176439577     0.049569907085911
81 71
    -0.045049355758481     0.026269774079210     0.006021174486983
     0.026269774079210    -0.014715633486116    -0.003476326710897
     0.061673438707416    -0.035607176439577     0.049569907085911
81 72
     0.059445625624045     0.019097788949898     0.006908147365583
     0.090533223154484    -0.005061827075128     0.191570063935156
    -0.177397121760078     0.084834894324230    -0.180742929804743
81 73
     0.002175538025401    -0.007255104298338    -0.024131250304607
    -0.007255104298338    -0.006201934813887     0.013932183859247
     0.023184386108600    -0.013385511560796     0.037184798877575
81 74
     0.000451227650067     0.000000000000000     0.000000000000000
    -0.000000000000000    -0.060216216894663     0.006952653421794
     0.000000000000000     0.071214352879153     0.049569907085911
81 75
     0.002175538025401     0.007255104298338     0.024131250304607
     0.007255104298338    -0.006201934813887     0.013932183859247
    -0.023184386108600    -0.013385511560796     0.037184798877575
81 76
    -0.000320102300086     0.000000000000000     0.000000000000000
     0.000000000000000    -0.065124392708985    -0.073107451310258
     0.000000000000000    -0.012602786151842     0.047258077096566
81 77
     0.058536656862163    -0.091058016513842    -0.169358615655246
    -0.019622582309256    -0.004152858313246    -0.089802400855897
     0.015229387267887    -0.196047861164584    -0.180742929804743
81 78
     0.058536656862163     0.091058016513842     0.169358615655246
     0.019622582309256    -0.004152858313246    -0.089802400855897
    -0.015229387267887    -0.196047861164584    -0.180742929804743
81 79
    -0.048923320106761     0.028061080884166    -0.063312910040617
     0.028061080884166    -0.016521174902311     0.036553725655129
    -0.010914332965958     0.006301393075921     0.047258077096566
81 80
    -0.048923320106761    -0.028061080884166     0.063312910040617
    -0.028061080884166    -0.016521174902311     0.036553725655129
     0.010914332965958     0.006301393075921     0.047258077096566
81 81
    11.082391305181703    -0.000000000000001     0.000000000000000
    -0.000000000000001    11.082391305181703     0.000000000000000
     0.000000000000000     0.000000000000000    11.164040814063169
81 82
    -1.437860800571253     0.000407723085403     0.057719059084569
    -0.000407723085403     0.117497931990613    -0.002951492722235
    -0.057719059084569    -0.002951492722235     0.173144919238499
81 83
    -0.052055583710841     0.000000000000000     0.000000000000000
     0.000000000000000     0.001432032874279     0.006540529976038
     0.000000000000000     0.006540529976038     0.026514781730962
81 84
    -1.437860800571253    -0.000407723085403    -0.057719059084569
     0.000407723085403     0.117497931990613    -0.002951492722235
     0.057719059084569    -0.002951492722235     0.173144919238499
81 85
    -0.271341751149854    -0.673897810283675     0.026303461865744
    -0.673082364112869    -1.049021117430786     0.051461917810889
    -0.031415597218825    -0.048510425088654     0.173144919238499
81 86
    -0.031420049103821    -0.010321696242170    -0.006100876441257
    -0.010321696242170    -0.019501580896000    -0.003522342655653
    -0.027439642469372    -0.015842284966159     0.007242444968910
81 87
    -0.031420049103821     0.010321696242170     0.006100876441257
     0.010321696242170    -0.019501580896000    -0.003522342655653
     0.027439642469372    -0.015842284966159     0.007242444968910
81 88
    -0.271341751149854     0.673897810283675    -0.026303461865744
     0.673082364112868    -1.049021117430787     0.051461917810889
     0.031415597218825    -0.048510425088654     0.173144919238499
81 89
    -0.011939871272001    -0.023160817375298     0.005664265113463
    -0.023160817375298    -0.038683679564561    -0.003270264988019
     0.005664265113463    -0.003270264988019     0.026514781730962
81 90
    -0.013542346792090     0.000000000000000     0.000000000000000
     0.000000000000000    -0.037379283207731     0.007044685311305
     0.000000000000000     0.031684569932318     0.007242444968910
81 91
    -0.011939871272001     0.023160817375298    -0.005664265113463
     0.023160817375298    -0.038683679564561    -0.003270264988019
    -0.005664265113463    -0.003270264988019     0.026514781730962
81 92
    -0.013542346792090     0.000000000000000     0.000000000000000
     0.000000000000000    -0.037379283207731     0.031684569932318
     0.000000000000000     0.007044685311305     0.007242444968910
81 93
    -0.271341751149854    -0.673082364112869    -0.031415597218825
    -0.673897810283675    -1.049021117430786    -0.048510425088654
     0.026303461865744     0.051461917810889     0.173144919238499
81 94
    -0.271341751149854     0.673082364112868     0.031415597218825
     0.673897810283675    -1.049021117430787    -0.048510425088654
    -0.026303461865744     0.051461917810889     0.173144919238499
81 95
    -0.031420049103821     0.010321696242170     0.027439642469372
     0.010321696242170    -0.019501580896000    -0.015842284966159
     0.006100876441257    -0.003522342655653     0.007242444968910
81 96
    -0.031420049103821    -0.010321696242170    -0.027439642469372
    -0.010321696242170    -0.019501580896000    -0.015842284966159
    -0.006100876441257    -0.003522342655653     0.007242444968910