200  
16   

1    
  0.0068612321144663   0.0000000000000000   0.0072748535292070
  -0.0517894400    0.0004534000   -0.1046502400
   0.0042143800   -0.0002436900   -0.0180958000
   0.0004855000    0.0000514000   -0.0174096600
   0.0008193400    0.0006196000   -0.0177245400
   0.0060985100    0.0037861800   -0.0198842000
   0.0002733800    0.0037299100   -0.0170889600
   0.0003251900    0.0000910500   -0.0172150400
   0.0003031100   -0.0000593500   -0.0172611000
   0.0007465200   -0.0003424900   -0.0175879700
  -0.0018475300   -0.0071615200   -0.0208824700
  -0.0001274500    0.0005370600   -0.0172118600
   0.0001215500    0.0001008600   -0.0172230500
   0.0002170300   -0.0000536700   -0.0172992700
  -0.0005485600   -0.0011735800   -0.0179218900
   0.0001617100   -0.0002309100   -0.0174006200
   0.0000403300    0.0002590600   -0.0173693500
   0.0001604400    0.0002396300   -0.0174015100
  -0.0007154900   -0.0003170200   -0.0177645300
   0.0001294100   -0.0001044400   -0.0172160400
   0.0002100400    0.0000498400   -0.0173059800
   0.0012347100    0.0013541900   -0.0179842700
  -0.0028075500   -0.0014795500   -0.0199893900
   0.0003385200   -0.0001058600   -0.0172030000
   0.0003031600    0.0000426700   -0.0172611700
   0.0007329200    0.0003259000   -0.0175990500
   0.0017352400   -0.0000082500    0.0341634200
   0.0005487300   -0.0003316200   -0.0188361400
   0.0004132400   -0.0001953300   -0.0198330600
   0.0001157200   -0.0001928100   -0.0200560900
  -0.0026403200   -0.0011865800   -0.0217650100
  -0.0000688400    0.0008522100   -0.0189624400
   0.0002632400    0.0002392500   -0.0197795800
   0.0002007500    0.0000173000   -0.0198282700
  -0.0000762300   -0.0000509600   -0.0201226300
  -0.0003577100    0.0026568600   -0.0216423800
  -0.0000414000    0.0003467400   -0.0197501100
   0.0000652800    0.0000742400   -0.0197934700
   0.0000284000   -0.0001034900   -0.0198629100
   0.0001381900    0.0000921500   -0.0201386900
  -0.0001486900    0.0002516900   -0.0199473600
  -0.0001908000    0.0000852000   -0.0198616800
  -0.0001579300   -0.0001996300   -0.0199509700
   0.0002855500   -0.0001605200   -0.0200271200
   0.0000976300   -0.0000632300   -0.0198111000
   0.0000062700    0.0001082000   -0.0198488000
  -0.0016697900   -0.0010646200   -0.0204294700
   0.0012332000   -0.0009523300   -0.0201804700
   0.0003188900   -0.0002743000   -0.0198065600
   0.0002004700   -0.0000569100   -0.0198300200
  -0.0001233000    0.0000104300   -0.0200882000
   0.0000162300   -0.0000066200    0.0181264300
  -0.0000267300    0.0000271300    0.0180346500
   0.0000549700   -0.0000121100    0.0181488500
  -0.0000251100   -0.0000379500    0.0182291600
  -0.0000086100    0.0000127700    0.0182193400
  -0.0000004100   -0.0000330800    0.0180412000
   0.0000328900    0.0000140900    0.0181298200
   0.0000221800   -0.0000162100    0.0181751600
   0.0000027400    0.0000247500    0.0182226300
  -0.0000332400    0.0000303000    0.0181843900
   0.0000047000    0.0000249700    0.0181307000
   0.0000011800   -0.0000102700    0.0181525200
   0.0000185100   -0.0000251800    0.0181669200
   0.0000020400   -0.0000119800    0.0181628400
  -0.0000045300    0.0000210800    0.0181363900
  -0.0000162500    0.0000044500    0.0181385500
  -0.0000146900   -0.0000099500    0.0181253700
   0.0000209100   -0.0000283500    0.0181409100
   0.0000268200   -0.0000041300    0.0181458500
   0.0000026800    0.0000172000    0.0181582400
   0.0000206100   -0.0000184400    0.0181730100
  -0.0000083300   -0.0000185500    0.0181285700
   0.0000452400   -0.0000194600    0.0181278600
   0.0000334500   -0.0000030700    0.0181715300
  -0.0000680000   -0.0000241800    0.0182404100
  -0.0002892600    0.0000057400    0.0180658800
   0.0002098800   -0.0001324000    0.0182860300
   0.0001254500   -0.0000066500    0.0182408500
   0.0001537800    0.0000507300    0.0182399000
  -0.0001532200   -0.0000933800    0.0183833300
  -0.0000603200    0.0002580900    0.0182716500
   0.0000676400    0.0000231600    0.0182386000
   0.0000709500   -0.0000332300    0.0182349000
  -0.0000250400   -0.0001811300    0.0182543000
  -0.0000472800   -0.0000949000    0.0182331000
  -0.0000077100    0.0000727400    0.0182321900
   0.0000205100   -0.0000021900    0.0182367400
  -0.0000035300   -0.0000784700    0.0182496400
   0.0000003800   -0.0000722400    0.0182448800
   0.0000110400    0.0000478900    0.0182400500
  -0.0000869500    0.0000289300    0.0182485700
   0.0000041800   -0.0000489200    0.0182774700
   0.0000200700   -0.0000471300    0.0182425100
   0.0000550200   -0.0000040500    0.0182387000
   0.0000394900    0.0000379400    0.0182426000
  -0.0003070500    0.0000745900    0.0182248700
  -0.0000213400   -0.0000189400    0.0182376900
   0.0001021400   -0.0000249800    0.0182399000
   0.0001109200    0.0000341400    0.0182449500
   0.0001362500    0.0001018700    0.0182285100
   0.0029044500   -0.0006115200   -0.0205777800
  -0.0001313600   -0.0002518200   -0.0211162600
  -0.0006112500   -0.0001037500   -0.0212455500
  -0.0017056900   -0.0003650000   -0.0205566600
   0.0342121800   -0.0174026900    0.0105713200
  -0.0002599900   -0.0005514700   -0.0214479000
  -0.0002787600   -0.0000880900   -0.0214175500
  -0.0003200900    0.0001037200   -0.0213120400
  -0.0005206400    0.0022091300   -0.0202275300
   0.0008947300    0.0002804000   -0.0209142700
  -0.0001304000   -0.0002820800   -0.0214169400
  -0.0001332400   -0.0000282600   -0.0213648900
   0.0000421800    0.0003731100   -0.0210744600
   0.0001529300    0.0001071400   -0.0213702100
   0.0001365600    0.0000512200   -0.0213090100
  -0.0001645700   -0.0002733000   -0.0211678900
   0.0011487800   -0.0007951800   -0.0205070800
  -0.0000316500    0.0002207900   -0.0214143300
  -0.0000456200   -0.0000041600   -0.0214101400
  -0.0001845500   -0.0002984500   -0.0212648200
   0.0040159400    0.0183617300   -0.0048026400
  -0.0000490800    0.0005415200   -0.0212906500
  -0.0001622400    0.0000499300   -0.0213836800
  -0.0002990000   -0.0001559700   -0.0212951400
  -0.0005490700   -0.0008366300   -0.0205371200
  -0.0010482700   -0.0004941400   -0.0141421500
  -0.0006947100   -0.0001668100   -0.0146052300
  -0.0002438900    0.0000386900   -0.0142355400
  -0.0000245500    0.0003154600   -0.0135465100
   0.0046781200   -0.0028169000   -0.0177315500
  -0.0003498300   -0.0004633800   -0.0145882300
  -0.0002185400   -0.0000958400   -0.0143292700
  -0.0001641400    0.0000559200   -0.0142162100
  -0.0001507500   -0.0002028800   -0.0135627400
   0.0008732000   -0.0003016400   -0.0139124000
  -0.0000362900   -0.0001242000   -0.0143230600
  -0.0000598400    0.0000270200   -0.0142726000
  -0.0001098500    0.0000733100   -0.0141481500
   0.0001211300    0.0000161400   -0.0141931900
   0.0001037300   -0.0001700400   -0.0143270800
   0.0002517400    0.0000956100   -0.0140581000
  -0.0002181300    0.0003957000   -0.0140912700
  -0.0000509700    0.0001805400   -0.0142663400
  -0.0000363700   -0.0000041400   -0.0143236700
   0.0000663600   -0.0001009500   -0.0142536200
  -0.0001966900    0.0033051600   -0.0159407800
  -0.0001240000    0.0005729400   -0.0143341000
  -0.0002097800    0.0000915900   -0.0143333700
  -0.0000750900   -0.0000419400   -0.0141865600
   0.0003888700   -0.0002824400   -0.0134893600
   0.0000318100    0.0000052200    0.0155280400
  -0.0000595800   -0.0000237500    0.0155603500
  -0.0000459800    0.0000073400    0.0154905700
   0.0000184300   -0.0000058300    0.0154840100
   0.0000718800   -0.0000116600    0.0155026500
  -0.0000352100   -0.0000318500    0.0155619000
  -0.0000374700   -0.0000042300    0.0155157700
  -0.0000214100    0.0000155900    0.0154888100
   0.0000404800    0.0000121200    0.0154789200
   0.0000752500   -0.0000272500    0.0155456200
  -0.0000065500   -0.0000134300    0.0155268500
  -0.0000064900    0.0000208100    0.0155238000
   0.0000047300    0.0000204000    0.0155115000
   0.0000191600   -0.0000058000    0.0155202200
   0.0000095500   -0.0000316500    0.0155283500
   0.0000156300   -0.0000121600    0.0155059300
   0.0000005900    0.0000179700    0.0155302000
  -0.0000110200    0.0000130700    0.0155273700
  -0.0000081400   -0.0000200800    0.0155130700
   0.0000236300   -0.0000531300    0.0154942600
   0.0000362700    0.0000165900    0.0155042500
  -0.0000072700    0.0000442100    0.0155638000
  -0.0000378200   -0.0000013300    0.0155200000
  -0.0000186000   -0.0000191900    0.0154608500
   0.0000489000   -0.0000173200    0.0155009900
  -0.0000513900   -0.0000521700    0.0208920400
  -0.0000833800   -0.0000041600    0.0207999900
  -0.0000755000    0.0000021400    0.0207599300
   0.0000121100    0.0000074100    0.0207545600
   0.0001451800    0.0000724100    0.0207331700
  -0.0000236000   -0.0000575400    0.0208031000
  -0.0000463000   -0.0000040600    0.0207795300
  -0.0000250300    0.0000393800    0.0207567700
   0.0000490100    0.0000351800    0.0207693000
   0.0000656300   -0.0000311000    0.0207719100
  -0.0000024600   -0.0000277200    0.0207830100
  -0.0000116900    0.0000227600    0.0207768200
   0.0000073500    0.0000326700    0.0207807000
   0.0000190100   -0.0000046400    0.0207808000
   0.0000053500   -0.0000399300    0.0207749500
   0.0000321800    0.0000322100    0.0208233500
   0.0000070100    0.0000330500    0.0207907800
  -0.0000198000    0.0000181400    0.0207864800
  -0.0000190900   -0.0000262700    0.0207751900
   0.0000043600   -0.0000622000    0.0207501400
   0.0001469200   -0.0000049400    0.0207617900
  -0.0000288900    0.0000372600    0.0207921800
  -0.0000565500   -0.0000053500    0.0207777800
  -0.0000479500   -0.0000374900    0.0207486900
   0.0000139800   -0.0000796000    0.0207041800

1    
 -0.0068612321144663   0.0000000000000000  -0.0072748535292070
   0.0527937700   -0.0003355900    0.0720464300
  -0.0042000900    0.0002374500   -0.0161656000
  -0.0004812600   -0.0000544300   -0.0168352500
  -0.0008158100   -0.0006228200   -0.0165200200
  -0.0061342600   -0.0038057800   -0.0143528500
  -0.0002677300   -0.0037465800   -0.0171659900
  -0.0003230300   -0.0000941800   -0.0170298800
  -0.0002995900    0.0000549300   -0.0169832700
  -0.0007443200    0.0003369500   -0.0166565900
   0.0018673300    0.0071887500   -0.0133439100
   0.0001341200   -0.0005438100   -0.0170337700
  -0.0001185000   -0.0001046200   -0.0170215700
  -0.0002142500    0.0000492000   -0.0169451000
   0.0005532900    0.0011720000   -0.0163210800
  -0.0001590100    0.0002301600   -0.0168423000
  -0.0000320800   -0.0002636700   -0.0168761800
  -0.0001602800   -0.0002429500   -0.0168432300
   0.0007207600    0.0003127400   -0.0164787600
  -0.0001253400    0.0001004300   -0.0170283600
  -0.0002067700   -0.0000536600   -0.0169378900
  -0.0012151000   -0.0013552000   -0.0162607000
   0.0028166900    0.0014904400   -0.0142514100
  -0.0003352700    0.0001018900   -0.0170418400
  -0.0002996700   -0.0000469900   -0.0169832700
  -0.0007326600   -0.0003312000   -0.0166435400
  -0.0019958600   -0.0000042100   -0.0725453900
  -0.0005469600    0.0003284100   -0.0205646300
  -0.0004089300    0.0001907600   -0.0195826900
  -0.0001132200    0.0001875900   -0.0193594100
   0.0026571800    0.0011863500   -0.0176449300
   0.0000738900   -0.0008590600   -0.0204485000
  -0.0002594500   -0.0002425100   -0.0196359500
  -0.0001975500   -0.0000214800   -0.0195869800
   0.0000795700    0.0000468400   -0.0192924000
   0.0003618200   -0.0026733300   -0.0177646600
   0.0000459300   -0.0003512100   -0.0196657900
  -0.0000618800   -0.0000784000   -0.0196216200
  -0.0000248400    0.0000996200   -0.0195521400
  -0.0001349300   -0.0000952100   -0.0192759200
   0.0001532800   -0.0002550200   -0.0194671700
   0.0001954400   -0.0000893300   -0.0195542100
   0.0001605600    0.0001959900   -0.0194640500
  -0.0002819100    0.0001562200   -0.0193875400
  -0.0000939900    0.0000593500   -0.0196038700
  -0.0000018600   -0.0001125100   -0.0195659300
   0.0016790500    0.0010644300   -0.0189912700
  -0.0012343000    0.0009504800   -0.0192270800
  -0.0003147700    0.0002698000   -0.0196085000
  -0.0001966900    0.0000529500   -0.0195849900
   0.0001274100   -0.0000152500   -0.0193258800
  -0.0000123800    0.0000024400    0.0181482700
   0.0000305400   -0.0000313100    0.0182401600
  -0.0000511100    0.0000079000    0.0181261100
   0.0000285100    0.0000336800    0.0180461100
   0.0000126500   -0.0000172700    0.0180549200
   0.0000042000    0.0000286900    0.0182336300
  -0.0000288300   -0.0000184100    0.0181450900
  -0.0000185000    0.0000119300    0.0180997900
   0.0000008900   -0.0000287000    0.0180527000
   0.0000371900   -0.0000349000    0.0180898000
  -0.0000007500   -0.0000292200    0.0181442500
   0.0000024800    0.0000057800    0.0181224500
  -0.0000148100    0.0000207200    0.0181078800
   0.0000018400    0.0000076600    0.0181119300
   0.0000084000   -0.0000254300    0.0181384000
   0.0000200100   -0.0000090900    0.0181367200
   0.0000187400    0.0000055400    0.0181497200
  -0.0000172500    0.0000241800    0.0181336900
  -0.0000229900   -0.0000002300    0.0181288700
   0.0000011100   -0.0000216000    0.0181165000
  -0.0000169200    0.0000142800    0.0181017000
   0.0000121600    0.0000142000    0.0181460300
  -0.0000414200    0.0000152200    0.0181471100
  -0.0000297700   -0.0000012100    0.0181033200
   0.0000722100    0.0000200400    0.0180336700
   0.0002943100   -0.0000107500    0.0183959300
  -0.0002058100    0.0001279900    0.0181761700
  -0.0001216200    0.0000024400    0.0182215700
  -0.0001492600   -0.0000542500    0.0182222200
   0.0001550800    0.0000898700    0.0180791700
   0.0000646600   -0.0002622400    0.0181906600
  -0.0000641000   -0.0000274200    0.0182238700
  -0.0000670700    0.0000287600    0.0182275200
   0.0000284700    0.0001757100    0.0182077100
   0.0000510300    0.0000923900    0.0182296200
   0.0000118300   -0.0000772900    0.0182303900
  -0.0000168600   -0.0000018900    0.0182257100
   0.0000070700    0.0000742100    0.0182129100
   0.0000034500    0.0000679600    0.0182176300
  -0.0000072000   -0.0000518900    0.0182224400
   0.0000916500   -0.0000331500    0.0182136500
  -0.0000012900    0.0000447200    0.0181847800
  -0.0000162200    0.0000429400    0.0182203000
  -0.0000511200   -0.0000001300    0.0182239700
  -0.0000357100   -0.0000421700    0.0182200000
   0.0003118600   -0.0000804400    0.0182378200
   0.0000257400    0.0000145300    0.0182249200
  -0.0000983100    0.0000206800    0.0182224900
  -0.0001071500   -0.0000385100    0.0182175400
  -0.0001342700   -0.0001071800    0.0182344300
  -0.0030729000    0.0005402200   -0.0223441800
   0.0001377900    0.0002457900   -0.0218805000
   0.0006152900    0.0000992500   -0.0217550000
   0.0017078400    0.0003610000   -0.0224455800
  -0.0356257000    0.0183257400   -0.0544166400
   0.0002662100    0.0005535000   -0.0215499400
   0.0002829800    0.0000836200   -0.0215826900
   0.0003247500   -0.0001081000   -0.0216886300
   0.0005248600   -0.0022190200   -0.0227785300
  -0.0008949600   -0.0002924700   -0.0220897700
   0.0001335100    0.0002776100   -0.0215828900
   0.0001379000    0.0000235800   -0.0216357000
  -0.0000387900   -0.0003779100   -0.0219274100
  -0.0001492200   -0.0001116000   -0.0216305100
  -0.0001335600   -0.0000565200   -0.0216923500
   0.0001645600    0.0002619700   -0.0218323100
  -0.0011471800    0.0007926400   -0.0224957900
   0.0000356900   -0.0002255500   -0.0215860100
   0.0000492300   -0.0000002600   -0.0215905200
   0.0001882400    0.0002951400   -0.0217367300
  -0.0039485400   -0.0184947800   -0.0381751000
   0.0000540500   -0.0005473600   -0.0217100400
   0.0001663300   -0.0000548900   -0.0216169200
   0.0003030500    0.0001514900   -0.0217055100
   0.0005531000    0.0008368700   -0.0224687500
   0.0010944500    0.0005171800   -0.0146201500
   0.0006970300    0.0001617000   -0.0142098200
   0.0002479400   -0.0000423800   -0.0145768100
   0.0000303800   -0.0003197800   -0.0152682300
  -0.0046903400    0.0028254800   -0.0110634600
   0.0003536700    0.0004591800   -0.0142249300
   0.0002227200    0.0000913300   -0.0144830700
   0.0001684000   -0.0000605800   -0.0145964700
   0.0001567900    0.0001973800   -0.0152524200
  -0.0008719400    0.0002955400   -0.0149036200
   0.0000402500    0.0001194700   -0.0144892600
   0.0000640600   -0.0000318900   -0.0145397400
   0.0001138700   -0.0000775900   -0.0146645500
  -0.0001171400   -0.0000205000   -0.0146199900
  -0.0001005600    0.0001657600   -0.0144856100
  -0.0002476900   -0.0001017100   -0.0147533300
   0.0002232300   -0.0003996200   -0.0147225200
   0.0000547500   -0.0001849300   -0.0145462500
   0.0000401200   -0.0000002400   -0.0144892000
  -0.0000632300    0.0000972200   -0.0145590800
   0.0002010500   -0.0033369000   -0.0128457800
   0.0001284300   -0.0005764500   -0.0144799600
   0.0002136000   -0.0000961500   -0.0144790900
   0.0000790100    0.0000373100   -0.0146261200
  -0.0003862900    0.0002814900   -0.0153260200
  -0.0000284900   -0.0000097400    0.0155411300
   0.0000630300    0.0000191400    0.0155090200
   0.0000494400   -0.0000115700    0.0155786900
  -0.0000146400    0.0000011600    0.0155855400
  -0.0000686500    0.0000070000    0.0155668500
   0.0000385700    0.0000272900    0.0155072800
   0.0000412500   -0.0000003500    0.0155533200
   0.0000247400   -0.0000202600    0.0155801900
  -0.0000368000   -0.0000165800    0.0155902900
  -0.0000720800    0.0000228800    0.0155236200
   0.0000102400    0.0000088800    0.0155419800
   0.0000099200   -0.0000252800    0.0155455100
  -0.0000011000   -0.0000246800    0.0155574500
  -0.0000157600    0.0000014700    0.0155489800
  -0.0000063800    0.0000271200    0.0155405000
  -0.0000120500    0.0000075000    0.0155631800
   0.0000033100   -0.0000224900    0.0155386200
   0.0000144800   -0.0000179000    0.0155417200
   0.0000115900    0.0000154500    0.0155561100
  -0.0000205000    0.0000490400    0.0155751000
  -0.0000326100   -0.0000209400    0.0155654300
   0.0000105200   -0.0000490000    0.0155055000
   0.0000412500   -0.0000033100    0.0155490200
   0.0000224200    0.0000142800    0.0156082900
  -0.0000455100    0.0000131700    0.0155682200
   0.0000537800    0.0000475100    0.0206939200
   0.0000869900   -0.0000002000    0.0207848300
   0.0000794800   -0.0000065600    0.0208247000
  -0.0000086300   -0.0000118200    0.0208300400
  -0.0001414900   -0.0000777000    0.0208529000
   0.0000270500    0.0000532400    0.0207817500
   0.0000499400   -0.0000001600    0.0208049900
   0.0000287800   -0.0000440200    0.0208277800
  -0.0000453000   -0.0000396700    0.0208160100
  -0.0000624200    0.0000263000    0.0208129100
   0.0000061400    0.0000229400    0.0208014600
   0.0000154400   -0.0000271400    0.0208079000
  -0.0000034400   -0.0000370300    0.0208041600
  -0.0000154700    0.0000003000    0.0208039000
  -0.0000018600    0.0000355400    0.0208101000
  -0.0000286000   -0.0000365400    0.0207620200
  -0.0000032000   -0.0000375900    0.0207939800
   0.0000235000   -0.0000228700    0.0207982900
   0.0000224500    0.0000215300    0.0208095900
  -0.0000008300    0.0000581000    0.0208347200
  -0.0001435300    0.0000011300    0.0208236000
   0.0000322600   -0.0000420200    0.0207925600
   0.0000601600    0.0000006100    0.0208071500
   0.0000519400    0.0000330300    0.0208360800
  -0.0000097300    0.0000761200    0.0208817400

26   
  0.0068612321144663   0.0000000000000000   0.0072748535292070
   0.0020083600   -0.0000032800    0.0357449700
  -0.0025981700    0.0011722900   -0.0192315700
   0.0001547900    0.0001675900   -0.0174997000
   0.0003904600    0.0001732300   -0.0172200200
   0.0005108500    0.0003252000   -0.0162213300
  -0.0003393100   -0.0026298200   -0.0190971500
  -0.0000437500    0.0000567000   -0.0175717700
   0.0002085100   -0.0000226000   -0.0172457400
   0.0002548800   -0.0002278900   -0.0171549700
  -0.0000825700   -0.0008096300   -0.0163520100
   0.0001433400   -0.0000593800   -0.0175851900
   0.0000398100    0.0000980700   -0.0172891700
   0.0000797100   -0.0000736900   -0.0172025000
  -0.0000333400   -0.0003138200   -0.0171349300
  -0.0001499200   -0.0002092600   -0.0173671900
   0.0002627700    0.0001415000   -0.0174452800
  -0.0001408300    0.0001734700   -0.0173634200
  -0.0001508400   -0.0001054300   -0.0172747300
   0.0000180000   -0.0001097000   -0.0172616400
   0.0000916200    0.0000683600   -0.0172266800
   0.0012188000    0.0009174100   -0.0175892800
  -0.0016305600    0.0010259700   -0.0178545200
  -0.0000810700   -0.0000392300   -0.0175274000
   0.0002088400    0.0000430500   -0.0172441000
   0.0002834100    0.0002505800   -0.0172068000
  -0.0553155800   -0.0004816900   -0.1069293100
   0.0062006500   -0.0038617000   -0.0224794400
   0.0009115400   -0.0006401400   -0.0203130100
   0.0005819300   -0.0000364500   -0.0200024000
   0.0042050400    0.0002694400   -0.0206100800
  -0.0019180400    0.0073192200   -0.0234842100
   0.0007989200    0.0003743900   -0.0201907800
   0.0003644900    0.0000560300   -0.0198573000
   0.0003668800   -0.0001237000   -0.0197870000
   0.0002080700   -0.0038095300   -0.0196139700
  -0.0005524100    0.0012437100   -0.0205133200
   0.0002417700    0.0000714900   -0.0199023200
   0.0001456700   -0.0001257200   -0.0198121800
  -0.0001306100   -0.0006182800   -0.0198025800
   0.0001501900    0.0002495900   -0.0199898900
  -0.0007176200    0.0003535200   -0.0203579500
   0.0001514200   -0.0002484300   -0.0199888500
   0.0000333100   -0.0002985000   -0.0199577200
   0.0002412200   -0.0000703600   -0.0199029800
   0.0001456100    0.0001271300   -0.0198119500
  -0.0028980300    0.0014792600   -0.0225483100
   0.0011857100   -0.0013831100   -0.0205473300
   0.0007983100   -0.0003736100   -0.0201936900
   0.0003645300   -0.0000545500   -0.0198573400
   0.0003683400    0.0001266600   -0.0197852600
  -0.0000330300    0.0000086200    0.0182023100
   0.0000506900   -0.0000181700    0.0181738000
   0.0000380200    0.0000072800    0.0181344900
   0.0000414100   -0.0000011000    0.0181640200
  -0.0000323100   -0.0000081400    0.0182004200
   0.0000012700    0.0000492800    0.0181789900
   0.0000236200    0.0000049500    0.0181189300
   0.0000292000   -0.0000072400    0.0181427100
   0.0000143000   -0.0000300900    0.0181588200
  -0.0000082200    0.0000062600    0.0181649200
   0.0000162400    0.0000131700    0.0181290000
   0.0000157100    0.0000037700    0.0181308800
   0.0000044500   -0.0000188900    0.0181398800
   0.0000096600   -0.0000302300    0.0181323300
   0.0000143000    0.0000016600    0.0181354700
  -0.0000111600    0.0000105400    0.0181742000
   0.0000111100   -0.0000073400    0.0181637200
   0.0000017900   -0.0000062800    0.0181270900
   0.0000283600    0.0000005100    0.0181272400
   0.0000298600    0.0000181400    0.0181406000
  -0.0000471700    0.0000009900    0.0182014200
   0.0000198600   -0.0000157500    0.0181578300
   0.0000266800    0.0000047300    0.0181288500
   0.0000499300    0.0000152100    0.0181391000
   0.0000099700    0.0000110300    0.0181719600
   0.0000030600   -0.0000025800    0.0183393700
  -0.0001100500    0.0000934100    0.0182218400
   0.0000583700    0.0000223600    0.0182435300
   0.0000726900    0.0000238800    0.0182335000
   0.0000298100   -0.0000119600    0.0182554000
   0.0000089000   -0.0001340900    0.0182222000
   0.0000180200    0.0000069500    0.0182464400
   0.0000451300   -0.0000215600    0.0182311400
  -0.0000006000   -0.0000812800    0.0182332000
  -0.0000030100   -0.0001105600    0.0182421500
   0.0000322600    0.0000155700    0.0182487000
   0.0000069700    0.0000162000    0.0182387600
  -0.0000057800   -0.0000363900    0.0182385000
   0.0000081400   -0.0000393000    0.0182442800
   0.0000196200   -0.0000353600    0.0182437300
   0.0000815600    0.0000614700    0.0182279600
  -0.0001107200    0.0000396600    0.0182273900
  -0.0000080300   -0.0000049700    0.0182492200
   0.0000342100    0.0000005600    0.0182432100
   0.0000633000    0.0000340300    0.0182389600
   0.0000083500    0.0000158800    0.0182973500
  -0.0001081400    0.0000613200    0.0182445900
   0.0000093400    0.0000213400    0.0182487300
   0.0000692100    0.0000275200    0.0182391500
   0.0000841700    0.0000508200    0.0182398000
   0.0046781000    0.0028151900   -0.0248448600
  -0.0000663000   -0.0003174500   -0.0206296600
  -0.0002547900   -0.0000403200   -0.0213331100
  -0.0006667500    0.0001540300   -0.0217210400
  -0.0010454300    0.0004931600   -0.0213202400
  -0.0001663000    0.0001631900   -0.0206456000
  -0.0001784300   -0.0000662100   -0.0212987600
  -0.0002176200    0.0000898700   -0.0214380400
  -0.0003247800    0.0004407800   -0.0217056400
   0.0009149100    0.0002660300   -0.0210032500
  -0.0001105100   -0.0000831500   -0.0212339800
  -0.0000628100   -0.0000224200   -0.0213684000
  -0.0000396200    0.0001246300   -0.0214320900
   0.0001277900    0.0001602400   -0.0214294900
   0.0001429900   -0.0000429900   -0.0212791300
  -0.0002032300   -0.0003730900   -0.0211922000
   0.0002401900   -0.0000665500   -0.0211607700
   0.0000664300    0.0001159700   -0.0213432600
  -0.0000259200    0.0000005000   -0.0214156600
  -0.0000270800   -0.0001865100   -0.0213653100
  -0.0001945400   -0.0033007600   -0.0230782500
   0.0003771200    0.0003121200   -0.0205692600
  -0.0000871000    0.0000532200   -0.0212682600
  -0.0001956300   -0.0000972300   -0.0214404100
  -0.0000847900   -0.0005752600   -0.0214386500
   0.0357141400    0.0183486600    0.0187040300
  -0.0017448000    0.0003529400   -0.0134605900
  -0.0006527700    0.0000966700   -0.0141522000
  -0.0001698200    0.0002346600   -0.0140555700
   0.0031020200    0.0005531800   -0.0136029800
  -0.0005214800   -0.0022535400   -0.0131276700
  -0.0003504500   -0.0001222300   -0.0142050600
  -0.0002967400    0.0000920000   -0.0143308900
  -0.0002420000    0.0005954900   -0.0143859200
   0.0009640500   -0.0003141900   -0.0138226500
   0.0000398500   -0.0003996000   -0.0139727100
  -0.0001379700    0.0000312000   -0.0142678900
  -0.0001262500    0.0003045100   -0.0143313600
   0.0001603000   -0.0000481900   -0.0142167100
   0.0001736100   -0.0001340700   -0.0142763800
   0.0011610800    0.0007789100   -0.0134255000
  -0.0001349700    0.0002919800   -0.0140887400
  -0.0001878100    0.0003203700   -0.0141653700
  -0.0000438700    0.0000004400   -0.0143129800
  -0.0000226400   -0.0002394300   -0.0143275500
   0.0039975400   -0.0185252400    0.0023408500
  -0.0005551400    0.0008786500   -0.0134240600
  -0.0003244000    0.0001691500   -0.0141954500
  -0.0001730100   -0.0000651400   -0.0142978000
  -0.0000178200   -0.0005653600   -0.0142223200
   0.0000359400    0.0000054700    0.0155074600
   0.0000106900    0.0000165400    0.0155173600
  -0.0000228700    0.0000067500    0.0155291800
  -0.0000067500    0.0000200500    0.0155140300
   0.0000435600    0.0000193600    0.0154930200
   0.0000309900   -0.0000003500    0.0155175400
  -0.0000088700    0.0000003600    0.0155367600
  -0.0000051800    0.0000190000    0.0155288300
   0.0000209200    0.0000282000    0.0155175300
   0.0000214700    0.0000146300    0.0155031200
   0.0000089000   -0.0000288900    0.0155233100
   0.0000062600   -0.0000105300    0.0155230900
   0.0000181100    0.0000164100    0.0155344800
   0.0000136800    0.0000088100    0.0155349800
   0.0000126800   -0.0000124800    0.0155309100
   0.0000272700   -0.0000244100    0.0155106700
   0.0000323000    0.0000021500    0.0155093700
   0.0000094500    0.0000027000    0.0155366200
  -0.0000048900   -0.0000104000    0.0155332900
  -0.0000039700   -0.0000226900    0.0155112400
   0.0000496900   -0.0000029400    0.0154933300
   0.0000191100   -0.0000065900    0.0155023600
  -0.0000094700   -0.0000026500    0.0155327400
  -0.0000172400   -0.0000132000    0.0155183400
   0.0000165900   -0.0000150500    0.0154926800
   0.0000992200    0.0000434400    0.0207075300
   0.0000108000   -0.0000024500    0.0207782200
  -0.0000328900    0.0000068900    0.0207759300
  -0.0000139700    0.0000228100    0.0207637300
   0.0000264400    0.0000162900    0.0207619200
   0.0000161000    0.0000097900    0.0207751000
  -0.0000095400    0.0000005300    0.0207847400
  -0.0000086900    0.0000273000    0.0207790100
   0.0000278300    0.0000380500    0.0207854300
   0.0000330800    0.0000417700    0.0207686700
  -0.0000014400   -0.0000303500    0.0207738300
   0.0000175400   -0.0000086000    0.0207802100
   0.0000187000    0.0000183800    0.0207880800
   0.0000182100    0.0000146600    0.0207848800
   0.0000070800   -0.0000108300    0.0207807300
   0.0000249700   -0.0000650300    0.0207358600
   0.0000483700   -0.0000045600    0.0207822000
   0.0000154900    0.0000019100    0.0207847500
  -0.0000091600   -0.0000154500    0.0207851000
  -0.0000175100   -0.0000386700    0.0207717000
   0.0000392400   -0.0000068200    0.0207609200
   0.0000452700   -0.0000135700    0.0207739500
  -0.0000124400   -0.0000062800    0.0207844300
  -0.0000256400   -0.0000205000    0.0207798900
   0.0000115400   -0.0000079400    0.0207629500

26   
 -0.0068612321144663   0.0000000000000000  -0.0072748535292070
  -0.0017365200   -0.0000039100   -0.0709601100
   0.0025957600   -0.0011673200   -0.0149923500
  -0.0001425500   -0.0001675400   -0.0167180100
  -0.0003804800   -0.0001727500   -0.0169975300
  -0.0004978800   -0.0003233000   -0.0180113200
   0.0003498000    0.0026179400   -0.0151296300
   0.0000551000   -0.0000559900   -0.0166463600
  -0.0001972500    0.0000231000   -0.0169721900
  -0.0002444800    0.0002293000   -0.0170629000
   0.0000920900    0.0008070300   -0.0178702500
  -0.0001321400    0.0000614500   -0.0166335000
  -0.0000287500   -0.0000970700   -0.0169291000
  -0.0000687900    0.0000743900   -0.0170155000
   0.0000434000    0.0003146200   -0.0170824400
   0.0001598300    0.0002110400   -0.0168517400
  -0.0002517800   -0.0001408900   -0.0167731800
   0.0001524200   -0.0001723800   -0.0168546900
   0.0001604400    0.0001059700   -0.0169426700
  -0.0000073900    0.0001101500   -0.0169568100
  -0.0000809400   -0.0000674200   -0.0169917000
  -0.0012031300   -0.0009144400   -0.0166363900
   0.0016357500   -0.0010211700   -0.0163582000
   0.0000913800    0.0000395600   -0.0166920100
  -0.0001980900   -0.0000423900   -0.0169742000
  -0.0002729700   -0.0002499400   -0.0170113200
   0.0514756800   -0.0003763800    0.0646530200
  -0.0061491000    0.0038464300   -0.0169166300
  -0.0009005300    0.0006416900   -0.0190756400
  -0.0005717100    0.0000378800   -0.0193857900
  -0.0042049200   -0.0002711300   -0.0187615400
   0.0019128200   -0.0072851400   -0.0159226100
  -0.0007866600   -0.0003747900   -0.0191979100
  -0.0003534000   -0.0000553800   -0.0195314200
  -0.0003545200    0.0001256600   -0.0196009900
  -0.0001993300    0.0037977800   -0.0197642800
   0.0005623700   -0.0012405900   -0.0188770000
  -0.0002300900   -0.0000710000   -0.0194863600
  -0.0001340300    0.0001268400   -0.0195763900
   0.0001381700    0.0006163700   -0.0195849500
  -0.0001384500   -0.0002451500   -0.0194003900
   0.0007265500   -0.0003527400   -0.0190319900
  -0.0001372600    0.0002500700   -0.0193994000
  -0.0000270200    0.0002985400   -0.0194296900
  -0.0002301200    0.0000715600   -0.0194863600
  -0.0001346900   -0.0001260400   -0.0195767300
   0.0029031200   -0.0014639200   -0.0168438000
  -0.0011911600    0.0013866300   -0.0188404300
  -0.0007834600    0.0003725500   -0.0191967400
  -0.0003534800    0.0000552900   -0.0195314000
  -0.0003573000   -0.0001261100   -0.0196031700
   0.0000438800   -0.0000080500    0.0180991600
  -0.0000401200    0.0000188300    0.0181274300
  -0.0000273400   -0.0000066200    0.0181667500
  -0.0000310400    0.0000017200    0.0181372900
   0.0000428000    0.0000086300    0.0181009300
   0.0000092300   -0.0000488200    0.0181221300
  -0.0000127900   -0.0000043700    0.0181822500
  -0.0000187100    0.0000078100    0.0181585100
  -0.0000038500    0.0000307900    0.0181425500
   0.0000189400   -0.0000054900    0.0181362900
  -0.0000054900   -0.0000125300    0.0181721100
  -0.0000053000   -0.0000033700    0.0181704100
   0.0000060400    0.0000193000    0.0181613000
   0.0000010300    0.0000307500    0.0181687800
  -0.0000037100   -0.0000011800    0.0181656400
   0.0000217600   -0.0000101300    0.0181271700
  -0.0000004400    0.0000079100    0.0181376000
   0.0000086200    0.0000070100    0.0181738400
  -0.0000177400    0.0000000300    0.0181738300
  -0.0000191800   -0.0000175000    0.0181604600
   0.0000577900   -0.0000005000    0.0181001000
  -0.0000091400    0.0000162200    0.0181433600
  -0.0000161400   -0.0000041100    0.0181724300
  -0.0000393200   -0.0000145600    0.0181620800
   0.0000005200   -0.0000105700    0.0181292400
   0.0000072800    0.0000029800    0.0181495600
   0.0001206600   -0.0000927300    0.0182667900
  -0.0000478400   -0.0000217900    0.0182452800
  -0.0000615900   -0.0000229300    0.0182553200
  -0.0000193700    0.0000123600    0.0182338600
   0.0000019600    0.0001345400    0.0182665200
  -0.0000075100   -0.0000065100    0.0182424100
  -0.0000343300    0.0000221000    0.0182576800
   0.0000109200    0.0000812500    0.0182556700
   0.0000135200    0.0001107100    0.0182467500
  -0.0000216100   -0.0000151100    0.0182403000
   0.0000038900   -0.0000154200    0.0182500500
   0.0000160600    0.0000370400    0.0182504400
   0.0000023900    0.0000397500    0.0182447100
  -0.0000090400    0.0000360100    0.0182452300
  -0.0000705000   -0.0000606200    0.0182606800
   0.0001206700   -0.0000392300    0.0182614700
   0.0000186100    0.0000055700    0.0182400300
  -0.0000235300    0.0000001000    0.0182458200
  -0.0000525900   -0.0000332800    0.0182500800
   0.0000021000   -0.0000154100    0.0181916700
   0.0001185300   -0.0000604800    0.0182444200
   0.0000012100   -0.0000207100    0.0182400800
  -0.0000585400   -0.0000269100    0.0182497800
  -0.0000731900   -0.0000500500    0.0182491000
  -0.0046511300   -0.0028020600   -0.0181481400
   0.0000741500    0.0003176300   -0.0223426100
   0.0002653000    0.0000410400   -0.0216417200
   0.0006789600   -0.0001548200   -0.0212509000
   0.0010137200   -0.0004655700   -0.0217048500
   0.0001745300   -0.0001638200   -0.0223258900
   0.0001882400    0.0000667600   -0.0216756200
   0.0002279200   -0.0000895900   -0.0215366300
   0.0003353100   -0.0004405400   -0.0212683400
  -0.0009016700   -0.0002668400   -0.0219676400
   0.0001207500    0.0000831100   -0.0217404800
   0.0000727600    0.0000226400   -0.0216062100
   0.0000498800   -0.0001244200   -0.0215429100
  -0.0001162800   -0.0001596300   -0.0215451200
  -0.0001322900    0.0000432300   -0.0216949400
   0.0002128000    0.0003740700   -0.0217808900
  -0.0002297400    0.0000655300   -0.0218149700
  -0.0000550700   -0.0001147700   -0.0216310300
   0.0000365900    0.0000000200   -0.0215586700
   0.0000373500    0.0001866700   -0.0216091100
   0.0002048000    0.0032738800   -0.0199222100
  -0.0003655200   -0.0003084000   -0.0224025700
   0.0000975800   -0.0000533000   -0.0217060300
   0.0002062100    0.0000976900   -0.0215341000
   0.0000947200    0.0005767400   -0.0215340500
  -0.0342832700   -0.0174206400   -0.0466367000
   0.0017570000   -0.0003517100   -0.0153237600
   0.0006631100   -0.0000958900   -0.0146340100
   0.0001777800   -0.0002355600   -0.0147341300
  -0.0029285200   -0.0006124400   -0.0152520800
   0.0005313600    0.0022486300   -0.0156529500
   0.0003601200    0.0001227300   -0.0145808000
   0.0003065600   -0.0000920000   -0.0144555100
   0.0002503600   -0.0005890100   -0.0144023400
  -0.0009493600    0.0003062600   -0.0149596900
  -0.0000291400    0.0003994900   -0.0148122000
   0.0001474300   -0.0000312000   -0.0145180100
   0.0001375000   -0.0003034000   -0.0144555300
  -0.0001484400    0.0000478800   -0.0145687100
  -0.0001627500    0.0001343500   -0.0145098300
  -0.0011480400   -0.0007764500   -0.0153584300
   0.0001497700   -0.0002984000   -0.0146975200
   0.0001981300   -0.0003183600   -0.0146195800
   0.0000547000   -0.0000000100   -0.0144731100
   0.0000329900    0.0002395700   -0.0144587000
  -0.0040493300    0.0183959400   -0.0311506500
   0.0005652400   -0.0008733600   -0.0153564200
   0.0003346400   -0.0001688700   -0.0145903700
   0.0001834300    0.0000652700   -0.0144881800
   0.0000270100    0.0005647700   -0.0145638000
  -0.0000256900   -0.0000049500    0.0155877600
  -0.0000004300   -0.0000162100    0.0155783300
   0.0000331700   -0.0000061300    0.0155664500
   0.0000169400   -0.0000196400    0.0155814400
  -0.0000333600   -0.0000191000    0.0156024400
  -0.0000208300    0.0000007300    0.0155780300
   0.0000193700   -0.0000000800    0.0155586800
   0.0000153800   -0.0000189000    0.0155664900
  -0.0000108100   -0.0000277700    0.0155776900
  -0.0000112300   -0.0000140200    0.0155921500
   0.0000015100    0.0000292000    0.0155719500
   0.0000039000    0.0000109800    0.0155725500
  -0.0000076800   -0.0000157700    0.0155607300
  -0.0000034800   -0.0000083000    0.0155605000
  -0.0000026300    0.0000127100    0.0155642100
  -0.0000169800    0.0000243200    0.0155845000
  -0.0000216700   -0.0000019100    0.0155856800
   0.0000007400   -0.0000026500    0.0155586900
   0.0000151400    0.0000106200    0.0155622200
   0.0000140300    0.0000230700    0.0155841800
  -0.0000391100    0.0000034400    0.0156021600
  -0.0000090200    0.0000067200    0.0155931700
   0.0000196100    0.0000029300    0.0155626100
   0.0000275600    0.0000135300    0.0155768300
  -0.0000063800    0.0000156600    0.0156025700
  -0.0000891200   -0.0000430300    0.0209038000
  -0.0000003400    0.0000030400    0.0208327200
   0.0000436600   -0.0000064500    0.0208349100
   0.0000240800   -0.0000223600    0.0208469400
  -0.0000160500   -0.0000158400    0.0208490400
  -0.0000058700   -0.0000091600    0.0208359500
   0.0000199000    0.0000001200    0.0208259900
   0.0000191800   -0.0000270900    0.0208316800
  -0.0000174300   -0.0000374800    0.0208259700
  -0.0000228500   -0.0000413400    0.0208422100
   0.0000118500    0.0000304900    0.0208369700
  -0.0000070800    0.0000090000    0.0208305900
  -0.0000079800   -0.0000178100    0.0208229400
  -0.0000078500   -0.0000140800    0.0208260000
   0.0000032300    0.0000112500    0.0208304000
  -0.0000144300    0.0000651800    0.0208756000
  -0.0000377400    0.0000048800    0.0208286900
  -0.0000050000   -0.0000017700    0.0208260900
   0.0000193000    0.0000155500    0.0208259400
   0.0000276600    0.0000390200    0.0208391900
  -0.0000285300    0.0000073400    0.0208501900
  -0.0000349600    0.0000136700    0.0208368500
   0.0000227700    0.0000064200    0.0208266000
   0.0000360400    0.0000209900    0.0208309300
  -0.0000014200    0.0000086700    0.0208478800

51   
  0.0068612321144663   0.0000000000000000   0.0072748535292070
  -0.0000543300   -0.0000343500   -0.0170580300
   0.0000442600   -0.0000147200   -0.0170815800
   0.0000681400   -0.0000340600   -0.0171100100
   0.0000460900   -0.0000182900   -0.0170939000
  -0.0001375000   -0.0000606300   -0.0171117100
   0.0000120700    0.0000607200   -0.0170698400
   0.0000122800    0.0000352500   -0.0170862700
   0.0000537900    0.0000080400   -0.0170985100
   0.0000071400   -0.0000059100   -0.0170875500
  -0.0001062900    0.0000407900   -0.0170298600
  -0.0000172500    0.0000800700   -0.0171115100
   0.0000122400    0.0000495300   -0.0171017600
   0.0000179400    0.0000038200   -0.0170966900
  -0.0000060800    0.0000014500   -0.0170844100
  -0.0000311700    0.0001572700   -0.0171101400
  -0.0000163200    0.0000401500   -0.0171004800
  -0.0000242000    0.0000005100   -0.0170962800
   0.0000037400   -0.0000299400   -0.0170899800
   0.0000222500   -0.0000099500   -0.0170873600
  -0.0000075100    0.0000316700   -0.0170903500
  -0.0001033700   -0.0000426700   -0.0171123200
  -0.0000420500   -0.0000644900   -0.0170581300
   0.0000882200   -0.0000761400   -0.0171093400
   0.0000426500   -0.0000250600   -0.0170953000
  -0.0000052900    0.0000052200   -0.0170852900
  -0.0000483300    0.0000126700   -0.0196273200
  -0.0000501400   -0.0000038900   -0.0196264000
   0.0000243600   -0.0000043800   -0.0196635500
   0.0000213800   -0.0000028100   -0.0196935800
   0.0000346900    0.0000307500   -0.0196549100
  -0.0000637300    0.0000028800   -0.0196268000
   0.0000059300    0.0000216400   -0.0196678900
   0.0000271000    0.0000083200   -0.0196831500
   0.0000163600    0.0000098000   -0.0197050000
  -0.0000092800   -0.0000050400   -0.0196585900
  -0.0000111200    0.0000300100   -0.0196697100
   0.0000064100    0.0000241900   -0.0196808200
   0.0000118000    0.0000039300   -0.0197008500
  -0.0000078900   -0.0000121800   -0.0197072600
  -0.0000221000   -0.0000404100   -0.0196487700
  -0.0000120500    0.0000232500   -0.0196881200
  -0.0000029400    0.0000066300   -0.0196917900
  -0.0000062900   -0.0000133100   -0.0196962500
  -0.0000005900   -0.0000087000   -0.0196990600
  -0.0000006900    0.0000184500   -0.0196971700
   0.0000019000    0.0000173700   -0.0196654700
  -0.0000249200   -0.0000047300   -0.0196632100
  -0.0000194000   -0.0000099300   -0.0196530300
   0.0000223900   -0.0000093400   -0.0196944700
  -0.0000028100    0.0000027600   -0.0197000000
  -0.0502152300   -0.0011420600   -0.0729186900
   0.0042005200   -0.0002668500    0.0172397000
   0.0005642200    0.0000424800    0.0178597500
   0.0008976600    0.0006477300    0.0175448300
   0.0061480600    0.0038531900    0.0153916700
   0.0001940100    0.0038024000    0.0182431200
   0.0003479700    0.0001288600    0.0180757000
   0.0003467800   -0.0000512000    0.0180049700
   0.0007828700   -0.0003720900    0.0176694000
  -0.0019193200   -0.0072866300    0.0143971100
  -0.0001441800    0.0006188600    0.0180588600
   0.0001282900    0.0001301400    0.0180501400
   0.0002236500   -0.0000670600    0.0179597400
  -0.0005684300   -0.0012407300    0.0173461900
   0.0001327200   -0.0002431300    0.0178734200
   0.0000233500    0.0003034700    0.0179014100
   0.0001316000    0.0002556000    0.0178725500
  -0.0007351200   -0.0003472900    0.0175034000
   0.0001286000   -0.0001220100    0.0180499500
   0.0002241400    0.0000750700    0.0179602300
   0.0011874300    0.0013916200    0.0173178500
  -0.0029112200   -0.0014600300    0.0153196600
   0.0003504700   -0.0001216000    0.0180777500
   0.0003469800    0.0000592200    0.0180050100
   0.0007797900    0.0003776400    0.0176684400
   0.0017076300    0.0000002500    0.0721632100
   0.0004964600   -0.0003206400    0.0191592100
   0.0003753200   -0.0001692800    0.0181491900
   0.0001338100   -0.0001646200    0.0178725000
  -0.0025989800   -0.0011645600    0.0161432600
  -0.0000970800    0.0008151200    0.0190163500
   0.0002392600    0.0002337100    0.0182144500
   0.0001924100    0.0000278700    0.0181251500
  -0.0000637200   -0.0000505300    0.0177980300
  -0.0003539000    0.0026203700    0.0162823400
  -0.0000494800    0.0003192300    0.0182339700
   0.0000639400    0.0000783400    0.0181680900
   0.0000221800   -0.0000940400    0.0180823200
   0.0001250900    0.0000680300    0.0177881300
  -0.0001649500    0.0002150300    0.0180038200
  -0.0001681900    0.0001088600    0.0180954200
  -0.0001584800   -0.0001707100    0.0180062300
   0.0002471000   -0.0001387000    0.0179265800
   0.0000751100   -0.0000631500    0.0181436300
   0.0000017600    0.0001137100    0.0181086800
  -0.0016429500   -0.0010171300    0.0175057100
   0.0011987700   -0.0009113300    0.0177877700
   0.0002678700   -0.0002460800    0.0181622900
   0.0001915700   -0.0000384700    0.0181260100
  -0.0000968900    0.0000430800    0.0178449900
   0.0000155200    0.0000039700   -0.0215035700
  -0.0000415400    0.0000175400   -0.0215080900
  -0.0000512200    0.0000123300   -0.0214953200
  -0.0000063400   -0.0000005800   -0.0214965600
   0.0000857100    0.0000400200   -0.0215372200
   0.0000054900   -0.0000425400   -0.0215038800
  -0.0000387700   -0.0000176200   -0.0214997900
  -0.0000321100   -0.0000006700   -0.0214919600
   0.0000097900   -0.0000025700   -0.0215003500
   0.0000261200   -0.0000844900   -0.0215413400
  -0.0000070500   -0.0000315300   -0.0214928100
  -0.0000223700   -0.0000017100   -0.0214914000
  -0.0000144200    0.0000142100   -0.0214925500
   0.0000119500   -0.0000015800   -0.0214992800
   0.0000090500   -0.0000357100   -0.0214990900
   0.0000070300    0.0000057400   -0.0214935100
  -0.0000011500    0.0000318100   -0.0215000900
  -0.0000187600    0.0000387200   -0.0214984300
  -0.0000090600    0.0000133100   -0.0214884700
  -0.0000004500   -0.0000106500   -0.0214915400
   0.0000639000    0.0000359000   -0.0215183000
  -0.0000427200    0.0000570200   -0.0215270000
  -0.0000441300    0.0000343700   -0.0214965600
  -0.0000253400    0.0000089300   -0.0214899800
   0.0000242600    0.0000128900   -0.0215015400
   0.0000271100    0.0000040400   -0.0144445300
  -0.0000238800    0.0000037600   -0.0144166800
  -0.0000389800    0.0000035000   -0.0143993300
  -0.0000039200   -0.0000156000   -0.0144122300
   0.0000190000   -0.0000065100   -0.0144257800
  -0.0000003800   -0.0000205200   -0.0144198000
  -0.0000299000   -0.0000093700   -0.0143969200
  -0.0000322200   -0.0000030300   -0.0143910400
   0.0000095900   -0.0000054600   -0.0144075800
   0.0000305000   -0.0000032800   -0.0144225700
  -0.0000103000   -0.0000170900   -0.0144011300
  -0.0000250800   -0.0000002800   -0.0143930700
  -0.0000131100    0.0000150800   -0.0143888000
   0.0000248800    0.0000046000   -0.0144104200
   0.0000012900   -0.0000162800   -0.0144174800
  -0.0000059600    0.0000094700   -0.0144076300
  -0.0000065900    0.0000266100   -0.0144022200
  -0.0000060900    0.0000389500   -0.0144037300
  -0.0000046200    0.0000109100   -0.0143909800
   0.0000012800   -0.0000065200   -0.0143924000
   0.0000153800    0.0000169400   -0.0144243700
   0.0000035500    0.0000333600   -0.0144180800
  -0.0000297200    0.0000216500   -0.0144113600
  -0.0000167700    0.0000072500   -0.0143916200
   0.0000052700    0.0000062400   -0.0144234600
   0.0029066200   -0.0006212700    0.0164541400
  -0.0001822100   -0.0002318400    0.0159094100
  -0.0006682800   -0.0000931100    0.0158116500
  -0.0017677000   -0.0003485800    0.0164985200
   0.0342335500   -0.0173895500    0.0477915500
  -0.0002556700   -0.0005837700    0.0155777300
  -0.0003123400   -0.0000880900    0.0156317600
  -0.0003656600    0.0001259600    0.0157584000
  -0.0005396400    0.0022564900    0.0168276700
   0.0009441000    0.0003124900    0.0161345600
  -0.0001439400   -0.0002990600    0.0156325800
  -0.0001536600   -0.0000271400    0.0156952100
   0.0000243100    0.0004036200    0.0159900500
   0.0001559100    0.0001387900    0.0156869500
   0.0001420300    0.0000518100    0.0157449500
  -0.0001574800   -0.0002971400    0.0158724600
   0.0011437600   -0.0007755300    0.0165333000
  -0.0000386600    0.0002422500    0.0156353100
  -0.0000610600    0.0000036900    0.0156496000
  -0.0002044100   -0.0003147000    0.0157968100
   0.0040502500    0.0183810000    0.0323245500
  -0.0000321900    0.0005683500    0.0157392200
  -0.0001889100    0.0000687900    0.0156645300
  -0.0003412200   -0.0001646000    0.0157677700
  -0.0005739600   -0.0008714600    0.0165309900
  -0.0010253200   -0.0004732100    0.0210396300
  -0.0006896500   -0.0001520800    0.0205832500
  -0.0002736000    0.0000433900    0.0209768400
  -0.0000830500    0.0003241800    0.0216779000
   0.0046834100   -0.0028119500    0.0174828300
  -0.0003436100   -0.0004405600    0.0206022100
  -0.0002353200   -0.0000859800    0.0208709200
  -0.0001963000    0.0000708900    0.0210117600
  -0.0001831200   -0.0001586600    0.0216597900
   0.0008985000   -0.0002661300    0.0213029900
  -0.0000572900   -0.0001214600    0.0208775200
  -0.0000797600    0.0000260900    0.0209414400
  -0.0001253100    0.0000894000    0.0210761600
   0.0001269600    0.0000480100    0.0210300300
   0.0001100200   -0.0001556800    0.0208792800
   0.0002261300    0.0000689400    0.0211505600
  -0.0002189000    0.0003793200    0.0211129600
  -0.0000435200    0.0001913900    0.0209433300
  -0.0000431000    0.0000036800    0.0208935100
   0.0000476200   -0.0001117600    0.0209659300
  -0.0001961200    0.0033030000    0.0192571100
  -0.0001058900    0.0005849000    0.0208691400
  -0.0002132700    0.0001013000    0.0208679600
  -0.0001050900   -0.0000503600    0.0210414100
   0.0003595600   -0.0003058300    0.0217380600

51   
 -0.0068612321144663   0.0000000000000000  -0.0072748535292070
   0.0000524700    0.0000385000   -0.0171575000
  -0.0000460000    0.0000189200   -0.0171340800
  -0.0000705000    0.0000386700   -0.0171054000
  -0.0000479700    0.0000226300   -0.0171216100
   0.0001358700    0.0000649900   -0.0171037300
  -0.0000136100   -0.0000567200   -0.0171457900
  -0.0000143900   -0.0000313400   -0.0171294500
  -0.0000555200   -0.0000038300   -0.0171168500
  -0.0000095400    0.0000099100   -0.0171280100
   0.0001047200   -0.0000371900   -0.0171859200
   0.0000153700   -0.0000764300   -0.0171038700
  -0.0000140200   -0.0000452800   -0.0171138100
  -0.0000199600    0.0000001800   -0.0171187300
   0.0000042400    0.0000031300   -0.0171311100
   0.0000293700   -0.0001531500   -0.0171051500
   0.0000147600   -0.0000357500   -0.0171150300
   0.0000221200    0.0000037100   -0.0171193700
  -0.0000060400    0.0000341200   -0.0171256400
  -0.0000238600    0.0000140600   -0.0171281800
   0.0000056700   -0.0000274900   -0.0171253400
   0.0001019200    0.0000469700   -0.0171029700
   0.0000402600    0.0000691100   -0.0171577500
  -0.0000906000    0.0000809600   -0.0171060700
  -0.0000446600    0.0000293100   -0.0171203200
   0.0000035600   -0.0000009100   -0.0171302200
   0.0000463900   -0.0000087400   -0.0197608800
   0.0000483600    0.0000080400   -0.0197617500
  -0.0000261800    0.0000084300   -0.0197245400
  -0.0000233300    0.0000068400   -0.0196942600
  -0.0000367600   -0.0000269300   -0.0197331200
   0.0000617500    0.0000014200   -0.0197612800
  -0.0000075800   -0.0000174000   -0.0197202000
  -0.0000292400   -0.0000040300   -0.0197048100
  -0.0000180600   -0.0000055100   -0.0196827900
   0.0000071900    0.0000093900   -0.0197291800
   0.0000091600   -0.0000256000   -0.0197183500
  -0.0000084000   -0.0000202800   -0.0197069800
  -0.0000136000    0.0000002800   -0.0196871500
   0.0000059500    0.0000162000   -0.0196806100
   0.0000202300    0.0000447700   -0.0197393400
   0.0000100900   -0.0000190100   -0.0196997800
   0.0000010600   -0.0000023500   -0.0196960000
   0.0000043900    0.0000175600   -0.0196915300
  -0.0000015500    0.0000129200   -0.0196887800
  -0.0000010100   -0.0000143400   -0.0196906500
  -0.0000039800   -0.0000130600   -0.0197227300
   0.0000228600    0.0000089300   -0.0197246800
   0.0000177100    0.0000138500   -0.0197349800
  -0.0000243000    0.0000138000   -0.0196934500
   0.0000009600    0.0000014900   -0.0196880100
   0.0523793200   -0.0004317900    0.1051832000
  -0.0041919000    0.0002687500    0.0190479300
  -0.0005656800   -0.0000372000    0.0184442400
  -0.0009000500   -0.0006423000    0.0187593500
  -0.0061907200   -0.0038646500    0.0209199300
  -0.0001943200   -0.0038103000    0.0180511700
  -0.0003512500   -0.0001234100    0.0182280800
  -0.0003494600    0.0000553100    0.0182994300
  -0.0007863300    0.0003751700    0.0186349000
   0.0019329400    0.0073239600    0.0219253100
   0.0001453500   -0.0006169300    0.0182442800
  -0.0001312900   -0.0001256100    0.0182541000
  -0.0002267200    0.0000712400    0.0183447100
   0.0005671500    0.0012473400    0.0189597400
  -0.0001357700    0.0002511000    0.0184323500
  -0.0000208100   -0.0002999400    0.0184018700
  -0.0001370200   -0.0002503300    0.0184315000
   0.0007346100    0.0003517300    0.0188019400
  -0.0001306300    0.0001267000    0.0182542600
  -0.0002267200   -0.0000703100    0.0183446700
  -0.0011736400   -0.0013845300    0.0189859600
   0.0029147700    0.0014788500    0.0209879600
  -0.0003528000    0.0001257900    0.0182263300
  -0.0003493500   -0.0000550300    0.0182993800
  -0.0007858000   -0.0003748500    0.0186376800
  -0.0019740600   -0.0000036100   -0.0346578100
  -0.0005007500    0.0003260600    0.0173466300
  -0.0003767400    0.0001732000    0.0183416400
  -0.0001372000    0.0001680500    0.0186186100
   0.0026104900    0.0011731300    0.0203539000
   0.0000965600   -0.0008138000    0.0174792800
  -0.0002415200   -0.0002286800    0.0182767000
  -0.0001946500   -0.0000238200    0.0183661700
   0.0000610800    0.0000549400    0.0186935200
   0.0003522300   -0.0026289300    0.0202176500
   0.0000482400   -0.0003153600    0.0182568300
  -0.0000661000   -0.0000737000    0.0183232400
  -0.0000246000    0.0000987600    0.0184092200
  -0.0001276700   -0.0000624600    0.0187038700
   0.0001637500   -0.0002097700    0.0184886200
   0.0001670900   -0.0001044800    0.0183950800
   0.0001552900    0.0001753000    0.0184851200
  -0.0002491800    0.0001427500    0.0185655600
  -0.0000770000    0.0000678000    0.0183482000
  -0.0000033100   -0.0001094400    0.0183832800
   0.0016466600    0.0010253600    0.0189801900
  -0.0012057200    0.0009181700    0.0187114900
  -0.0002695100    0.0002503200    0.0183291900
  -0.0001937000    0.0000428000    0.0183656000
   0.0000952300   -0.0000394200    0.0186477200
  -0.0000174100    0.0000003400   -0.0214664000
   0.0000394000   -0.0000133600   -0.0214615400
   0.0000492600   -0.0000081800   -0.0214745700
   0.0000045200    0.0000046000   -0.0214731000
  -0.0000877100   -0.0000356600   -0.0214331600
  -0.0000076700    0.0000470300   -0.0214658700
   0.0000366500    0.0000220100   -0.0214698900
   0.0000301600    0.0000049800   -0.0214779600
  -0.0000117700    0.0000065200   -0.0214695900
  -0.0000282100    0.0000886200   -0.0214287300
   0.0000049800    0.0000354100   -0.0214770500
   0.0000203400    0.0000059400   -0.0214784100
   0.0000121800   -0.0000100100   -0.0214775100
  -0.0000138700    0.0000058400   -0.0214707900
  -0.0000107700    0.0000400600   -0.0214706900
  -0.0000091300   -0.0000018100   -0.0214763800
  -0.0000006400   -0.0000278200   -0.0214697300
   0.0000168700   -0.0000345800   -0.0214712500
   0.0000071100   -0.0000091700   -0.0214813600
  -0.0000018400    0.0000146200   -0.0214784000
  -0.0000659100   -0.0000318000   -0.0214515200
   0.0000406800   -0.0000532100   -0.0214431400
   0.0000424300   -0.0000307000   -0.0214732400
   0.0000234200   -0.0000048200   -0.0214798300
  -0.0000266800   -0.0000086900   -0.0214680800
  -0.0000289200    0.0000004000   -0.0143445400
   0.0000219500    0.0000008200   -0.0143727500
   0.0000372700    0.0000011400   -0.0143901000
   0.0000017400    0.0000202000   -0.0143774100
  -0.0000208000    0.0000111500   -0.0143637600
  -0.0000014800    0.0000248100   -0.0143695600
   0.0000280800    0.0000137600   -0.0143924300
   0.0000302400    0.0000070600   -0.0143986400
  -0.0000114100    0.0000096500   -0.0143817000
  -0.0000324100    0.0000072200   -0.0143668400
   0.0000086200    0.0000211900   -0.0143882200
   0.0000230100    0.0000043900   -0.0143963100
   0.0000111400   -0.0000106000   -0.0144007300
  -0.0000267500   -0.0000001600   -0.0143792900
  -0.0000030400    0.0000205700   -0.0143719700
   0.0000041800   -0.0000056000   -0.0143818100
   0.0000049800   -0.0000226400   -0.0143870100
   0.0000040900   -0.0000347600   -0.0143854500
   0.0000027500   -0.0000067900   -0.0143986600
  -0.0000032200    0.0000107300   -0.0143970700
  -0.0000171200   -0.0000127700   -0.0143650900
  -0.0000052200   -0.0000293200   -0.0143713400
   0.0000277900   -0.0000176900   -0.0143779000
   0.0000149100   -0.0000032200   -0.0143978300
  -0.0000073300   -0.0000021700   -0.0143659800
  -0.0030775200    0.0005597500    0.0147294500
   0.0001823500    0.0002339300    0.0151951000
   0.0006664400    0.0000971100    0.0152894900
   0.0017636300    0.0003528300    0.0146005000
  -0.0356746700    0.0183322900   -0.0175379700
   0.0002555800    0.0005936700    0.0155255700
   0.0003110400    0.0000916200    0.0154691600
   0.0003643300   -0.0001224500    0.0153423700
   0.0005378700   -0.0022578600    0.0142675600
  -0.0009502600   -0.0003164800    0.0149622200
   0.0001411300    0.0003032800    0.0154688200
   0.0001523000    0.0000307500    0.0154058700
  -0.0000264500   -0.0003999000    0.0151094700
  -0.0001582300   -0.0001349500    0.0154138100
  -0.0001456500   -0.0000489900    0.0153547000
   0.0001513600    0.0002940300    0.0152285100
  -0.0011479900    0.0007813700    0.0145649700
   0.0000366500   -0.0002389800    0.0154654600
   0.0000586100    0.0000000300    0.0154511500
   0.0002022000    0.0003200000    0.0153032300
  -0.0039862800   -0.0185179200   -0.0011989100
   0.0000311000   -0.0005655400    0.0153616100
   0.0001867800   -0.0000651700    0.0154361500
   0.0003393500    0.0001685400    0.0153327500
   0.0005724800    0.0008804600    0.0145639800
   0.0010658100    0.0005047500    0.0206237000
   0.0006860800    0.0001550800    0.0210270600
   0.0002719300   -0.0000390400    0.0206359500
   0.0000831100   -0.0003206800    0.0199324600
  -0.0047023600    0.0028290200    0.0241488500
   0.0003412300    0.0004447500    0.0210099500
   0.0002334300    0.0000898700    0.0207417300
   0.0001947800   -0.0000673700    0.0206006400
   0.0001831700    0.0001614800    0.0199503700
  -0.0009035300    0.0002686800    0.0203059700
   0.0000552400    0.0001248700    0.0207353100
   0.0000781500   -0.0000224400    0.0206712600
   0.0001237100   -0.0000854600    0.0205365200
  -0.0001290100   -0.0000441400    0.0205822300
  -0.0001131300    0.0001597100    0.0207335600
  -0.0002280800   -0.0000666400    0.0204636000
   0.0002178900   -0.0003747200    0.0204981700
   0.0000414600   -0.0001878100    0.0206691800
   0.0000406500    0.0000000000    0.0207190600
  -0.0000506200    0.0001164000    0.0206466000
   0.0001948300   -0.0033269300    0.0223823200
   0.0001039300   -0.0005803100    0.0207418200
   0.0002111400   -0.0000975600    0.0207448600
   0.0001032500    0.0000542900    0.0205710300
  -0.0003632700    0.0003135800    0.0198713700

76   
  0.0068612321144663   0.0000000000000000   0.0072748535292070
  -0.0003880500   -0.0000486800   -0.0171763200
  -0.0000484200   -0.0001482100   -0.0170463000
   0.0001599300   -0.0000937800   -0.0170994500
   0.0001281600   -0.0000109700   -0.0170953200
   0.0002086000    0.0000856200   -0.0170463900
  -0.0003043600    0.0001953300   -0.0171111600
   0.0000557900    0.0000573800   -0.0170288200
   0.0001120700   -0.0000035400   -0.0170895900
   0.0001064600   -0.0000000300   -0.0170978900
   0.0000652100   -0.0000641200   -0.0171781600
  -0.0000540800    0.0002005200   -0.0171163400
   0.0000327700    0.0000765500   -0.0170846400
   0.0000577600   -0.0000004300   -0.0170976200
   0.0000324700   -0.0000710500   -0.0171029400
  -0.0000231600   -0.0002390600   -0.0170295300
  -0.0000119900    0.0000808000   -0.0170974700
   0.0000059400    0.0000267300   -0.0170888000
   0.0000108500   -0.0000305700   -0.0170989000
   0.0000065300   -0.0000706700   -0.0170932000
   0.0000233900   -0.0000025900   -0.0170994900
  -0.0000307900    0.0000609100   -0.0170897100
  -0.0000445700    0.0000053700   -0.0171036100
  -0.0000489500   -0.0000153500   -0.0170561100
   0.0000701400   -0.0000273300   -0.0170979700
   0.0000742200    0.0000290400   -0.0171009000
   0.0000566600    0.0000302600   -0.0196366600
  -0.0000332200    0.0000208900   -0.0196117200
  -0.0000175700    0.0000097600   -0.0196080800
   0.0000534700    0.0000058100   -0.0196781400
  -0.0000300500   -0.0000169900   -0.0197801200
   0.0000034300   -0.0000521500   -0.0196241200
  -0.0000194900   -0.0000070800   -0.0195890400
   0.0000291300    0.0000091400   -0.0196496900
   0.0000394700   -0.0000163000   -0.0197060200
  -0.0000146000    0.0000036200   -0.0197699300
  -0.0000191100   -0.0000307000   -0.0196036600
   0.0000172400    0.0000066100   -0.0196441900
   0.0000292600   -0.0000003300   -0.0196786200
   0.0000279800   -0.0000130300   -0.0197115000
  -0.0000198500    0.0000438300   -0.0197843900
   0.0000137000    0.0000226600   -0.0196602600
   0.0000086300    0.0000172700   -0.0196723700
   0.0000092700   -0.0000058200   -0.0196832300
   0.0000028300   -0.0000295100   -0.0196960200
   0.0000019900   -0.0000096700   -0.0196829200
  -0.0000068000    0.0000175000   -0.0196898800
  -0.0000079400    0.0000025700   -0.0196795400
   0.0000050600   -0.0000258300   -0.0196983900
   0.0000185200   -0.0000098000   -0.0196702300
   0.0000347200    0.0000186200   -0.0196957900
   0.0019872400   -0.0000039100    0.0710514600
  -0.0026461500    0.0011821300    0.0160868500
   0.0001201900    0.0001873300    0.0178048300
   0.0004131400    0.0001890600    0.0180312100
   0.0005557100    0.0003265700    0.0190088000
  -0.0003571100   -0.0026693500    0.0162061400
  -0.0000712000    0.0000471100    0.0177383900
   0.0002034800   -0.0000217500    0.0180327500
   0.0002657500   -0.0002420300    0.0180818700
  -0.0000651000   -0.0008584800    0.0188932500
   0.0001411800   -0.0000943400    0.0177216500
   0.0000314900    0.0000990400    0.0179980800
   0.0000686000   -0.0000781000    0.0180672600
  -0.0000393700   -0.0003490200    0.0181139600
  -0.0001466000   -0.0002554500    0.0179125000
   0.0002864900    0.0001553800    0.0178349800
  -0.0001531300    0.0001947400    0.0179100500
  -0.0001880500   -0.0000901600    0.0180006600
   0.0000091000   -0.0001129200    0.0180118300
   0.0001005600    0.0000597200    0.0180513200
   0.0012390000    0.0009519500    0.0176697700
  -0.0016679200    0.0010634500    0.0174347300
  -0.0001218600   -0.0000147300    0.0177696200
   0.0002042900    0.0000524400    0.0180316900
   0.0003208200    0.0002693800    0.0180555700
  -0.0540349200   -0.0003161600   -0.0722061800
   0.0061287300   -0.0037975600    0.0154878000
   0.0008288900   -0.0006252800    0.0176474500
   0.0004967200   -0.0000547300    0.0179609500
   0.0041991100    0.0002514700    0.0172949900
  -0.0018561100    0.0071810600    0.0144870700
   0.0007533000    0.0003405900    0.0177806400
   0.0003087400    0.0000538500    0.0181092000
   0.0003342900   -0.0000991400    0.0181596300
   0.0002613500   -0.0037540600    0.0182873400
  -0.0005479000    0.0011765800    0.0174471100
   0.0002213400    0.0000503200    0.0180702100
   0.0001271700   -0.0001048900    0.0181482100
  -0.0001258000   -0.0005498500    0.0181608700
   0.0001618000    0.0002332900    0.0179692100
  -0.0007144500    0.0003174300    0.0176037600
   0.0001628800   -0.0002420200    0.0179700500
   0.0000394200   -0.0002655800    0.0180043300
   0.0002154100   -0.0000539900    0.0180645800
   0.0001327400    0.0001014000    0.0181536600
  -0.0028034900    0.0014802200    0.0153916700
   0.0012065000   -0.0013528300    0.0173849000
   0.0007459900   -0.0003373700    0.0177711300
   0.0003085900   -0.0000478900    0.0181092100
   0.0003426800    0.0001043000    0.0181679300
   0.0001744600   -0.0000001100   -0.0215487500
  -0.0000072500    0.0000181900   -0.0215177500
  -0.0000718000    0.0000193100   -0.0215131000
  -0.0000668500   -0.0000078500   -0.0214831700
  -0.0000324000   -0.0000840300   -0.0214438400
   0.0000652400   -0.0000728000   -0.0215207700
  -0.0000362800   -0.0000251400   -0.0215309900
  -0.0000616600    0.0000003900   -0.0214967100
  -0.0000298800    0.0000207900   -0.0214701400
   0.0001091500    0.0001264500   -0.0214410600
   0.0000157100   -0.0000609400   -0.0215130400
  -0.0000250500   -0.0000214900   -0.0215033300
  -0.0000263100    0.0000201300   -0.0214901000
   0.0000077000    0.0000497400   -0.0214834300
   0.0000637200    0.0000074400   -0.0214933400
   0.0000137300   -0.0000372700   -0.0214981300
   0.0000070200    0.0000031800   -0.0215005600
   0.0000008400    0.0000345200   -0.0214981400
   0.0000048100    0.0000195800   -0.0214986400
   0.0000083500   -0.0000225700   -0.0214908400
   0.0000411500   -0.0000122900   -0.0214833400
   0.0001104300    0.0000220900   -0.0214779400
  -0.0000156800    0.0000452500   -0.0215128600
  -0.0000297400    0.0000017800   -0.0214946800
  -0.0000294300   -0.0000538900   -0.0214737400
   0.0000494700   -0.0000001900   -0.0144130700
   0.0000190000    0.0000141900   -0.0144520200
  -0.0000366400    0.0000011000   -0.0144348200
  -0.0000499400    0.0000085100   -0.0143660600
   0.0000508500   -0.0000409100   -0.0144125600
   0.0000432000    0.0000020400   -0.0144483700
  -0.0000211200   -0.0000120900   -0.0144427700
  -0.0000418200    0.0000016200   -0.0144067100
  -0.0000261600    0.0000143900   -0.0143673800
   0.0000820300   -0.0000170600   -0.0144160600
   0.0000016200   -0.0000242800   -0.0144442600
  -0.0000208200   -0.0000125300   -0.0144168500
  -0.0000242800    0.0000099100   -0.0143964000
  -0.0000134400    0.0000300400   -0.0143567000
   0.0000925700    0.0000042100   -0.0143962300
   0.0000031100   -0.0000292600   -0.0144099100
  -0.0000005200   -0.0000033800   -0.0144050200
   0.0000010000    0.0000121600   -0.0143908000
   0.0000153700    0.0000174800   -0.0144006600
   0.0000166600   -0.0000189800   -0.0144075700
   0.0000132400    0.0000051200   -0.0144286700
   0.0000203600    0.0000349100   -0.0144358000
   0.0000141000    0.0000447900   -0.0144217200
  -0.0000155800    0.0000003500   -0.0144040800
   0.0000061800   -0.0000501700   -0.0143704700
   0.0046875300    0.0028209800    0.0122174500
  -0.0000256100   -0.0003189100    0.0164117700
  -0.0002432100   -0.0000421600    0.0157199700
  -0.0006883200    0.0001614700    0.0153544900
  -0.0010886100    0.0005158000    0.0157622300
  -0.0001498400    0.0001951500    0.0163964100
  -0.0001620100   -0.0000605500    0.0157394700
  -0.0002167400    0.0000908100    0.0156268600
  -0.0003462600    0.0004567600    0.0153692100
   0.0008781000    0.0002953500    0.0160457600
  -0.0001074800   -0.0000789600    0.0158078200
  -0.0000583200   -0.0000321700    0.0156833100
  -0.0000347900    0.0001198400    0.0156319400
   0.0001079900    0.0001652500    0.0156288700
   0.0001238700   -0.0000219400    0.0157630400
  -0.0002149500   -0.0003988000    0.0158668900
   0.0002527300   -0.0001005500    0.0158969200
   0.0000694100    0.0000979800    0.0157033500
  -0.0000342900   -0.0000005500    0.0156320600
  -0.0000477600   -0.0001851900    0.0156886000
  -0.0001965900   -0.0033320200    0.0139939300
   0.0003924100    0.0002811500    0.0164679000
  -0.0000737300    0.0000374600    0.0157705100
  -0.0002067600   -0.0000964100    0.0156213100
  -0.0001217300   -0.0005762600    0.0156224000
   0.0356158800    0.0183296400    0.0536721200
  -0.0017065500    0.0003578200    0.0217519900
  -0.0006140100    0.0000990900    0.0210624200
  -0.0001430600    0.0002387900    0.0211897100
   0.0030211500    0.0005620500    0.0216260500
  -0.0005234600   -0.0022180800    0.0220792400
  -0.0003196500   -0.0001086500    0.0209967100
  -0.0002772000    0.0000830900    0.0208912600
  -0.0002594200    0.0005627000    0.0208650100
   0.0009041900   -0.0002896100    0.0213971600
   0.0000428200   -0.0003799900    0.0212338400
  -0.0001321700    0.0000238000    0.0209440900
  -0.0001292200    0.0002794500    0.0208913700
   0.0001429900   -0.0000552200    0.0210003200
   0.0001577600   -0.0001129700    0.0209369000
   0.0011447000    0.0007897800    0.0217980500
  -0.0001554700    0.0002639100    0.0211456500
  -0.0001819100    0.0002979500    0.0210442200
  -0.0000427200   -0.0000006200    0.0208982600
  -0.0000298900   -0.0002283300    0.0208928700
   0.0039318800   -0.0185125400    0.0374394600
  -0.0005522700    0.0008412700    0.0217829600
  -0.0002991100    0.0001524300    0.0210123900
  -0.0001621700   -0.0000569000    0.0209244600
  -0.0000587100   -0.0005552100    0.0210105600

76   
 -0.0068612321144663   0.0000000000000000  -0.0072748535292070
   0.0003922800    0.0000440700   -0.0170365800
   0.0000581100    0.0001441200   -0.0171655600
  -0.0001531700    0.0000911300   -0.0171126800
  -0.0001213600    0.0000084300   -0.0171170900
  -0.0002020200   -0.0000885200   -0.0171658700
   0.0003119700   -0.0001956200   -0.0171009300
  -0.0000487000   -0.0000602300   -0.0171842300
  -0.0001049500    0.0000009300   -0.0171227600
  -0.0000999300   -0.0000026500   -0.0171145500
  -0.0000588200    0.0000609000   -0.0170344900
   0.0000607000   -0.0002030900   -0.0170958400
  -0.0000256200   -0.0000793100   -0.0171278800
  -0.0000507600   -0.0000023900   -0.0171147800
  -0.0000255900    0.0000687800   -0.0171095500
   0.0000301000    0.0002376900   -0.0171827300
   0.0000190500   -0.0000831800   -0.0171149900
   0.0000011000   -0.0000292900   -0.0171237800
  -0.0000042600    0.0000278400   -0.0171137600
   0.0000005800    0.0000680100   -0.0171191800
  -0.0000165400    0.0000000700   -0.0171130900
   0.0000379800   -0.0000632400   -0.0171223600
   0.0000513300   -0.0000078400   -0.0171094900
   0.0000558700    0.0000130900   -0.0171561800
  -0.0000633000    0.0000246800   -0.0171146100
  -0.0000672000   -0.0000315000   -0.0171115000
  -0.0000491300   -0.0000326800   -0.0197450700
   0.0000397300   -0.0000232900   -0.0197704000
   0.0000246600   -0.0000125900   -0.0197747200
  -0.0000466000   -0.0000086400   -0.0197044200
   0.0000366800    0.0000139800   -0.0196024600
   0.0000033000    0.0000490800   -0.0197576500
   0.0000266100    0.0000044700   -0.0197935800
  -0.0000223300   -0.0000117300   -0.0197330000
  -0.0000324700    0.0000137000   -0.0196765700
   0.0000213600   -0.0000059900   -0.0196124200
   0.0000259900    0.0000282900   -0.0197789900
  -0.0000103800   -0.0000094100   -0.0197383100
  -0.0000222000   -0.0000022900   -0.0197040900
  -0.0000211800    0.0000103000   -0.0196712100
   0.0000267100   -0.0000464800   -0.0195980600
  -0.0000068900   -0.0000252000   -0.0197222600
  -0.0000018000   -0.0000198700   -0.0197101100
  -0.0000022400    0.0000031800   -0.0196993500
   0.0000038800    0.0000269500   -0.0196866300
   0.0000050600    0.0000070400   -0.0196995900
   0.0000133300   -0.0000201600   -0.0196930300
   0.0000147900   -0.0000052800   -0.0197030500
   0.0000021200    0.0000228300   -0.0196842400
  -0.0000116100    0.0000073800   -0.0197123600
  -0.0000277800   -0.0000212100   -0.0196869400
  -0.0017158500   -0.0000057300   -0.0357488300
   0.0026394500   -0.0011800800    0.0202140400
  -0.0001119000   -0.0001906200    0.0185021500
  -0.0004068200   -0.0001917200    0.0182756900
  -0.0005463500   -0.0003279300    0.0172831600
   0.0003635200    0.0026537700    0.0200919600
   0.0000789000   -0.0000496500    0.0185680800
  -0.0001962700    0.0000190500    0.0182738000
  -0.0002586900    0.0002402800    0.0182248700
   0.0000708300    0.0008527400    0.0174091100
  -0.0001336300    0.0000930900    0.0185842300
  -0.0000244000   -0.0001014200    0.0183083200
  -0.0000613900    0.0000757000    0.0182391400
   0.0000455700    0.0003461000    0.0181931800
   0.0001527500    0.0002535700    0.0183931000
  -0.0002792100   -0.0001581700    0.0184711500
   0.0001612000   -0.0001967000    0.0183964000
   0.0001938800    0.0000877300    0.0183063100
  -0.0000026100    0.0001102100    0.0182941000
  -0.0000936300   -0.0000620000    0.0182548100
  -0.0012269800   -0.0009520300    0.0186291600
   0.0016690000   -0.0010619800    0.0188769700
   0.0001284100    0.0000116300    0.0185357100
  -0.0001973200   -0.0000549000    0.0182746000
  -0.0003139900   -0.0002719500    0.0182507300
   0.0508911300    0.0000963600    0.1047065600
  -0.0060818000    0.0037797900    0.0209988700
  -0.0008219000    0.0006236400    0.0188467200
  -0.0004901500    0.0000531300    0.0185337300
  -0.0042025500   -0.0002561200    0.0192156600
   0.0018476700   -0.0071513900    0.0219889000
  -0.0007454000   -0.0003445000    0.0187134800
  -0.0003012000   -0.0000566700    0.0183849000
  -0.0003256900    0.0000977600    0.0183351200
  -0.0002563100    0.0037390500    0.0182168800
   0.0005540800   -0.0011771500    0.0190455500
  -0.0002133800   -0.0000528100    0.0184237500
  -0.0001195200    0.0001028500    0.0183460700
   0.0001297900    0.0005446300    0.0183344500
  -0.0001537600   -0.0002324000    0.0185234700
   0.0007197600   -0.0003198700    0.0188889700
  -0.0001526500    0.0002403000    0.0185242500
  -0.0000367600    0.0002624400    0.0184911800
  -0.0002078300    0.0000519000    0.0184290000
  -0.0001257200   -0.0001035400    0.0183405600
   0.0028051400   -0.0014682300    0.0210984600
  -0.0012152500    0.0013532900    0.0191097600
  -0.0007352100    0.0003336200    0.0187210200
  -0.0003014400    0.0000452600    0.0183848400
  -0.0003353300   -0.0001069300    0.0183265200
  -0.0001670600   -0.0000020900   -0.0214202200
   0.0000132000   -0.0000208000   -0.0214517000
   0.0000785900   -0.0000219900   -0.0214559200
   0.0000739900    0.0000050500   -0.0214856100
   0.0000402600    0.0000819700   -0.0215264400
  -0.0000588300    0.0000697100   -0.0214488600
   0.0000427500    0.0000227400   -0.0214377400
   0.0000684900   -0.0000029000   -0.0214722400
   0.0000367900   -0.0000238200   -0.0214988600
  -0.0001022100   -0.0001307200   -0.0215295200
  -0.0000089800    0.0000578500   -0.0214560200
   0.0000317200    0.0000189300   -0.0214656000
   0.0000328200   -0.0000228500   -0.0214790000
  -0.0000006400   -0.0000524500   -0.0214857400
  -0.0000566300   -0.0000100700   -0.0214755300
  -0.0000068900    0.0000344000   -0.0214709300
  -0.0000002500   -0.0000059200   -0.0214683200
   0.0000061300   -0.0000371100   -0.0214706600
   0.0000020900   -0.0000222700   -0.0214703000
  -0.0000017400    0.0000196200   -0.0214782300
  -0.0000339700    0.0000099600   -0.0214857700
  -0.0001042600   -0.0000243900   -0.0214920800
   0.0000226900   -0.0000483500   -0.0214560000
   0.0000366600   -0.0000044800   -0.0214742200
   0.0000359000    0.0000513100   -0.0214950100
  -0.0000425200   -0.0000021600   -0.0143659200
  -0.0000124000   -0.0000165400   -0.0143273400
   0.0000437500   -0.0000032800   -0.0143441900
   0.0000566400   -0.0000107900   -0.0144131400
  -0.0000435300    0.0000385000   -0.0143671000
  -0.0000365600   -0.0000047400   -0.0143310200
   0.0000279800    0.0000096200   -0.0143362200
   0.0000486300   -0.0000043800   -0.0143725200
   0.0000332700   -0.0000171500   -0.0144115200
  -0.0000748200    0.0000140600   -0.0143633600
   0.0000054600    0.0000215700   -0.0143347200
   0.0000275400    0.0000098000   -0.0143620200
   0.0000310800   -0.0000123000   -0.0143827300
   0.0000205400   -0.0000325400   -0.0144227000
  -0.0000855700   -0.0000068500   -0.0143830500
   0.0000039100    0.0000262800   -0.0143691100
   0.0000076200    0.0000006100   -0.0143737800
   0.0000058000   -0.0000147400   -0.0143880100
  -0.0000083500   -0.0000201700   -0.0143784700
  -0.0000097300    0.0000163000   -0.0143716200
  -0.0000062200   -0.0000073500   -0.0143509200
  -0.0000131900   -0.0000373900   -0.0143434700
  -0.0000072800   -0.0000476700   -0.0143571600
   0.0000225300   -0.0000031600   -0.0143749700
   0.0000006100    0.0000474700   -0.0144086900
  -0.0046645100   -0.0028110900    0.0188644000
   0.0000299000    0.0003155100    0.0146905100
   0.0002498000    0.0000397000    0.0153799300
   0.0006961600   -0.0001654800    0.0157480300
   0.0010524900   -0.0004915800    0.0152875800
   0.0001541400   -0.0001991600    0.0147065000
   0.0001683700    0.0000574300    0.0153604100
   0.0002229500   -0.0000942700    0.0154729600
   0.0003525000   -0.0004594600    0.0157312700
  -0.0008688300   -0.0002993800    0.0150575600
   0.0001139100    0.0000759200    0.0152920600
   0.0000642700    0.0000289700    0.0154168500
   0.0000414700   -0.0001227400    0.0154674900
  -0.0001006400   -0.0001679300    0.0154710700
  -0.0001176400    0.0000187700    0.0153369200
   0.0002205200    0.0003960700    0.0152343900
  -0.0002459500    0.0000959300    0.0152015900
  -0.0000621600   -0.0001005500    0.0153965300
   0.0000409100   -0.0000025000    0.0154680400
   0.0000541100    0.0001821400    0.0154116300
   0.0002030500    0.0033016000    0.0170801800
  -0.0003847700   -0.0002807200    0.0146349600
   0.0000800700   -0.0000406400    0.0153295600
   0.0002133400    0.0000935700    0.0154784800
   0.0001278300    0.0005744700    0.0154790700
  -0.0341504900   -0.0173809300   -0.0111930000
   0.0017153000   -0.0003600800    0.0198662000
   0.0006208600   -0.0001019500    0.0205536500
   0.0001467400   -0.0002433500    0.0204230500
  -0.0028448800   -0.0006301700    0.0199092200
   0.0005294900    0.0022103300    0.0195426100
   0.0003254300    0.0001059000    0.0206194900
   0.0002833100   -0.0000865800    0.0207247400
   0.0002634100   -0.0005591800    0.0207492700
  -0.0008936000    0.0002788700    0.0202227300
  -0.0000359700    0.0003764900    0.0203834200
   0.0001378900   -0.0000269700    0.0206721900
   0.0001368200   -0.0002818700    0.0207243400
  -0.0001353100    0.0000515600    0.0206168500
  -0.0001510700    0.0001099800    0.0206796700
  -0.0011357100   -0.0007910600    0.0198210000
   0.0001661100   -0.0002736400    0.0204703400
   0.0001884300   -0.0002997400    0.0205729700
   0.0000493800   -0.0000025700    0.0207182400
   0.0000362000    0.0002250700    0.0207233500
  -0.0039923900    0.0183621600    0.0041577000
   0.0005582200   -0.0008397700    0.0198388700
   0.0003055000   -0.0001556100    0.0206042100
   0.0001687200    0.0000539900    0.0206918700
   0.0000638000    0.0005515000    0.0206057000

101  
  0.0068612321144663   0.0000000000000000   0.0072748535292070
   0.0022532700   -0.0010360900   -0.0155326300
   0.0364399600   -0.0188094600    0.0150241100
  -0.0006183900    0.0004865000   -0.0172114800
  -0.0006082900   -0.0002246500   -0.0168801400
  -0.0012156100   -0.0016673600   -0.0157323600
   0.0039561800    0.0194411900   -0.0004559000
   0.0001067200   -0.0004740900   -0.0167822500
  -0.0001806900   -0.0001403000   -0.0170377900
  -0.0002754500    0.0002369600   -0.0169091800
  -0.0007007400    0.0009036600   -0.0163114000
   0.0001450400   -0.0003408600   -0.0170905000
  -0.0000256700   -0.0001808000   -0.0170453800
  -0.0000432000   -0.0000156800   -0.0170439400
  -0.0001853600    0.0001667300   -0.0169016500
   0.0008473000    0.0014064500   -0.0158499600
  -0.0002230500   -0.0002375900   -0.0169612700
   0.0001795900   -0.0002022000   -0.0169809900
   0.0001142200    0.0000248500   -0.0169659600
   0.0001423500    0.0004179000   -0.0167971000
  -0.0001309900    0.0000496700   -0.0169991200
  -0.0010367700   -0.0002330900   -0.0163499000
   0.0008963500   -0.0004790300   -0.0165469500
   0.0002636900    0.0002643400   -0.0165886900
  -0.0002407400    0.0000481700   -0.0170184700
  -0.0003530400   -0.0001433300   -0.0169795900
  -0.0000538600    0.0000701600   -0.0185877200
   0.0037132700   -0.0022796500   -0.0239624000
  -0.0009506300    0.0003674000   -0.0196811900
  -0.0002604500    0.0001053500   -0.0195536100
   0.0002048200    0.0002283400   -0.0191139600
  -0.0002054600    0.0021551000   -0.0212708900
  -0.0003179900   -0.0007261900   -0.0194413500
  -0.0002378700   -0.0000348000   -0.0196254300
  -0.0000557800    0.0000817400   -0.0195233200
   0.0006008800    0.0001633400   -0.0190076600
  -0.0000037000   -0.0006580100   -0.0196060400
   0.0000029500   -0.0002826800   -0.0196179600
  -0.0000309500   -0.0000154800   -0.0196355000
   0.0000261800    0.0000549000   -0.0195305200
   0.0000312000   -0.0006857500   -0.0191878500
   0.0000243100   -0.0001795800   -0.0195867800
   0.0002098500   -0.0000405000   -0.0195668100
   0.0000512200    0.0001285800   -0.0195814100
  -0.0001852400    0.0000283200   -0.0195195200
  -0.0000676000   -0.0001002100   -0.0195881200
   0.0003088300    0.0000217600   -0.0193224500
   0.0009116400    0.0005163800   -0.0192240300
  -0.0008122600    0.0006356000   -0.0194713400
  -0.0002768000    0.0001057200   -0.0196066900
  -0.0001295500   -0.0000508300   -0.0195696900
   0.0000267500   -0.0000153700    0.0181059800
   0.0000184500   -0.0000187400    0.0181460000
  -0.0000181000   -0.0000151000    0.0181334800
  -0.0000165700   -0.0000085500    0.0180910900
   0.0000489800    0.0000155800    0.0180264700
   0.0000266300   -0.0000177200    0.0181364700
  -0.0000011900   -0.0000279500    0.0181412400
  -0.0000139800   -0.0000172500    0.0181181000
   0.0000044100   -0.0000061000    0.0180764800
   0.0000181100   -0.0000530600    0.0180361200
   0.0000083900   -0.0000375500    0.0181244300
   0.0000049400   -0.0000264400    0.0181221200
   0.0000082300   -0.0000026700    0.0181139900
   0.0000030700    0.0000017600    0.0180999600
   0.0000102200   -0.0000160400    0.0181080000
   0.0000175400   -0.0000282100    0.0181033300
   0.0000205400   -0.0000120400    0.0181088300
   0.0000105000   -0.0000046600    0.0181210100
  -0.0000077100   -0.0000078400    0.0181198200
  -0.0000065200   -0.0000236000    0.0181123000
   0.0000471400   -0.0000167000    0.0180768800
   0.0000081000   -0.0000015100    0.0180958600
  -0.0000034200   -0.0000074700    0.0181309800
  -0.0000208100   -0.0000146800    0.0181161600
  -0.0000025000   -0.0000227400    0.0180852500
   0.0001745300   -0.0000157100    0.0181521000
   0.0000184000   -0.0000034000    0.0182094600
  -0.0000540400   -0.0000159300    0.0182064100
  -0.0000853300   -0.0000328600    0.0182021100
  -0.0000586500   -0.0000792100    0.0182335000
   0.0000725800   -0.0000761400    0.0181887800
  -0.0000019500   -0.0000533300    0.0182024700
  -0.0000297700   -0.0000108100    0.0182075400
  -0.0000431100    0.0000459900    0.0182154200
   0.0000787100    0.0001371500    0.0182537100
   0.0000072100   -0.0000553100    0.0182103900
   0.0000105100   -0.0000386000    0.0182093600
   0.0000022100    0.0000031900    0.0182058000
   0.0000071500    0.0000606000    0.0181981800
   0.0000070600    0.0000215300    0.0182017100
  -0.0000040400   -0.0000577400    0.0182081100
   0.0000633700   -0.0000392300    0.0182089900
   0.0000273000    0.0000089100    0.0182005400
  -0.0000186000    0.0000095500    0.0182051200
  -0.0000327900   -0.0000320100    0.0182063800
   0.0000459900   -0.0000461200    0.0182009700
   0.0001286500   -0.0000247100    0.0182420500
  -0.0000011500   -0.0000105500    0.0182044500
  -0.0000617200   -0.0000234900    0.0182057000
  -0.0000648400   -0.0000568400    0.0181988900
  -0.0601828500    0.0034278500   -0.0672669400
   0.0034308900   -0.0003909900   -0.0210440800
   0.0007926200   -0.0000383700   -0.0215652700
   0.0012998000    0.0001820100   -0.0220463600
   0.0067921100    0.0012942800   -0.0242541500
   0.0001801500    0.0017084600   -0.0214659400
   0.0001678100    0.0001821800   -0.0216622700
   0.0002007400   -0.0000245900   -0.0216211300
   0.0002021400   -0.0002307600   -0.0218189900
   0.0010852000   -0.0051663200   -0.0238383000
   0.0001123100    0.0003396400   -0.0216143600
   0.0000608500    0.0000653800   -0.0216062700
   0.0000775600   -0.0000864200   -0.0216360300
   0.0002164100   -0.0009007400   -0.0219987600
  -0.0001730100   -0.0001114200   -0.0217402600
   0.0003673200    0.0005604400   -0.0218552700
  -0.0001723400    0.0000031600   -0.0217406200
  -0.0000401000   -0.0002364600   -0.0217582600
   0.0000531800   -0.0001006300   -0.0216134700
   0.0000846700    0.0000510600   -0.0216288000
   0.0018870300    0.0029699000   -0.0230703400
  -0.0006368300   -0.0005078300   -0.0222329100
   0.0001008800   -0.0001741000   -0.0217259600
   0.0002005000    0.0000025500   -0.0216210400
   0.0002674000    0.0002387600   -0.0217547600
  -0.0009054800   -0.0000137700   -0.0148880300
   0.0013434200    0.0008954200   -0.0129592000
   0.0003790800   -0.0000335400   -0.0145150500
   0.0002012800   -0.0001126300   -0.0146505500
  -0.0004145000    0.0000432200   -0.0146029700
   0.0006369100    0.0004729600   -0.0137795300
   0.0002444300    0.0002215800   -0.0145802700
   0.0001684000   -0.0000238400   -0.0145272400
   0.0000168500   -0.0001202900   -0.0147494500
  -0.0010771800    0.0005332300   -0.0137861000
   0.0000315800    0.0001925100   -0.0145006100
   0.0000388400    0.0000593300   -0.0145194400
   0.0000537800   -0.0000814400   -0.0145350200
   0.0000437500   -0.0000115800   -0.0146655300
  -0.0001468500    0.0001044800   -0.0146615400
  -0.0000535000    0.0001239800   -0.0145683900
  -0.0001652300   -0.0001473400   -0.0146650000
   0.0001359500   -0.0002508000   -0.0145975700
   0.0000643700   -0.0000774600   -0.0145350200
   0.0000399400    0.0000604100   -0.0145158300
  -0.0002408200   -0.0001983800   -0.0145992300
  -0.0002004100   -0.0018405100   -0.0129620000
   0.0002365800   -0.0002372200   -0.0145692000
   0.0001715200   -0.0000297800   -0.0145252100
   0.0000286600    0.0000856600   -0.0147536000
  -0.0000203500   -0.0000158900    0.0155265500
   0.0000193700   -0.0000148300    0.0155142400
   0.0000426300   -0.0000185000    0.0155266300
   0.0000402300   -0.0000362600    0.0155651700
  -0.0000385700   -0.0000046100    0.0155318900
  -0.0000008300   -0.0000000100    0.0155126600
   0.0000288600   -0.0000064600    0.0155169300
   0.0000354600   -0.0000285200    0.0155371300
   0.0000268800   -0.0000389000    0.0155664900
  -0.0000566500   -0.0000267300    0.0155537100
   0.0000077100    0.0000047200    0.0155238700
   0.0000130400   -0.0000114800    0.0155272300
   0.0000131000   -0.0000323600    0.0155290800
   0.0000022000   -0.0000283100    0.0155327400
  -0.0000019600   -0.0000067900    0.0155262000
  -0.0000081500    0.0000084200    0.0155380300
  -0.0000010500   -0.0000116800    0.0155408800
   0.0000113800   -0.0000302100    0.0155228400
   0.0000187700   -0.0000155900    0.0155258100
   0.0000129600    0.0000046200    0.0155361500
  -0.0000194200   -0.0000259100    0.0155292900
  -0.0000158300   -0.0000391900    0.0155346600
   0.0000277000   -0.0000234100    0.0155196200
   0.0000334700   -0.0000090100    0.0155391700
   0.0000040100    0.0000196700    0.0155729800
  -0.0000947600   -0.0000220300    0.0208155900
   0.0000271800   -0.0000108400    0.0207794300
   0.0000603200   -0.0000179000    0.0207878700
   0.0000360900   -0.0000286400    0.0208064600
   0.0003142600   -0.0002435900    0.0213227700
   0.0000001800    0.0000100800    0.0207837900
   0.0000293500   -0.0000048800    0.0207839300
   0.0000378000   -0.0000308300    0.0207896900
   0.0000122200   -0.0000441500    0.0208025300
  -0.0000341600   -0.0000186000    0.0207781500
   0.0000109900    0.0000127700    0.0207883700
   0.0000113300   -0.0000105900    0.0207868600
   0.0000154100   -0.0000412600    0.0207874700
   0.0000006100   -0.0000337600    0.0207853400
   0.0000001000   -0.0000092000    0.0207918900
  -0.0000136300    0.0000033000    0.0207974400
  -0.0000105400   -0.0000224100    0.0207886800
   0.0000104200   -0.0000351000    0.0207819800
   0.0000247700   -0.0000156400    0.0207869000
   0.0000205600    0.0000104800    0.0207950900
  -0.0000819300    0.0002208700    0.0210707400
  -0.0000108900   -0.0000290300    0.0207892400
   0.0000329000   -0.0000207200    0.0207852900
   0.0000437200   -0.0000046900    0.0207919000
  -0.0000055900    0.0000012000    0.0207671000

101  
 -0.0068612321144663   0.0000000000000000  -0.0072748535292070
  -0.0021360400    0.0010429800   -0.0187973700
  -0.0350024200    0.0178555200   -0.0484573100
   0.0006248300   -0.0005030900   -0.0170494000
   0.0006147000    0.0002093000   -0.0173849900
   0.0012186800    0.0016579000   -0.0185369200
  -0.0040103000   -0.0192479600   -0.0338232500
  -0.0000956200    0.0004581400   -0.0174808900
   0.0001867100    0.0001210800   -0.0172256100
   0.0002800300   -0.0002576500   -0.0173548000
   0.0006994200   -0.0009274300   -0.0179529700
  -0.0001395100    0.0003239500   -0.0171736900
   0.0000312600    0.0001633500   -0.0172182100
   0.0000485700   -0.0000025600   -0.0172197600
   0.0001903000   -0.0001843300   -0.0173623100
  -0.0008416700   -0.0014184400   -0.0184092100
   0.0002293200    0.0002204600   -0.0173033100
  -0.0001752800    0.0001847300   -0.0172827000
  -0.0001099400   -0.0000432400   -0.0172977100
  -0.0001341400   -0.0004347000   -0.0174648000
   0.0001367800   -0.0000669300   -0.0172647200
   0.0010443500    0.0002143000   -0.0179164800
  -0.0008978800    0.0004593100   -0.0177170600
  -0.0002507200   -0.0002799700   -0.0176645600
   0.0002467500   -0.0000655500   -0.0172448600
   0.0003591200    0.0001263500   -0.0172844200
   0.0000713700   -0.0000773900   -0.0208200200
  -0.0036685600    0.0022284700   -0.0154569600
   0.0009532500   -0.0003841600   -0.0197532500
   0.0002647700   -0.0001235800   -0.0198807300
  -0.0002047100   -0.0002493500   -0.0203221000
   0.0001981700   -0.0021658200   -0.0181343600
   0.0003277500    0.0007034800   -0.0199899500
   0.0002431600    0.0000162100   -0.0198079700
   0.0000606400   -0.0000995700   -0.0199104900
  -0.0005955500   -0.0001764800   -0.0204256600
   0.0000090600    0.0006436600   -0.0198282400
   0.0000031000    0.0002642000   -0.0198151500
   0.0000365500   -0.0000023500   -0.0197979100
  -0.0000203900   -0.0000717100   -0.0199029800
  -0.0000254100    0.0006700600   -0.0202459000
  -0.0000197900    0.0001622300   -0.0198471400
  -0.0002035400    0.0000224000   -0.0198663400
  -0.0000443100   -0.0001455400   -0.0198515600
   0.0001899400   -0.0000451800   -0.0199133700
   0.0000730000    0.0000829200   -0.0198452900
  -0.0003085400   -0.0000418400   -0.0201126700
  -0.0008961200   -0.0005340900   -0.0202073300
   0.0008144300   -0.0006502700   -0.0199613500
   0.0002815000   -0.0001223000   -0.0198264000
   0.0001342900    0.0000334500   -0.0198642900
  -0.0000215200   -0.0000022500    0.0181494500
  -0.0000128600    0.0000009200    0.0181088800
   0.0000235300   -0.0000025200    0.0181212300
   0.0000221800   -0.0000089200    0.0181633700
  -0.0000436300   -0.0000337000    0.0182283900
  -0.0000213800    0.0000003900    0.0181186100
   0.0000068100    0.0000101900    0.0181133100
   0.0000193600   -0.0000004100    0.0181364900
   0.0000012600   -0.0000115800    0.0181778200
  -0.0000121400    0.0000360600    0.0182188400
  -0.0000027600    0.0000197100    0.0181300500
   0.0000004300    0.0000085200    0.0181324100
  -0.0000027100   -0.0000151300    0.0181404200
   0.0000026500   -0.0000197100    0.0181543600
  -0.0000046900   -0.0000021400    0.0181464500
  -0.0000117800    0.0000105300    0.0181512600
  -0.0000148300   -0.0000053500    0.0181455000
  -0.0000052000   -0.0000126700    0.0181331300
   0.0000131900   -0.0000098600    0.0181345200
   0.0000121200    0.0000058900    0.0181420900
  -0.0000420000   -0.0000009200    0.0181785000
  -0.0000020300   -0.0000161600    0.0181590500
   0.0000088000   -0.0000099900    0.0181238100
   0.0000262100   -0.0000028500    0.0181384000
   0.0000083800    0.0000052800    0.0181692800
  -0.0001672100   -0.0000025800    0.0182880700
  -0.0000140400   -0.0000139200    0.0182329800
   0.0000593300   -0.0000016400    0.0182359800
   0.0000909800    0.0000151700    0.0182405600
   0.0000643900    0.0000622700    0.0182073100
  -0.0000669600    0.0000562100    0.0182533000
   0.0000072200    0.0000353300    0.0182399700
   0.0000353700   -0.0000071600    0.0182348500
   0.0000486500   -0.0000640900    0.0182271600
  -0.0000737800   -0.0001559200    0.0181864700
  -0.0000016400    0.0000372200    0.0182322300
  -0.0000049300    0.0000210300    0.0182331000
   0.0000031600   -0.0000207700    0.0182367000
  -0.0000014800   -0.0000782700    0.0182443800
  -0.0000014200   -0.0000394300    0.0182408300
   0.0000097600    0.0000403300    0.0182343600
  -0.0000582700    0.0000215600    0.0182336300
  -0.0000216100   -0.0000264400    0.0182423100
   0.0000242700   -0.0000270200    0.0182375300
   0.0000384300    0.0000144500    0.0182362500
  -0.0000385600    0.0000294500    0.0182406600
  -0.0001243000    0.0000082200    0.0181996800
   0.0000062000   -0.0000065600    0.0182379000
   0.0000672100    0.0000059900    0.0182368200
   0.0000707700    0.0000394800    0.0182437100
   0.0576001600    0.0008008300    0.0293718500
  -0.0033806700    0.0003703600   -0.0219808400
  -0.0007855300    0.0000213400   -0.0214573800
  -0.0013008000   -0.0002003500   -0.0209734500
  -0.0068433400   -0.0013138600   -0.0187527300
  -0.0001792300   -0.0017178800   -0.0215582800
  -0.0001635900   -0.0001993100   -0.0213595400
  -0.0001947800    0.0000076500   -0.0214006200
  -0.0001931400    0.0002137900   -0.0212029300
  -0.0010644600    0.0051326700   -0.0191813900
  -0.0001068600   -0.0003576800   -0.0214074400
  -0.0000552300   -0.0000828000   -0.0214154700
  -0.0000716800    0.0000688800   -0.0213858700
  -0.0002120100    0.0008828400   -0.0210248600
   0.0001789200    0.0000935700   -0.0212808200
  -0.0003631400   -0.0005804000   -0.0211658400
   0.0001796800   -0.0000205800   -0.0212812500
   0.0000426300    0.0002196700   -0.0212668800
  -0.0000480400    0.0000824300   -0.0214085100
  -0.0000794700   -0.0000694700   -0.0213927500
  -0.0018847800   -0.0029973600   -0.0199436000
   0.0006252100    0.0005121700   -0.0207953200
  -0.0000963900    0.0001560600   -0.0212968200
  -0.0001951100   -0.0000206600   -0.0214005300
  -0.0002621300   -0.0002570700   -0.0212650800
   0.0009069400   -0.0000006700   -0.0139529700
  -0.0013259700   -0.0009009800   -0.0158578200
  -0.0003723900    0.0000170800   -0.0143128400
  -0.0001948100    0.0000961700   -0.0141774000
   0.0004253700   -0.0000634100   -0.0142323200
  -0.0006318900   -0.0004918900   -0.0150522900
  -0.0002397400   -0.0002381600   -0.0142490300
  -0.0001626600    0.0000063700   -0.0143014300
  -0.0000101000    0.0001016900   -0.0140787200
   0.0010793100   -0.0005500300   -0.0150411900
  -0.0000258400   -0.0002107100   -0.0143272800
  -0.0000336000   -0.0000768600   -0.0143091700
  -0.0000482900    0.0000638800   -0.0142936400
  -0.0000378500   -0.0000064800   -0.0141635000
   0.0001528700   -0.0001225300   -0.0141665900
   0.0000599800   -0.0001414900   -0.0142595500
   0.0001695600    0.0001297900   -0.0141639800
  -0.0001301700    0.0002321200   -0.0142310400
  -0.0000586100    0.0000591300   -0.0142940300
  -0.0000340700   -0.0000782300   -0.0143127200
   0.0002460700    0.0001879800   -0.0142373900
   0.0002026800    0.0018030800   -0.0158517800
  -0.0002302400    0.0002184200   -0.0142595800
  -0.0001653200    0.0000116100   -0.0143031500
  -0.0000222700   -0.0001036800   -0.0140732800
   0.0000255600   -0.0000018400    0.0155207800
  -0.0000139800   -0.0000029400    0.0155335200
  -0.0000372200    0.0000008900    0.0155212100
  -0.0000354400    0.0000188500    0.0154823600
   0.0000434700   -0.0000133300    0.0155157500
   0.0000062100   -0.0000176600    0.0155348100
  -0.0000232300   -0.0000113500    0.0155306500
  -0.0000302500    0.0000104700    0.0155106200
  -0.0000225800    0.0000213500    0.0154807800
   0.0000622500    0.0000095700    0.0154930600
  -0.0000022900   -0.0000225100    0.0155235800
  -0.0000078700   -0.0000062300    0.0155207900
  -0.0000077700    0.0000147800    0.0155184300
   0.0000029200    0.0000106300    0.0155149700
   0.0000069500   -0.0000110600    0.0155211600
   0.0000135300   -0.0000271600    0.0155091700
   0.0000064800   -0.0000068900    0.0155062300
  -0.0000062000    0.0000118800    0.0155247400
  -0.0000135800   -0.0000024400    0.0155218400
  -0.0000078900   -0.0000225400    0.0155115400
   0.0000249000    0.0000080500    0.0155184000
   0.0000212000    0.0000211800    0.0155125000
  -0.0000224800    0.0000054300    0.0155279000
  -0.0000281700   -0.0000087800    0.0155081900
   0.0000009600   -0.0000376000    0.0154738800
   0.0000992600    0.0000048800    0.0207515500
  -0.0000215500   -0.0000066300    0.0207859200
  -0.0000544600    0.0000002500    0.0207774400
  -0.0000309200    0.0000108400    0.0207589400
  -0.0003178900    0.0002327200    0.0202272800
   0.0000052400   -0.0000273300    0.0207817100
  -0.0000238500   -0.0000125500    0.0207813400
  -0.0000323500    0.0000128800    0.0207755400
  -0.0000069900    0.0000266800    0.0207637100
   0.0000392800    0.0000011500    0.0207872200
  -0.0000054800   -0.0000308200    0.0207768800
  -0.0000058800   -0.0000072200    0.0207785000
  -0.0000097700    0.0000235900    0.0207781000
   0.0000045700    0.0000161000    0.0207800400
   0.0000052400   -0.0000084800    0.0207737700
   0.0000190000   -0.0000216500    0.0207683200
   0.0000161700    0.0000041600    0.0207768300
  -0.0000050000    0.0000168200    0.0207833900
  -0.0000196200   -0.0000025200    0.0207786300
  -0.0000153300   -0.0000283800    0.0207702800
   0.0000882600   -0.0002429600    0.0204909800
   0.0000165000    0.0000106900    0.0207761400
  -0.0000274100    0.0000025700    0.0207802400
  -0.0000382500   -0.0000129400    0.0207734700
   0.0000103100   -0.0000188700    0.0207983200

126  
  0.0068612321144663   0.0000000000000000   0.0072748535292070
   0.0037039400    0.0022338400   -0.0213790300
  -0.0000701000   -0.0000587800   -0.0159563500
   0.0002263100   -0.0002385600   -0.0164616400
  -0.0002215800   -0.0001076000   -0.0169385300
  -0.0008974400   -0.0003720400   -0.0170923200
  -0.0001684900   -0.0021834900   -0.0186715100
   0.0006021200   -0.0001669700   -0.0163716300
  -0.0000424500   -0.0000915200   -0.0168993600
  -0.0001989100    0.0000161700   -0.0170266000
  -0.0002964200    0.0006836200   -0.0168570800
   0.0000549300    0.0006625400   -0.0165559900
   0.0000363100   -0.0000674400   -0.0169077000
  -0.0000144900   -0.0000004900   -0.0170264800
   0.0000224800    0.0002391800   -0.0170186700
   0.0000214000    0.0006160400   -0.0169992700
  -0.0001438600   -0.0000448500   -0.0169046700
   0.0000624700   -0.0001294300   -0.0169713700
   0.0002047400    0.0000309500   -0.0169552100
   0.0000420500    0.0001519100   -0.0169734600
  -0.0000380800    0.0000691100   -0.0169757300
  -0.0007714200   -0.0006359000   -0.0168712600
   0.0008896100   -0.0005179700   -0.0166148200
   0.0003180900   -0.0000317800   -0.0166840200
  -0.0001093700    0.0000410700   -0.0169497700
  -0.0002291500   -0.0001103400   -0.0170015500
   0.0351808100    0.0179236800    0.0117372900
   0.0020855000    0.0011098200   -0.0179713900
  -0.0012556100    0.0016791400   -0.0182920800
  -0.0006390800    0.0002197900   -0.0194318500
  -0.0006303400   -0.0005024100   -0.0197837000
   0.0040737600   -0.0193817200   -0.0029194500
  -0.0006894800   -0.0009671300   -0.0188516400
  -0.0002884700   -0.0002658200   -0.0194559700
  -0.0001800900    0.0001276700   -0.0195988000
   0.0001464100    0.0004781200   -0.0193592500
   0.0008761600   -0.0014683700   -0.0184293100
  -0.0001763600   -0.0002136300   -0.0194493700
  -0.0000300900   -0.0000005200   -0.0195934400
  -0.0000052300    0.0001863000   -0.0196053200
   0.0001740800    0.0003414800   -0.0196498400
   0.0001589500   -0.0004609800   -0.0193549700
   0.0001496000   -0.0000422200   -0.0195208800
   0.0002125400    0.0002031600   -0.0195339000
  -0.0002195500    0.0002420900   -0.0195106600
  -0.0001235900   -0.0000771100   -0.0195486600
   0.0002932300   -0.0002953700   -0.0191761100
   0.0009800200    0.0004849600   -0.0191053300
  -0.0010329800    0.0002515800   -0.0189047700
  -0.0003761000    0.0001458500   -0.0195231600
  -0.0002428000   -0.0000687700   -0.0195743000
   0.0000570900   -0.0000003300    0.0180968900
   0.0000233000   -0.0000028200    0.0181404600
   0.0000025400   -0.0000045200    0.0181527900
   0.0000157200    0.0000072200    0.0181196100
   0.0000327800   -0.0000000900    0.0181001500
   0.0000363300   -0.0000158000    0.0181258500
   0.0000120500   -0.0000118300    0.0181406800
   0.0000135700   -0.0000013300    0.0181501200
   0.0000245300    0.0000038500    0.0181076900
   0.0000432300    0.0000080400    0.0181147200
   0.0000226000   -0.0000251500    0.0181361400
   0.0000276600   -0.0000085700    0.0181528600
   0.0000294800    0.0000087900    0.0181472900
   0.0000264600    0.0000114900    0.0181361400
   0.0000238100   -0.0000068600    0.0181392900
   0.0000424600   -0.0000024700    0.0181196600
   0.0000318800    0.0000070300    0.0181241700
   0.0000330100    0.0000117400    0.0181526000
   0.0000135300    0.0000085500    0.0181563800
   0.0000088300   -0.0000064500    0.0181451600
   0.0000468200   -0.0000004400    0.0181058400
   0.0000440500    0.0000093500    0.0181348100
   0.0000146100    0.0000050800    0.0181579100
  -0.0000018600   -0.0000029700    0.0181508400
   0.0000259300    0.0000009300    0.0181207900
   0.0000671500   -0.0000003300    0.0182250600
   0.0000746200   -0.0000334800    0.0182208700
   0.0000122500   -0.0000275100    0.0182313000
  -0.0000607900   -0.0000386000    0.0182438400
   0.0000322100    0.0000172000    0.0181913600
   0.0000393400    0.0000049600    0.0182028500
   0.0000565200   -0.0000320600    0.0182384900
   0.0000035800   -0.0000047300    0.0182342400
   0.0000019000    0.0000628400    0.0182459000
   0.0000315700    0.0000387800    0.0182093600
   0.0000109300    0.0000252000    0.0182385400
   0.0000312500   -0.0000162300    0.0182348700
   0.0000386300    0.0000200500    0.0182337000
   0.0000311200    0.0000701500    0.0182366900
   0.0000187000    0.0000460900    0.0182332300
  -0.0000335800   -0.0000406900    0.0182446700
   0.0001112900   -0.0000318800    0.0182422200
   0.0000597000    0.0000096800    0.0182306100
   0.0000075900    0.0000171500    0.0182299900
  -0.0000143600   -0.0000049600    0.0182334500
   0.0000636900   -0.0000033900    0.0181880500
   0.0000984200   -0.0000259800    0.0182242800
   0.0000357400   -0.0000100700    0.0182307600
  -0.0000225800   -0.0000129300    0.0182316600
  -0.0000445000   -0.0000367600    0.0182356200
  -0.0008822400    0.0000010600   -0.0219415600
  -0.0003906900   -0.0000756800   -0.0216730700
   0.0002364800    0.0001032000   -0.0217344600
   0.0003800500    0.0000155300   -0.0215662300
   0.0013405600   -0.0009111900   -0.0200277100
  -0.0010618000   -0.0005331100   -0.0208698700
   0.0000529200    0.0001040600   -0.0218268700
   0.0001900500    0.0000115200   -0.0215921200
   0.0002500200   -0.0002179000   -0.0216299400
   0.0006618000   -0.0004742800   -0.0208274900
   0.0000756400    0.0000116800   -0.0217394300
   0.0000809600    0.0000626800   -0.0216036300
   0.0000608500   -0.0000748100   -0.0215805200
   0.0000447700   -0.0001963800   -0.0215608200
  -0.0001458300   -0.0001042400   -0.0217318200
   0.0001434200    0.0002165300   -0.0216554000
  -0.0001270100    0.0001129800   -0.0217282700
  -0.0000312300   -0.0001526100   -0.0216447600
   0.0000571500   -0.0000755000   -0.0215870300
   0.0000735200    0.0000648800   -0.0216008000
  -0.0001932800    0.0018034800   -0.0200491000
  -0.0002042800    0.0001870600   -0.0216524700
   0.0000590100   -0.0001191700   -0.0218405700
   0.0001871200    0.0000089500   -0.0215940700
   0.0002385800    0.0002214900   -0.0216234000
  -0.0621869500    0.0004144900   -0.0644866800
   0.0068413100   -0.0013170500   -0.0171248600
   0.0013598200   -0.0001967800   -0.0149263500
   0.0008292900    0.0000246500   -0.0144287400
   0.0034027200    0.0003666600   -0.0139196800
   0.0010570700    0.0051304400   -0.0167063700
   0.0002390200    0.0002351100   -0.0147111900
   0.0002339500    0.0000154100   -0.0144948400
   0.0001883600   -0.0002042900   -0.0145255000
   0.0001940400   -0.0017272100   -0.0143320300
   0.0002444100    0.0009042800   -0.0148706500
   0.0001042400    0.0000745400   -0.0145126300
   0.0000777600   -0.0000902500   -0.0144767000
   0.0001297600   -0.0003633100   -0.0144830100
  -0.0001657100    0.0001132100   -0.0146189100
  -0.0000177700    0.0002282000   -0.0146216000
  -0.0001666500   -0.0000308000   -0.0146183300
   0.0003934000   -0.0005991900   -0.0147313600
   0.0001105400   -0.0000720700   -0.0145074700
   0.0000725100    0.0000929600   -0.0144821200
  -0.0006203100    0.0005315900   -0.0151041200
   0.0018876900   -0.0029860900   -0.0159350800
   0.0003126100   -0.0002770400   -0.0146445900
   0.0002344200   -0.0000226400   -0.0144948100
   0.0001165100    0.0001622600   -0.0145929800
  -0.0000054600   -0.0000012000    0.0155648800
   0.0000268000    0.0000057100    0.0155574800
   0.0000539900   -0.0000055600    0.0155590700
   0.0000423000   -0.0000021600    0.0155698200
   0.0000117800   -0.0000095200    0.0155792200
   0.0000165900    0.0000044000    0.0155577900
   0.0000318700    0.0000015400    0.0155532500
   0.0000492500   -0.0000125300    0.0155619600
   0.0000205600   -0.0000207000    0.0155692800
   0.0000109300   -0.0000103200    0.0155649000
   0.0000204500    0.0000190200    0.0155630200
   0.0000283500    0.0000097900    0.0155577300
   0.0000295400   -0.0000143500    0.0155546900
   0.0000235800   -0.0000151000    0.0155565600
   0.0000276800    0.0000012200    0.0155593800
   0.0000180700    0.0000144600    0.0155639100
   0.0000067000   -0.0000043300    0.0155629800
   0.0000258700   -0.0000098000    0.0155483900
   0.0000397700   -0.0000004800    0.0155494200
   0.0000392700    0.0000117600    0.0155677400
  -0.0000037300    0.0000096000    0.0155721600
   0.0000122300   -0.0000013100    0.0155579600
   0.0000408500   -0.0000001100    0.0155499100
   0.0000502100    0.0000094600    0.0155660800
   0.0000297600    0.0000105900    0.0155720000
  -0.0000065500    0.0000004600    0.0208314900
   0.0000201400    0.0000097200    0.0208231800
   0.0000608000    0.0000028300    0.0208184400
   0.0000763000   -0.0000184900    0.0208551200
  -0.0000088800    0.0000003000    0.0208190100
   0.0000001600   -0.0000080900    0.0208438200
   0.0000334200    0.0000066200    0.0208176800
   0.0000490300   -0.0000162700    0.0208210200
   0.0000354000   -0.0000371300    0.0208349300
   0.0000103800   -0.0000157900    0.0208275000
   0.0000309800    0.0000166400    0.0208225100
   0.0000216100    0.0000086600    0.0208194200
   0.0000256600   -0.0000205200    0.0208145000
   0.0000228100   -0.0000235300    0.0208145500
   0.0000282400   -0.0000058200    0.0208192800
   0.0000189400    0.0000519700    0.0208599600
  -0.0000021600   -0.0000001900    0.0208186600
   0.0000214100   -0.0000123800    0.0208117800
   0.0000434600   -0.0000005200    0.0208141600
   0.0000489300    0.0000211300    0.0208218900
  -0.0000076200   -0.0000017100    0.0208253500
   0.0000026800    0.0000039400    0.0208193200
   0.0000414000    0.0000045600    0.0208141500
   0.0000636600    0.0000136700    0.0208196100
   0.0000292700    0.0000107200    0.0208355400

126  
 -0.0068612321144663   0.0000000000000000  -0.0072748535292070
  -0.0037205000   -0.0022642000   -0.0128439800
   0.0000801500    0.0000724500   -0.0182762100
  -0.0001988800    0.0002383600   -0.0177428400
   0.0002445600    0.0001101900   -0.0172677300
   0.0009218300    0.0003756300   -0.0171136500
   0.0002035100    0.0021929000   -0.0155640100
  -0.0005801200    0.0001739400   -0.0178355500
   0.0000653300    0.0000939800   -0.0173073900
   0.0002205200   -0.0000145800   -0.0171807300
   0.0003144600   -0.0006859700   -0.0173521800
  -0.0000332900   -0.0006577900   -0.0176510000
  -0.0000146900    0.0000710200   -0.0172996400
   0.0000365100    0.0000028000   -0.0171808900
  -0.0000009400   -0.0002366800   -0.0171888200
   0.0000006200   -0.0006096900   -0.0172068700
   0.0001665900    0.0000483500   -0.0173032600
  -0.0000418600    0.0001328300   -0.0172363800
  -0.0001837700   -0.0000287800   -0.0172523100
  -0.0000190200   -0.0001491400   -0.0172332300
   0.0000602000   -0.0000661700   -0.0172316200
   0.0007965700    0.0006416600   -0.0173363300
  -0.0008773800    0.0005206300   -0.0175943400
  -0.0002910000    0.0000321400   -0.0175215300
   0.0001318200   -0.0000380900   -0.0172570900
   0.0002520400    0.0001140500   -0.0172060100
  -0.0366073700   -0.0188672000   -0.0519514700
  -0.0021776900   -0.0010807900   -0.0213382900
   0.0012797500   -0.0016682500   -0.0210805400
   0.0006601500   -0.0002149000   -0.0199442800
   0.0006515900    0.0005066600   -0.0195967800
  -0.0039907600    0.0195981900   -0.0364424900
   0.0007182500    0.0009637000   -0.0205254000
   0.0003108100    0.0002655300   -0.0199216200
   0.0002020500   -0.0001266000   -0.0197790800
  -0.0001301400   -0.0004736600   -0.0200186900
  -0.0008544500    0.0014763000   -0.0209532000
   0.0001989500    0.0002158000   -0.0199280700
   0.0000523300    0.0000028200   -0.0197843500
   0.0000272200   -0.0001836700   -0.0197726100
  -0.0001525500   -0.0003385900   -0.0197274000
  -0.0001395400    0.0004648300   -0.0200244000
  -0.0001266500    0.0000443900   -0.0198568800
  -0.0001893200   -0.0002001600   -0.0198438900
   0.0002405800   -0.0002390600   -0.0198661200
   0.0001453600    0.0000801200   -0.0198289500
  -0.0002785100    0.0002998700   -0.0202122400
  -0.0009509300   -0.0004842000   -0.0202719700
   0.0010527500   -0.0002501400   -0.0204701400
   0.0003975000   -0.0001422000   -0.0198541800
   0.0002642300    0.0000719800   -0.0198038700
  -0.0000352600    0.0000030000    0.0182144100
  -0.0000017100    0.0000057200    0.0181707200
   0.0000193200    0.0000073500    0.0181587200
   0.0000061000   -0.0000043600    0.0181919100
  -0.0000107700    0.0000028300    0.0182111700
  -0.0000147200    0.0000181500    0.0181853400
   0.0000100100    0.0000144500    0.0181706900
   0.0000081600    0.0000040000    0.0181615000
  -0.0000027400   -0.0000012100    0.0182037700
  -0.0000212600   -0.0000056000    0.0181965700
  -0.0000006900    0.0000279400    0.0181753000
  -0.0000060200    0.0000111000    0.0181587300
  -0.0000077100   -0.0000062400    0.0181641700
  -0.0000045200   -0.0000089300    0.0181752300
  -0.0000019800    0.0000093800    0.0181721100
  -0.0000206300    0.0000051300    0.0181920400
  -0.0000099600   -0.0000042100    0.0181872500
  -0.0000114200   -0.0000088400    0.0181584600
   0.0000083700   -0.0000058800    0.0181549900
   0.0000130500    0.0000092200    0.0181662700
  -0.0000247800    0.0000034600    0.0182057100
  -0.0000224500   -0.0000064400    0.0181763300
   0.0000071200   -0.0000021700    0.0181535700
   0.0000237000    0.0000057500    0.0181606900
  -0.0000039600    0.0000018800    0.0181907600
  -0.0000455500    0.0000029500    0.0182738100
  -0.0000525500    0.0000362200    0.0182782300
   0.0000098600    0.0000300500    0.0182680600
   0.0000827600    0.0000412800    0.0182556500
  -0.0000108100   -0.0000149400    0.0183082200
  -0.0000172300   -0.0000018600    0.0182965000
  -0.0000348400    0.0000349300    0.0182609600
   0.0000184200    0.0000072200    0.0182651300
   0.0000196700   -0.0000605100    0.0182536100
  -0.0000097600   -0.0000361000    0.0182899100
   0.0000109500   -0.0000224500    0.0182609900
  -0.0000094500    0.0000191800    0.0182645400
  -0.0000170100   -0.0000173100    0.0182658100
  -0.0000092300   -0.0000673500    0.0182628200
   0.0000032000   -0.0000430200    0.0182662700
   0.0000555200    0.0000436400    0.0182546000
  -0.0000903700    0.0000344400    0.0182572700
  -0.0000374800   -0.0000070500    0.0182692400
   0.0000144900   -0.0000143200    0.0182695900
   0.0000363600    0.0000078900    0.0182661400
  -0.0000424400    0.0000057700    0.0183114400
  -0.0000766200    0.0000289000    0.0182750300
  -0.0000134800    0.0000127000    0.0182686100
   0.0000446000    0.0000156900    0.0182678000
   0.0000663800    0.0000395300    0.0182638100
   0.0009082100    0.0000045000   -0.0210106500
   0.0004067700    0.0000751500   -0.0212846000
  -0.0002155100   -0.0000995400   -0.0212311000
  -0.0003590900   -0.0000121700   -0.0213987600
  -0.0013302800    0.0009252300   -0.0229488100
   0.0010866500    0.0005371000   -0.0220960500
  -0.0000322800   -0.0001019000   -0.0211376800
  -0.0001685400   -0.0000083400   -0.0213723900
  -0.0002274900    0.0002212500   -0.0213337300
  -0.0006390500    0.0004754400   -0.0221337500
  -0.0000538800   -0.0000097100   -0.0212249600
  -0.0000592900   -0.0000600700   -0.0213606300
  -0.0000392300    0.0000777200   -0.0213838500
  -0.0000230300    0.0001988100   -0.0214044200
   0.0001676400    0.0001066500   -0.0212332900
  -0.0001219600   -0.0002152000   -0.0213088700
   0.0001502700   -0.0001102200   -0.0212356000
   0.0000523200    0.0001555500   -0.0213203200
  -0.0000355400    0.0000780400   -0.0213775400
  -0.0000520300   -0.0000629800   -0.0213633200
   0.0002185400   -0.0018199200   -0.0229301500
   0.0002264600   -0.0001768800   -0.0213040600
  -0.0000379100    0.0001211000   -0.0211259600
  -0.0001657500   -0.0000067200   -0.0213705900
  -0.0002179000   -0.0002197500   -0.0213409100
   0.0593712700   -0.0002333600    0.0311962200
  -0.0067631400    0.0013182800   -0.0116649300
  -0.0013309700    0.0001994700   -0.0138499200
  -0.0008094700   -0.0000210700   -0.0143454100
  -0.0034272400   -0.0003671100   -0.0148520100
  -0.0010509500   -0.0051439700   -0.0120704100
  -0.0002206400   -0.0002310500   -0.0140631900
  -0.0002126900   -0.0000120900   -0.0142799000
  -0.0001653800    0.0002074200   -0.0142487600
  -0.0001679600    0.0017393100   -0.0144405000
  -0.0002211000   -0.0009018700   -0.0139021200
  -0.0000832000   -0.0000717400   -0.0142617400
  -0.0000562800    0.0000934500   -0.0142978400
  -0.0001078100    0.0003664700   -0.0142918200
   0.0001876800   -0.0001103500   -0.0141564700
   0.0000426900   -0.0002249900   -0.0141496100
   0.0001868900    0.0000336500   -0.0141560000
  -0.0003702100    0.0005997300   -0.0140436700
  -0.0000884600    0.0000742400   -0.0142675000
  -0.0000502000   -0.0000907700   -0.0142923300
   0.0006588200   -0.0005066200   -0.0136644600
  -0.0018618500    0.0029784600   -0.0128473500
  -0.0002906500    0.0002786600   -0.0141318000
  -0.0002122700    0.0000247300   -0.0142798900
  -0.0000937900   -0.0001598300   -0.0141808700
   0.0000270000    0.0000038600    0.0155402900
  -0.0000054200   -0.0000032600    0.0155481900
  -0.0000324600    0.0000083100    0.0155464200
  -0.0000208600    0.0000047600    0.0155356200
   0.0000097100    0.0000119400    0.0155263100
   0.0000047800   -0.0000019000    0.0155476900
  -0.0000101700    0.0000009400    0.0155519700
  -0.0000277800    0.0000148900    0.0155432900
   0.0000007000    0.0000233800    0.0155359800
   0.0000106700    0.0000131200    0.0155403800
   0.0000012400   -0.0000165300    0.0155420600
  -0.0000069300   -0.0000070800    0.0155477900
  -0.0000079100    0.0000172400    0.0155504000
  -0.0000021600    0.0000178100    0.0155487100
  -0.0000064000    0.0000011600    0.0155455500
   0.0000035500   -0.0000124300    0.0155412500
   0.0000151500    0.0000066700    0.0155420600
  -0.0000044700    0.0000120100    0.0155568300
  -0.0000183800    0.0000028500    0.0155558900
  -0.0000179300   -0.0000093100    0.0155375400
   0.0000256400   -0.0000069800    0.0155334200
   0.0000091100    0.0000036800    0.0155475400
  -0.0000195500    0.0000025300    0.0155553300
  -0.0000287000   -0.0000069100    0.0155389300
  -0.0000082800   -0.0000078600    0.0155333300
   0.0000281200    0.0000022600    0.0207907800
   0.0000013500   -0.0000070300    0.0207990400
  -0.0000389100   -0.0000001000    0.0208035000
  -0.0000547100    0.0000210800    0.0207668600
   0.0000304700    0.0000024400    0.0208033600
   0.0000212800    0.0000107600    0.0207784800
  -0.0000118300   -0.0000037800    0.0208041800
  -0.0000273300    0.0000187100    0.0208008600
  -0.0000136600    0.0000397500    0.0207878900
   0.0000110700    0.0000182000    0.0207947200
  -0.0000092400   -0.0000144200    0.0207993500
   0.0000001000   -0.0000060300    0.0208025700
  -0.0000037700    0.0000233300    0.0208076700
  -0.0000013100    0.0000262300    0.0208075200
  -0.0000066600    0.0000083200    0.0208030400
   0.0000029700   -0.0000497000    0.0207624900
   0.0000239900    0.0000028400    0.0208036800
   0.0000001000    0.0000147000    0.0208103200
  -0.0000221300    0.0000027700    0.0208079600
  -0.0000274200   -0.0000186500    0.0208001200
   0.0000296800    0.0000042900    0.0207971800
   0.0000187500   -0.0000016400    0.0208029000
  -0.0000199900   -0.0000022100    0.0208081200
  -0.0000420000   -0.0000109600    0.0208023600
  -0.0000078100   -0.0000077900    0.0207865400

151  
  0.0068612321144663   0.0000000000000000   0.0072748535292070
   0.0000571100    0.0000184700   -0.0171494000
   0.0000809800    0.0000013300   -0.0171585600
   0.0000103800    0.0000077200   -0.0171622700
  -0.0000812300    0.0000325100   -0.0171297200
  -0.0000075300    0.0000133500   -0.0171426600
   0.0000535000    0.0000152700   -0.0171646900
   0.0000502200   -0.0000183300   -0.0171524100
  -0.0000585800   -0.0000122100   -0.0171545700
  -0.0000292500    0.0000096800   -0.0171418100
   0.0000502400    0.0000298200   -0.0171437400
   0.0000243500   -0.0000276400   -0.0171558600
   0.0000017200   -0.0000984900   -0.0171380200
  -0.0000081100   -0.0000216700   -0.0171397600
   0.0000069100    0.0000119500   -0.0171426200
   0.0000397000   -0.0000063200   -0.0171602100
   0.0000036900   -0.0000552200   -0.0171363300
   0.0000248000   -0.0000316300   -0.0171395100
   0.0000281100    0.0000080900   -0.0171412700
   0.0000071600    0.0000202400   -0.0171441200
   0.0000000300   -0.0000328000   -0.0171361700
   0.0000188600   -0.0000097900   -0.0171427000
   0.0001018900    0.0000329500   -0.0171326100
   0.0000308400    0.0000513200   -0.0171658000
  -0.0000584900    0.0000494000   -0.0171296700
  -0.0000293000   -0.0000004000   -0.0171458000
   0.0000127400   -0.0000097100   -0.0197184100
   0.0000445300    0.0000002500   -0.0197567700
   0.0000186600    0.0000051800   -0.0197587700
   0.0000008900   -0.0000052800   -0.0197423800
  -0.0000117600   -0.0000025700   -0.0197109000
   0.0000347400    0.0000050900   -0.0197411200
   0.0000337000   -0.0000068100   -0.0197723800
   0.0000100400   -0.0000090500   -0.0197566900
  -0.0000084200   -0.0000025700   -0.0197167100
  -0.0000066000    0.0000004900   -0.0197222000
   0.0000284800    0.0000029200   -0.0197385100
   0.0000160000   -0.0000025000   -0.0197563600
   0.0000016600   -0.0000081500   -0.0197216500
   0.0000048500    0.0000051000   -0.0197080900
   0.0000142700    0.0000195400   -0.0197225800
   0.0000084100   -0.0000062600   -0.0197253000
   0.0000147500   -0.0000139200   -0.0197190800
   0.0000148000    0.0000014100   -0.0197148000
   0.0000182400    0.0000149900   -0.0197143100
   0.0000080000    0.0000195200   -0.0197277800
   0.0000077000   -0.0000101600   -0.0197096800
   0.0000145000   -0.0000142300   -0.0197392000
   0.0000296200    0.0000025200   -0.0197396900
   0.0000198400    0.0000018300   -0.0197436300
  -0.0000081500   -0.0000004500   -0.0197131400
   0.0021844300   -0.0010872500    0.0197884000
   0.0365752600   -0.0188465800    0.0503824900
  -0.0006443400    0.0005039900    0.0180380100
  -0.0006504900   -0.0002186600    0.0183909500
  -0.0012718000   -0.0016725300    0.0195276100
   0.0040013700    0.0195744700    0.0348853800
   0.0001380900   -0.0004783200    0.0184611900
  -0.0001927400   -0.0001296900    0.0182245700
  -0.0003026200    0.0002613600    0.0183681200
  -0.0007095900    0.0009606700    0.0189716000
   0.0001611000   -0.0003431200    0.0181699900
  -0.0000181100   -0.0001866100    0.0182183200
  -0.0000438100   -0.0000007900    0.0182299200
  -0.0001900800    0.0002126100    0.0183743300
   0.0008632800    0.0014732600    0.0193990100
  -0.0002318200   -0.0002421400    0.0183121500
   0.0001974500   -0.0002040500    0.0182901600
   0.0001351500    0.0000405700    0.0183024800
   0.0001489500    0.0004611200    0.0184717700
  -0.0001364100    0.0000772300    0.0182749500
  -0.0010441900   -0.0002533300    0.0189157600
   0.0009604100   -0.0004872300    0.0187162400
   0.0002864100    0.0002968000    0.0186550100
  -0.0002545500    0.0000679800    0.0182499300
  -0.0003887700   -0.0001459300    0.0183001000
  -0.0000698800    0.0000709900    0.0194030300
   0.0037178700   -0.0022624200    0.0139791300
  -0.0009119300    0.0003714900    0.0182422300
  -0.0002375800    0.0001067600    0.0183936100
   0.0002073300    0.0002347900    0.0188676300
  -0.0001967200    0.0021820800    0.0166950600
  -0.0003052100   -0.0006888200    0.0184771600
  -0.0002133200   -0.0000188300    0.0183075300
  -0.0000557600    0.0000901000    0.0184327800
   0.0005882900    0.0001704600    0.0189598800
   0.0000084400   -0.0006130100    0.0183352600
   0.0000090000   -0.0002415500    0.0183154300
  -0.0000284400   -0.0000005500    0.0183066300
   0.0000246400    0.0000674300    0.0184252100
   0.0000419000   -0.0006601200    0.0187761100
   0.0000275100   -0.0001533200    0.0183594800
   0.0001929700   -0.0000314100    0.0183781300
   0.0000511800    0.0001307200    0.0183628400
  -0.0001584500    0.0000453800    0.0184286500
  -0.0000519400   -0.0000691300    0.0183578000
   0.0002999500    0.0000281200    0.0186478000
   0.0008857500    0.0005164500    0.0187189800
  -0.0007863100    0.0006372500    0.0184633200
  -0.0002431000    0.0001100700    0.0183321500
  -0.0001237600   -0.0000417300    0.0183832500
  -0.0000261300   -0.0000077800   -0.0214859900
  -0.0000205800    0.0000035400   -0.0215028800
   0.0000631500   -0.0000278500   -0.0214741200
   0.0000486700   -0.0000037900   -0.0214969900
   0.0000087800   -0.0000080600   -0.0214942200
  -0.0000135800    0.0000029400   -0.0214944800
   0.0000205900    0.0000410700   -0.0214603000
   0.0000470500    0.0000084700   -0.0214915100
   0.0000261000   -0.0000052000   -0.0214968900
  -0.0000204400   -0.0000180500   -0.0214791800
  -0.0000001800    0.0000407100   -0.0214874500
   0.0000253000    0.0000253000   -0.0214933900
   0.0000246700   -0.0000004800   -0.0214978600
   0.0000112300   -0.0000102100   -0.0214950600
   0.0000030100    0.0000225600   -0.0214807000
   0.0000136500    0.0000194800   -0.0214996300
   0.0000028700   -0.0000004100   -0.0214961300
   0.0000096500   -0.0000210100   -0.0214922000
   0.0000192000   -0.0000175000   -0.0214945900
   0.0000190300    0.0000117100   -0.0214968400
  -0.0000093700    0.0000050700   -0.0214973300
  -0.0000510300   -0.0000245000   -0.0214698500
   0.0000480500   -0.0000360600   -0.0214707500
   0.0000488800   -0.0000177500   -0.0214935800
   0.0000272700    0.0000042700   -0.0214998700
  -0.0000175400   -0.0000006800   -0.0143956700
  -0.0000022200   -0.0000088800   -0.0143797100
   0.0000285500   -0.0000071200   -0.0143888700
   0.0000409100    0.0000047500   -0.0144005500
   0.0000148600   -0.0000003100   -0.0144031900
  -0.0000169900    0.0000084800   -0.0143877000
   0.0000159200    0.0000100800   -0.0143866700
   0.0000412800    0.0000096100   -0.0143971500
   0.0000240500    0.0000031000   -0.0144054700
   0.0000003000   -0.0000020100   -0.0144027800
  -0.0000001800    0.0000160200   -0.0143906100
   0.0000298500    0.0000158200   -0.0143949400
   0.0000267400   -0.0000003500   -0.0144101000
   0.0000094700   -0.0000085600   -0.0144076600
  -0.0000010500   -0.0000017600   -0.0144013700
   0.0000163700    0.0000136000   -0.0144048300
   0.0000144300   -0.0000048100   -0.0143991800
   0.0000110500   -0.0000181600   -0.0144031500
   0.0000075300   -0.0000198700   -0.0143961100
   0.0000155000    0.0000048500   -0.0144017100
  -0.0000006300    0.0000084200   -0.0143978100
  -0.0000020300   -0.0000096200   -0.0143947300
   0.0000120600   -0.0000180300   -0.0143941400
   0.0000322400   -0.0000103100   -0.0143934300
   0.0000228600    0.0000036900   -0.0144100500
  -0.0610572400    0.0004682400   -0.0312457500
   0.0034435400   -0.0003702400    0.0159891200
   0.0008161200   -0.0000251800    0.0154879000
   0.0013397900    0.0001961300    0.0149904200
   0.0067739500    0.0013150500    0.0128075000
   0.0001795600    0.0017399600    0.0155792900
   0.0001728800    0.0002029400    0.0153907100
   0.0002212400   -0.0000157300    0.0154205200
   0.0002293400   -0.0002348400    0.0152039300
   0.0010592300   -0.0051479100    0.0132110400
   0.0001154400    0.0003619400    0.0154334800
   0.0000649400    0.0000897100    0.0154386900
   0.0000918200   -0.0000752000    0.0154024600
   0.0002299200   -0.0009064800    0.0150431500
  -0.0001789100   -0.0001146900    0.0152974900
   0.0003787800    0.0005960800    0.0151845200
  -0.0001779500    0.0000308400    0.0152972300
  -0.0000348400   -0.0002271700    0.0152915600
   0.0000588400   -0.0000944200    0.0154329200
   0.0000970800    0.0000705500    0.0154081700
   0.0018709100    0.0029742900    0.0139890600
  -0.0006480900   -0.0005150200    0.0148026000
   0.0001013400   -0.0001628200    0.0153228700
   0.0002208700    0.0000212200    0.0154204800
   0.0002992900    0.0002751600    0.0152722000
  -0.0009023200    0.0000009200    0.0203301000
   0.0013547100    0.0009181100    0.0222585600
   0.0003713100   -0.0000178200    0.0207084000
   0.0002255100   -0.0001025000    0.0205398000
  -0.0004003300    0.0000704500    0.0205951000
   0.0006490900    0.0004843000    0.0214427100
   0.0002364500    0.0002194900    0.0206460500
   0.0001781600   -0.0000117500    0.0206815700
   0.0000410600   -0.0001072100    0.0204477300
  -0.0010814500    0.0005387800    0.0214075900
   0.0000311800    0.0001972000    0.0207137300
   0.0000486700    0.0000741600    0.0206932500
   0.0000682500   -0.0000640400    0.0206698600
   0.0000623600   -0.0000129200    0.0205338600
  -0.0001597500    0.0001028500    0.0205443100
  -0.0000433100    0.0001525300    0.0206297200
  -0.0001440100   -0.0001138800    0.0205466900
   0.0001330800   -0.0002203900    0.0206182300
   0.0000604700   -0.0000673400    0.0206730800
   0.0000447200    0.0000747200    0.0206868700
  -0.0002232000   -0.0001824700    0.0206131400
  -0.0002024000   -0.0018345000    0.0222415100
   0.0002270900   -0.0002244000    0.0206529300
   0.0001756600   -0.0000098600    0.0206801000
   0.0000475200    0.0001189300    0.0204358100

151  
 -0.0068612321144663   0.0000000000000000  -0.0072748535292070
  -0.0000497700   -0.0000218500   -0.0170924800
  -0.0000726300   -0.0000048600   -0.0170832500
  -0.0000020200   -0.0000110700   -0.0170798000
   0.0000889200   -0.0000356200   -0.0171122300
   0.0000149000   -0.0000166100   -0.0170994300
  -0.0000456100   -0.0000184300   -0.0170772400
  -0.0000421000    0.0000148000   -0.0170892400
   0.0000668400    0.0000086100   -0.0170874700
   0.0000365500   -0.0000132300   -0.0171003000
  -0.0000426100   -0.0000334800   -0.0170981900
  -0.0000166500    0.0000246600   -0.0170861300
   0.0000062900    0.0000950900   -0.0171039300
   0.0000159300    0.0000180000   -0.0171022600
   0.0000010000   -0.0000149300   -0.0170994200
  -0.0000319800    0.0000036100   -0.0170817200
   0.0000042000    0.0000524200   -0.0171057800
  -0.0000171300    0.0000283100   -0.0171027000
  -0.0000204200   -0.0000114600   -0.0171009200
   0.0000010000   -0.0000235500   -0.0170979400
   0.0000077100    0.0000297500   -0.0171059500
  -0.0000113700    0.0000064000   -0.0170993000
  -0.0000937100   -0.0000360200   -0.0171092900
  -0.0000227200   -0.0000542600   -0.0170764600
   0.0000661400   -0.0000524600   -0.0171123500
   0.0000370300   -0.0000026500   -0.0170961400
  -0.0000047400    0.0000063700   -0.0196933300
  -0.0000365500   -0.0000032800   -0.0196549800
  -0.0000111600   -0.0000082700   -0.0196532800
   0.0000068500    0.0000018400   -0.0196697100
   0.0000195200   -0.0000008700   -0.0197011000
  -0.0000268700   -0.0000084000   -0.0196703600
  -0.0000257300    0.0000034200   -0.0196395500
  -0.0000025500    0.0000058900   -0.0196553700
   0.0000163200   -0.0000006800   -0.0196952500
   0.0000143200   -0.0000036300   -0.0196895800
  -0.0000207200   -0.0000064500   -0.0196732600
  -0.0000082400   -0.0000011800   -0.0196555100
   0.0000062800    0.0000048200   -0.0196904300
   0.0000028600   -0.0000085600   -0.0197039500
  -0.0000064600   -0.0000229600   -0.0196894300
  -0.0000007700    0.0000029700   -0.0196865400
  -0.0000069200    0.0000106400   -0.0196927200
  -0.0000069300   -0.0000046700   -0.0196971100
  -0.0000105800   -0.0000181900   -0.0196977100
  -0.0000000600   -0.0000228000   -0.0196841600
   0.0000001200    0.0000072200   -0.0197023200
  -0.0000068300    0.0000110900   -0.0196727000
  -0.0000218000   -0.0000059300   -0.0196722600
  -0.0000119300   -0.0000048600   -0.0196685300
   0.0000158800   -0.0000027300   -0.0196990400
  -0.0020613200    0.0011105200    0.0164163000
  -0.0351225600    0.0178975300   -0.0132736800
   0.0006527600   -0.0005054700    0.0182412500
   0.0006590000    0.0002179200    0.0178838600
   0.0012772600    0.0016774400    0.0167436700
  -0.0040563300   -0.0193620400    0.0013762000
  -0.0001244100    0.0004766200    0.0178157300
   0.0002004700    0.0001246700    0.0180522000
   0.0003096000   -0.0002678300    0.0179082000
   0.0007105700   -0.0009702300    0.0173041700
  -0.0001528600    0.0003401700    0.0181059400
   0.0000255300    0.0001832000    0.0180584100
   0.0000513000   -0.0000030600    0.0180465700
   0.0001971700   -0.0002162200    0.0179019900
  -0.0008555100   -0.0014713400    0.0168823300
   0.0002403600    0.0002390300    0.0179634400
  -0.0001909000    0.0002010800    0.0179864400
  -0.0001285700   -0.0000443100    0.0179739300
  -0.0001389300   -0.0004634100    0.0178062700
   0.0001444500   -0.0000801700    0.0180013700
   0.0010545000    0.0002491500    0.0173580200
  -0.0009601200    0.0004820400    0.0175597800
  -0.0002717600   -0.0002984500    0.0176319700
   0.0002626600   -0.0000707600    0.0180268700
   0.0003971500    0.0001433900    0.0179759600
   0.0000896300   -0.0000633400    0.0170863500
  -0.0036718100    0.0022260900    0.0225005100
   0.0009170500   -0.0003740500    0.0182205800
   0.0002442700   -0.0001103600    0.0180697400
  -0.0002049400   -0.0002413300    0.0175937800
   0.0001916800   -0.0021786000    0.0197973200
   0.0003167400    0.0006807000    0.0179889800
   0.0002211000    0.0000144700    0.0181566200
   0.0000627500   -0.0000936100    0.0180310400
  -0.0005806700   -0.0001695500    0.0175043200
  -0.0000008500    0.0006129400    0.0181280400
  -0.0000006600    0.0002378500    0.0181489400
   0.0000359200   -0.0000028200    0.0181576900
  -0.0000166000   -0.0000699600    0.0180390100
  -0.0000339200    0.0006589000    0.0176878500
  -0.0000205600    0.0001503600    0.0181040400
  -0.0001847200    0.0000275300    0.0180862300
  -0.0000422200   -0.0001333700    0.0181020300
   0.0001656100   -0.0000479900    0.0180363500
   0.0000594800    0.0000661600    0.0181065500
  -0.0002975600   -0.0000341100    0.0178144500
  -0.0008682400   -0.0005198400    0.0177470600
   0.0007909000   -0.0006374500    0.0180012100
   0.0002499100   -0.0001124900    0.0181324400
   0.0001309900    0.0000387600    0.0180804700
   0.0000340400    0.0000046300   -0.0215131900
   0.0000277700   -0.0000065900   -0.0214963200
  -0.0000555800    0.0000246600   -0.0215254000
  -0.0000406500    0.0000003500   -0.0215020300
  -0.0000009100    0.0000048500   -0.0215054600
   0.0000211400   -0.0000061900   -0.0215048200
  -0.0000133700   -0.0000439300   -0.0215391900
  -0.0000393100   -0.0000115200   -0.0215077700
  -0.0000183200    0.0000017000   -0.0215024300
   0.0000282400    0.0000147000   -0.0215203100
   0.0000078900   -0.0000445700   -0.0215120500
  -0.0000177300   -0.0000284000   -0.0215058800
  -0.0000172400   -0.0000027600   -0.0215015900
  -0.0000034000    0.0000069300   -0.0215044000
   0.0000050100   -0.0000260900   -0.0215186400
  -0.0000058800   -0.0000230300   -0.0214997200
   0.0000048500   -0.0000030100   -0.0215032000
  -0.0000019400    0.0000177100   -0.0215069400
  -0.0000114200    0.0000141100   -0.0215046700
  -0.0000114800   -0.0000153100   -0.0215025500
   0.0000173400   -0.0000083800   -0.0215019300
   0.0000582700    0.0000209300   -0.0215298400
  -0.0000403700    0.0000323500   -0.0215287000
  -0.0000409600    0.0000142600   -0.0215056400
  -0.0000196800   -0.0000075100   -0.0214992700
   0.0000254000   -0.0000022700   -0.0144133300
   0.0000098100    0.0000060100   -0.0144293300
  -0.0000206000    0.0000042600   -0.0144201500
  -0.0000332100   -0.0000076900   -0.0144085700
  -0.0000068400   -0.0000025600   -0.0144060300
   0.0000247300   -0.0000116400   -0.0144213600
  -0.0000080700   -0.0000130200   -0.0144223200
  -0.0000335500   -0.0000129500   -0.0144120200
  -0.0000160400   -0.0000063400   -0.0144033200
   0.0000075800   -0.0000015300   -0.0144063300
   0.0000080600   -0.0000193400   -0.0144183700
  -0.0000222200   -0.0000190900   -0.0144138100
  -0.0000190200   -0.0000026000   -0.0143988200
  -0.0000014800    0.0000054500   -0.0144015800
   0.0000090500   -0.0000015000   -0.0144078200
  -0.0000084700   -0.0000171000   -0.0144042100
  -0.0000063800    0.0000013100   -0.0144095400
  -0.0000033800    0.0000149900   -0.0144055800
   0.0000003400    0.0000164600   -0.0144128700
  -0.0000076200   -0.0000082000   -0.0144072800
   0.0000085300   -0.0000116800   -0.0144113300
   0.0000100000    0.0000061700   -0.0144143400
  -0.0000043500    0.0000144900   -0.0144148000
  -0.0000243400    0.0000067900   -0.0144153700
  -0.0000150600   -0.0000071400   -0.0143991200
   0.0580083000    0.0009057000    0.0630840400
  -0.0033894500    0.0003632700    0.0150783600
  -0.0008067400    0.0000224300    0.0155819400
  -0.0013392800   -0.0002000200    0.0160815600
  -0.0068229600   -0.0013204300    0.0182778600
  -0.0001763800   -0.0017338900    0.0154887700
  -0.0001662200   -0.0002060700    0.0156793200
  -0.0002133300    0.0000127100    0.0156496800
  -0.0002186500    0.0002325400    0.0158660600
  -0.0010358500    0.0051281700    0.0178610500
  -0.0001078400   -0.0003652200    0.0156365800
  -0.0000573500   -0.0000928700    0.0156317600
  -0.0000836100    0.0000721200    0.0156675600
  -0.0002238300    0.0009029000    0.0160252700
   0.0001862600    0.0001111100    0.0157730400
  -0.0003727800   -0.0006023200    0.0158862100
   0.0001875000   -0.0000342700    0.0157726300
   0.0000393800    0.0002240200    0.0157751400
  -0.0000518400    0.0000902700    0.0156370500
  -0.0000899200   -0.0000746100    0.0156623800
  -0.0018670100   -0.0029881300    0.0170892600
   0.0006390800    0.0005334500    0.0162618300
  -0.0000949700    0.0001590900    0.0157463900
  -0.0002136400   -0.0000251100    0.0156496700
  -0.0002920400   -0.0002793300    0.0157997800
   0.0009057300   -0.0000013600    0.0212450900
  -0.0013355000   -0.0009099400    0.0193405900
  -0.0003623300    0.0000152300    0.0208796200
  -0.0002173700    0.0001000400    0.0210483300
   0.0004133100   -0.0000771400    0.0209855400
  -0.0006425800   -0.0004891300    0.0201415700
  -0.0002297100   -0.0002217600    0.0209403400
  -0.0001702800    0.0000083800    0.0209056000
  -0.0000326900    0.0001030000    0.0211403100
   0.0010857200   -0.0005411300    0.0201812700
  -0.0000234300   -0.0002012800    0.0208741000
  -0.0000412300   -0.0000773800    0.0208937900
  -0.0000603700    0.0000606100    0.0209173900
  -0.0000548600    0.0000092100    0.0210532900
   0.0001675900   -0.0001065200    0.0210439700
   0.0000517800   -0.0001561300    0.0209587400
   0.0001502200    0.0001104400    0.0210401200
  -0.0001251500    0.0002154800    0.0209689200
  -0.0000530200    0.0000630200    0.0209140100
  -0.0000371000   -0.0000783900    0.0209005500
   0.0002305800    0.0001868900    0.0209661100
   0.0002064200    0.0018116200    0.0193608400
  -0.0002186600    0.0002196700    0.0209346200
  -0.0001675000    0.0000061500    0.0209074400
  -0.0000395100   -0.0001225600    0.0211534500

176  
  0.0068612321144663   0.0000000000000000   0.0072748535292070
   0.0000503000    0.0000180800   -0.0171175800
   0.0001396100    0.0000403800   -0.0171794600
  -0.0000956100    0.0000764100   -0.0170575900
  -0.0001047000    0.0000376400   -0.0171282000
  -0.0000621300    0.0000045300   -0.0171354400
   0.0001068000    0.0000234000   -0.0171164700
   0.0000459400   -0.0000496100   -0.0172426300
  -0.0000649100   -0.0000290300   -0.0171502900
  -0.0000602100    0.0000012200   -0.0171338800
  -0.0000186900    0.0000154500   -0.0171320300
   0.0000277900   -0.0000788600   -0.0170880200
  -0.0000195900   -0.0000721300   -0.0171422100
  -0.0000293000   -0.0000211000   -0.0171304800
  -0.0000170100    0.0000237300   -0.0171314400
   0.0000233300    0.0000531900   -0.0171400200
  -0.0000077900   -0.0000598900   -0.0171275400
  -0.0000005400   -0.0000294400   -0.0171347200
   0.0000152800    0.0000119500   -0.0171310200
   0.0000058200    0.0000427800   -0.0171330300
  -0.0000143400    0.0000171900   -0.0171361800
  -0.0000036700   -0.0000196400   -0.0171311100
   0.0000552800    0.0000131900   -0.0171330700
   0.0000518200    0.0000487200   -0.0171492600
  -0.0000526700    0.0000504600   -0.0171325800
  -0.0000497500    0.0000050800   -0.0171318000
   0.0000009800   -0.0000023000   -0.0197057300
   0.0000149300    0.0000038500   -0.0197325400
   0.0000612600   -0.0000227300   -0.0198121500
  -0.0000242900    0.0000019200   -0.0197377600
  -0.0000215100    0.0000014900   -0.0196964200
   0.0000128400    0.0000061000   -0.0197198200
   0.0000148800    0.0000048700   -0.0197449500
   0.0000012800   -0.0000174400   -0.0197506800
  -0.0000237700    0.0000003500   -0.0197098300
  -0.0000050000    0.0000101600   -0.0196836700
   0.0000133400    0.0000394700   -0.0197585400
  -0.0000019100    0.0000049300   -0.0197481300
  -0.0000082400   -0.0000037600   -0.0197210600
  -0.0000085700    0.0000136100   -0.0196979300
   0.0000097600    0.0000187400   -0.0196862200
  -0.0000071700   -0.0000010500   -0.0197259100
  -0.0000025300   -0.0000073600   -0.0197151400
   0.0000067300    0.0000048300   -0.0197094300
   0.0000053000    0.0000218400   -0.0197044300
  -0.0000002300    0.0000117700   -0.0197080400
  -0.0000099400   -0.0000054200   -0.0197053100
   0.0000098500   -0.0000018700   -0.0197146800
   0.0000280200    0.0000148300   -0.0197196100
  -0.0000058600    0.0000211300   -0.0197287900
  -0.0000208500    0.0000049900   -0.0197094000
   0.0036853000    0.0022373500    0.0138613800
  -0.0000560000   -0.0000710700    0.0192677600
   0.0002018300   -0.0002389500    0.0187491000
  -0.0002680500   -0.0001166800    0.0183081100
  -0.0009594300   -0.0003777700    0.0181782000
  -0.0001846200   -0.0021590900    0.0165609100
   0.0005927900   -0.0001721700    0.0188556300
  -0.0000619200   -0.0000930900    0.0183371400
  -0.0002462100    0.0000236600    0.0182350500
  -0.0003309400    0.0007139600    0.0184150000
   0.0000276100    0.0006773100    0.0186729900
   0.0000190200   -0.0000646100    0.0183291400
  -0.0000376400    0.0000047600    0.0182248800
  -0.0000047900    0.0002731600    0.0182427400
  -0.0000105600    0.0006522900    0.0182531100
  -0.0001911600   -0.0000393200    0.0183396300
   0.0000431800   -0.0001393200    0.0182780300
   0.0002034600    0.0000293300    0.0182935800
   0.0000193600    0.0001709700    0.0182757400
  -0.0000745700    0.0000911600    0.0182727400
  -0.0008172800   -0.0006478100    0.0183875700
   0.0008982300   -0.0005273100    0.0186348600
   0.0003052200   -0.0000338400    0.0185385000
  -0.0001358100    0.0000404900    0.0182914000
  -0.0002847800   -0.0001162300    0.0182541900
   0.0349183200    0.0178263600    0.0495168400
   0.0021038700    0.0010571300    0.0198543000
  -0.0012264800    0.0016580200    0.0196383500
  -0.0006210400    0.0002152600    0.0184893900
  -0.0006357100   -0.0005044800    0.0181568600
   0.0039899500   -0.0192111300    0.0348806200
  -0.0007153600   -0.0009304400    0.0190544600
  -0.0002830900   -0.0002526700    0.0184587100
  -0.0001904900    0.0001291100    0.0183294800
   0.0000938600    0.0004676900    0.0185877300
   0.0008315900   -0.0014110200    0.0195081600
  -0.0001917200   -0.0001795000    0.0184659600
  -0.0000494200    0.0000047700    0.0183242500
  -0.0000319500    0.0001742900    0.0183222700
   0.0001411700    0.0003410200    0.0182837700
   0.0001300200   -0.0004286100    0.0185689400
   0.0001105600   -0.0000373600    0.0184012100
   0.0001777900    0.0001930600    0.0183869600
  -0.0002315200    0.0002298800    0.0184078100
  -0.0001382900   -0.0000594700    0.0183699000
   0.0002398700   -0.0002723000    0.0187664100
   0.0009001500    0.0004745000    0.0188212400
  -0.0010401600    0.0002257300    0.0190236200
  -0.0003607300    0.0001335500    0.0183900300
  -0.0002488800   -0.0000587000    0.0183495500
  -0.0001678400   -0.0000405200   -0.0214010600
   0.0003832200   -0.0002683500   -0.0210041800
   0.0000396100   -0.0000105300   -0.0214809600
   0.0000536800    0.0000055300   -0.0214902500
   0.0000106800    0.0000143400   -0.0214898300
  -0.0000896400    0.0003222100   -0.0212042000
  -0.0000265100    0.0000131800   -0.0214972600
   0.0000353500    0.0000207000   -0.0214845400
   0.0000281700    0.0000013000   -0.0214948100
  -0.0000027500   -0.0000166000   -0.0215026900
  -0.0000139200    0.0000350700   -0.0214867400
   0.0000160500    0.0000259800   -0.0214848600
   0.0000182100    0.0000049500   -0.0214915000
   0.0000021200   -0.0000158300   -0.0214945700
  -0.0000229700    0.0000024700   -0.0214839200
   0.0000072500    0.0000314900   -0.0214924700
  -0.0000025200    0.0000126700   -0.0214900300
  -0.0000093900   -0.0000152300   -0.0214892700
   0.0000060800   -0.0000225900   -0.0214883300
   0.0000047500    0.0000084200   -0.0214914100
  -0.0000098900    0.0000171700   -0.0214909600
  -0.0000403300    0.0000182700   -0.0215000400
   0.0000097400   -0.0000298000   -0.0214795400
   0.0000303200   -0.0000098700   -0.0214874400
   0.0000238300    0.0000159100   -0.0214952000
  -0.0000264400    0.0000089400   -0.0143841200
  -0.0000396800    0.0000090000   -0.0143866000
   0.0000402300    0.0000238400   -0.0143452900
   0.0000350200    0.0000101100   -0.0143926400
   0.0000056900    0.0000176700   -0.0143978900
  -0.0000330400   -0.0000025500   -0.0143854100
  -0.0000007500    0.0000132500   -0.0143711000
   0.0000301800    0.0000162300   -0.0143839500
   0.0000242300    0.0000027500   -0.0144044100
  -0.0000181000    0.0000066700   -0.0143955200
   0.0000049100    0.0000210500   -0.0143618900
   0.0000151700    0.0000197100   -0.0143813100
   0.0000180400    0.0000050900   -0.0143967700
   0.0000044300   -0.0000090200   -0.0144071600
  -0.0000390200    0.0000030100   -0.0143816800
   0.0000071800    0.0000209200   -0.0143901600
   0.0000026900    0.0000111200   -0.0143916400
  -0.0000023300   -0.0000111800   -0.0143966200
  -0.0000014800   -0.0000162800   -0.0143951000
  -0.0000038200    0.0000070100   -0.0143917100
  -0.0000026800    0.0000138000   -0.0143880900
  -0.0000148000   -0.0000052600   -0.0143832700
  -0.0000125600   -0.0000496600   -0.0143551500
   0.0000176700   -0.0000076300   -0.0143842200
   0.0000139100    0.0000150800   -0.0143990800
  -0.0009107900    0.0000062200    0.0150878900
  -0.0004191600   -0.0000571200    0.0153490300
   0.0001958300    0.0001038000    0.0153008000
   0.0003742500    0.0000235600    0.0154381700
   0.0013314400   -0.0008967200    0.0169920000
  -0.0010803600   -0.0005370900    0.0161601300
   0.0000090700    0.0001091300    0.0152050200
   0.0001628800    0.0000132400    0.0154260100
   0.0002405600   -0.0002328000    0.0153748400
   0.0006329600   -0.0004883400    0.0161837300
   0.0000382800    0.0000021100    0.0152864800
   0.0000474000    0.0000715200    0.0154186700
   0.0000330500   -0.0000700700    0.0154335600
   0.0000262300   -0.0002057400    0.0154527200
  -0.0001563100   -0.0001170900    0.0152926100
   0.0001292600    0.0002395100    0.0153552400
  -0.0001712700    0.0001381600    0.0152899800
  -0.0000614100   -0.0001344300    0.0153839800
   0.0000334100   -0.0000714900    0.0154367900
   0.0000581700    0.0000664300    0.0154188500
  -0.0002058700    0.0018140400    0.0169797800
  -0.0002465700    0.0001923000    0.0153603500
   0.0000201600   -0.0000973800    0.0151994200
   0.0001652700    0.0000189600    0.0154275300
   0.0002310000    0.0002281900    0.0153858200
  -0.0571601900   -0.0006267900   -0.0272263500
   0.0068119300   -0.0012946000    0.0180741300
   0.0013094700   -0.0001885400    0.0202650900
   0.0007976800    0.0000282400    0.0207451900
   0.0033802100    0.0003637700    0.0212728400
   0.0010466900    0.0051099300    0.0184950700
   0.0001900300    0.0002201900    0.0204910000
   0.0001954300    0.0000147600    0.0206888600
   0.0001658300   -0.0001944900    0.0206466800
   0.0001784500   -0.0017067800    0.0208579000
   0.0002150000    0.0008893100    0.0203171000
   0.0000711300    0.0000766500    0.0206744600
   0.0000546300   -0.0000764100    0.0207034400
   0.0001079600   -0.0003553200    0.0206945500
  -0.0001801100    0.0000997800    0.0205684200
  -0.0000376100    0.0002344500    0.0205576600
  -0.0001810500   -0.0000102500    0.0205687500
   0.0003625800   -0.0005799600    0.0204547500
   0.0000782300   -0.0000633000    0.0206809800
   0.0000479400    0.0000899800    0.0206969600
  -0.0006271700    0.0005422800    0.0200941000
   0.0018689300   -0.0029858100    0.0192581800
   0.0002608800   -0.0002502100    0.0205550900
   0.0001958500   -0.0000128900    0.0206888700
   0.0000968600    0.0001646400    0.0205817400

176  
 -0.0068612321144663   0.0000000000000000  -0.0072748535292070
  -0.0000450600   -0.0000049100   -0.0170880500
  -0.0001394700   -0.0000287800   -0.0170273300
   0.0000978700   -0.0000650300   -0.0171469400
   0.0001072900   -0.0000262800   -0.0170785300
   0.0000651000    0.0000069600   -0.0170714000
  -0.0001043700   -0.0000146600   -0.0170902400
  -0.0000433700    0.0000611100   -0.0169646400
   0.0000678400    0.0000397400   -0.0170565200
   0.0000626400    0.0000094900   -0.0170730200
   0.0000219300   -0.0000048400   -0.0170747800
  -0.0000257800    0.0000890600   -0.0171179400
   0.0000224300    0.0000828200   -0.0170645400
   0.0000321300    0.0000316900   -0.0170762700
   0.0000199300   -0.0000125900   -0.0170753500
  -0.0000207100   -0.0000427200   -0.0170666400
   0.0000106100    0.0000713300   -0.0170793400
   0.0000031000    0.0000405500   -0.0170722200
  -0.0000127000   -0.0000010400   -0.0170758900
  -0.0000028200   -0.0000319800   -0.0170738200
   0.0000169600   -0.0000063600   -0.0170707100
   0.0000064800    0.0000308500   -0.0170756800
  -0.0000521800   -0.0000015900   -0.0170736700
  -0.0000494900   -0.0000370600   -0.0170576300
   0.0000551300   -0.0000392200   -0.0170743100
   0.0000525400    0.0000062400   -0.0170749000
   0.0000009900    0.0000127800   -0.0196716300
  -0.0000119100    0.0000073600   -0.0196442400
  -0.0000579600    0.0000333700   -0.0195646900
   0.0000268400    0.0000090300   -0.0196384400
   0.0000244700    0.0000094500   -0.0196798500
  -0.0000102600    0.0000051200   -0.0196571900
  -0.0000123500    0.0000058200   -0.0196309700
   0.0000013100    0.0000282900   -0.0196255000
   0.0000267600    0.0000106700   -0.0196662500
   0.0000076500    0.0000006900   -0.0196924700
  -0.0000107400   -0.0000282300   -0.0196177600
   0.0000044000    0.0000059900   -0.0196278000
   0.0000111000    0.0000147500   -0.0196550500
   0.0000112600   -0.0000028800   -0.0196782100
  -0.0000069900   -0.0000078800   -0.0196901900
   0.0000097100    0.0000119900   -0.0196499700
   0.0000052300    0.0000184900   -0.0196607000
  -0.0000039800    0.0000062500   -0.0196665300
  -0.0000027900   -0.0000108500   -0.0196716700
   0.0000030700   -0.0000009100   -0.0196680400
   0.0000128700    0.0000170200   -0.0196708000
  -0.0000076300    0.0000132000   -0.0196613200
  -0.0000251600   -0.0000038800   -0.0196565700
   0.0000084700   -0.0000097500   -0.0196473900
   0.0000236000    0.0000061600   -0.0196668300
  -0.0037204300   -0.0022594300    0.0224350700
   0.0000467700    0.0000929300    0.0170185100
  -0.0001936300    0.0002468400    0.0175655500
   0.0002718300    0.0001274500    0.0180045600
   0.0009646800    0.0003895300    0.0181344600
   0.0002002000    0.0021772400    0.0197233300
  -0.0005898600    0.0001875800    0.0174563200
   0.0000653100    0.0001038600    0.0179752200
   0.0002488600   -0.0000137000    0.0180767100
   0.0003297900   -0.0007076600    0.0178947200
  -0.0000250500   -0.0006642700    0.0176391000
  -0.0000168500    0.0000764100    0.0179827800
   0.0000404000    0.0000059300    0.0180868700
   0.0000071100   -0.0002627000    0.0180688600
   0.0000134100   -0.0006380100    0.0180597200
   0.0001945600    0.0000508700    0.0179717200
  -0.0000417400    0.0001510100    0.0180334200
  -0.0002015500   -0.0000187000    0.0180179300
  -0.0000157300   -0.0001598100    0.0180365600
   0.0000775400   -0.0000798500    0.0180390400
   0.0008233200    0.0006619000    0.0179236300
  -0.0009054500    0.0005381100    0.0176750400
  -0.0002971800    0.0000422200    0.0177751600
   0.0001391700   -0.0000292700    0.0180209100
   0.0002884000    0.0001280500    0.0180572400
  -0.0363514100   -0.0187521700   -0.0138468600
  -0.0022157000   -0.0010204600    0.0167152100
   0.0012312600   -0.0016389400    0.0168669200
   0.0006228100   -0.0002021600    0.0180120700
   0.0006374600    0.0005161900    0.0183402700
  -0.0039287200    0.0194338700    0.0016337100
   0.0007245800    0.0009354200    0.0174460900
   0.0002865200    0.0002606400    0.0180413100
   0.0001929800   -0.0001195500    0.0181702600
  -0.0000964400   -0.0004545600    0.0179117200
  -0.0008292500    0.0014270800    0.0169871600
   0.0001952700    0.0001903600    0.0180341000
   0.0000522000    0.0000059600    0.0181756200
   0.0000348000   -0.0001631300    0.0181775000
  -0.0001386700   -0.0003295900    0.0182168000
  -0.0001298000    0.0004407100    0.0179289600
  -0.0001069300    0.0000475000    0.0180985000
  -0.0001737400   -0.0001818600    0.0181130900
   0.0002336500   -0.0002185600    0.0180931900
   0.0001407500    0.0000708200    0.0181301800
  -0.0002450900    0.0002848800    0.0177228100
  -0.0008896200   -0.0004655800    0.0176790400
   0.0010405400   -0.0002157400    0.0174792300
   0.0003628400   -0.0001219100    0.0181102300
   0.0002510500    0.0000700100    0.0181499300
   0.0001695300    0.0000513200   -0.0215636300
  -0.0003720400    0.0002730000   -0.0219468100
  -0.0000369200    0.0000215700   -0.0214832100
  -0.0000509900    0.0000053400   -0.0214735600
  -0.0000086200   -0.0000034600   -0.0214744300
   0.0000906900   -0.0003074000   -0.0217567000
   0.0000288000   -0.0000018800   -0.0214668300
  -0.0000328400   -0.0000093800   -0.0214794800
  -0.0000258300    0.0000096300   -0.0214692300
   0.0000051800    0.0000282300   -0.0214608300
   0.0000167200   -0.0000245100   -0.0214774800
  -0.0000136000   -0.0000148800   -0.0214791500
  -0.0000160100    0.0000061400   -0.0214727000
   0.0000004500    0.0000271600   -0.0214696100
   0.0000259300    0.0000088600   -0.0214800100
  -0.0000046500   -0.0000209000   -0.0214716600
   0.0000051300   -0.0000019800   -0.0214740400
   0.0000120800    0.0000261000   -0.0214745600
  -0.0000034700    0.0000335100   -0.0214757400
  -0.0000022600    0.0000022800   -0.0214727700
   0.0000125000   -0.0000068100   -0.0214729100
   0.0000431500   -0.0000079300   -0.0214638500
  -0.0000068300    0.0000401200   -0.0214844400
  -0.0000276300    0.0000207100   -0.0214765800
  -0.0000214900   -0.0000050200   -0.0214687200
   0.0000293200    0.0000022900   -0.0143874600
   0.0000424900    0.0000027600   -0.0143852600
  -0.0000369200   -0.0000119300   -0.0144261800
  -0.0000326200    0.0000012700   -0.0143795500
  -0.0000033200   -0.0000059700   -0.0143736500
   0.0000362700    0.0000138500   -0.0143863700
   0.0000034100   -0.0000019600   -0.0144010300
  -0.0000276300   -0.0000051800   -0.0143882000
  -0.0000216000    0.0000084300   -0.0143673300
   0.0000205800    0.0000043300   -0.0143761800
  -0.0000017400   -0.0000099500   -0.0144098400
  -0.0000126900   -0.0000087500   -0.0143905400
  -0.0000155300    0.0000062700   -0.0143753100
  -0.0000017400    0.0000204100   -0.0143649900
   0.0000418000    0.0000082100   -0.0143902200
  -0.0000044300   -0.0000102400   -0.0143820600
   0.0000002400   -0.0000004400   -0.0143801700
   0.0000048800    0.0000221700   -0.0143751300
   0.0000042200    0.0000272200   -0.0143769400
   0.0000066200    0.0000039400   -0.0143803900
   0.0000055500   -0.0000035200   -0.0143834700
   0.0000177700    0.0000158200   -0.0143885500
   0.0000150600    0.0000598300   -0.0144162400
  -0.0000149300    0.0000184000   -0.0143877000
  -0.0000113400   -0.0000043500   -0.0143730800
   0.0009169900    0.0000073900    0.0160291300
   0.0004162400    0.0000648200    0.0157624200
  -0.0001943800   -0.0000918900    0.0158031500
  -0.0003727900   -0.0000120000    0.0156658700
  -0.0013407400    0.0009187200    0.0141017200
   0.0010862200    0.0005491600    0.0149429500
  -0.0000074800   -0.0000993000    0.0158994100
  -0.0001608200   -0.0000023700    0.0156786000
  -0.0002375500    0.0002444200    0.0157304500
  -0.0006301500    0.0004978800    0.0149238400
  -0.0000358400    0.0000082100    0.0158181200
  -0.0000451900   -0.0000607200    0.0156863700
  -0.0000304800    0.0000813300    0.0156710500
  -0.0000240200    0.0002162800    0.0156512200
   0.0001581800    0.0001274400    0.0158110800
  -0.0001271100   -0.0002301100    0.0157495100
   0.0001752900   -0.0001271700    0.0158149700
   0.0000629200    0.0001453000    0.0157197600
  -0.0000313400    0.0000820400    0.0156677200
  -0.0000560600   -0.0000562200    0.0156862200
   0.0002118600   -0.0018222800    0.0141107400
   0.0002491300   -0.0001742400    0.0157523700
  -0.0000187900    0.0001078400    0.0159032100
  -0.0001634000   -0.0000084200    0.0156767200
  -0.0002294400   -0.0002180200    0.0157190000
   0.0581412400   -0.0008449500    0.0641550000
  -0.0067533800    0.0013035600    0.0235335000
  -0.0012997600    0.0001990700    0.0213558200
  -0.0007967800   -0.0000168200    0.0208782200
  -0.0034224900   -0.0003564500    0.0203535500
  -0.0010604800   -0.0051158000    0.0231261000
  -0.0001910500   -0.0002081000    0.0211317000
  -0.0001934000   -0.0000035600    0.0209337000
  -0.0001624000    0.0002055900    0.0209768300
  -0.0001718700    0.0017268300    0.0207668200
  -0.0002111500   -0.0008790200    0.0213072500
  -0.0000693600   -0.0000656000    0.0209481900
  -0.0000521200    0.0000876100    0.0209194900
  -0.0001056300    0.0003664300    0.0209281900
   0.0001824300   -0.0000888800    0.0210539300
   0.0000433900   -0.0002227600    0.0210689900
   0.0001817300    0.0000214700    0.0210541500
  -0.0003586500    0.0005883300    0.0211672400
  -0.0000758400    0.0000734100    0.0209416000
  -0.0000451500   -0.0000796000    0.0209260600
   0.0006471400   -0.0005080100    0.0215357200
  -0.0018626400    0.0029858100    0.0223564300
  -0.0002583700    0.0002600200    0.0210660100
  -0.0001929800    0.0000235100    0.0209337500
  -0.0000936000   -0.0001534600    0.0210418400
