   6  150
1 1
    19.634482096377528     0.000000000000000     0.000000000000000
     0.000000000000000    19.634482096377525     0.000000000000000
     0.000000000000000     0.000000000000000    23.124310267183695
1 2
    -0.378808342095608    -0.746380541094372     0.053139030216245
     0.746380541094371    -0.035792371569376    -0.019578534733130
    -0.053139030216245    -0.019578534733130     0.384186968984868
1 3
    -0.118208930737939    -0.077410363564968     0.008628444836006
     0.077410363564968     0.057898799285792     0.026926337162934
    -0.008628444836006     0.026926337162934    -0.047812129832364
1 4
    -0.118208930737939     0.077410363564968    -0.008628444836006
    -0.077410363564968     0.057898799285792     0.026926337162934
     0.008628444836006     0.026926337162934    -0.047812129832364
1 5
    -0.378808342095608     0.746380541094371    -0.053139030216245
    -0.746380541094372    -0.035792371569376    -0.019578534733130
     0.053139030216245    -0.019578534733130     0.384186968984868
1 6
    -0.121546364200934     0.597850268904626     0.009614006660356
    -0.894910813284117    -0.293054349464050     0.055809017466302
    -0.043525023555889    -0.036230482733172     0.384186968984868
1 7
    -0.115310135247591     0.104204460257545    -0.050756471609692
     0.104204460257545    -0.235635081608498    -0.029304262546971
     0.052510738865298     0.030317089219226    -0.028642492386792
1 8
     0.007295494326294     0.000000000000000     0.000000000000000
    -0.000000000000000     0.030897970896213    -0.008201207137383
     0.000000000000000    -0.029312112389875     0.026262956783501
1 9
    -0.115310135247591    -0.104204460257545     0.050756471609692
    -0.104204460257545    -0.235635081608498    -0.029304262546971
    -0.052510738865298     0.030317089219226    -0.028642492386792
1 10
    -0.121546364200934    -0.597850268904626    -0.009614006660356
     0.894910813284117    -0.293054349464050     0.055809017466302
     0.043525023555889    -0.036230482733172     0.384186968984868
1 11
     0.013871866779859     0.001153479563287     0.027633114431969
    -0.153667247566650    -0.074181998232006    -0.005990716158333
     0.019004669595963    -0.020935621004601    -0.047812129832364
1 12
     0.024997351753734    -0.010220172150889    -0.007102453722672
    -0.010220172150889     0.013196113468774     0.004100603568692
    -0.025385033968216     0.014656056194937     0.026262956783501
1 13
     0.024997351753734     0.010220172150889     0.007102453722672
     0.010220172150889     0.013196113468774     0.004100603568692
     0.025385033968216     0.014656056194937     0.026262956783501
1 14
     0.013871866779859    -0.001153479563287    -0.027633114431969
     0.153667247566650    -0.074181998232006    -0.005990716158333
    -0.019004669595963    -0.020935621004601    -0.047812129832364
1 15
    -0.295797554788951    -0.000000000000000     0.000000000000000
    -0.000000000000000    -0.055147662067138    -0.060634178438452
     0.000000000000000     0.058608525093942    -0.028642492386792
1 16
     0.013871866779859    -0.153667247566650     0.019004669595963
     0.001153479563287    -0.074181998232006    -0.020935621004601
     0.027633114431969    -0.005990716158333    -0.047812129832364
1 17
    -0.295797554788951    -0.000000000000000     0.000000000000000
    -0.000000000000000    -0.055147662067138     0.058608525093942
     0.000000000000000    -0.060634178438452    -0.028642492386792
1 18
     0.013871866779859     0.153667247566650    -0.019004669595963
    -0.001153479563287    -0.074181998232006    -0.020935621004601
    -0.027633114431969    -0.005990716158333    -0.047812129832364
1 19
     0.024997351753734     0.010220172150889     0.025385033968216
     0.010220172150889     0.013196113468774     0.014656056194937
     0.007102453722672     0.004100603568692     0.026262956783501
1 20
     0.024997351753734    -0.010220172150889    -0.025385033968216
    -0.010220172150889     0.013196113468774     0.014656056194937
    -0.007102453722672     0.004100603568692     0.026262956783501
1 21
    -0.121546364200934    -0.894910813284117    -0.043525023555889
     0.597850268904626    -0.293054349464050    -0.036230482733172
     0.009614006660356     0.055809017466302     0.384186968984868
1 22
    -0.121546364200934     0.894910813284117     0.043525023555889
    -0.597850268904626    -0.293054349464050    -0.036230482733172
    -0.009614006660356     0.055809017466302     0.384186968984868
1 23
    -0.115310135247591    -0.104204460257545    -0.052510738865298
    -0.104204460257545    -0.235635081608498     0.030317089219226
     0.050756471609692    -0.029304262546971    -0.028642492386792
1 24
     0.007295494326294    -0.000000000000000     0.000000000000000
     0.000000000000000     0.030897970896213    -0.029312112389875
     0.000000000000000    -0.008201207137383     0.026262956783501
1 25
    -0.115310135247591     0.104204460257545     0.052510738865298
     0.104204460257545    -0.235635081608498     0.030317089219226
    -0.050756471609692    -0.029304262546971    -0.028642492386792
1 26
    -3.688738962363168    -1.387385809008655     2.774335818037875
    -1.387385809008655    -2.086723821761141     1.601763531366588
     2.771723366956315     1.600255232031404    -4.018284130965853
1 27
    -0.059680940756751     0.093581558818498    -0.038585236919802
    -0.049503266333997    -0.009051237895582    -0.023466591422310
     0.045032887078635    -0.010817758789500    -0.069192851352807
1 28
    -0.007393689935452    -0.000000000000000     0.000000000000000
     0.000000000000000    -0.006322547242286     0.007961728861468
     0.000000000000000     0.000342874000069    -0.001012088909323
1 29
    -0.059680940756751    -0.093581558818498     0.038585236919802
     0.049503266333997    -0.009051237895582    -0.023466591422310
    -0.045032887078635    -0.010817758789500    -0.069192851352807
1 30
    -3.688738962363168     1.387385809008656    -2.774335818037875
     1.387385809008656    -2.086723821761142     1.601763531366588
    -2.771723366956315     1.600255232031405    -4.018284130965852
1 31
    -0.002622203087365    -0.082446143887037    -0.039615282771852
     0.060638681265458    -0.066109975564968    -0.021682499672435
     0.013147989615598     0.044408503610604    -0.069192851352807
1 32
     0.003372228805287     0.001909026546561    -0.017319422576600
     0.001909026546561     0.001167874824193    -0.009999373286809
    -0.008034586610100    -0.004638770742169    -0.004794103005173
1 33
     0.003372228805287    -0.001909026546561     0.017319422576600
    -0.001909026546561     0.001167874824193    -0.009999373286809
     0.008034586610100    -0.004638770742169    -0.004794103005173
1 34
    -0.002622203087365     0.082446143887037     0.039615282771852
    -0.060638681265458    -0.066109975564968    -0.021682499672435
    -0.013147989615598     0.044408503610604    -0.069192851352807
1 35
     0.278176622077978    -0.000000000000000     0.000000000000000
     0.000000000000000    -0.173447186727139     0.044587013044046
     0.000000000000000     0.140977133595221    -0.167527653314932
1 36
    -0.006590332915578    -0.000463818391680     0.006895059452075
    -0.000463818391680    -0.007125904262161    -0.003980864430734
     0.000296937594357    -0.000171437000034    -0.001012088909323
1 37
     0.000065697833645     0.000000000000000     0.000000000000000
     0.000000000000000     0.004474405795835     0.019998746573618
     0.000000000000000     0.009277541484338    -0.004794103005173
1 38
    -0.006590332915578     0.000463818391680    -0.006895059452075
     0.000463818391680    -0.007125904262161    -0.003980864430734
    -0.000296937594357    -0.000171437000034    -0.001012088909323
1 39
     0.012576169666419    -0.003867412543741    -0.002150726186121
    -0.002526397909368     0.020375033007919    -0.009575607703054
    -0.006689448869848     0.004215951874069    -0.000885336233123
1 40
     0.012576169666419     0.003867412543741     0.002150726186121
     0.002526397909368     0.020375033007919    -0.009575607703054
     0.006689448869848     0.004215951874069    -0.000885336233123
1 41
    -0.040795124134383     0.038599535023207    -0.001030045852049
    -0.104485290129288    -0.027937054517949     0.045149091094745
    -0.031884897463037    -0.033590744821104    -0.069192851352807
1 42
    -0.040795124134383    -0.038599535023207     0.001030045852049
     0.104485290129288    -0.027937054517949     0.045149091094745
     0.031884897463037    -0.033590744821104    -0.069192851352807
1 43
     0.015656716032856    -0.004304952183282    -0.009368082620579
    -0.005645966817655     0.017294486641481     0.002925220337761
     0.000306396989152    -0.007901208595640    -0.000885336233123
1 44
     0.000810343674753     0.000000000000000     0.000000000000000
     0.000000000000000     0.000810343674753     0.000000000000000
     0.000000000000000     0.000000000000000     0.000207594400130
1 45
     0.015656716032856     0.004304952183282     0.009368082620579
     0.005645966817655     0.017294486641481     0.002925220337761
    -0.000306396989152    -0.007901208595640    -0.000885336233123
1 46
    -1.285716251460127    -0.000000000000001     0.000000000000000
    -0.000000000000001    -4.489746532664183    -3.203527062733176
     0.000000000000000    -3.200510464062809    -4.018284130965854
1 47
    -0.060541234525860     0.195558845689559     0.038613485975012
     0.195558845689559     0.165270669876699    -0.022293506522023
     0.122089779046174    -0.070488566797611    -0.167527653314932
1 48
     0.021193918312231    -0.002449061591100    -0.007217356434458
    -0.001108046956728     0.011757284362106     0.006650387365292
     0.006995845859000     0.003685256721571    -0.000885336233123
1 49
     0.021193918312231     0.002449061591100     0.007217356434458
     0.001108046956728     0.011757284362106     0.006650387365292
    -0.006995845859000     0.003685256721571    -0.000885336233123
1 50
    -0.060541234525860    -0.195558845689559    -0.038613485975012
    -0.195558845689559     0.165270669876699    -0.022293506522023
    -0.122089779046174    -0.070488566797611    -0.167527653314932
1 51
    -3.642772674588205    -1.397911403152435    -2.767509011946550
    -1.397911403152435    -2.028603624761594    -1.597822073032056
    -2.732425747674871    -1.577566740960751    -3.823739330537326
1 52
    -0.031667155673585     0.065706642802192     0.043521292168268
    -0.023329938972630    -0.033435158821087     0.039651350077748
    -0.073115437495667    -0.017403490701075    -0.041954601821171
1 53
    -0.023275038540948    -0.000000000000000     0.000000000000000
     0.000000000000000    -0.008461212709203    -0.018934971132954
     0.000000000000000    -0.008998832194898    -0.021106979758726
1 54
    -0.031667155673585    -0.065706642802192    -0.043521292168268
     0.023329938972630    -0.033435158821087     0.039651350077748
     0.073115437495667    -0.017403490701075    -0.041954601821171
1 55
    -3.642772674588205     1.397911403152436     2.767509011946550
     1.397911403152436    -2.028603624761595    -1.597822073032056
     2.732425747674871    -1.577566740960751    -3.823739330537325
1 56
    -0.014643507011686    -0.033158547110167     0.056099722545814
     0.055878034664655    -0.050458807482985     0.017864869584371
    -0.051629583809490    -0.054618080929523    -0.041954601821171
1 57
     0.006269246934753     0.000061384774870     0.030899877603318
     0.000061384774870     0.006198365902162     0.017840052652202
    -0.016891732922455    -0.009752446549859    -0.031579716673503
1 58
     0.006269246934753    -0.000061384774870    -0.030899877603318
    -0.000061384774870     0.006198365902162     0.017840052652202
     0.016891732922455    -0.009752446549859    -0.031579716673503
1 59
    -0.014643507011686     0.033158547110167    -0.056099722545814
    -0.055878034664655    -0.050458807482985     0.017864869584371
     0.051629583809490    -0.054618080929523    -0.041954601821171
1 60
     0.292999168329744    -0.000000000000000     0.000000000000000
     0.000000000000000    -0.209060045637758    -0.050227540273498
     0.000000000000000    -0.227345955676408    -0.106612754770421
1 61
    -0.012164669167140    -0.006414574748765    -0.016398166021063
    -0.006414574748765    -0.019571582083012     0.009467485566477
    -0.007793217285175     0.004499416097449    -0.021106979758726
1 62
     0.006162925385867     0.000000000000000     0.000000000000000
     0.000000000000000     0.006304687451049    -0.035680105304404
     0.000000000000000     0.019504893099717    -0.031579716673503
1 63
    -0.012164669167140     0.006414574748765     0.016398166021063
     0.006414574748765    -0.019571582083012     0.009467485566477
     0.007793217285175     0.004499416097449    -0.021106979758726
1 64
     0.015476745286035     0.020375684829761     0.001384514881410
    -0.008365379549181     0.032825860172872     0.023190583042669
     0.013065771883147    -0.019017432471719    -0.008355508993176
1 65
     0.015476745286035    -0.020375684829761    -0.001384514881410
     0.008365379549181     0.032825860172872     0.023190583042669
    -0.013065771883147    -0.019017432471719    -0.008355508993176
1 66
    -0.051342809056736     0.034689682749875     0.012578430377546
    -0.054346899024948    -0.013759505437935    -0.057516219662119
     0.021485853686177     0.072021571630598    -0.041954601821171
1 67
    -0.051342809056736    -0.034689682749875    -0.012578430377546
     0.054346899024948    -0.013759505437935    -0.057516219662119
    -0.021485853686177     0.072021571630598    -0.041954601821171
1 68
     0.033689196191257    -0.018880342981914     0.020775891484229
     0.009860721397028     0.014613409267650    -0.010396266462116
    -0.009936693693691     0.020824006606717    -0.008355508993176
1 69
    -0.016481832419773     0.000000000000000     0.000000000000000
    -0.000000000000000    -0.016481832419773     0.000000000000000
     0.000000000000000     0.000000000000000    -0.021992841331719
1 70
     0.033689196191257     0.018880342981914    -0.020775891484229
    -0.009860721397028     0.014613409267650    -0.010396266462116
     0.009936693693691     0.020824006606717    -0.008355508993176
1 71
    -1.221519099848288    -0.000000000000001     0.000000000000000
    -0.000000000000001    -4.449857199501514     3.195644146064113
     0.000000000000000     3.155133481921503    -3.823739330537327
1 72
    -0.083545242145883     0.217398016749952    -0.043498325846455
     0.217398016749952     0.167484364837868     0.025113770136749
    -0.196887373063420     0.113672977838204    -0.106612754770421
1 73
     0.023287966711069     0.003855568756738     0.019391376602819
    -0.024885495622204     0.025014638747838    -0.012794316580553
    -0.023002465576838    -0.001806574134998    -0.008355508993176
1 74
     0.023287966711069    -0.003855568756738    -0.019391376602819
     0.024885495622204     0.025014638747838    -0.012794316580553
     0.023002465576838    -0.001806574134998    -0.008355508993176
1 75
    -0.083545242145883    -0.217398016749952     0.043498325846455
    -0.217398016749952     0.167484364837868     0.025113770136749
     0.196887373063420     0.113672977838204    -0.106612754770421
1 76
     0.005721932410691     0.017598222149888    -0.016892022452900
     0.017598222149888    -0.014598744180302    -0.009752613710339
    -0.026065343781923    -0.015048833249014    -0.144143022858108
1 77
    -0.009106912775427     0.007952067138842     0.006092377647953
    -0.008156561038761    -0.014694073058027    -0.024461857312326
    -0.016749694346829     0.018684867312233    -0.008244237245890
1 78
     0.006513448365858    -0.000000000000000     0.000000000000000
     0.000000000000000    -0.013740825192781    -0.009198492522935
     0.000000000000000    -0.005157855765875    -0.015499880830872
1 79
    -0.009106912775427    -0.007952067138842    -0.006092377647953
     0.008156561038761    -0.014694073058027    -0.024461857312326
     0.016749694346829     0.018684867312233    -0.008244237245890
1 80
     0.005721932410691    -0.017598222149888     0.016892022452900
    -0.017598222149888    -0.014598744180302    -0.009752613710339
     0.026065343781923    -0.015048833249014    -0.144143022858108
1 81
    -0.013385831443501    -0.005686126193908    -0.018138401032248
     0.010422501983695    -0.010415154389952     0.017507082468739
     0.007806722585321    -0.023848094466095    -0.008244237245890
1 82
    -0.004256226262875     0.001291216361538     0.000952619485463
     0.001291216361538    -0.005747194490707     0.000549995116367
    -0.000147114493333    -0.000084936592328     0.010443068922883
1 83
    -0.004256226262875    -0.001291216361538    -0.000952619485463
    -0.001291216361538    -0.005747194490707     0.000549995116367
     0.000147114493333    -0.000084936592328     0.010443068922883
1 84
    -0.013385831443501     0.005686126193908     0.018138401032248
    -0.010422501983695    -0.010415154389952     0.017507082468739
    -0.007806722585321    -0.023848094466095    -0.008244237245890
1 85
     0.026988897008335    -0.000000000000000     0.000000000000000
    -0.000000000000000    -0.009489635349127     0.013600717082102
     0.000000000000000    -0.021602767509454     0.061644547276176
1 86
    -0.008677256803122     0.008770357718490    -0.007966128201383
     0.008770357718490     0.001449879976198     0.004599246261467
    -0.004466834122304     0.002578927882937    -0.015499880830872
1 87
    -0.006492678604622    -0.000000000000000     0.000000000000000
    -0.000000000000000    -0.003510742148959    -0.001099990232735
     0.000000000000000     0.000169873184655     0.010443068922883
1 88
    -0.008677256803122    -0.008770357718490     0.007966128201383
    -0.008770357718490     0.001449879976198     0.004599246261467
     0.004466834122304     0.002578927882937    -0.015499880830872
1 89
     0.003688516833012     0.003205277782060     0.003829690295761
    -0.005393537867142     0.008114109436345     0.005329935653476
     0.005790418868933     0.000452085581376     0.007352836512389
1 90
     0.003688516833012    -0.003205277782060    -0.003829690295761
     0.005393537867142     0.008114109436345     0.005329935653476
    -0.005790418868933     0.000452085581376     0.007352836512389
1 91
    -0.013208734531252     0.010524748933655    -0.024230778680201
    -0.005583879243948    -0.010592251302201     0.006954774843587
     0.024556416932150     0.005163227153862    -0.008244237245890
1 92
    -0.013208734531252    -0.010524748933655     0.024230778680201
     0.005583879243948    -0.010592251302201     0.006954774843587
    -0.024556416932150     0.005163227153862    -0.008244237245890
1 93
     0.006060166873628    -0.006762810656515     0.006530704824327
     0.001836004992686     0.005742459395730     0.000651641258018
     0.003286727032623     0.004788607048361     0.007352836512389
1 94
     0.001061712754830     0.000000000000000     0.000000000000000
     0.000000000000000     0.001061712754830     0.000000000000000
     0.000000000000000     0.000000000000000    -0.002050350279859
1 95
     0.006060166873628     0.006762810656515    -0.006530704824327
    -0.001836004992686     0.005742459395730     0.000651641258018
    -0.003286727032623     0.004788607048361     0.007352836512389
1 96
    -0.024759082475799     0.000000000000000     0.000000000000000
     0.000000000000000     0.015882270706187     0.019505227420678
     0.000000000000000     0.030097666498027    -0.144143022858108
1 97
    -0.000370002259762     0.015795667857167     0.011778566502785
     0.015795667857167     0.017869263918969    -0.006800358541051
    -0.018708545455237     0.010801383754727     0.061644547276176
1 98
     0.007955255697396     0.002930135035228     0.002701014528566
    -0.005668680613974     0.003847370571961    -0.005981576911494
    -0.002503691836311    -0.005240692629737     0.007352836512389
1 99
     0.007955255697396    -0.002930135035228    -0.002701014528566
     0.005668680613974     0.003847370571961    -0.005981576911494
     0.002503691836311    -0.005240692629737     0.007352836512389
1 100
    -0.000370002259762    -0.015795667857167    -0.011778566502785
    -0.015795667857167     0.017869263918969    -0.006800358541051
     0.018708545455237     0.010801383754727     0.061644547276176
1 101
    -0.065104879005620     0.000000000000000     0.000000000000000
    -0.000000000000000    -0.065104879005620     0.000000000000000
     0.000000000000000     0.000000000000000     0.108989847687647
1 102
    -0.003849415069009     0.017863302643659    -0.000471970700609
     0.006836689029807     0.006072490893012    -0.000153303548356
    -0.009498957116445     0.039493991118512    -0.010604333109118
1 103
    -0.004609406063322    -0.003970948359819    -0.003090708074371
     0.005434173556892    -0.002751920758979     0.000690357733852
     0.001581568078917     0.005940572195659     0.000413624326574
1 104
    -0.004609406063322     0.003970948359819     0.003090708074371
    -0.005434173556892    -0.002751920758979     0.000690357733852
    -0.001581568078917     0.005940572195659     0.000413624326574
1 105
    -0.003849415069009    -0.017863302643659     0.000471970700609
    -0.006836689029807     0.006072490893012    -0.000153303548356
     0.009498957116445     0.039493991118512    -0.010604333109118
1 106
     0.014287424533749    -0.003634620197095    -0.000368750117671
     0.007391993416757    -0.012064348709747    -0.000332086842391
     0.029453321047246    -0.027973333731557    -0.010604333109118
1 107
    -0.008980858098356    -0.004885123744455    -0.006486814663361
    -0.004885123744455    -0.003340003080584    -0.003745164192075
    -0.004477020431408    -0.002584808951241     0.003824959908655
1 108
     0.010660808452253    -0.000000000000000     0.000000000000000
    -0.000000000000000    -0.000160656030567     0.001588982899657
     0.000000000000000    -0.006762986148638    -0.001956737312754
1 109
    -0.008980858098356     0.004885123744455     0.006486814663361
     0.004885123744455    -0.003340003080584    -0.003745164192075
     0.004477020431408    -0.002584808951241     0.003824959908655
1 110
     0.014287424533749     0.003634620197095     0.000368750117671
    -0.007391993416757    -0.012064348709747    -0.000332086842391
    -0.029453321047246    -0.027973333731557    -0.010604333109118
1 111
    -0.002582696989003     0.004264052527265    -0.000947486701971
    -0.005141069389446    -0.004778629833298    -0.003021810575013
     0.005935470473915    -0.001600607963673     0.000413624326574
1 112
     0.002544710090138     0.004685831574137     0.001376099557282
     0.004685831574137     0.007955442331548    -0.000794491449828
    -0.005856917810163     0.003381493074319    -0.001956737312754
1 113
     0.002544710090138    -0.004685831574137    -0.001376099557282
    -0.004685831574137     0.007955442331548    -0.000794491449828
     0.005856917810163     0.003381493074319    -0.001956737312754
1 114
    -0.002582696989003    -0.004264052527265     0.000947486701971
     0.005141069389446    -0.004778629833298    -0.003021810575013
    -0.005935470473915    -0.001600607963673     0.000413624326574
1 115
    -0.012209792748278    -0.000000000000000     0.000000000000000
     0.000000000000000    -0.012838302745400     0.002030703940139
     0.000000000000000     0.008006649012705     0.008328739030019
1 116
    -0.003849887181126    -0.005872681987982     0.002143221372400
     0.003532439928728    -0.003511439641175     0.002331452841161
     0.004353902394998    -0.004339964231986     0.000413624326574
1 117
    -0.000519575571698    -0.000000000000000     0.000000000000000
    -0.000000000000000    -0.011801285607242     0.007490328384150
     0.000000000000000     0.005169617902482     0.003824959908655
1 118
    -0.003849887181126     0.005872681987982    -0.002143221372400
    -0.003532439928728    -0.003511439641175     0.002331452841161
    -0.004353902394998    -0.004339964231986     0.000413624326574
1 119
    -0.001817675560556    -0.000743973789064    -0.000788316217562
    -0.000743973789064    -0.000958608625783    -0.000455134580416
     0.002235743801415     0.001290807285586    -0.001221550142205
1 120
    -0.001817675560556     0.000743973789064     0.000788316217562
     0.000743973789064    -0.000958608625783    -0.000455134580416
    -0.002235743801415     0.001290807285586    -0.001221550142205
1 121
    -0.007103395728736    -0.004958002419976     0.000103220582938
    -0.015984616033828     0.009326471552739     0.000485390390747
     0.038952278163691    -0.011520657386956    -0.010604333109118
1 122
    -0.007103395728736     0.004958002419976    -0.000103220582938
     0.015984616033828     0.009326471552739     0.000485390390747
    -0.038952278163691    -0.011520657386956    -0.010604333109118
1 123
    -0.012681175246120     0.000272152812020     0.001758641199725
     0.000272152812020    -0.012366920247558    -0.001015351970069
     0.006933961444188    -0.004003324506353     0.008328739030019
1 124
    -0.000529075158397    -0.000000000000000     0.000000000000000
    -0.000000000000000    -0.002247209027943     0.000910269160832
     0.000000000000000    -0.002581614571172    -0.001221550142205
1 125
    -0.012681175246120    -0.000272152812020    -0.001758641199725
    -0.000272152812020    -0.012366920247558    -0.001015351970069
    -0.006933961444188    -0.004003324506353     0.008328739030019
1 126
     0.005949688899209     0.000000000000000     0.000000000000000
     0.000000000000000     0.005949688899209     0.000000000000000
     0.000000000000000     0.000000000000000     0.150590987421738
1 127
     0.003754572274089    -0.006308923000736    -0.001406058991841
    -0.010917991604836    -0.001702838164129     0.010664217815084
     0.013488677889933    -0.036103132301189     0.025373306701818
1 128
     0.000835162999654    -0.003042157976957     0.002234645646391
    -0.001230417173460    -0.000814667804228     0.008090018512659
     0.003507911789207    -0.006417400129094     0.016193046584742
1 129
     0.000835162999654     0.003042157976957    -0.002234645646391
     0.001230417173460    -0.000814667804228     0.008090018512659
    -0.003507911789207    -0.006417400129094     0.016193046584742
1 130
     0.003754572274089     0.006308923000736     0.001406058991841
     0.010917991604836    -0.001702838164129     0.010664217815084
    -0.013488677889933    -0.036103132301189     0.025373306701818
1 131
    -0.007797958393200    -0.004248134914255     0.008532454043433
     0.000360933689845     0.009849692503160    -0.006549791713695
    -0.024521890784054     0.029733103866742     0.025373306701818
1 132
     0.002475970895386    -0.002922504790669     0.004731110499248
    -0.002922504790669     0.005850588750587     0.002731507920307
     0.001812665909036     0.001046543150533    -0.004267876984361
1 133
    -0.005746729192173     0.000000000000000     0.000000000000000
     0.000000000000000     0.001400112951713     0.000820301195114
     0.000000000000000     0.003018872372155    -0.000900325738332
1 134
     0.002475970895386     0.002922504790669    -0.004731110499248
     0.002922504790669     0.005850588750587     0.002731507920307
    -0.001812665909036     0.001046543150533    -0.004267876984361
1 135
    -0.007797958393200     0.004248134914255    -0.008532454043433
    -0.000360933689845     0.009849692503160    -0.006549791713695
     0.024521890784054     0.029733103866742     0.025373306701818
1 136
    -0.002252289413177     0.000552124308198     0.008123484372245
    -0.001259616495299     0.002272784608603    -0.002109749358098
    -0.003803675643441     0.006246640788235     0.016193046584742
1 137
    -0.000386597584259    -0.003094673426721     0.000710401673723
    -0.003094673426721    -0.003960018656201    -0.000410150597557
     0.002614420165069    -0.001509436186077    -0.000900325738332
1 138
    -0.000386597584259     0.003094673426721    -0.000710401673723
     0.003094673426721    -0.003960018656201    -0.000410150597557
    -0.002614420165069    -0.001509436186077    -0.000900325738332
1 139
    -0.002252289413177    -0.000552124308198    -0.008123484372245
     0.001259616495299     0.002272784608603    -0.002109749358098
     0.003803675643441     0.006246640788235     0.016193046584742
1 140
    -0.002100529373024     0.000000000000000     0.000000000000000
     0.000000000000000     0.000370654444420    -0.001701758258886
     0.000000000000000    -0.002154652300295    -0.007074187729903
1 141
     0.001447869206662     0.000876671079910     0.005888838725853
     0.002688411883407    -0.001427374011236    -0.005980269154561
    -0.007311587432648     0.000170759340858     0.016193046584742
1 142
     0.007537897678188     0.000000000000000     0.000000000000000
     0.000000000000000     0.000788661967786    -0.005463015840613
     0.000000000000000    -0.002093086301066    -0.004267876984361
1 143
     0.001447869206662    -0.000876671079910    -0.005888838725853
    -0.002688411883407    -0.001427374011236    -0.005980269154561
     0.007311587432648     0.000170759340858     0.016193046584742
1 144
    -0.002793523567123     0.001435046211203     0.003368119092928
     0.001435046211203    -0.004450572199798     0.001944584464965
    -0.003995479234458    -0.002306791011556    -0.009388641805393
1 145
    -0.002793523567123    -0.001435046211203    -0.003368119092928
    -0.001435046211203    -0.004450572199798     0.001944584464965
     0.003995479234458    -0.002306791011556    -0.009388641805393
1 146
     0.007120987284051     0.008974390992631     0.009938513035273
     0.004365322388531    -0.005069253174090    -0.004114426101388
    -0.038010568673987     0.006370028434447     0.025373306701818
1 147
     0.007120987284051    -0.008974390992631    -0.009938513035273
    -0.004365322388531    -0.005069253174090    -0.004114426101388
     0.038010568673987     0.006370028434447     0.025373306701818
1 148
    -0.000247141509941    -0.001070053981664    -0.001473765883295
    -0.001070053981664    -0.001482733418663     0.000850879129443
    -0.001865983628378     0.001077326150148    -0.007074187729903
1 149
    -0.005279096516136    -0.000000000000000     0.000000000000000
    -0.000000000000000    -0.001964999250785    -0.003889168929930
     0.000000000000000     0.004613582023112    -0.009388641805393
1 150
    -0.000247141509941     0.001070053981664     0.001473765883295
     0.001070053981664    -0.001482733418663     0.000850879129443
     0.001865983628378     0.001077326150148    -0.007074187729903
26 1
    -3.688738962363168    -1.387385809008655     2.771723366956315
    -1.387385809008655    -2.086723821761141     1.600255232031404
     2.774335818037875     1.601763531366588    -4.018284130965853
26 2
    -3.688738962363168     1.387385809008656    -2.771723366956315
     1.387385809008656    -2.086723821761142     1.600255232031405
    -2.774335818037875     1.601763531366588    -4.018284130965852
26 3
    -0.059680940756751     0.049503266333997    -0.045032887078635
    -0.093581558818498    -0.009051237895582    -0.010817758789500
     0.038585236919802    -0.023466591422310    -0.069192851352807
26 4
    -0.007393689935452     0.000000000000000     0.000000000000000
    -0.000000000000000    -0.006322547242286     0.000342874000069
     0.000000000000000     0.007961728861468    -0.001012088909323
26 5
    -0.059680940756751    -0.049503266333997     0.045032887078635
     0.093581558818498    -0.009051237895582    -0.010817758789500
    -0.038585236919802    -0.023466591422310    -0.069192851352807
26 6
    -1.285716251460127    -0.000000000000001     0.000000000000000
    -0.000000000000001    -4.489746532664183    -3.200510464062809
     0.000000000000000    -3.203527062733176    -4.018284130965854
26 7
    -0.060541234525860    -0.195558845689559    -0.122089779046174
    -0.195558845689559     0.165270669876699    -0.070488566797611
    -0.038613485975012    -0.022293506522023    -0.167527653314932
26 8
     0.021193918312231     0.001108046956728    -0.006995845859000
     0.002449061591100     0.011757284362106     0.003685256721571
     0.007217356434458     0.006650387365292    -0.000885336233123
26 9
     0.021193918312231    -0.001108046956728     0.006995845859000
    -0.002449061591100     0.011757284362106     0.003685256721571
    -0.007217356434458     0.006650387365292    -0.000885336233123
26 10
    -0.060541234525860     0.195558845689559     0.122089779046174
     0.195558845689559     0.165270669876699    -0.070488566797611
     0.038613485975012    -0.022293506522023    -0.167527653314932
26 11
    -0.040795124134383    -0.104485290129288    -0.031884897463037
     0.038599535023207    -0.027937054517949    -0.033590744821104
    -0.001030045852049     0.045149091094745    -0.069192851352807
26 12
     0.015656716032856     0.005645966817655    -0.000306396989152
     0.004304952183282     0.017294486641481    -0.007901208595640
     0.009368082620579     0.002925220337761    -0.000885336233123
26 13
     0.000810343674753     0.000000000000000     0.000000000000000
     0.000000000000000     0.000810343674753     0.000000000000000
     0.000000000000000     0.000000000000000     0.000207594400130
26 14
     0.015656716032856    -0.005645966817655     0.000306396989152
    -0.004304952183282     0.017294486641481    -0.007901208595640
    -0.009368082620579     0.002925220337761    -0.000885336233123
26 15
    -0.040795124134383     0.104485290129288     0.031884897463037
    -0.038599535023207    -0.027937054517949    -0.033590744821104
     0.001030045852049     0.045149091094745    -0.069192851352807
26 16
    -0.006590332915578    -0.000463818391680     0.000296937594357
    -0.000463818391680    -0.007125904262161    -0.000171437000034
     0.006895059452075    -0.003980864430734    -0.001012088909323
26 17
     0.012576169666419     0.002526397909368     0.006689448869848
     0.003867412543741     0.020375033007919     0.004215951874069
     0.002150726186121    -0.009575607703054    -0.000885336233123
26 18
     0.012576169666419    -0.002526397909368    -0.006689448869848
    -0.003867412543741     0.020375033007919     0.004215951874069
    -0.002150726186121    -0.009575607703054    -0.000885336233123
26 19
    -0.006590332915578     0.000463818391680    -0.000296937594357
     0.000463818391680    -0.007125904262161    -0.000171437000034
    -0.006895059452075    -0.003980864430734    -0.001012088909323
26 20
     0.000065697833645     0.000000000000000     0.000000000000000
     0.000000000000000     0.004474405795835     0.009277541484338
     0.000000000000000     0.019998746573618    -0.004794103005173
26 21
    -0.002622203087365     0.060638681265458     0.013147989615598
    -0.082446143887037    -0.066109975564968     0.044408503610604
    -0.039615282771852    -0.021682499672435    -0.069192851352807
26 22
     0.278176622077978     0.000000000000000     0.000000000000000
    -0.000000000000000    -0.173447186727139     0.140977133595221
     0.000000000000000     0.044587013044046    -0.167527653314932
26 23
    -0.002622203087365    -0.060638681265458    -0.013147989615598
     0.082446143887037    -0.066109975564968     0.044408503610604
     0.039615282771852    -0.021682499672435    -0.069192851352807
26 24
     0.003372228805287    -0.001909026546561     0.008034586610100
    -0.001909026546561     0.001167874824193    -0.004638770742169
     0.017319422576600    -0.009999373286809    -0.004794103005173
26 25
     0.003372228805287     0.001909026546561    -0.008034586610100
     0.001909026546561     0.001167874824193    -0.004638770742169
    -0.017319422576600    -0.009999373286809    -0.004794103005173
26 26
     9.896510392311287     0.000000000000000     0.000000000000000
     0.000000000000000     9.896510392311285     0.000000000000000
     0.000000000000000     0.000000000000000    12.778139088430279
26 27
    -0.729837321543848     0.017035586589420    -0.068235943653554
    -0.017035586589420     0.104886843832727    -0.023589055096984
     0.068235943653554    -0.023589055096984     0.289540708867542
26 28
     0.009499213848982    -0.000094275809737     0.001747737213338
     0.000094275809737    -0.004922057998212     0.005517452556564
    -0.001747737213338     0.005517452556564     0.014742205794402
26 29
     0.009499213848982     0.000094275809737    -0.001747737213338
    -0.000094275809737    -0.004922057998212     0.005517452556564
     0.001747737213338     0.005517452556564     0.014742205794402
26 30
    -0.729837321543848    -0.017035586589420     0.068235943653554
     0.017035586589420     0.104886843832727    -0.023589055096984
    -0.068235943653554    -0.023589055096984     0.289540708867542
26 31
    -0.103794197511417    -0.378481752773859    -0.054546692792036
    -0.344410579595018    -0.521156280199704    -0.047299533106689
     0.013689250861518     0.070888588203673     0.289540708867542
26 32
     0.023085099756305     0.013614327207783     0.019468445525930
     0.013614327207783     0.007364628799807     0.011240112265099
    -0.009429454118522    -0.005444097873640    -0.005641919291557
26 33
     0.000870543411104    -0.000000000000000     0.000000000000000
     0.000000000000000    -0.000525352925471    -0.002186982220540
     0.000000000000000    -0.002742897336630     0.005124697653848
26 34
     0.023085099756305    -0.013614327207783    -0.019468445525930
    -0.013614327207783     0.007364628799807     0.011240112265099
     0.009429454118522    -0.005444097873640    -0.005641919291557
26 35
    -0.103794197511417     0.378481752773858     0.054546692792036
     0.344410579595018    -0.521156280199704    -0.047299533106689
    -0.013689250861518     0.070888588203673     0.289540708867543
26 36
    -0.001316740036414     0.006338869697013     0.005652122684829
     0.006150318077538     0.005893895887183    -0.001245141452392
     0.003904385471491    -0.004272311104172     0.014742205794402
26 37
    -0.000176378841327     0.000604440844262    -0.001893982160612
     0.000604440844262     0.000521569326960     0.001093491110270
    -0.002375418773495     0.001371448668315     0.005124697653848
26 38
    -0.000176378841327    -0.000604440844262     0.001893982160612
    -0.000604440844262     0.000521569326960     0.001093491110270
     0.002375418773495     0.001371448668315     0.005124697653848
26 39
    -0.001316740036414    -0.006338869697013    -0.005652122684829
    -0.006150318077538     0.005893895887183    -0.001245141452392
    -0.003904385471491    -0.004272311104172     0.014742205794402
26 40
    -0.000495606678442     0.000000000000000     0.000000000000000
     0.000000000000000     0.030945335234554     0.010888195747280
     0.000000000000000    -0.022480224530199    -0.005641919291557
26 41
    -0.001316740036414     0.006150318077538     0.003904385471491
     0.006338869697013     0.005893895887183    -0.004272311104172
     0.005652122684829    -0.001245141452392     0.014742205794402
26 42
    -0.000495606678442     0.000000000000000     0.000000000000000
     0.000000000000000     0.030945335234554    -0.022480224530199
     0.000000000000000     0.010888195747280    -0.005641919291557
26 43
    -0.001316740036414    -0.006150318077538    -0.003904385471491
    -0.006338869697013     0.005893895887183    -0.004272311104172
    -0.005652122684829    -0.001245141452392     0.014742205794402
26 44
    -0.000176378841327    -0.000604440844262     0.002375418773495
    -0.000604440844262     0.000521569326960     0.001371448668315
     0.001893982160612     0.001093491110270     0.005124697653848
26 45
    -0.000176378841327     0.000604440844262    -0.002375418773495
     0.000604440844262     0.000521569326960     0.001371448668315
    -0.001893982160612     0.001093491110270     0.005124697653848
26 46
    -0.103794197511417    -0.344410579595018     0.013689250861518
    -0.378481752773859    -0.521156280199704     0.070888588203673
    -0.054546692792036    -0.047299533106689     0.289540708867542
26 47
    -0.103794197511417     0.344410579595018    -0.013689250861518
     0.378481752773858    -0.521156280199704     0.070888588203673
     0.054546692792036    -0.047299533106689     0.289540708867543
26 48
     0.023085099756305    -0.013614327207783     0.009429454118522
    -0.013614327207783     0.007364628799807    -0.005444097873640
    -0.019468445525930     0.011240112265099    -0.005641919291557
26 49
     0.000870543411104     0.000000000000000     0.000000000000000
    -0.000000000000000    -0.000525352925471    -0.002742897336630
     0.000000000000000    -0.002186982220540     0.005124697653848
26 50
     0.023085099756305     0.013614327207783    -0.009429454118522
     0.013614327207783     0.007364628799807    -0.005444097873640
     0.019468445525930     0.011240112265099    -0.005641919291557
26 51
     0.259428452671551     0.000000000000000     0.000000000000000
     0.000000000000000     0.259428452671551     0.000000000000000
     0.000000000000000     0.000000000000000    -1.488824225400719
26 52
    -0.103686662641244    -0.096376132894350    -0.154597596606677
     0.097570230460372     0.166550409785500     0.108490371773170
    -0.145440730260887    -0.125347435291945    -0.048335805645621
26 53
     0.002025124875183    -0.014194989109764    -0.003301959980960
     0.018428880640911     0.006548682875017    -0.001215281872283
     0.001238581894953     0.003582293768246     0.012354425674587
26 54
     0.002025124875183     0.014194989109764     0.003301959980960
    -0.018428880640911     0.006548682875017    -0.001215281872283
    -0.001238581894953     0.003582293768246     0.012354425674587
26 55
    -0.103686662641244     0.096376132894350     0.154597596606677
    -0.097570230460372     0.166550409785500     0.108490371773170
     0.145440730260887    -0.125347435291945    -0.048335805645621
26 56
     0.099508201092200    -0.019744378814081     0.016656619718245
    -0.213690742168804    -0.036644453947944    -0.188130631911986
    -0.181274428392494    -0.063281649504916    -0.048335805645621
26 57
    -0.008448127968691    -0.009385068227938    -0.030222165026317
    -0.009385068227938     0.002388815366835    -0.017448775113437
     0.007205169111975     0.004159906326355     0.027930013176480
26 58
     0.007730939721724     0.000000000000000     0.000000000000000
    -0.000000000000000     0.002072109680665     0.000162957181985
     0.000000000000000    -0.000389890281134    -0.002515849753790
26 59
    -0.008448127968691     0.009385068227938     0.030222165026317
     0.009385068227938     0.002388815366835    -0.017448775113437
    -0.007205169111975     0.004159906326355     0.027930013176480
26 60
     0.099508201092200     0.019744378814081    -0.016656619718245
     0.213690742168803    -0.036644453947944    -0.188130631911986
     0.181274428392494    -0.063281649504916    -0.048335805645621
26 61
     0.007251122186479     0.015411649686450    -0.002703444964636
    -0.017212220064225     0.001322685563721    -0.002251940289650
     0.003721648354596    -0.000718503498426     0.012354425674587
26 62
     0.003486817190930     0.002450345285628     0.000141125059328
     0.002450345285628     0.006316232211459    -0.000081478590992
    -0.000337654888151     0.000194945140567    -0.002515849753790
26 63
     0.003486817190930    -0.002450345285628    -0.000141125059328
    -0.002450345285628     0.006316232211459    -0.000081478590992
     0.000337654888151     0.000194945140567    -0.002515849753790
26 64
     0.007251122186479    -0.015411649686450     0.002703444964636
     0.017212220064225     0.001322685563721    -0.002251940289650
    -0.003721648354596    -0.000718503498426     0.012354425674587
26 65
    -0.005268275049231    -0.000000000000000     0.000000000000000
     0.000000000000000    -0.006557008752679    -0.001114596434484
     0.000000000000000    -0.010700048753934     0.020510706016429
26 66
     0.003584464563638    -0.019329165829799     0.000598515016325
     0.013294703920876     0.004989343186562     0.003467222161933
     0.002483066459643    -0.002863790269820     0.012354425674587
26 67
     0.007807287034599    -0.000000000000000     0.000000000000000
    -0.000000000000000    -0.013866599636454     0.034897550226874
     0.000000000000000    -0.008319812652711     0.027930013176480
26 68
     0.003584464563638     0.019329165829799    -0.000598515016325
    -0.013294703920876     0.004989343186562     0.003467222161933
    -0.002483066459643    -0.002863790269820     0.012354425674587
26 69
     0.002613973747570    -0.000317745897068    -0.004095806484949
    -0.000317745897068     0.002980875105982    -0.002364714976634
    -0.000832135703308    -0.000480433772307    -0.005510070529968
26 70
     0.002613973747570     0.000317745897068     0.004095806484949
     0.000317745897068     0.002980875105982    -0.002364714976634
     0.000832135703308    -0.000480433772307    -0.005510070529968
26 71
     0.098474082265428    -0.214287790951815     0.171254216324922
    -0.020341427597092    -0.035610335121172     0.079640260138816
    -0.035833698131607     0.188629084796861    -0.048335805645621
26 72
     0.098474082265428     0.214287790951814    -0.171254216324922
     0.020341427597092    -0.035610335121172     0.079640260138816
     0.035833698131607     0.188629084796861    -0.048335805645621
26 73
    -0.006234825326817     0.000558038062950    -0.000965268827231
     0.000558038062950    -0.005590458475093     0.000557298217242
    -0.009266514042639     0.005350024376967     0.020510706016429
26 74
     0.003164325785188     0.000000000000000     0.000000000000000
     0.000000000000000     0.002430523068365     0.004729429953268
     0.000000000000000     0.000960867544615    -0.005510070529968
26 75
    -0.006234825326817    -0.000558038062950     0.000965268827231
    -0.000558038062950    -0.005590458475093     0.000557298217242
     0.009266514042639     0.005350024376967     0.020510706016429
26 76
    -0.006535470728995     0.000000000000000     0.000000000000000
    -0.000000000000000    -0.006535470728995     0.000000000000000
     0.000000000000000     0.000000000000000     0.013136101093960
26 77
     0.000916125571625    -0.001143057032283     0.006697011060415
    -0.000677162171966    -0.002152188509552    -0.004092216587646
     0.007612093930741     0.002077964646809     0.003020349940151
26 78
     0.000813819906041    -0.002063076516205     0.002470456652056
    -0.000172467860793     0.000412387161909     0.000483763427849
     0.000048501378870     0.000086448753025    -0.003612787546798
26 79
     0.000813819906041     0.002063076516205    -0.002470456652056
     0.000172467860793     0.000412387161909     0.000483763427849
    -0.000048501378870     0.000086448753025    -0.003612787546798
26 80
     0.000916125571625     0.001143057032283    -0.006697011060415
     0.000677162171966    -0.002152188509552    -0.004092216587646
    -0.007612093930741     0.002077964646809     0.003020349940151
26 81
    -0.002173288024926     0.001106511599641    -0.000195457992482
     0.000640616739323     0.000937225086999     0.007845890001568
     0.005605617137673     0.005553284396611     0.003020349940151
26 82
     0.001700345721234     0.001568903668042     0.004983311682793
     0.001568903668042    -0.000111268188920     0.002877116341516
     0.001805860247886     0.001042613900236    -0.007967840641608
26 83
     0.005530635672104     0.000000000000000     0.000000000000000
    -0.000000000000000     0.002358990851219     0.002082659324870
     0.000000000000000    -0.001027176254754    -0.005937632960386
26 84
     0.001700345721234    -0.001568903668042    -0.004983311682793
    -0.001568903668042    -0.000111268188920     0.002877116341516
    -0.001805860247886     0.001042613900236    -0.007967840641608
26 85
    -0.002173288024926    -0.001106511599641     0.000195457992482
    -0.000640616739323     0.000937225086999     0.007845890001568
    -0.005605617137673     0.005553284396611     0.003020349940151
26 86
    -0.000455273762942     0.000560243710622     0.001654179743967
    -0.001330364944791     0.001681480830892     0.001897596505704
     0.000099117505681    -0.000001220950292    -0.003612787546798
26 87
     0.003151902056441     0.001373362493334     0.001803635882766
     0.001373362493334     0.004737724466883    -0.001041329662435
    -0.000889560730781     0.000513588127377    -0.005937632960386
26 88
     0.003151902056441    -0.001373362493334    -0.001803635882766
    -0.001373362493334     0.004737724466883    -0.001041329662435
     0.000889560730781     0.000513588127377    -0.005937632960386
26 89
    -0.000455273762942    -0.000560243710622    -0.001654179743967
     0.001330364944791     0.001681480830892     0.001897596505704
    -0.000099117505681    -0.000001220950292    -0.003612787546798
26 90
    -0.003129634583047     0.000000000000000     0.000000000000000
    -0.000000000000000     0.002597114668492    -0.000066699405962
     0.000000000000000    -0.001042271185373    -0.009435617148189
26 91
     0.001480764458826    -0.000212592756292    -0.000816276908089
     0.001678015899120    -0.000254557390875    -0.002381359933553
     0.000050616126810    -0.000085227802733    -0.003612787546798
26 92
    -0.001017075143997     0.000000000000000     0.000000000000000
     0.000000000000000     0.002606152676311    -0.005754232683033
     0.000000000000000    -0.002085227800471    -0.007967840641608
26 93
     0.001480764458826     0.000212592756292     0.000816276908089
    -0.001678015899120    -0.000254557390875    -0.002381359933553
    -0.000050616126810    -0.000085227802733    -0.003612787546798
26 94
    -0.001002058407593     0.000441014526502    -0.000253346482678
     0.000441014526502    -0.001511298118778    -0.000146269659972
    -0.000843221293658    -0.000486834040880    -0.005855151714224
26 95
    -0.001002058407593    -0.000441014526502     0.000253346482678
    -0.000441014526502    -0.001511298118778    -0.000146269659972
     0.000843221293658    -0.000486834040880    -0.005855151714224
26 96
    -0.000596931953590     0.001550726341448    -0.006892469052897
     0.002016621201766    -0.000639130984337    -0.003753673413922
    -0.002006476793068    -0.007631249043419     0.003020349940151
26 97
    -0.000596931953590    -0.001550726341448     0.006892469052897
    -0.002016621201766    -0.000639130984337    -0.003753673413922
     0.002006476793068    -0.007631249043419     0.003020349940151
26 98
     0.001165427355607    -0.002479755166468    -0.000057763379980
    -0.002479755166468    -0.001697947270162     0.000033349702981
    -0.000902633324165     0.000521135592686    -0.009435617148189
26 99
    -0.001765917974371    -0.000000000000000     0.000000000000000
    -0.000000000000000    -0.000747438552001     0.000292539319945
     0.000000000000000     0.000973668081759    -0.005855151714224
26 100
     0.001165427355607     0.002479755166468     0.000057763379980
     0.002479755166468    -0.001697947270162     0.000033349702981
     0.000902633324165     0.000521135592686    -0.009435617148189
26 101
     0.003943778438548     0.002004717585684    -0.001014321328556
     0.002004717585684     0.001628929963060    -0.000585618692086
     0.001623830130714     0.000937518763086    -0.007488341004449
26 102
     0.003943778438548    -0.002004717585684     0.001014321328556
    -0.002004717585684     0.001628929963060    -0.000585618692086
    -0.001623830130714     0.000937518763086    -0.007488341004449
26 103
    -0.001043349097970     0.000909323782852    -0.001678848669383
    -0.001902628520090     0.003055774634853    -0.001247346911785
    -0.000581141992538    -0.002480348942598     0.002342081324042
26 104
    -0.000538462809376     0.000000000000000     0.000000000000000
    -0.000000000000000     0.000405264931265    -0.000327240297523
     0.000000000000000    -0.002008077641954     0.001631357095266
26 105
    -0.001043349097970    -0.000909323782852     0.001678848669383
     0.001902628520090     0.003055774634853    -0.001247346911785
     0.000581141992538    -0.002480348942598     0.002342081324042
26 106
     0.000471505725316     0.000000000000000     0.000000000000000
     0.000000000000000     0.005101202676291     0.001171237384173
     0.000000000000000    -0.001875037526172    -0.007488341004449
26 107
     0.001621944166129    -0.000624098709117     0.002804267325085
    -0.000624098709117     0.002342591281549     0.001619044495018
    -0.001651264920664    -0.000953358246449    -0.000563488348969
26 108
    -0.002193711694114     0.000095129144858    -0.000301003390982
    -0.001120140884558    -0.000100517556821    -0.000339936662795
     0.000764207848645     0.000684396844144     0.001915332881769
26 109
    -0.002193711694114    -0.000095129144858     0.000301003390982
     0.001120140884558    -0.000100517556821    -0.000339936662795
    -0.000764207848645     0.000684396844144     0.001915332881769
26 110
     0.001621944166129     0.000624098709117    -0.002804267325085
     0.000624098709117     0.002342591281549     0.001619044495018
     0.001651264920664    -0.000953358246449    -0.000563488348969
26 111
     0.001600880133574    -0.003429274978721    -0.001919658447629
    -0.000617322675779     0.000411545403309    -0.000830252140903
    -0.002438616190809     0.000736890742555     0.002342081324042
26 112
    -0.001067659194023    -0.001770267598607    -0.000444895481149
    -0.000554997569191    -0.001226570056912    -0.000090708251818
     0.000974808977621     0.000319624988626     0.001915332881769
26 113
    -0.000881914944606     0.000000000000000     0.000000000000000
    -0.000000000000000    -0.000881914944606     0.000000000000000
     0.000000000000000     0.000000000000000     0.001913763356761
26 114
    -0.001067659194023     0.001770267598607     0.000444895481149
     0.000554997569191    -0.001226570056912    -0.000090708251818
    -0.000974808977621     0.000319624988626     0.001915332881769
26 115
     0.001600880133574     0.003429274978721     0.001919658447629
     0.000617322675779     0.000411545403309    -0.000830252140903
     0.002438616190809     0.000736890742555     0.002342081324042
26 116
     0.000169332996104    -0.000408646098826    -0.000283398410797
    -0.000408646098826    -0.000302530874216     0.000163620148762
    -0.001739046250703     0.001004038820977     0.001631357095266
26 117
    -0.000179972988266    -0.000042491699341    -0.000143892090167
    -0.001257761728757    -0.002114256262669     0.000430644914613
     0.000210601128976    -0.001004021832770     0.001915332881769
26 118
    -0.000179972988266     0.000042491699341     0.000143892090167
     0.001257761728757    -0.002114256262669     0.000430644914613
    -0.000210601128976    -0.001004021832770     0.001915332881769
26 119
     0.000169332996104     0.000408646098826     0.000283398410797
     0.000408646098826    -0.000302530874216     0.000163620148762
     0.001739046250703     0.001004038820977     0.001631357095266
26 120
    -0.000006900668268     0.000000000000000     0.000000000000000
    -0.000000000000000     0.000746733349594     0.000158369319313
     0.000000000000000     0.002224591983974     0.000288601375199
26 121
     0.002461107269721    -0.000120670307160    -0.000240809778246
    -0.002932622610102    -0.000448681732838     0.002077599052688
    -0.001857474198271     0.001743458200043     0.002342081324042
26 122
     0.002702914839259     0.000000000000000     0.000000000000000
     0.000000000000000     0.001261620608420    -0.003238088990035
     0.000000000000000     0.001906716492898    -0.000563488348969
26 123
     0.002461107269721     0.000120670307160     0.000240809778246
     0.002932622610102    -0.000448681732838     0.002077599052688
     0.001857474198271     0.001743458200043     0.002342081324042
26 124
     0.000558324845128    -0.000326333102312     0.000137151853705
    -0.000326333102312     0.000181507836197    -0.000079184659657
     0.001926553171177    -0.001112295991987     0.000288601375199
26 125
     0.000558324845128     0.000326333102312    -0.000137151853705
     0.000326333102312     0.000181507836197    -0.000079184659657
    -0.001926553171177    -0.001112295991987     0.000288601375199
26 126
     0.000799972602845     0.000362232226854     0.003932363739482
     0.000362232226854     0.000381702855479     0.002270351263541
     0.001503980883832     0.000868323768136    -0.007157158234903
26 127
     0.000799972602845    -0.000362232226854    -0.003932363739482
    -0.000362232226854     0.000381702855479     0.002270351263541
    -0.001503980883832     0.000868323768136    -0.007157158234903
26 128
     0.000884278089719     0.001145561781518    -0.003148012939666
     0.000713616658780    -0.000367234032463     0.000241693163078
    -0.002030822059198     0.002697028461140     0.003004000901541
26 129
     0.000567081295841    -0.000000000000000     0.000000000000000
     0.000000000000000    -0.000521416287275     0.002206435171211
     0.000000000000000     0.001019464197588     0.002380791223323
26 130
     0.000884278089719    -0.001145561781518     0.003148012939666
    -0.000713616658780    -0.000367234032463     0.000241693163078
     0.002030822059198     0.002697028461140     0.003004000901541
26 131
     0.000172567981795     0.000000000000000     0.000000000000000
     0.000000000000000     0.001009107476528    -0.004540702527082
     0.000000000000000    -0.001736647536273    -0.007157158234903
26 132
     0.001188509647872    -0.000184731117021    -0.002469491214581
    -0.000184731117021     0.001401818768151    -0.001425761417500
    -0.001128721659418    -0.000651667753905     0.001366445084451
26 133
     0.000598064124530    -0.000180653471501    -0.001940336120956
     0.000514140965647     0.000323112385832    -0.001905640881544
    -0.000524844413824    -0.000191292140734     0.003949883276374
26 134
     0.000598064124530     0.000180653471501     0.001940336120956
    -0.000514140965647     0.000323112385832    -0.001905640881544
     0.000524844413824    -0.000191292140734     0.003949883276374
26 135
     0.001188509647872     0.000184731117021     0.002469491214581
     0.000184731117021     0.001401818768151    -0.001425761417500
     0.001128721659418    -0.000651667753905     0.001366445084451
26 136
     0.000750691877816     0.000790742694182    -0.001364694050687
     0.001222687816920    -0.000233647820559    -0.002847105758732
     0.001320284132477    -0.003107257724401     0.003004000901541
26 137
     0.000536254641394     0.000549826687374    -0.002620501474385
    -0.000144967749774     0.000384921868968    -0.000727559931856
    -0.000428086060332    -0.000358882525039     0.003949883276374
26 138
    -0.000590613138586     0.000000000000000     0.000000000000000
    -0.000000000000000    -0.000590613138586     0.000000000000000
     0.000000000000000     0.000000000000000     0.001633264338777
26 139
     0.000536254641394    -0.000549826687374     0.002620501474385
     0.000144967749774     0.000384921868968    -0.000727559931856
     0.000428086060332    -0.000358882525039     0.003949883276374
26 140
     0.000750691877816    -0.000790742694182     0.001364694050687
    -0.001222687816920    -0.000233647820559    -0.002847105758732
    -0.001320284132477    -0.003107257724401     0.003004000901541
26 141
    -0.000249291891496     0.000471333279468     0.001910828910072
     0.000471333279468     0.000294956900062    -0.001103217585605
     0.000882881893360    -0.000509732098794     0.002380791223323
26 142
     0.000247445999619    -0.000311711496847    -0.000680165353430
     0.000383082940300     0.000673730510743     0.002633200813400
     0.000096758353492     0.000550174665773     0.003949883276374
26 143
     0.000247445999619     0.000311711496847     0.000680165353430
    -0.000383082940300     0.000673730510743     0.002633200813400
    -0.000096758353492     0.000550174665773     0.003949883276374
26 144
    -0.000249291891496    -0.000471333279468    -0.001910828910072
    -0.000471333279468     0.000294956900062    -0.001103217585605
    -0.000882881893360    -0.000509732098794     0.002380791223323
26 145
     0.001603122962878     0.000000000000000     0.000000000000000
    -0.000000000000000     0.000121748296707    -0.001051894448990
     0.000000000000000    -0.000089112942772     0.004556044665516
26 146
    -0.000859403881650     0.000293098596771     0.001783318888980
    -0.000138846525966     0.001376447938907     0.002605412595654
     0.003351106191676     0.000410229263262     0.003004000901541
26 147
     0.001508473328291     0.000000000000000     0.000000000000000
     0.000000000000000     0.001081855087732     0.002851522834999
     0.000000000000000     0.001303335507810     0.001366445084451
26 148
    -0.000859403881650    -0.000293098596771    -0.001783318888980
     0.000138846525966     0.001376447938907     0.002605412595654
    -0.003351106191676     0.000410229263262     0.003004000901541
26 149
     0.000492091963250     0.000641454046713    -0.000910967314925
     0.000641454046713     0.001232779296335     0.000525947224495
    -0.000077174072247     0.000044556471386     0.004556044665516
26 150
     0.000492091963250    -0.000641454046713     0.000910967314925
    -0.000641454046713     0.001232779296335     0.000525947224495
     0.000077174072247     0.000044556471386     0.004556044665516
51 1
    -3.642772674588205    -1.397911403152435    -2.732425747674871
    -1.397911403152435    -2.028603624761594    -1.577566740960751
    -2.767509011946550    -1.597822073032056    -3.823739330537326
51 2
    -3.642772674588205     1.397911403152436     2.732425747674871
     1.397911403152436    -2.028603624761595    -1.577566740960751
     2.767509011946550    -1.597822073032056    -3.823739330537325
51 3
    -0.031667155673585     0.023329938972630     0.073115437495667
    -0.065706642802192    -0.033435158821087    -0.017403490701075
    -0.043521292168268     0.039651350077748    -0.041954601821171
51 4
    -0.023275038540948     0.000000000000000     0.000000000000000
    -0.000000000000000    -0.008461212709203    -0.008998832194898
     0.000000000000000    -0.018934971132954    -0.021106979758726
51 5
    -0.031667155673585    -0.023329938972630    -0.073115437495667
     0.065706642802192    -0.033435158821087    -0.017403490701075
     0.043521292168268     0.039651350077748    -0.041954601821171
51 6
    -1.221519099848288    -0.000000000000001     0.000000000000000
    -0.000000000000001    -4.449857199501514     3.155133481921503
     0.000000000000000     3.195644146064113    -3.823739330537327
51 7
    -0.083545242145883    -0.217398016749952     0.196887373063420
    -0.217398016749952     0.167484364837868     0.113672977838204
     0.043498325846455     0.025113770136749    -0.106612754770421
51 8
     0.023287966711069     0.024885495622204     0.023002465576838
    -0.003855568756738     0.025014638747838    -0.001806574134998
    -0.019391376602819    -0.012794316580553    -0.008355508993176
51 9
     0.023287966711069    -0.024885495622204    -0.023002465576838
     0.003855568756738     0.025014638747838    -0.001806574134998
     0.019391376602819    -0.012794316580553    -0.008355508993176
51 10
    -0.083545242145883     0.217398016749952    -0.196887373063420
     0.217398016749952     0.167484364837868     0.113672977838204
    -0.043498325846455     0.025113770136749    -0.106612754770421
51 11
    -0.051342809056736    -0.054346899024948     0.021485853686177
     0.034689682749875    -0.013759505437935     0.072021571630598
     0.012578430377546    -0.057516219662119    -0.041954601821171
51 12
     0.033689196191257    -0.009860721397028     0.009936693693691
     0.018880342981914     0.014613409267650     0.020824006606717
    -0.020775891484229    -0.010396266462116    -0.008355508993176
51 13
    -0.016481832419773    -0.000000000000000     0.000000000000000
     0.000000000000000    -0.016481832419773     0.000000000000000
     0.000000000000000     0.000000000000000    -0.021992841331719
51 14
     0.033689196191257     0.009860721397028    -0.009936693693691
    -0.018880342981914     0.014613409267650     0.020824006606717
     0.020775891484229    -0.010396266462116    -0.008355508993176
51 15
    -0.051342809056736     0.054346899024948    -0.021485853686177
    -0.034689682749875    -0.013759505437935     0.072021571630598
    -0.012578430377546    -0.057516219662119    -0.041954601821171
51 16
    -0.012164669167140    -0.006414574748765    -0.007793217285175
    -0.006414574748765    -0.019571582083012     0.004499416097449
    -0.016398166021063     0.009467485566477    -0.021106979758726
51 17
     0.015476745286035     0.008365379549181    -0.013065771883147
    -0.020375684829761     0.032825860172872    -0.019017432471719
    -0.001384514881410     0.023190583042669    -0.008355508993176
51 18
     0.015476745286035    -0.008365379549181     0.013065771883147
     0.020375684829761     0.032825860172872    -0.019017432471719
     0.001384514881410     0.023190583042669    -0.008355508993176
51 19
    -0.012164669167140     0.006414574748765     0.007793217285175
     0.006414574748765    -0.019571582083012     0.004499416097449
     0.016398166021063     0.009467485566477    -0.021106979758726
51 20
     0.006162925385867     0.000000000000000     0.000000000000000
     0.000000000000000     0.006304687451049     0.019504893099717
     0.000000000000000    -0.035680105304404    -0.031579716673503
51 21
    -0.014643507011686     0.055878034664655    -0.051629583809490
    -0.033158547110167    -0.050458807482985    -0.054618080929523
     0.056099722545814     0.017864869584371    -0.041954601821171
51 22
     0.292999168329744     0.000000000000000     0.000000000000000
    -0.000000000000000    -0.209060045637758    -0.227345955676408
     0.000000000000000    -0.050227540273498    -0.106612754770421
51 23
    -0.014643507011686    -0.055878034664655     0.051629583809490
     0.033158547110167    -0.050458807482985    -0.054618080929523
    -0.056099722545814     0.017864869584371    -0.041954601821171
51 24
     0.006269246934753    -0.000061384774870     0.016891732922455
    -0.000061384774870     0.006198365902162    -0.009752446549859
    -0.030899877603318     0.017840052652202    -0.031579716673503
51 25
     0.006269246934753     0.000061384774870    -0.016891732922455
     0.000061384774870     0.006198365902162    -0.009752446549859
     0.030899877603318     0.017840052652202    -0.031579716673503
51 26
     0.259428452671551     0.000000000000000     0.000000000000000
     0.000000000000000     0.259428452671551     0.000000000000000
     0.000000000000000     0.000000000000000    -1.488824225400719
51 27
    -0.103686662641244    -0.097570230460372     0.145440730260887
     0.096376132894350     0.166550409785500    -0.125347435291945
     0.154597596606677     0.108490371773170    -0.048335805645621
51 28
     0.002025124875183    -0.018428880640911    -0.001238581894953
     0.014194989109764     0.006548682875017     0.003582293768246
     0.003301959980960    -0.001215281872283     0.012354425674587
51 29
     0.002025124875183     0.018428880640911     0.001238581894953
    -0.014194989109764     0.006548682875017     0.003582293768246
    -0.003301959980960    -0.001215281872283     0.012354425674587
51 30
    -0.103686662641244     0.097570230460372    -0.145440730260887
    -0.096376132894350     0.166550409785500    -0.125347435291945
    -0.154597596606677     0.108490371773170    -0.048335805645621
51 31
     0.098474082265428    -0.020341427597092    -0.035833698131607
    -0.214287790951815    -0.035610335121172     0.188629084796861
     0.171254216324922     0.079640260138816    -0.048335805645621
51 32
    -0.006234825326817    -0.000558038062950     0.009266514042639
    -0.000558038062950    -0.005590458475093     0.005350024376967
     0.000965268827231     0.000557298217242     0.020510706016429
51 33
     0.003164325785188     0.000000000000000     0.000000000000000
     0.000000000000000     0.002430523068365     0.000960867544615
     0.000000000000000     0.004729429953268    -0.005510070529968
51 34
    -0.006234825326817     0.000558038062950    -0.009266514042639
     0.000558038062950    -0.005590458475093     0.005350024376967
    -0.000965268827231     0.000557298217242     0.020510706016429
51 35
     0.098474082265428     0.020341427597092     0.035833698131607
     0.214287790951814    -0.035610335121172     0.188629084796861
    -0.171254216324922     0.079640260138816    -0.048335805645621
51 36
     0.003584464563638     0.013294703920876     0.002483066459643
    -0.019329165829799     0.004989343186562    -0.002863790269820
     0.000598515016325     0.003467222161933     0.012354425674587
51 37
     0.002613973747570     0.000317745897068     0.000832135703308
     0.000317745897068     0.002980875105982    -0.000480433772307
     0.004095806484949    -0.002364714976634    -0.005510070529968
51 38
     0.002613973747570    -0.000317745897068    -0.000832135703308
    -0.000317745897068     0.002980875105982    -0.000480433772307
    -0.004095806484949    -0.002364714976634    -0.005510070529968
51 39
     0.003584464563638    -0.013294703920876    -0.002483066459643
     0.019329165829799     0.004989343186562    -0.002863790269820
    -0.000598515016325     0.003467222161933     0.012354425674587
51 40
     0.007807287034599    -0.000000000000000     0.000000000000000
    -0.000000000000000    -0.013866599636454    -0.008319812652711
     0.000000000000000     0.034897550226874     0.027930013176480
51 41
     0.007251122186479    -0.017212220064225     0.003721648354596
     0.015411649686450     0.001322685563721    -0.000718503498426
    -0.002703444964636    -0.002251940289650     0.012354425674587
51 42
    -0.005268275049231     0.000000000000000     0.000000000000000
    -0.000000000000000    -0.006557008752679    -0.010700048753934
     0.000000000000000    -0.001114596434484     0.020510706016429
51 43
     0.007251122186479     0.017212220064225    -0.003721648354596
    -0.015411649686450     0.001322685563721    -0.000718503498426
     0.002703444964636    -0.002251940289650     0.012354425674587
51 44
     0.003486817190930    -0.002450345285628     0.000337654888151
    -0.002450345285628     0.006316232211459     0.000194945140567
    -0.000141125059328    -0.000081478590992    -0.002515849753790
51 45
     0.003486817190930     0.002450345285628    -0.000337654888151
     0.002450345285628     0.006316232211459     0.000194945140567
     0.000141125059328    -0.000081478590992    -0.002515849753790
51 46
     0.099508201092200    -0.213690742168804    -0.181274428392494
    -0.019744378814081    -0.036644453947944    -0.063281649504916
     0.016656619718245    -0.188130631911986    -0.048335805645621
51 47
     0.099508201092200     0.213690742168803     0.181274428392494
     0.019744378814081    -0.036644453947944    -0.063281649504916
    -0.016656619718245    -0.188130631911986    -0.048335805645621
51 48
    -0.008448127968691     0.009385068227938    -0.007205169111975
     0.009385068227938     0.002388815366835     0.004159906326355
     0.030222165026317    -0.017448775113437     0.027930013176480
51 49
     0.007730939721724    -0.000000000000000     0.000000000000000
     0.000000000000000     0.002072109680665    -0.000389890281134
     0.000000000000000     0.000162957181985    -0.002515849753790
51 50
    -0.008448127968691    -0.009385068227938     0.007205169111975
    -0.009385068227938     0.002388815366835     0.004159906326355
    -0.030222165026317    -0.017448775113437     0.027930013176480
51 51
    10.145265849224110     0.000000000000000     0.000000000000000
     0.000000000000000    10.145265849224108     0.000000000000000
     0.000000000000000     0.000000000000000    13.157861980421542
51 52
    -0.816865964698260     0.024110320173159     0.019633017179972
    -0.024110320173159     0.110620980953084     0.031760530670653
    -0.019633017179972     0.031760530670653     0.218969252399847
51 53
     0.010704562922169    -0.001016141760924    -0.012585504731262
     0.001016141760924    -0.012526702791435     0.001597056722152
     0.012585504731262     0.001597056722152     0.011392099007212
51 54
     0.010704562922169     0.001016141760924     0.012585504731262
    -0.001016141760924    -0.012526702791435     0.001597056722152
    -0.012585504731262     0.001597056722152     0.011392099007212
51 55
    -0.816865964698260    -0.024110320173159    -0.019633017179972
     0.024110320173159     0.110620980953084     0.031760530670653
     0.019633017179972     0.031760530670653     0.218969252399847
51 56
    -0.121250755459752    -0.425723948479410     0.037321934988446
    -0.377503308133091    -0.584994228285424     0.001122426295465
     0.017688917808475    -0.032882956966118     0.218969252399847
51 57
     0.026359057254425     0.012456215730764    -0.029576383136647
     0.012456215730764     0.011975858243943    -0.017075932765598
     0.030855315809391     0.017814324888483    -0.004696073719379
51 58
     0.002824847184309    -0.000000000000000     0.000000000000000
    -0.000000000000000    -0.000479526189836    -0.001887098237643
     0.000000000000000     0.008337488028311     0.020101339251990
51 59
     0.026359057254425    -0.012456215730764     0.029576383136647
    -0.012456215730764     0.011975858243943    -0.017075932765599
    -0.030855315809391     0.017814324888483    -0.004696073719379
51 60
    -0.121250755459752     0.425723948479410    -0.037321934988446
     0.377503308133091    -0.584994228285424     0.001122426295465
    -0.017688917808475    -0.032882956966118     0.218969252399847
51 61
    -0.006718886363034     0.011075574895948    -0.004909660672963
     0.009043291374100     0.004896746493768    -0.011697895177798
     0.007675844058299     0.010100838455647     0.011392099007212
51 62
     0.000346567153701     0.001430835642799    -0.001634275013236
     0.001430835642799     0.001998753840773     0.000943549118822
     0.007220476436266    -0.004168744014156     0.020101339251990
51 63
     0.000346567153701    -0.001430835642799     0.001634275013236
    -0.001430835642799     0.001998753840773     0.000943549118822
    -0.007220476436266    -0.004168744014156     0.020101339251990
51 64
    -0.006718886363034    -0.011075574895948     0.004909660672963
    -0.009043291374100     0.004896746493768    -0.011697895177798
    -0.007675844058299     0.010100838455647     0.011392099007212
51 65
     0.004784258738703     0.000000000000000     0.000000000000000
     0.000000000000000     0.033550656759666    -0.035628649776966
     0.000000000000000     0.034151865531197    -0.004696073719379
51 66
    -0.006718886363034     0.009043291374100     0.007675844058299
     0.011075574895948     0.004896746493768     0.010100838455647
    -0.004909660672963    -0.011697895177798     0.011392099007212
51 67
     0.004784258738703     0.000000000000000     0.000000000000000
     0.000000000000000     0.033550656759666     0.034151865531197
     0.000000000000000    -0.035628649776966    -0.004696073719379
51 68
    -0.006718886363034    -0.009043291374100    -0.007675844058299
    -0.011075574895948     0.004896746493768     0.010100838455647
     0.004909660672963    -0.011697895177798     0.011392099007212
51 69
     0.000346567153701    -0.001430835642799    -0.007220476436266
    -0.001430835642799     0.001998753840773    -0.004168744014156
     0.001634275013236     0.000943549118822     0.020101339251990
51 70
     0.000346567153701     0.001430835642799     0.007220476436266
     0.001430835642799     0.001998753840773    -0.004168744014156
    -0.001634275013236     0.000943549118822     0.020101339251990
51 71
    -0.121250755459752    -0.377503308133091     0.017688917808475
    -0.425723948479410    -0.584994228285424    -0.032882956966118
     0.037321934988446     0.001122426295465     0.218969252399847
51 72
    -0.121250755459752     0.377503308133091    -0.017688917808475
     0.425723948479410    -0.584994228285424    -0.032882956966118
    -0.037321934988446     0.001122426295465     0.218969252399847
51 73
     0.026359057254425    -0.012456215730764    -0.030855315809391
    -0.012456215730764     0.011975858243943     0.017814324888483
     0.029576383136647    -0.017075932765599    -0.004696073719379
51 74
     0.002824847184309    -0.000000000000000     0.000000000000000
    -0.000000000000000    -0.000479526189836     0.008337488028311
     0.000000000000000    -0.001887098237643     0.020101339251990
51 75
     0.026359057254425     0.012456215730764     0.030855315809391
     0.012456215730764     0.011975858243943     0.017814324888483
    -0.029576383136647    -0.017075932765598    -0.004696073719379
51 76
     0.086158926283592     0.000000000000000     0.000000000000000
     0.000000000000000     0.086158926283592     0.000000000000000
     0.000000000000000     0.000000000000000    -0.070721663981552
51 77
    -0.029866990314523     0.000190526260418     0.035140157550626
     0.020371425460630     0.007070347402428    -0.059926994232635
    -0.018983708144875    -0.016658489389819    -0.008384080843227
51 78
    -0.002745364798644    -0.009932586324868    -0.009622415842393
     0.000677881851808     0.004130336508629    -0.005592941810121
     0.007075490192666    -0.000697462658228     0.021281998757152
51 79
    -0.002745364798644     0.009932586324868     0.009622415842393
    -0.000677881851808     0.004130336508629    -0.005592941810121
    -0.007075490192666    -0.000697462658228     0.021281998757152
51 80
    -0.029866990314523    -0.000190526260418    -0.035140157550626
    -0.020371425460630     0.007070347402428    -0.059926994232635
     0.018983708144875    -0.016658489389819    -0.008384080843227
51 81
     0.006739599244099    -0.000763398875154    -0.034328220602593
    -0.020944298075367    -0.029536242156194     0.060395766248147
    -0.023918529072694    -0.008111128816582    -0.008384080843227
51 82
    -0.000855250762872     0.006550695382150     0.011071619245141
     0.006550695382150    -0.008419342247400     0.006392202351547
     0.007417366236998     0.004282418393609    -0.007496325015890
51 83
    -0.006334303979087     0.000000000000000     0.000000000000000
    -0.000000000000000     0.004056751883852     0.017618472127605
     0.000000000000000     0.004673919031735     0.005703055719000
51 84
    -0.000855250762872    -0.006550695382150    -0.011071619245141
    -0.006550695382150    -0.008419342247400     0.006392202351547
    -0.007417366236998     0.004282418393609    -0.007496325015890
51 85
     0.006739599244099     0.000763398875154     0.034328220602593
     0.020944298075367    -0.029536242156194     0.060395766248147
     0.023918529072694    -0.008111128816582    -0.008384080843227
51 86
    -0.001595993407283     0.000014291969607    -0.009654837610649
    -0.010596176207069     0.002980965117268    -0.005536785660230
     0.002933724716117     0.006476285580191     0.021281998757152
51 87
     0.001458987918117    -0.004499459174724     0.015258044438374
    -0.004499459174724    -0.003736540013353    -0.008809236063802
     0.004047732616714    -0.002336959515867     0.005703055719000
51 88
     0.001458987918117     0.004499459174724    -0.015258044438374
     0.004499459174724    -0.003736540013353    -0.008809236063802
    -0.004047732616714    -0.002336959515867     0.005703055719000
51 89
    -0.001595993407283    -0.000014291969607     0.009654837610649
     0.010596176207069     0.002980965117268    -0.005536785660230
    -0.002933724716117     0.006476285580191     0.021281998757152
51 90
     0.003761566717599     0.000000000000000     0.000000000000000
    -0.000000000000000     0.004671501089711    -0.022676573443816
     0.000000000000000     0.013968135582023     0.002372848344262
51 91
     0.006418815770904    -0.005968823970539    -0.000032421768256
     0.004641644206137    -0.005033844060920     0.011129727470350
    -0.004141765476549    -0.005778822921963     0.021281998757152
51 92
    -0.012201387989663     0.000000000000000     0.000000000000000
     0.000000000000000     0.002926794979391    -0.012784404703095
     0.000000000000000    -0.008564836787218    -0.007496325015890
51 93
     0.006418815770904     0.005968823970539     0.000032421768256
    -0.004641644206137    -0.005033844060920     0.011129727470350
     0.004141765476549    -0.005778822921963     0.021281998757152
51 94
     0.000651548494515    -0.000868021018247    -0.002347391056185
    -0.000868021018247     0.001653852831610    -0.001355266858182
     0.000907313833508     0.000523837886015     0.003246803175690
51 95
     0.000651548494515     0.000868021018247     0.002347391056185
     0.000868021018247     0.001653852831610    -0.001355266858182
    -0.000907313833508     0.000523837886015     0.003246803175690
51 96
    -0.011067573297718    -0.031225273935891    -0.069468378153218
    -0.011044374735679    -0.011729069614377    -0.000468772015512
    -0.004934820927819     0.024769618206400    -0.008384080843227
51 97
    -0.011067573297718     0.031225273935891     0.069468378153218
     0.011044374735679    -0.011729069614377    -0.000468772015512
     0.004934820927819     0.024769618206400    -0.008384080843227
51 98
     0.004444017496683    -0.000394013141013    -0.019638488673128
    -0.000394013141013     0.003989050310627     0.011338286721908
     0.012096760257537    -0.006984067791012     0.002372848344262
51 99
     0.002155005000157     0.000000000000000     0.000000000000000
     0.000000000000000     0.000150396325968     0.002710533716363
     0.000000000000000    -0.001047675772031     0.003246803175690
51 100
     0.004444017496683     0.000394013141013     0.019638488673128
     0.000394013141013     0.003989050310627     0.011338286721908
    -0.012096760257537    -0.006984067791012     0.002372848344262
51 101
    -0.097299541777624    -0.071435245752017     0.097292714919512
    -0.071435245752017    -0.014813225048516     0.056171975148970
     0.110965020067317     0.064065684206498    -0.176527043532935
51 102
    -0.097299541777624     0.071435245752017    -0.097292714919512
     0.071435245752017    -0.014813225048516     0.056171975148970
    -0.110965020067317     0.064065684206498    -0.176527043532935
51 103
     0.019026471102105    -0.012819426580585     0.000231721335557
    -0.010702399290706     0.009240184866944     0.004534053284566
    -0.008021615032284    -0.001416452957284    -0.006825451568725
51 104
    -0.000750232214918     0.000000000000000     0.000000000000000
    -0.000000000000000     0.003949315986991     0.002178613562747
     0.000000000000000     0.001422849898065    -0.004514786001922
51 105
     0.019026471102105     0.012819426580585    -0.000231721335557
     0.010702399290706     0.009240184866944     0.004534053284566
     0.008021615032284    -0.001416452957284    -0.006825451568725
51 106
     0.026429933316038    -0.000000000000000     0.000000000000000
    -0.000000000000000    -0.138542700142178    -0.112343950297940
     0.000000000000000    -0.128131368412996    -0.176527043532935
51 107
    -0.022388784141920     0.012184428405700    -0.007738709712256
     0.012184428405700    -0.036458150181826    -0.004467946135552
     0.003836366060776     0.002214926977899    -0.005929523386945
51 108
     0.006533737444502     0.000212357753566    -0.000320680121899
    -0.005890238152182    -0.003834237118497     0.001562604803975
    -0.006216702111011     0.005973211363627    -0.007309460613650
51 109
     0.006533737444502    -0.000212357753566     0.000320680121899
     0.005890238152182    -0.003834237118497     0.001562604803975
     0.006216702111011     0.005973211363627    -0.007309460613650
51 110
    -0.022388784141920    -0.012184428405700     0.007738709712256
    -0.012184428405700    -0.036458150181826    -0.004467946135552
    -0.003836366060776     0.002214926977899    -0.005929523386945
51 111
     0.001501507051768    -0.000584356578705     0.004042465994325
    -0.002701383868585     0.026765148917280    -0.002066350079092
    -0.005237491760415    -0.006238695918695    -0.006825451568725
51 112
    -0.003700837810173     0.000018696626146     0.001192915395368
     0.006121292531894     0.006400338136178    -0.001059019534041
     0.002064601727569    -0.008370427637710    -0.007309460613650
51 113
     0.006179622637278     0.000000000000000     0.000000000000000
     0.000000000000000     0.006179622637278     0.000000000000000
     0.000000000000000     0.000000000000000    -0.004997117278710
51 114
    -0.003700837810173    -0.000018696626146    -0.001192915395368
    -0.006121292531894     0.006400338136178    -0.001059019534041
    -0.002064601727569    -0.008370427637710    -0.007309460613650
51 115
     0.001501507051768     0.000584356578705    -0.004042465994325
     0.002701383868585     0.026765148917280    -0.002066350079092
     0.005237491760415    -0.006238695918695    -0.006825451568725
51 116
     0.002774428936514    -0.002034964064581     0.001886734690368
    -0.002034964064581     0.000424654835559    -0.001089306781373
     0.001232224157496    -0.000711424949032    -0.004514786001922
51 117
     0.001216350854678     0.008960232731202     0.001513595517267
     0.002857636825454     0.001483149471327    -0.000503585269934
     0.008281303838580     0.002397216274083    -0.007309460613650
51 118
     0.001216350854678    -0.008960232731202    -0.001513595517267
    -0.002857636825454     0.001483149471327    -0.000503585269934
    -0.008281303838580     0.002397216274083    -0.007309460613650
51 119
     0.002774428936514     0.002034964064581    -0.001886734690368
     0.002034964064581     0.000424654835559    -0.001089306781373
    -0.001232224157496    -0.000711424949032    -0.004514786001922
51 120
    -0.003590301766548    -0.000000000000000     0.000000000000000
     0.000000000000000    -0.004842839163271    -0.005056878715690
     0.000000000000000    -0.009681134501339    -0.001490581885602
51 121
     0.021872005799700     0.009059529067061     0.003810744658768
     0.011176556356940     0.006394650169349    -0.002467703205474
     0.002784123271869     0.007655148875979    -0.006825451568725
51 122
    -0.043492833201779    -0.000000000000000     0.000000000000000
    -0.000000000000000    -0.015354101121968     0.008935892271103
     0.000000000000000    -0.004429853955798    -0.005929523386945
51 123
     0.021872005799700    -0.009059529067061    -0.003810744658768
    -0.011176556356940     0.006394650169349    -0.002467703205474
    -0.002784123271869     0.007655148875979    -0.006825451568725
51 124
    -0.004529704814090     0.000542364602376    -0.004379385431645
     0.000542364602376    -0.003903436115728     0.002528439357845
    -0.008384108415614     0.004840567250670    -0.001490581885602
51 125
    -0.004529704814090    -0.000542364602376     0.004379385431645
    -0.000542364602376    -0.003903436115728     0.002528439357845
     0.008384108415614     0.004840567250670    -0.001490581885602
51 126
     0.010684493354935     0.015107788556362    -0.013040014974977
     0.015107788556362    -0.006760478224817    -0.007528656156040
    -0.005108512538924    -0.002949401089506    -0.000686376746311
51 127
     0.010684493354935    -0.015107788556362     0.013040014974977
    -0.015107788556362    -0.006760478224817    -0.007528656156040
     0.005108512538924    -0.002949401089506    -0.000686376746311
51 128
    -0.006064416730784     0.002777305842192     0.007085225108158
     0.007984150979507    -0.007430133883601     0.011501716389662
     0.010151888320878    -0.001696675732076    -0.012214429815281
51 129
    -0.000710558268797    -0.000000000000000     0.000000000000000
     0.000000000000000    -0.005139294898270     0.012582686331018
     0.000000000000000     0.001393200716460    -0.007309122895165
51 130
    -0.006064416730784    -0.002777305842192    -0.007085225108158
    -0.007984150979507    -0.007430133883601     0.011501716389662
    -0.010151888320878    -0.001696675732076    -0.012214429815281
51 131
    -0.015482964014693     0.000000000000000     0.000000000000000
     0.000000000000000     0.019406979144811     0.015057312312079
     0.000000000000000     0.005898802179013    -0.000686376746311
51 132
     0.009470901745247    -0.009984700909257    -0.012448650674949
    -0.009984700909257     0.021000241260722    -0.007187231818229
    -0.002435435945976    -0.001406099599003    -0.009432311403753
51 133
    -0.001066566175661     0.002535731990706     0.002813512073252
     0.001466576408793     0.001158831116326    -0.011558289793036
     0.002560614485068    -0.003312906832894    -0.004741650561256
51 134
    -0.001066566175661    -0.002535731990706    -0.002813512073252
    -0.001466576408793     0.001158831116326    -0.011558289793036
    -0.002560614485068    -0.003312906832894    -0.004741650561256
51 135
     0.009470901745247     0.009984700909257     0.012448650674949
     0.009984700909257     0.021000241260722    -0.007187231818229
     0.002435435945976    -0.001406099599003    -0.009432311403753
51 136
    -0.002428857100736     0.005885159648444     0.013503391134650
     0.000678314511129    -0.011065693513648     0.000385126740365
     0.003606579874477     0.009640131048301    -0.012214429815281
51 137
     0.002335532167202    -0.000497625985268    -0.008603016548445
     0.000571529596645    -0.002243267226537     0.008215717825808
    -0.001588754235123     0.003874010609814    -0.004741650561256
51 138
    -0.004046573682778     0.000000000000000     0.000000000000000
    -0.000000000000000    -0.004046573682778     0.000000000000000
     0.000000000000000     0.000000000000000    -0.004750580617438
51 139
     0.002335532167202     0.000497625985268     0.008603016548445
    -0.000571529596645    -0.002243267226537     0.008215717825808
     0.001588754235123     0.003874010609814    -0.004741650561256
51 140
    -0.002428857100736    -0.005885159648444    -0.013503391134650
    -0.000678314511129    -0.011065693513648     0.000385126740365
    -0.003606579874477     0.009640131048301    -0.012214429815281
51 141
    -0.004032110740902     0.001917699213897     0.010896926010513
     0.001917699213897    -0.001817742426165    -0.006291343165509
     0.001206547213025    -0.000696600358230    -0.007309122895165
51 142
    -0.001130568580544    -0.001429624603105    -0.011416528621697
    -0.002498780185018     0.001222833521209     0.003342571967227
    -0.004149368720191    -0.000561103776920    -0.004741650561256
51 143
    -0.001130568580544     0.001429624603105     0.011416528621697
     0.002498780185018     0.001222833521209     0.003342571967227
     0.004149368720191    -0.000561103776920    -0.004741650561256
51 144
    -0.004032110740902    -0.001917699213897    -0.010896926010513
    -0.001917699213897    -0.001817742426165    -0.006291343165509
    -0.001206547213025    -0.000696600358230    -0.007309122895165
51 145
     0.001240883441032     0.000000000000000     0.000000000000000
    -0.000000000000000     0.005271146299919    -0.004370805678690
     0.000000000000000     0.002564009907448     0.006598059504659
51 146
    -0.011748552090057    -0.004702413899721     0.006418166026492
     0.000504431237595    -0.001745998524328    -0.011886843130027
    -0.006545308446401    -0.007943455316225    -0.012214429815281
51 147
     0.026764911018459     0.000000000000000     0.000000000000000
     0.000000000000000     0.003706231987509     0.014374463636459
     0.000000000000000     0.002812199198006    -0.009432311403753
51 148
    -0.011748552090057     0.004702413899721    -0.006418166026492
    -0.000504431237595    -0.001745998524328    -0.011886843130027
     0.006545308446401    -0.007943455316225    -0.012214429815281
51 149
     0.004263580585197    -0.001745155009863    -0.003785228752751
    -0.001745155009863     0.002248449155754     0.002185402839345
     0.002220497715405    -0.001282004953724     0.006598059504659
51 150
     0.004263580585197     0.001745155009863     0.003785228752751
     0.001745155009863     0.002248449155754     0.002185402839345
    -0.002220497715405    -0.001282004953724     0.006598059504659
76 1
     0.005721932410691     0.017598222149888    -0.026065343781923
     0.017598222149888    -0.014598744180302    -0.015048833249014
    -0.016892022452900    -0.009752613710339    -0.144143022858108
76 2
     0.005721932410691    -0.017598222149888     0.026065343781923
    -0.017598222149888    -0.014598744180302    -0.015048833249014
     0.016892022452900    -0.009752613710339    -0.144143022858108
76 3
    -0.009106912775427     0.008156561038761     0.016749694346829
    -0.007952067138842    -0.014694073058027     0.018684867312233
    -0.006092377647953    -0.024461857312326    -0.008244237245890
76 4
     0.006513448365858     0.000000000000000     0.000000000000000
    -0.000000000000000    -0.013740825192781    -0.005157855765875
     0.000000000000000    -0.009198492522935    -0.015499880830872
76 5
    -0.009106912775427    -0.008156561038761    -0.016749694346829
     0.007952067138842    -0.014694073058027     0.018684867312233
     0.006092377647953    -0.024461857312326    -0.008244237245890
76 6
    -0.024759082475799     0.000000000000000     0.000000000000000
     0.000000000000000     0.015882270706187     0.030097666498027
     0.000000000000000     0.019505227420678    -0.144143022858108
76 7
    -0.000370002259762    -0.015795667857167     0.018708545455237
    -0.015795667857167     0.017869263918969     0.010801383754727
    -0.011778566502785    -0.006800358541051     0.061644547276176
76 8
     0.007955255697396     0.005668680613974     0.002503691836311
    -0.002930135035228     0.003847370571961    -0.005240692629737
    -0.002701014528566    -0.005981576911494     0.007352836512389
76 9
     0.007955255697396    -0.005668680613974    -0.002503691836311
     0.002930135035228     0.003847370571961    -0.005240692629737
     0.002701014528566    -0.005981576911494     0.007352836512389
76 10
    -0.000370002259762     0.015795667857167    -0.018708545455237
     0.015795667857167     0.017869263918969     0.010801383754727
     0.011778566502785    -0.006800358541051     0.061644547276176
76 11
    -0.013208734531252    -0.005583879243948     0.024556416932150
     0.010524748933655    -0.010592251302201     0.005163227153862
    -0.024230778680201     0.006954774843587    -0.008244237245890
76 12
     0.006060166873628    -0.001836004992686    -0.003286727032623
     0.006762810656515     0.005742459395730     0.004788607048361
    -0.006530704824327     0.000651641258018     0.007352836512389
76 13
     0.001061712754830     0.000000000000000     0.000000000000000
     0.000000000000000     0.001061712754830     0.000000000000000
     0.000000000000000     0.000000000000000    -0.002050350279859
76 14
     0.006060166873628     0.001836004992686     0.003286727032623
    -0.006762810656515     0.005742459395730     0.004788607048361
     0.006530704824327     0.000651641258018     0.007352836512389
76 15
    -0.013208734531252     0.005583879243948    -0.024556416932150
    -0.010524748933655    -0.010592251302201     0.005163227153862
     0.024230778680201     0.006954774843587    -0.008244237245890
76 16
    -0.008677256803122     0.008770357718490    -0.004466834122304
     0.008770357718490     0.001449879976198     0.002578927882937
    -0.007966128201383     0.004599246261467    -0.015499880830872
76 17
     0.003688516833012     0.005393537867142    -0.005790418868933
    -0.003205277782060     0.008114109436345     0.000452085581376
    -0.003829690295761     0.005329935653476     0.007352836512389
76 18
     0.003688516833012    -0.005393537867142     0.005790418868933
     0.003205277782060     0.008114109436345     0.000452085581376
     0.003829690295761     0.005329935653476     0.007352836512389
76 19
    -0.008677256803122    -0.008770357718490     0.004466834122304
    -0.008770357718490     0.001449879976198     0.002578927882937
     0.007966128201383     0.004599246261467    -0.015499880830872
76 20
    -0.006492678604622    -0.000000000000000     0.000000000000000
    -0.000000000000000    -0.003510742148959     0.000169873184655
     0.000000000000000    -0.001099990232735     0.010443068922883
76 21
    -0.013385831443501     0.010422501983695     0.007806722585321
    -0.005686126193908    -0.010415154389952    -0.023848094466095
    -0.018138401032248     0.017507082468739    -0.008244237245890
76 22
     0.026988897008335    -0.000000000000000     0.000000000000000
    -0.000000000000000    -0.009489635349127    -0.021602767509454
     0.000000000000000     0.013600717082102     0.061644547276176
76 23
    -0.013385831443501    -0.010422501983695    -0.007806722585321
     0.005686126193908    -0.010415154389952    -0.023848094466095
     0.018138401032248     0.017507082468739    -0.008244237245890
76 24
    -0.004256226262875    -0.001291216361538     0.000147114493333
    -0.001291216361538    -0.005747194490707    -0.000084936592328
    -0.000952619485463     0.000549995116367     0.010443068922883
76 25
    -0.004256226262875     0.001291216361538    -0.000147114493333
     0.001291216361538    -0.005747194490707    -0.000084936592328
     0.000952619485463     0.000549995116367     0.010443068922883
76 26
    -0.006535470728995    -0.000000000000000     0.000000000000000
     0.000000000000000    -0.006535470728995     0.000000000000000
     0.000000000000000     0.000000000000000     0.013136101093960
76 27
     0.000916125571625     0.000677162171966    -0.007612093930741
     0.001143057032283    -0.002152188509552     0.002077964646809
    -0.006697011060415    -0.004092216587646     0.003020349940151
76 28
     0.000813819906041     0.000172467860793    -0.000048501378870
     0.002063076516205     0.000412387161909     0.000086448753025
    -0.002470456652056     0.000483763427849    -0.003612787546798
76 29
     0.000813819906041    -0.000172467860793     0.000048501378870
    -0.002063076516205     0.000412387161909     0.000086448753025
     0.002470456652056     0.000483763427849    -0.003612787546798
76 30
     0.000916125571625    -0.000677162171966     0.007612093930741
    -0.001143057032283    -0.002152188509552     0.002077964646809
     0.006697011060415    -0.004092216587646     0.003020349940151
76 31
    -0.000596931953590     0.002016621201766    -0.002006476793068
     0.001550726341448    -0.000639130984337    -0.007631249043419
    -0.006892469052897    -0.003753673413922     0.003020349940151
76 32
     0.001165427355607     0.002479755166468     0.000902633324165
     0.002479755166468    -0.001697947270162     0.000521135592686
     0.000057763379980     0.000033349702981    -0.009435617148189
76 33
    -0.001765917974371    -0.000000000000000     0.000000000000000
    -0.000000000000000    -0.000747438552001     0.000973668081759
     0.000000000000000     0.000292539319945    -0.005855151714224
76 34
     0.001165427355607    -0.002479755166468    -0.000902633324165
    -0.002479755166468    -0.001697947270162     0.000521135592686
    -0.000057763379980     0.000033349702981    -0.009435617148189
76 35
    -0.000596931953590    -0.002016621201766     0.002006476793068
    -0.001550726341448    -0.000639130984337    -0.007631249043419
     0.006892469052897    -0.003753673413922     0.003020349940151
76 36
     0.001480764458826     0.001678015899120     0.000050616126810
    -0.000212592756292    -0.000254557390875    -0.000085227802733
    -0.000816276908089    -0.002381359933553    -0.003612787546798
76 37
    -0.001002058407593    -0.000441014526502     0.000843221293658
    -0.000441014526502    -0.001511298118778    -0.000486834040880
     0.000253346482678    -0.000146269659972    -0.005855151714224
76 38
    -0.001002058407593     0.000441014526502    -0.000843221293658
     0.000441014526502    -0.001511298118778    -0.000486834040880
    -0.000253346482678    -0.000146269659972    -0.005855151714224
76 39
     0.001480764458826    -0.001678015899120    -0.000050616126810
     0.000212592756292    -0.000254557390875    -0.000085227802733
     0.000816276908089    -0.002381359933553    -0.003612787546798
76 40
    -0.001017075143997     0.000000000000000     0.000000000000000
     0.000000000000000     0.002606152676311    -0.002085227800471
     0.000000000000000    -0.005754232683033    -0.007967840641608
76 41
    -0.000455273762942    -0.001330364944791     0.000099117505681
     0.000560243710622     0.001681480830892    -0.000001220950292
     0.001654179743967     0.001897596505704    -0.003612787546798
76 42
    -0.003129634583047    -0.000000000000000     0.000000000000000
     0.000000000000000     0.002597114668492    -0.001042271185373
     0.000000000000000    -0.000066699405962    -0.009435617148189
76 43
    -0.000455273762942     0.001330364944791    -0.000099117505681
    -0.000560243710622     0.001681480830892    -0.000001220950292
    -0.001654179743967     0.001897596505704    -0.003612787546798
76 44
     0.003151902056441    -0.001373362493334     0.000889560730781
    -0.001373362493334     0.004737724466883     0.000513588127377
    -0.001803635882766    -0.001041329662435    -0.005937632960386
76 45
     0.003151902056441     0.001373362493334    -0.000889560730781
     0.001373362493334     0.004737724466883     0.000513588127377
     0.001803635882766    -0.001041329662435    -0.005937632960386
76 46
    -0.002173288024926     0.000640616739323     0.005605617137673
     0.001106511599641     0.000937225086999     0.005553284396611
    -0.000195457992482     0.007845890001568     0.003020349940151
76 47
    -0.002173288024926    -0.000640616739323    -0.005605617137673
    -0.001106511599641     0.000937225086999     0.005553284396611
     0.000195457992482     0.007845890001568     0.003020349940151
76 48
     0.001700345721234    -0.001568903668042    -0.001805860247886
    -0.001568903668042    -0.000111268188920     0.001042613900236
    -0.004983311682793     0.002877116341516    -0.007967840641608
76 49
     0.005530635672104    -0.000000000000000     0.000000000000000
     0.000000000000000     0.002358990851219    -0.001027176254754
     0.000000000000000     0.002082659324870    -0.005937632960386
76 50
     0.001700345721234     0.001568903668042     0.001805860247886
     0.001568903668042    -0.000111268188920     0.001042613900236
     0.004983311682793     0.002877116341516    -0.007967840641608
76 51
     0.086158926283592     0.000000000000000     0.000000000000000
     0.000000000000000     0.086158926283592     0.000000000000000
     0.000000000000000     0.000000000000000    -0.070721663981552
76 52
    -0.029866990314523    -0.020371425460630     0.018983708144875
    -0.000190526260418     0.007070347402428    -0.016658489389819
    -0.035140157550626    -0.059926994232635    -0.008384080843227
76 53
    -0.002745364798644    -0.000677881851808    -0.007075490192666
     0.009932586324868     0.004130336508629    -0.000697462658228
     0.009622415842393    -0.005592941810121     0.021281998757152
76 54
    -0.002745364798644     0.000677881851808     0.007075490192666
    -0.009932586324868     0.004130336508629    -0.000697462658228
    -0.009622415842393    -0.005592941810121     0.021281998757152
76 55
    -0.029866990314523     0.020371425460630    -0.018983708144875
     0.000190526260418     0.007070347402428    -0.016658489389819
     0.035140157550626    -0.059926994232635    -0.008384080843227
76 56
    -0.011067573297718    -0.011044374735679    -0.004934820927819
    -0.031225273935891    -0.011729069614377     0.024769618206400
    -0.069468378153218    -0.000468772015512    -0.008384080843227
76 57
     0.004444017496683     0.000394013141013    -0.012096760257537
     0.000394013141013     0.003989050310627    -0.006984067791012
     0.019638488673128     0.011338286721908     0.002372848344262
76 58
     0.002155005000157     0.000000000000000     0.000000000000000
     0.000000000000000     0.000150396325968    -0.001047675772031
     0.000000000000000     0.002710533716363     0.003246803175690
76 59
     0.004444017496683    -0.000394013141013     0.012096760257537
    -0.000394013141013     0.003989050310627    -0.006984067791012
    -0.019638488673128     0.011338286721908     0.002372848344262
76 60
    -0.011067573297718     0.011044374735679     0.004934820927819
     0.031225273935891    -0.011729069614377     0.024769618206400
     0.069468378153218    -0.000468772015512    -0.008384080843227
76 61
     0.006418815770904     0.004641644206137    -0.004141765476549
    -0.005968823970539    -0.005033844060920    -0.005778822921963
    -0.000032421768256     0.011129727470350     0.021281998757152
76 62
     0.000651548494515     0.000868021018247    -0.000907313833508
     0.000868021018247     0.001653852831610     0.000523837886015
     0.002347391056185    -0.001355266858182     0.003246803175690
76 63
     0.000651548494515    -0.000868021018247     0.000907313833508
    -0.000868021018247     0.001653852831610     0.000523837886015
    -0.002347391056185    -0.001355266858182     0.003246803175690
76 64
     0.006418815770904    -0.004641644206137     0.004141765476549
     0.005968823970539    -0.005033844060920    -0.005778822921963
     0.000032421768256     0.011129727470350     0.021281998757152
76 65
    -0.012201387989663     0.000000000000000     0.000000000000000
     0.000000000000000     0.002926794979391    -0.008564836787218
     0.000000000000000    -0.012784404703095    -0.007496325015890
76 66
    -0.001595993407283    -0.010596176207069     0.002933724716117
     0.000014291969607     0.002980965117268     0.006476285580191
    -0.009654837610649    -0.005536785660230     0.021281998757152
76 67
     0.003761566717599    -0.000000000000000     0.000000000000000
     0.000000000000000     0.004671501089711     0.013968135582023
     0.000000000000000    -0.022676573443816     0.002372848344262
76 68
    -0.001595993407283     0.010596176207069    -0.002933724716117
    -0.000014291969607     0.002980965117268     0.006476285580191
     0.009654837610649    -0.005536785660230     0.021281998757152
76 69
     0.001458987918117     0.004499459174724    -0.004047732616714
     0.004499459174724    -0.003736540013353    -0.002336959515867
    -0.015258044438374    -0.008809236063802     0.005703055719000
76 70
     0.001458987918117    -0.004499459174724     0.004047732616714
    -0.004499459174724    -0.003736540013353    -0.002336959515867
     0.015258044438374    -0.008809236063802     0.005703055719000
76 71
     0.006739599244099    -0.020944298075367    -0.023918529072694
    -0.000763398875154    -0.029536242156194    -0.008111128816582
    -0.034328220602593     0.060395766248147    -0.008384080843227
76 72
     0.006739599244099     0.020944298075367     0.023918529072694
     0.000763398875154    -0.029536242156194    -0.008111128816582
     0.034328220602593     0.060395766248147    -0.008384080843227
76 73
    -0.000855250762872    -0.006550695382150    -0.007417366236998
    -0.006550695382150    -0.008419342247400     0.004282418393609
    -0.011071619245141     0.006392202351547    -0.007496325015890
76 74
    -0.006334303979087    -0.000000000000000     0.000000000000000
     0.000000000000000     0.004056751883852     0.004673919031735
     0.000000000000000     0.017618472127605     0.005703055719000
76 75
    -0.000855250762872     0.006550695382150     0.007417366236998
     0.006550695382150    -0.008419342247400     0.004282418393609
     0.011071619245141     0.006392202351547    -0.007496325015890
76 76
    14.490805919569347     0.000000000000000     0.000000000000000
     0.000000000000000    14.490805919569343     0.000000000000000
     0.000000000000000     0.000000000000000     4.574109911552593
76 77
    -2.192705872023267    -0.413555986225025     0.091027842075677
     0.413555986225025     0.264677805405709     0.043119804849543
    -0.091027842075677     0.043119804849543     1.544915788085439
76 78
    -0.037007147316071    -0.049842262619374     0.015161210243394
     0.049842262619374    -0.081738076804768    -0.013723249206244
    -0.015161210243394    -0.013723249206244    -0.017545941797280
76 79
    -0.037007147316071     0.049842262619374    -0.015161210243394
    -0.049842262619374    -0.081738076804768    -0.013723249206244
     0.015161210243394    -0.013723249206244    -0.017545941797280
76 80
    -2.192705872023267     0.413555986225025    -0.091027842075677
    -0.413555986225025     0.264677805405709     0.043119804849543
     0.091027842075677     0.043119804849543     1.544915788085439
76 81
    -0.349668113951535    -0.650522359524334     0.082856767443770
    -1.477634331974385    -1.578359952666023     0.057272521264443
    -0.008171074631907    -0.100392326113986     1.544915788085439
76 82
    -0.162676788844251    -0.032861797245324    -0.004235222509485
    -0.032861797245324    -0.124731253872965    -0.002445206855929
     0.007809597094408     0.004508872984719     0.148507965764629
76 83
    -0.004665264195414    -0.000000000000000     0.000000000000000
     0.000000000000000    -0.082201939794177    -0.014454738457923
     0.000000000000000    -0.019235950651943     0.025009943257096
76 84
    -0.162676788844251     0.032861797245324     0.004235222509485
     0.032861797245324    -0.124731253872965    -0.002445206855929
    -0.007809597094408     0.004508872984719     0.148507965764629
76 85
    -0.349668113951534     0.650522359524334    -0.082856767443770
     1.477634331974384    -1.578359952666024     0.057272521264443
     0.008171074631907    -0.100392326113986     1.544915788085440
76 86
    -0.070555344432594     0.069211323255425    -0.004304077313375
    -0.030473201983323    -0.048189879688245     0.019991617826018
    -0.019465287556769    -0.006268368619774    -0.017545941797280
76 87
    -0.062817770894486     0.033574365396761    -0.012518170709621
     0.033574365396761    -0.024049433095105     0.007227369228961
    -0.016658821930526     0.009617975325971     0.025009943257096
76 88
    -0.062817770894486    -0.033574365396761     0.012518170709621
    -0.033574365396761    -0.024049433095105     0.007227369228961
     0.016658821930526     0.009617975325971     0.025009943257096
76 89
    -0.070555344432594    -0.069211323255425     0.004304077313375
     0.030473201983323    -0.048189879688245     0.019991617826018
     0.019465287556769    -0.006268368619774    -0.017545941797280
76 90
    -0.105758486387322    -0.000000000000000     0.000000000000000
    -0.000000000000000    -0.181649556329894    -0.009017745969438
     0.000000000000000     0.004890413711858     0.148507965764629
76 91
    -0.070555344432594    -0.030473201983323    -0.019465287556769
     0.069211323255425    -0.048189879688245    -0.006268368619774
    -0.004304077313375     0.019991617826018    -0.017545941797280
76 92
    -0.105758486387322    -0.000000000000000     0.000000000000000
    -0.000000000000000    -0.181649556329894     0.004890413711858
     0.000000000000000    -0.009017745969438     0.148507965764629
76 93
    -0.070555344432594     0.030473201983323     0.019465287556769
    -0.069211323255425    -0.048189879688245    -0.006268368619774
     0.004304077313375     0.019991617826018    -0.017545941797280
76 94
    -0.062817770894486    -0.033574365396761     0.016658821930526
    -0.033574365396761    -0.024049433095105     0.009617975325971
     0.012518170709621     0.007227369228961     0.025009943257096
76 95
    -0.062817770894486     0.033574365396761    -0.016658821930526
     0.033574365396761    -0.024049433095105     0.009617975325971
    -0.012518170709621     0.007227369228961     0.025009943257096
76 96
    -0.349668113951535    -1.477634331974385    -0.008171074631907
    -0.650522359524334    -1.578359952666023    -0.100392326113986
     0.082856767443770     0.057272521264443     1.544915788085439
76 97
    -0.349668113951534     1.477634331974384     0.008171074631907
     0.650522359524334    -1.578359952666024    -0.100392326113986
    -0.082856767443770     0.057272521264443     1.544915788085440
76 98
    -0.162676788844251     0.032861797245324    -0.007809597094408
     0.032861797245324    -0.124731253872965     0.004508872984719
     0.004235222509485    -0.002445206855929     0.148507965764629
76 99
    -0.004665264195414     0.000000000000000     0.000000000000000
    -0.000000000000000    -0.082201939794177    -0.019235950651943
     0.000000000000000    -0.014454738457923     0.025009943257096
76 100
    -0.162676788844251    -0.032861797245324     0.007809597094408
    -0.032861797245324    -0.124731253872965     0.004508872984719
    -0.004235222509485    -0.002445206855929     0.148507965764629
76 101
    -1.885811314067517    -0.597292461361546    -1.967728651157030
    -0.597292461361546    -1.196117387363472    -1.136068666437650
    -0.535333095460110    -0.309074706770010    -2.246890645844996
76 102
    -1.885811314067517     0.597292461361546     1.967728651157030
     0.597292461361547    -1.196117387363473    -1.136068666437650
     0.535333095460110    -0.309074706770010    -2.246890645844996
76 103
     0.120485914168587    -0.049371630638493     0.026817664906100
    -0.103049299572905     0.086047324839641     0.020676656260419
    -0.032119264740685    -0.043111607349396    -0.038041466357395
76 104
     0.017977580386934     0.000000000000000     0.000000000000000
    -0.000000000000000     0.041748375319174     0.014337856171679
     0.000000000000000     0.030293583371521    -0.010075452967370
76 105
     0.120485914168587     0.049371630638493    -0.026817664906100
     0.103049299572905     0.086047324839641     0.020676656260419
     0.032119264740685    -0.043111607349396    -0.038041466357395
76 106
    -0.851270424011449    -0.000000000000001     0.000000000000000
    -0.000000000000001    -2.230658277419541     2.272137332875301
     0.000000000000000     0.618149413540021    -2.246890645844997
76 107
     0.071466934192771     0.165264886550571    -0.025617831985299
     0.165264886550571    -0.119364519282360    -0.014790462192767
    -0.092561004890774    -0.053440121090151    -0.104987012605836
76 108
     0.040526724556324     0.009134749832409     0.000875535445682
     0.017884119510185     0.038052042731083     0.011088397150550
     0.017661125530227    -0.023355828779563    -0.011170494341168
76 109
     0.040526724556324    -0.009134749832409    -0.000875535445682
    -0.017884119510185     0.038052042731083     0.011088397150550
    -0.017661125530227    -0.023355828779563    -0.011170494341168
76 110
     0.071466934192771    -0.165264886550571     0.025617831985299
    -0.165264886550571    -0.119364519282360    -0.014790462192767
     0.092561004890774    -0.053440121090151    -0.104987012605836
76 111
     0.028656773356115    -0.050031720405372     0.031315342039892
     0.003645948529040     0.177876465652113     0.012886450948651
    -0.053395379532899    -0.006260295541613    -0.038041466357395
76 112
     0.050370226803503     0.012200970838008     0.010040601342468
     0.003451601160232     0.028208540483904    -0.004785962637401
    -0.011396178284428     0.026972897758384    -0.011170494341168
76 113
    -0.006966742080009     0.000000000000000     0.000000000000000
    -0.000000000000000    -0.006966742080008     0.000000000000000
     0.000000000000000     0.000000000000000    -0.006696536195288
76 114
     0.050370226803502    -0.012200970838008    -0.010040601342468
    -0.003451601160232     0.028208540483904    -0.004785962637401
     0.011396178284428     0.026972897758384    -0.011170494341168
76 115
     0.028656773356115     0.050031720405372    -0.031315342039892
    -0.003645948529040     0.177876465652113     0.012886450948651
     0.053395379532899    -0.006260295541613    -0.038041466357395
76 116
     0.035805676586114    -0.010293056139735     0.012416947680481
    -0.010293056139735     0.023920279119994    -0.007168928085839
     0.026235012771399    -0.015146791685760    -0.010075452967370
76 117
     0.026971199571284    -0.010057833511065     0.009165065896787
    -0.001308463833289     0.051607567716123    -0.006302434513149
    -0.029057303814655    -0.003617068978821    -0.011170494341168
76 118
     0.026971199571284     0.010057833511065    -0.009165065896787
     0.001308463833289     0.051607567716123    -0.006302434513149
     0.029057303814655    -0.003617068978821    -0.011170494341168
76 119
     0.035805676586114     0.010293056139735    -0.012416947680481
     0.010293056139735     0.023920279119994    -0.007168928085839
    -0.026235012771399    -0.015146791685760    -0.010075452967370
76 120
     0.029641674138812     0.000000000000000     0.000000000000000
    -0.000000000000000     0.017831821275012    -0.018339608089165
     0.000000000000000     0.028700994838679     0.013799728747664
76 121
     0.160657170987640     0.079856413634739     0.004497677133792
     0.026178744700327     0.045876068020588    -0.033563107209071
    -0.021276114792214     0.049371902891009    -0.038041466357395
76 122
    -0.214780246019925     0.000000000000000     0.000000000000000
     0.000000000000000     0.166882660930336     0.029580924385534
     0.000000000000000     0.106880242180301    -0.104987012605836
76 123
     0.160657170987640    -0.079856413634739    -0.004497677133792
    -0.026178744700327     0.045876068020588    -0.033563107209071
     0.021276114792214     0.049371902891009    -0.038041466357395
76 124
     0.020784284490962     0.005113816297504    -0.015882566500667
     0.005113816297504     0.026689210922862     0.009169804044582
     0.024855790644182    -0.014350497419340     0.013799728747664
76 125
     0.020784284490962    -0.005113816297504     0.015882566500667
    -0.005113816297504     0.026689210922862     0.009169804044582
    -0.024855790644182    -0.014350497419340     0.013799728747664
76 126
    -1.855224240741290    -0.597272437135362     2.119198752364599
    -0.597272437135362    -1.165553436022000     1.223519970144020
     0.566934940862036     0.327320040719701    -2.065139689027983
76 127
    -1.855224240741290     0.597272437135362    -2.119198752364599
     0.597272437135363    -1.165553436022001     1.223519970144020
    -0.566934940862036     0.327320040719701    -2.065139689027982
76 128
     0.126750821361218    -0.022289493019729    -0.067335335385421
    -0.127806974902298     0.104348421644034    -0.025387647610441
     0.064102059059119     0.028151676738283    -0.005212510233758
76 129
     0.037794522978871     0.000000000000000     0.000000000000000
    -0.000000000000000     0.062470265951541     0.000393454200069
     0.000000000000000    -0.024409226427552     0.027360816807762
76 130
     0.126750821361218     0.022289493019729     0.067335335385421
     0.127806974902298     0.104348421644033    -0.025387647610441
    -0.064102059059119     0.028151676738283    -0.005212510233758
76 131
    -0.820718033662355    -0.000000000000001     0.000000000000000
    -0.000000000000001    -2.200059643100936    -2.447039940288041
     0.000000000000000    -0.654640081439402    -2.065139689027983
76 132
     0.038063249401322     0.187347772538840    -0.002907280803100
     0.187347772538840    -0.178267324413431    -0.001678519354280
     0.106514073509776     0.061495929013353    -0.256571022996346
76 133
     0.052400629597772     0.012434808141228    -0.012602121189230
     0.019858962870198     0.044048992284239     0.003655131662761
    -0.000766578599233     0.023591023237332    -0.024790115942839
76 134
     0.052400629597772    -0.012434808141228     0.012602121189230
    -0.019858962870198     0.044048992284239     0.003655131662761
     0.000766578599233     0.023591023237332    -0.024790115942839
76 135
     0.038063249401322    -0.187347772538840     0.002907280803100
    -0.187347772538840    -0.178267324413431    -0.001678519354280
    -0.106514073509776     0.061495929013353    -0.256571022996346
76 136
     0.044955344453934    -0.080582334291384    -0.055654015465680
     0.024935147591186     0.186143898551318    -0.045620287210899
     0.056431096744040     0.041438173210946    -0.005212510233758
76 137
     0.060120514652568     0.015401885155698    -0.003135623720487
     0.007977730426728     0.036329107229443    -0.012741322922823
     0.020047136125182    -0.012459388159599    -0.024790115942839
76 138
     0.002301000917824     0.000000000000000     0.000000000000000
     0.000000000000000     0.002301000917824     0.000000000000000
     0.000000000000000     0.000000000000000     0.028507760750500
76 139
     0.060120514652568    -0.015401885155698     0.003135623720487
    -0.007977730426728     0.036329107229443    -0.012741322922823
    -0.020047136125182    -0.012459388159599    -0.024790115942839
76 140
     0.044955344453934     0.080582334291384     0.055654015465680
    -0.024935147591185     0.186143898551318    -0.045620287210899
    -0.056431096744040     0.041438173210946    -0.005212510233758
76 141
     0.056301330208373    -0.010684910135794     0.000340741332485
    -0.010684910135794     0.043963458722038    -0.000196727100034
    -0.021139010172987     0.012204613213776     0.027360816807762
76 142
     0.032153288572676    -0.008169155078984     0.009466497468743
    -0.000745000350015     0.064296333309335     0.009086191260062
     0.020813714724415    -0.011131635077733    -0.024790115942839
76 143
     0.032153288572676     0.008169155078984    -0.009466497468743
     0.000745000350015     0.064296333309335     0.009086191260062
    -0.020813714724415    -0.011131635077733    -0.024790115942839
76 144
     0.056301330208373     0.010684910135794    -0.000340741332485
     0.010684910135794     0.043963458722038    -0.000196727100034
     0.021139010172987     0.012204613213776     0.027360816807762
76 145
     0.029309290872109     0.000000000000000     0.000000000000000
    -0.000000000000000     0.029421911407747     0.015321240802565
     0.000000000000000    -0.020724235748223    -0.022841144712071
76 146
     0.174942698692725     0.099983381552199     0.011681319919741
    -0.005534100330370     0.056156544312526     0.071007934821341
    -0.007670962315079    -0.069589849949229    -0.005212510233758
76 147
    -0.286432611320807     0.000000000000000     0.000000000000000
     0.000000000000000     0.146228536308698     0.003357038708559
     0.000000000000000    -0.122991858026706    -0.256571022996346
76 148
     0.174942698692725    -0.099983381552199    -0.011681319919741
     0.005534100330370     0.056156544312526     0.071007934821341
     0.007670962315079    -0.069589849949229    -0.005212510233758
76 149
     0.029393756273838    -0.000048766122425     0.013268583752520
    -0.000048766122425     0.029337446006018    -0.007660620401282
    -0.017947714631979     0.010362117874112    -0.022841144712071
76 150
     0.029393756273838     0.000048766122425    -0.013268583752520
     0.000048766122425     0.029337446006018    -0.007660620401282
     0.017947714631979     0.010362117874112    -0.022841144712071
101 1
    -0.065104879005620    -0.000000000000000     0.000000000000000
     0.000000000000000    -0.065104879005620     0.000000000000000
     0.000000000000000     0.000000000000000     0.108989847687647
101 2
    -0.003849415069009    -0.006836689029807     0.009498957116445
    -0.017863302643659     0.006072490893012     0.039493991118512
     0.000471970700609    -0.000153303548356    -0.010604333109118
101 3
    -0.004609406063322    -0.005434173556892    -0.001581568078917
     0.003970948359819    -0.002751920758979     0.005940572195659
     0.003090708074371     0.000690357733852     0.000413624326574
101 4
    -0.004609406063322     0.005434173556892     0.001581568078917
    -0.003970948359819    -0.002751920758979     0.005940572195659
    -0.003090708074371     0.000690357733852     0.000413624326574
101 5
    -0.003849415069009     0.006836689029807    -0.009498957116445
     0.017863302643659     0.006072490893012     0.039493991118512
    -0.000471970700609    -0.000153303548356    -0.010604333109118
101 6
    -0.007103395728736    -0.015984616033828     0.038952278163691
    -0.004958002419976     0.009326471552739    -0.011520657386956
     0.000103220582938     0.000485390390747    -0.010604333109118
101 7
    -0.012681175246120    -0.000272152812020    -0.006933961444188
    -0.000272152812020    -0.012366920247558    -0.004003324506353
    -0.001758641199725    -0.001015351970069     0.008328739030019
101 8
    -0.000529075158397    -0.000000000000000     0.000000000000000
    -0.000000000000000    -0.002247209027943    -0.002581614571172
     0.000000000000000     0.000910269160832    -0.001221550142205
101 9
    -0.012681175246120     0.000272152812020     0.006933961444188
     0.000272152812020    -0.012366920247558    -0.004003324506353
     0.001758641199725    -0.001015351970069     0.008328739030019
101 10
    -0.007103395728736     0.015984616033828    -0.038952278163691
     0.004958002419976     0.009326471552739    -0.011520657386956
    -0.000103220582938     0.000485390390747    -0.010604333109118
101 11
    -0.003849887181126     0.003532439928728     0.004353902394998
    -0.005872681987982    -0.003511439641175    -0.004339964231986
     0.002143221372400     0.002331452841161     0.000413624326574
101 12
    -0.001817675560556     0.000743973789064    -0.002235743801415
     0.000743973789064    -0.000958608625783     0.001290807285586
     0.000788316217562    -0.000455134580416    -0.001221550142205
101 13
    -0.001817675560556    -0.000743973789064     0.002235743801415
    -0.000743973789064    -0.000958608625783     0.001290807285586
    -0.000788316217562    -0.000455134580416    -0.001221550142205
101 14
    -0.003849887181126    -0.003532439928728    -0.004353902394998
     0.005872681987982    -0.003511439641175    -0.004339964231986
    -0.002143221372400     0.002331452841161     0.000413624326574
101 15
    -0.000519575571698    -0.000000000000000     0.000000000000000
    -0.000000000000000    -0.011801285607242     0.005169617902482
     0.000000000000000     0.007490328384150     0.003824959908655
101 16
    -0.002582696989003    -0.005141069389446     0.005935470473915
     0.004264052527265    -0.004778629833298    -0.001600607963673
    -0.000947486701971    -0.003021810575013     0.000413624326574
101 17
    -0.012209792748278     0.000000000000000     0.000000000000000
    -0.000000000000000    -0.012838302745400     0.008006649012705
     0.000000000000000     0.002030703940139     0.008328739030019
101 18
    -0.002582696989003     0.005141069389446    -0.005935470473915
    -0.004264052527265    -0.004778629833298    -0.001600607963673
     0.000947486701971    -0.003021810575013     0.000413624326574
101 19
     0.002544710090138    -0.004685831574137     0.005856917810163
    -0.004685831574137     0.007955442331548     0.003381493074319
    -0.001376099557282    -0.000794491449828    -0.001956737312754
101 20
     0.002544710090138     0.004685831574137    -0.005856917810163
     0.004685831574137     0.007955442331548     0.003381493074319
     0.001376099557282    -0.000794491449828    -0.001956737312754
101 21
     0.014287424533749     0.007391993416757     0.029453321047246
    -0.003634620197095    -0.012064348709747    -0.027973333731557
    -0.000368750117671    -0.000332086842391    -0.010604333109118
101 22
     0.014287424533749    -0.007391993416757    -0.029453321047246
     0.003634620197095    -0.012064348709747    -0.027973333731557
     0.000368750117671    -0.000332086842391    -0.010604333109118
101 23
    -0.008980858098356     0.004885123744455     0.004477020431408
     0.004885123744455    -0.003340003080584    -0.002584808951241
     0.006486814663361    -0.003745164192075     0.003824959908655
101 24
     0.010660808452253    -0.000000000000000     0.000000000000000
    -0.000000000000000    -0.000160656030567    -0.006762986148638
     0.000000000000000     0.001588982899657    -0.001956737312754
101 25
    -0.008980858098356    -0.004885123744455    -0.004477020431408
    -0.004885123744455    -0.003340003080584    -0.002584808951241
    -0.006486814663361    -0.003745164192075     0.003824959908655
101 26
     0.003943778438548     0.002004717585684     0.001623830130714
     0.002004717585684     0.001628929963060     0.000937518763086
    -0.001014321328556    -0.000585618692086    -0.007488341004449
101 27
    -0.001043349097970     0.001902628520090     0.000581141992538
    -0.000909323782852     0.003055774634853    -0.002480348942598
     0.001678848669383    -0.001247346911785     0.002342081324042
101 28
    -0.000538462809376    -0.000000000000000     0.000000000000000
     0.000000000000000     0.000405264931265    -0.002008077641954
     0.000000000000000    -0.000327240297523     0.001631357095266
101 29
    -0.001043349097970    -0.001902628520090    -0.000581141992538
     0.000909323782852     0.003055774634853    -0.002480348942598
    -0.001678848669383    -0.001247346911785     0.002342081324042
101 30
     0.003943778438548    -0.002004717585684    -0.001623830130714
    -0.002004717585684     0.001628929963060     0.000937518763086
     0.001014321328556    -0.000585618692086    -0.007488341004449
101 31
     0.002461107269721    -0.002932622610102    -0.001857474198271
    -0.000120670307160    -0.000448681732838     0.001743458200043
    -0.000240809778246     0.002077599052688     0.002342081324042
101 32
     0.000558324845128     0.000326333102312    -0.001926553171177
     0.000326333102312     0.000181507836197    -0.001112295991987
    -0.000137151853705    -0.000079184659657     0.000288601375199
101 33
     0.000558324845128    -0.000326333102312     0.001926553171177
    -0.000326333102312     0.000181507836197    -0.001112295991987
     0.000137151853705    -0.000079184659657     0.000288601375199
101 34
     0.002461107269721     0.002932622610102     0.001857474198271
     0.000120670307160    -0.000448681732838     0.001743458200043
     0.000240809778246     0.002077599052688     0.002342081324042
101 35
     0.002702914839259     0.000000000000000     0.000000000000000
     0.000000000000000     0.001261620608420     0.001906716492898
     0.000000000000000    -0.003238088990035    -0.000563488348969
101 36
     0.000169332996104    -0.000408646098826    -0.001739046250703
    -0.000408646098826    -0.000302530874216     0.001004038820977
    -0.000283398410797     0.000163620148762     0.001631357095266
101 37
    -0.000006900668268    -0.000000000000000     0.000000000000000
     0.000000000000000     0.000746733349594     0.002224591983974
     0.000000000000000     0.000158369319313     0.000288601375199
101 38
     0.000169332996104     0.000408646098826     0.001739046250703
     0.000408646098826    -0.000302530874216     0.001004038820977
     0.000283398410797     0.000163620148762     0.001631357095266
101 39
    -0.000179972988266     0.001257761728757    -0.000210601128976
     0.000042491699341    -0.002114256262669    -0.001004021832770
     0.000143892090167     0.000430644914613     0.001915332881769
101 40
    -0.000179972988266    -0.001257761728757     0.000210601128976
    -0.000042491699341    -0.002114256262669    -0.001004021832770
    -0.000143892090167     0.000430644914613     0.001915332881769
101 41
     0.001600880133574    -0.000617322675779    -0.002438616190809
    -0.003429274978721     0.000411545403309     0.000736890742555
    -0.001919658447629    -0.000830252140903     0.002342081324042
101 42
     0.001600880133574     0.000617322675779     0.002438616190809
     0.003429274978721     0.000411545403309     0.000736890742555
     0.001919658447629    -0.000830252140903     0.002342081324042
101 43
    -0.001067659194023     0.000554997569191    -0.000974808977621
     0.001770267598607    -0.001226570056912     0.000319624988626
     0.000444895481149    -0.000090708251818     0.001915332881769
101 44
    -0.000881914944606    -0.000000000000000     0.000000000000000
     0.000000000000000    -0.000881914944606     0.000000000000000
     0.000000000000000     0.000000000000000     0.001913763356761
101 45
    -0.001067659194023    -0.000554997569191     0.000974808977621
    -0.001770267598607    -0.001226570056912     0.000319624988626
    -0.000444895481149    -0.000090708251818     0.001915332881769
101 46
     0.000471505725316     0.000000000000000     0.000000000000000
     0.000000000000000     0.005101202676291    -0.001875037526172
     0.000000000000000     0.001171237384173    -0.007488341004449
101 47
     0.001621944166129     0.000624098709117     0.001651264920664
     0.000624098709117     0.002342591281549    -0.000953358246449
    -0.002804267325085     0.001619044495018    -0.000563488348969
101 48
    -0.002193711694114     0.001120140884558    -0.000764207848645
    -0.000095129144858    -0.000100517556821     0.000684396844144
     0.000301003390982    -0.000339936662795     0.001915332881769
101 49
    -0.002193711694114    -0.001120140884558     0.000764207848645
     0.000095129144858    -0.000100517556821     0.000684396844144
    -0.000301003390982    -0.000339936662795     0.001915332881769
101 50
     0.001621944166129    -0.000624098709117    -0.001651264920664
    -0.000624098709117     0.002342591281549    -0.000953358246449
     0.002804267325085     0.001619044495018    -0.000563488348969
101 51
    -0.097299541777624    -0.071435245752017     0.110965020067317
    -0.071435245752017    -0.014813225048516     0.064065684206498
     0.097292714919512     0.056171975148970    -0.176527043532935
101 52
     0.019026471102105     0.010702399290706     0.008021615032284
     0.012819426580585     0.009240184866944    -0.001416452957284
    -0.000231721335557     0.004534053284566    -0.006825451568725
101 53
    -0.000750232214918    -0.000000000000000     0.000000000000000
     0.000000000000000     0.003949315986991     0.001422849898065
     0.000000000000000     0.002178613562747    -0.004514786001922
101 54
     0.019026471102105    -0.010702399290706    -0.008021615032284
    -0.012819426580585     0.009240184866944    -0.001416452957284
     0.000231721335557     0.004534053284566    -0.006825451568725
101 55
    -0.097299541777624     0.071435245752017    -0.110965020067317
     0.071435245752017    -0.014813225048516     0.064065684206498
    -0.097292714919512     0.056171975148970    -0.176527043532935
101 56
     0.021872005799700     0.011176556356940     0.002784123271869
     0.009059529067061     0.006394650169349     0.007655148875979
     0.003810744658768    -0.002467703205474    -0.006825451568725
101 57
    -0.004529704814090    -0.000542364602376     0.008384108415614
    -0.000542364602376    -0.003903436115728     0.004840567250670
     0.004379385431645     0.002528439357845    -0.001490581885602
101 58
    -0.004529704814090     0.000542364602376    -0.008384108415614
     0.000542364602376    -0.003903436115728     0.004840567250670
    -0.004379385431645     0.002528439357845    -0.001490581885602
101 59
     0.021872005799700    -0.011176556356940    -0.002784123271869
    -0.009059529067061     0.006394650169349     0.007655148875979
    -0.003810744658768    -0.002467703205474    -0.006825451568725
101 60
    -0.043492833201779    -0.000000000000000     0.000000000000000
    -0.000000000000000    -0.015354101121968    -0.004429853955798
     0.000000000000000     0.008935892271103    -0.005929523386945
101 61
     0.002774428936514    -0.002034964064581     0.001232224157496
    -0.002034964064581     0.000424654835559    -0.000711424949032
     0.001886734690368    -0.001089306781373    -0.004514786001922
101 62
    -0.003590301766548     0.000000000000000     0.000000000000000
    -0.000000000000000    -0.004842839163271    -0.009681134501339
     0.000000000000000    -0.005056878715690    -0.001490581885602
101 63
     0.002774428936514     0.002034964064581    -0.001232224157496
     0.002034964064581     0.000424654835559    -0.000711424949032
    -0.001886734690368    -0.001089306781373    -0.004514786001922
101 64
     0.001216350854678    -0.002857636825454    -0.008281303838580
    -0.008960232731202     0.001483149471327     0.002397216274083
    -0.001513595517267    -0.000503585269934    -0.007309460613650
101 65
     0.001216350854678     0.002857636825454     0.008281303838580
     0.008960232731202     0.001483149471327     0.002397216274083
     0.001513595517267    -0.000503585269934    -0.007309460613650
101 66
     0.001501507051768    -0.002701383868585    -0.005237491760415
    -0.000584356578705     0.026765148917280    -0.006238695918695
     0.004042465994325    -0.002066350079092    -0.006825451568725
101 67
     0.001501507051768     0.002701383868585     0.005237491760415
     0.000584356578705     0.026765148917280    -0.006238695918695
    -0.004042465994325    -0.002066350079092    -0.006825451568725
101 68
    -0.003700837810173    -0.006121292531894    -0.002064601727569
    -0.000018696626146     0.006400338136178    -0.008370427637710
    -0.001192915395368    -0.001059019534041    -0.007309460613650
101 69
     0.006179622637278     0.000000000000000     0.000000000000000
     0.000000000000000     0.006179622637278     0.000000000000000
     0.000000000000000     0.000000000000000    -0.004997117278710
101 70
    -0.003700837810173     0.006121292531894     0.002064601727569
     0.000018696626146     0.006400338136178    -0.008370427637710
     0.001192915395368    -0.001059019534041    -0.007309460613650
101 71
     0.026429933316038    -0.000000000000000     0.000000000000000
    -0.000000000000000    -0.138542700142178    -0.128131368412996
     0.000000000000000    -0.112343950297940    -0.176527043532935
101 72
    -0.022388784141920    -0.012184428405700    -0.003836366060776
    -0.012184428405700    -0.036458150181826     0.002214926977899
     0.007738709712256    -0.004467946135552    -0.005929523386945
101 73
     0.006533737444502     0.005890238152182     0.006216702111011
    -0.000212357753566    -0.003834237118497     0.005973211363627
     0.000320680121899     0.001562604803975    -0.007309460613650
101 74
     0.006533737444502    -0.005890238152182    -0.006216702111011
     0.000212357753566    -0.003834237118497     0.005973211363627
    -0.000320680121899     0.001562604803975    -0.007309460613650
101 75
    -0.022388784141920     0.012184428405700     0.003836366060776
     0.012184428405700    -0.036458150181826     0.002214926977899
    -0.007738709712256    -0.004467946135552    -0.005929523386945
101 76
    -1.885811314067517    -0.597292461361546    -0.535333095460110
    -0.597292461361546    -1.196117387363472    -0.309074706770010
    -1.967728651157030    -1.136068666437650    -2.246890645844996
101 77
     0.120485914168587     0.103049299572905     0.032119264740685
     0.049371630638493     0.086047324839641    -0.043111607349396
    -0.026817664906100     0.020676656260419    -0.038041466357395
101 78
     0.017977580386934    -0.000000000000000     0.000000000000000
     0.000000000000000     0.041748375319174     0.030293583371521
     0.000000000000000     0.014337856171679    -0.010075452967370
101 79
     0.120485914168587    -0.103049299572905    -0.032119264740685
    -0.049371630638493     0.086047324839641    -0.043111607349396
     0.026817664906100     0.020676656260419    -0.038041466357395
101 80
    -1.885811314067517     0.597292461361547     0.535333095460110
     0.597292461361546    -1.196117387363473    -0.309074706770010
     1.967728651157030    -1.136068666437650    -2.246890645844996
101 81
     0.160657170987640     0.026178744700327    -0.021276114792214
     0.079856413634739     0.045876068020588     0.049371902891009
     0.004497677133792    -0.033563107209071    -0.038041466357395
101 82
     0.020784284490962    -0.005113816297504    -0.024855790644182
    -0.005113816297504     0.026689210922862    -0.014350497419340
     0.015882566500667     0.009169804044582     0.013799728747664
101 83
     0.020784284490962     0.005113816297504     0.024855790644182
     0.005113816297504     0.026689210922862    -0.014350497419340
    -0.015882566500667     0.009169804044582     0.013799728747664
101 84
     0.160657170987640    -0.026178744700327     0.021276114792214
    -0.079856413634739     0.045876068020588     0.049371902891009
    -0.004497677133792    -0.033563107209071    -0.038041466357395
101 85
    -0.214780246019925     0.000000000000000     0.000000000000000
     0.000000000000000     0.166882660930336     0.106880242180301
     0.000000000000000     0.029580924385534    -0.104987012605836
101 86
     0.035805676586114    -0.010293056139735     0.026235012771399
    -0.010293056139735     0.023920279119994    -0.015146791685760
     0.012416947680481    -0.007168928085839    -0.010075452967370
101 87
     0.029641674138812    -0.000000000000000     0.000000000000000
     0.000000000000000     0.017831821275012     0.028700994838679
     0.000000000000000    -0.018339608089165     0.013799728747664
101 88
     0.035805676586114     0.010293056139735    -0.026235012771399
     0.010293056139735     0.023920279119994    -0.015146791685760
    -0.012416947680481    -0.007168928085839    -0.010075452967370
101 89
     0.026971199571284     0.001308463833289     0.029057303814655
     0.010057833511065     0.051607567716123    -0.003617068978821
    -0.009165065896787    -0.006302434513149    -0.011170494341168
101 90
     0.026971199571284    -0.001308463833289    -0.029057303814655
    -0.010057833511065     0.051607567716123    -0.003617068978821
     0.009165065896787    -0.006302434513149    -0.011170494341168
101 91
     0.028656773356115     0.003645948529040    -0.053395379532899
    -0.050031720405372     0.177876465652113    -0.006260295541613
     0.031315342039892     0.012886450948651    -0.038041466357395
101 92
     0.028656773356115    -0.003645948529040     0.053395379532899
     0.050031720405372     0.177876465652113    -0.006260295541613
    -0.031315342039892     0.012886450948651    -0.038041466357395
101 93
     0.050370226803502    -0.003451601160232     0.011396178284428
    -0.012200970838008     0.028208540483904     0.026972897758384
    -0.010040601342468    -0.004785962637401    -0.011170494341168
101 94
    -0.006966742080009    -0.000000000000000     0.000000000000000
     0.000000000000000    -0.006966742080008     0.000000000000000
     0.000000000000000     0.000000000000000    -0.006696536195288
101 95
     0.050370226803503     0.003451601160232    -0.011396178284428
     0.012200970838008     0.028208540483904     0.026972897758384
     0.010040601342468    -0.004785962637401    -0.011170494341168
101 96
    -0.851270424011449    -0.000000000000001     0.000000000000000
    -0.000000000000001    -2.230658277419541     0.618149413540021
     0.000000000000000     2.272137332875301    -2.246890645844997
101 97
     0.071466934192771    -0.165264886550571     0.092561004890774
    -0.165264886550571    -0.119364519282360    -0.053440121090151
     0.025617831985299    -0.014790462192767    -0.104987012605836
101 98
     0.040526724556324    -0.017884119510185    -0.017661125530227
    -0.009134749832409     0.038052042731083    -0.023355828779563
    -0.000875535445682     0.011088397150550    -0.011170494341168
101 99
     0.040526724556324     0.017884119510185     0.017661125530227
     0.009134749832409     0.038052042731083    -0.023355828779563
     0.000875535445682     0.011088397150550    -0.011170494341168
101 100
     0.071466934192771     0.165264886550571    -0.092561004890774
     0.165264886550571    -0.119364519282360    -0.053440121090151
    -0.025617831985299    -0.014790462192767    -0.104987012605836
101 101
     6.211209488791177     0.000000000000000     0.000000000000000
     0.000000000000000     6.211209488791176     0.000000000000000
     0.000000000000000     0.000000000000000    11.173792883826160
101 102
    -0.960808972740180     0.003996275840794    -0.077501528259914
    -0.003996275840794     0.001826327101870     0.023165223364930
     0.077501528259914     0.023165223364930     0.179250488408471
101 103
    -0.069396625231146     0.001048002283882    -0.017969828800787
    -0.001048002283882    -0.021334278262476    -0.009361609283316
     0.017969828800787    -0.009361609283316    -0.003494722462229
101 104
    -0.069396625231146    -0.001048002283882     0.017969828800787
     0.001048002283882    -0.021334278262476    -0.009361609283316
    -0.017969828800787    -0.009361609283316    -0.003494722462229
101 105
    -0.960808972740180    -0.003996275840794     0.077501528259914
     0.003996275840794     0.001826327101870     0.023165223364930
    -0.077501528259914     0.023165223364930     0.179250488408471
101 106
    -0.238832497858642    -0.420829587962227    -0.018689092211587
    -0.412837036280638    -0.720150147779667    -0.078700903987669
     0.058812436048328     0.055535680622738     0.179250488408471
101 107
     0.000664104536723     0.003924364717178     0.003555993170079
     0.003924364717178    -0.003867361514999     0.002053053613982
    -0.006633297004638    -0.003829735811242    -0.021182511797536
101 108
    -0.008696383774102    -0.000000000000000     0.000000000000000
     0.000000000000000    -0.005904061261288    -0.005635085985883
     0.000000000000000    -0.016354869715102     0.007569671265592
101 109
     0.000664104536723    -0.003924364717178    -0.003555993170079
    -0.003924364717178    -0.003867361514999     0.002053053613982
     0.006633297004638    -0.003829735811242    -0.021182511797536
101 110
    -0.238832497858642     0.420829587962227     0.018689092211587
     0.412837036280638    -0.720150147779667    -0.078700903987669
    -0.058812436048328     0.055535680622738     0.179250488408471
101 111
    -0.033349865004644    -0.021859609004067    -0.017092305860050
    -0.019763604436303    -0.057381038488979    -0.010881523601481
     0.000877522940738     0.020243132884797    -0.003494722462229
101 112
    -0.006602141889491    -0.001209111115828    -0.004880127616284
    -0.001209111115828    -0.007998303145898     0.002817542992941
    -0.014163732648863     0.008177434857551     0.007569671265592
101 113
    -0.006602141889491     0.001209111115828     0.004880127616284
     0.001209111115828    -0.007998303145898     0.002817542992941
     0.014163732648863     0.008177434857551     0.007569671265592
101 114
    -0.033349865004644     0.021859609004067     0.017092305860050
     0.019763604436303    -0.057381038488979    -0.010881523601481
    -0.000877522940738     0.020243132884797    -0.003494722462229
101 115
    -0.006133094540860     0.000000000000000     0.000000000000000
     0.000000000000000     0.002929837562584     0.007659471622485
     0.000000000000000    -0.004106107227964    -0.021182511797536
101 116
    -0.033349865004644    -0.019763604436303     0.000877522940738
    -0.021859609004067    -0.057381038488979     0.020243132884797
    -0.017092305860050    -0.010881523601481    -0.003494722462229
101 117
    -0.006133094540860     0.000000000000000     0.000000000000000
     0.000000000000000     0.002929837562584    -0.004106107227964
     0.000000000000000     0.007659471622485    -0.021182511797536
101 118
    -0.033349865004644     0.019763604436303    -0.000877522940738
     0.021859609004067    -0.057381038488979     0.020243132884797
     0.017092305860050    -0.010881523601481    -0.003494722462229
101 119
    -0.006602141889491     0.001209111115828     0.014163732648863
     0.001209111115828    -0.007998303145898     0.008177434857551
     0.004880127616284     0.002817542992941     0.007569671265592
101 120
    -0.006602141889491    -0.001209111115828    -0.014163732648863
    -0.001209111115828    -0.007998303145898     0.008177434857551
    -0.004880127616284     0.002817542992941     0.007569671265592
101 121
    -0.238832497858642    -0.412837036280638     0.058812436048328
    -0.420829587962227    -0.720150147779667     0.055535680622738
    -0.018689092211587    -0.078700903987669     0.179250488408471
101 122
    -0.238832497858642     0.412837036280638    -0.058812436048328
     0.420829587962227    -0.720150147779667     0.055535680622738
     0.018689092211587    -0.078700903987669     0.179250488408471
101 123
     0.000664104536723    -0.003924364717178     0.006633297004638
    -0.003924364717178    -0.003867361514999    -0.003829735811242
    -0.003555993170079     0.002053053613982    -0.021182511797536
101 124
    -0.008696383774102     0.000000000000000     0.000000000000000
    -0.000000000000000    -0.005904061261288    -0.016354869715102
     0.000000000000000    -0.005635085985883     0.007569671265592
101 125
     0.000664104536723     0.003924364717178    -0.006633297004638
     0.003924364717178    -0.003867361514999    -0.003829735811242
     0.003555993170079     0.002053053613982    -0.021182511797536
101 126
     1.292829382710349     0.000000000000000     0.000000000000000
     0.000000000000000     1.292829382710349     0.000000000000000
     0.000000000000000     0.000000000000000    -3.211969019648641
101 127
    -0.162223582383796     0.236672678740015    -0.105043798248731
    -0.237887199213063     0.237632352989684    -0.142107275233551
    -0.101353060683125     0.091731797098385    -0.165558992663327
101 128
    -0.022366658195708     0.009051730110722     0.020969059560376
    -0.008083094173169    -0.018579984499434    -0.005760458921410
     0.011894337892924    -0.009801938103064    -0.000770771730576
101 129
    -0.022366658195708    -0.009051730110722    -0.020969059560376
     0.008083094173169    -0.018579984499434    -0.005760458921410
    -0.011894337892924    -0.009801938103064    -0.000770771730576
101 130
    -0.162223582383797    -0.236672678740015     0.105043798248731
     0.237887199213064     0.237632352989683    -0.142107275233551
     0.101353060683125     0.091731797098385    -0.165558992663327
101 131
     0.137142466354775    -0.410726268038512    -0.175590409539208
     0.063833609914566    -0.061733695748888    -0.019916960176633
     0.028765536280439    -0.133640223852084    -0.165558992663327
101 132
    -0.072332758283841    -0.031480413966671     0.022444661063712
    -0.031480413966671    -0.035982307328124     0.012958431107004
     0.018739436766903     0.010819218861833     0.001113361880171
101 133
    -0.009328008151345    -0.000000000000000     0.000000000000000
     0.000000000000000    -0.023217510828032     0.015073137678259
     0.000000000000000    -0.011385781101858    -0.008411706648535
101 134
    -0.072332758283841     0.031480413966671    -0.022444661063712
     0.031480413966671    -0.035982307328124     0.012958431107004
    -0.018739436766903     0.010819218861833     0.001113361880171
101 135
     0.137142466354775     0.410726268038512     0.175590409539208
    -0.063833609914566    -0.061733695748888    -0.019916960176633
    -0.028765536280439    -0.133640223852084    -0.165558992663327
101 136
    -0.019107221259033    -0.009964930965965     0.005495826016790
     0.007169893317926    -0.021839421436110     0.021039967733459
    -0.002541558457114     0.015201767828000    -0.000770771730576
101 137
    -0.019745135158860     0.006014331081971     0.013053720144113
     0.006014331081971    -0.012800383820517    -0.007536568839130
    -0.009860375676138     0.005692890550929    -0.008411706648535
101 138
    -0.019745135158860    -0.006014331081971    -0.013053720144113
    -0.006014331081971    -0.012800383820517    -0.007536568839130
     0.009860375676138     0.005692890550929    -0.008411706648535
101 139
    -0.019107221259033     0.009964930965965    -0.005495826016790
    -0.007169893317926    -0.021839421436110     0.021039967733459
     0.002541558457114     0.015201767828000    -0.000770771730576
101 140
    -0.022441592696883    -0.000000000000000     0.000000000000000
     0.000000000000000    -0.093153080107506     0.014279049442429
     0.000000000000000     0.001273606311475     0.006895708560213
101 141
    -0.019946084587973     0.006685575349150    -0.015473233543585
    -0.010449248934742    -0.021000558107170    -0.015279508812049
    -0.014435896350038    -0.005399829724936    -0.000770771730576
101 142
    -0.017807081850265    -0.000000000000000     0.000000000000000
    -0.000000000000000    -0.090507983761699    -0.025916862214008
     0.000000000000000    -0.021638437723667     0.001113361880171
101 143
    -0.019946084587973    -0.006685575349150     0.015473233543585
     0.010449248934742    -0.021000558107170    -0.015279508812049
     0.014435896350038    -0.005399829724936    -0.000770771730576
101 144
    -0.022191520852842    -0.005003457066495    -0.019781847373356
    -0.005003457066495    -0.016414026284402    -0.011421054906075
     0.001535227968110     0.000886364280656    -0.005902847956098
101 145
    -0.022191520852842     0.005003457066495     0.019781847373356
     0.005003457066495    -0.016414026284402    -0.011421054906075
    -0.001535227968110     0.000886364280656    -0.005902847956098
101 146
     0.138194271937851     0.064440870151090    -0.070546611290477
    -0.410119007801988    -0.062785501331965     0.162024235410184
     0.130118596963564     0.041908426753699    -0.165558992663327
101 147
     0.138194271937851    -0.064440870151090     0.070546611290477
     0.410119007801988    -0.062785501331965     0.162024235410184
    -0.130118596963564     0.041908426753699    -0.165558992663327
101 148
    -0.075475208254850     0.030618972218491     0.012366019559038
     0.030618972218491    -0.040119464549539    -0.007139524721215
     0.001102975420157    -0.000636803155737     0.006895708560213
101 149
    -0.013525279000183    -0.000000000000000     0.000000000000000
    -0.000000000000000    -0.025080268137061     0.022842109812150
     0.000000000000000    -0.001772728561312    -0.005902847956098
101 150
    -0.075475208254850    -0.030618972218491    -0.012366019559038
    -0.030618972218491    -0.040119464549539    -0.007139524721215
    -0.001102975420157    -0.000636803155737     0.006895708560213
126 1
     0.005949688899209     0.000000000000000     0.000000000000000
     0.000000000000000     0.005949688899209     0.000000000000000
     0.000000000000000     0.000000000000000     0.150590987421738
126 2
     0.003754572274089     0.010917991604836    -0.013488677889933
     0.006308923000736    -0.001702838164129    -0.036103132301189
     0.001406058991841     0.010664217815084     0.025373306701818
126 3
     0.000835162999654     0.001230417173460    -0.003507911789207
     0.003042157976957    -0.000814667804228    -0.006417400129094
    -0.002234645646391     0.008090018512659     0.016193046584742
126 4
     0.000835162999654    -0.001230417173460     0.003507911789207
    -0.003042157976957    -0.000814667804228    -0.006417400129094
     0.002234645646391     0.008090018512659     0.016193046584742
126 5
     0.003754572274089    -0.010917991604836     0.013488677889933
    -0.006308923000736    -0.001702838164129    -0.036103132301189
    -0.001406058991841     0.010664217815084     0.025373306701818
126 6
     0.007120987284051     0.004365322388531    -0.038010568673987
     0.008974390992631    -0.005069253174090     0.006370028434447
     0.009938513035273    -0.004114426101388     0.025373306701818
126 7
    -0.000247141509941     0.001070053981664     0.001865983628378
     0.001070053981664    -0.001482733418663     0.001077326150148
     0.001473765883295     0.000850879129443    -0.007074187729903
126 8
    -0.005279096516136    -0.000000000000000     0.000000000000000
    -0.000000000000000    -0.001964999250785     0.004613582023112
     0.000000000000000    -0.003889168929930    -0.009388641805393
126 9
    -0.000247141509941    -0.001070053981664    -0.001865983628378
    -0.001070053981664    -0.001482733418663     0.001077326150148
    -0.001473765883295     0.000850879129443    -0.007074187729903
126 10
     0.007120987284051    -0.004365322388531     0.038010568673987
    -0.008974390992631    -0.005069253174090     0.006370028434447
    -0.009938513035273    -0.004114426101388     0.025373306701818
126 11
     0.001447869206662     0.002688411883407    -0.007311587432648
     0.000876671079910    -0.001427374011236     0.000170759340858
     0.005888838725853    -0.005980269154561     0.016193046584742
126 12
    -0.002793523567123    -0.001435046211203     0.003995479234458
    -0.001435046211203    -0.004450572199798    -0.002306791011556
    -0.003368119092928     0.001944584464965    -0.009388641805393
126 13
    -0.002793523567123     0.001435046211203    -0.003995479234458
     0.001435046211203    -0.004450572199798    -0.002306791011556
     0.003368119092928     0.001944584464965    -0.009388641805393
126 14
     0.001447869206662    -0.002688411883407     0.007311587432648
    -0.000876671079910    -0.001427374011236     0.000170759340858
    -0.005888838725853    -0.005980269154561     0.016193046584742
126 15
     0.007537897678188     0.000000000000000     0.000000000000000
     0.000000000000000     0.000788661967786    -0.002093086301066
     0.000000000000000    -0.005463015840613    -0.004267876984361
126 16
    -0.002252289413177    -0.001259616495299    -0.003803675643441
     0.000552124308198     0.002272784608603     0.006246640788235
     0.008123484372245    -0.002109749358098     0.016193046584742
126 17
    -0.002100529373024     0.000000000000000     0.000000000000000
     0.000000000000000     0.000370654444420    -0.002154652300295
     0.000000000000000    -0.001701758258886    -0.007074187729903
126 18
    -0.002252289413177     0.001259616495299     0.003803675643441
    -0.000552124308198     0.002272784608603     0.006246640788235
    -0.008123484372245    -0.002109749358098     0.016193046584742
126 19
    -0.000386597584259     0.003094673426721    -0.002614420165069
     0.003094673426721    -0.003960018656201    -0.001509436186077
    -0.000710401673723    -0.000410150597557    -0.000900325738332
126 20
    -0.000386597584259    -0.003094673426721     0.002614420165069
    -0.003094673426721    -0.003960018656201    -0.001509436186077
     0.000710401673723    -0.000410150597557    -0.000900325738332
126 21
    -0.007797958393200     0.000360933689845    -0.024521890784054
    -0.004248134914255     0.009849692503160     0.029733103866742
     0.008532454043433    -0.006549791713695     0.025373306701818
126 22
    -0.007797958393200    -0.000360933689845     0.024521890784054
     0.004248134914255     0.009849692503160     0.029733103866742
    -0.008532454043433    -0.006549791713695     0.025373306701818
126 23
     0.002475970895386     0.002922504790669    -0.001812665909036
     0.002922504790669     0.005850588750587     0.001046543150533
    -0.004731110499248     0.002731507920307    -0.004267876984361
126 24
    -0.005746729192173     0.000000000000000     0.000000000000000
     0.000000000000000     0.001400112951713     0.003018872372155
     0.000000000000000     0.000820301195114    -0.000900325738332
126 25
     0.002475970895386    -0.002922504790669     0.001812665909036
    -0.002922504790669     0.005850588750587     0.001046543150533
     0.004731110499248     0.002731507920307    -0.004267876984361
126 26
     0.000799972602845     0.000362232226854     0.001503980883832
     0.000362232226854     0.000381702855479     0.000868323768136
     0.003932363739482     0.002270351263541    -0.007157158234903
126 27
     0.000884278089719    -0.000713616658780     0.002030822059198
    -0.001145561781518    -0.000367234032463     0.002697028461140
     0.003148012939666     0.000241693163078     0.003004000901541
126 28
     0.000567081295841     0.000000000000000     0.000000000000000
    -0.000000000000000    -0.000521416287275     0.001019464197588
     0.000000000000000     0.002206435171211     0.002380791223323
126 29
     0.000884278089719     0.000713616658780    -0.002030822059198
     0.001145561781518    -0.000367234032463     0.002697028461140
    -0.003148012939666     0.000241693163078     0.003004000901541
126 30
     0.000799972602845    -0.000362232226854    -0.001503980883832
    -0.000362232226854     0.000381702855479     0.000868323768136
    -0.003932363739482     0.002270351263541    -0.007157158234903
126 31
    -0.000859403881650    -0.000138846525966     0.003351106191676
     0.000293098596771     0.001376447938907     0.000410229263262
     0.001783318888980     0.002605412595654     0.003004000901541
126 32
     0.000492091963250    -0.000641454046713     0.000077174072247
    -0.000641454046713     0.001232779296335     0.000044556471386
     0.000910967314925     0.000525947224495     0.004556044665516
126 33
     0.000492091963250     0.000641454046713    -0.000077174072247
     0.000641454046713     0.001232779296335     0.000044556471386
    -0.000910967314925     0.000525947224495     0.004556044665516
126 34
    -0.000859403881650     0.000138846525966    -0.003351106191676
    -0.000293098596771     0.001376447938907     0.000410229263262
    -0.001783318888980     0.002605412595654     0.003004000901541
126 35
     0.001508473328291     0.000000000000000     0.000000000000000
     0.000000000000000     0.001081855087732     0.001303335507810
     0.000000000000000     0.002851522834999     0.001366445084451
126 36
    -0.000249291891496     0.000471333279468     0.000882881893360
     0.000471333279468     0.000294956900062    -0.000509732098794
     0.001910828910072    -0.001103217585605     0.002380791223323
126 37
     0.001603122962878    -0.000000000000000     0.000000000000000
     0.000000000000000     0.000121748296707    -0.000089112942772
     0.000000000000000    -0.001051894448990     0.004556044665516
126 38
    -0.000249291891496    -0.000471333279468    -0.000882881893360
    -0.000471333279468     0.000294956900062    -0.000509732098794
    -0.001910828910072    -0.001103217585605     0.002380791223323
126 39
     0.000247445999619    -0.000383082940300    -0.000096758353492
     0.000311711496847     0.000673730510743     0.000550174665773
     0.000680165353430     0.002633200813400     0.003949883276374
126 40
     0.000247445999619     0.000383082940300     0.000096758353492
    -0.000311711496847     0.000673730510743     0.000550174665773
    -0.000680165353430     0.002633200813400     0.003949883276374
126 41
     0.000750691877816     0.001222687816920     0.001320284132477
     0.000790742694182    -0.000233647820559    -0.003107257724401
    -0.001364694050687    -0.002847105758732     0.003004000901541
126 42
     0.000750691877816    -0.001222687816920    -0.001320284132477
    -0.000790742694182    -0.000233647820559    -0.003107257724401
     0.001364694050687    -0.002847105758732     0.003004000901541
126 43
     0.000536254641394     0.000144967749774     0.000428086060332
    -0.000549826687374     0.000384921868968    -0.000358882525039
     0.002620501474385    -0.000727559931856     0.003949883276374
126 44
    -0.000590613138586    -0.000000000000000     0.000000000000000
     0.000000000000000    -0.000590613138586     0.000000000000000
     0.000000000000000     0.000000000000000     0.001633264338777
126 45
     0.000536254641394    -0.000144967749774    -0.000428086060332
     0.000549826687374     0.000384921868968    -0.000358882525039
    -0.002620501474385    -0.000727559931856     0.003949883276374
126 46
     0.000172567981795     0.000000000000000     0.000000000000000
     0.000000000000000     0.001009107476528    -0.001736647536273
     0.000000000000000    -0.004540702527082    -0.007157158234903
126 47
     0.001188509647872     0.000184731117021     0.001128721659418
     0.000184731117021     0.001401818768151    -0.000651667753905
     0.002469491214581    -0.001425761417500     0.001366445084451
126 48
     0.000598064124530    -0.000514140965647     0.000524844413824
     0.000180653471501     0.000323112385832    -0.000191292140734
     0.001940336120956    -0.001905640881544     0.003949883276374
126 49
     0.000598064124530     0.000514140965647    -0.000524844413824
    -0.000180653471501     0.000323112385832    -0.000191292140734
    -0.001940336120956    -0.001905640881544     0.003949883276374
126 50
     0.001188509647872    -0.000184731117021    -0.001128721659418
    -0.000184731117021     0.001401818768151    -0.000651667753905
    -0.002469491214581    -0.001425761417500     0.001366445084451
126 51
     0.010684493354935     0.015107788556362    -0.005108512538924
     0.015107788556362    -0.006760478224817    -0.002949401089506
    -0.013040014974977    -0.007528656156040    -0.000686376746311
126 52
    -0.006064416730784    -0.007984150979507    -0.010151888320878
    -0.002777305842192    -0.007430133883601    -0.001696675732076
    -0.007085225108158     0.011501716389662    -0.012214429815281
126 53
    -0.000710558268797     0.000000000000000     0.000000000000000
    -0.000000000000000    -0.005139294898270     0.001393200716460
     0.000000000000000     0.012582686331018    -0.007309122895165
126 54
    -0.006064416730784     0.007984150979507     0.010151888320878
     0.002777305842192    -0.007430133883601    -0.001696675732076
     0.007085225108158     0.011501716389662    -0.012214429815281
126 55
     0.010684493354935    -0.015107788556362     0.005108512538924
    -0.015107788556362    -0.006760478224817    -0.002949401089506
     0.013040014974977    -0.007528656156040    -0.000686376746311
126 56
    -0.011748552090057     0.000504431237595    -0.006545308446401
    -0.004702413899721    -0.001745998524328    -0.007943455316225
     0.006418166026492    -0.011886843130027    -0.012214429815281
126 57
     0.004263580585197     0.001745155009863    -0.002220497715405
     0.001745155009863     0.002248449155754    -0.001282004953724
     0.003785228752751     0.002185402839345     0.006598059504659
126 58
     0.004263580585197    -0.001745155009863     0.002220497715405
    -0.001745155009863     0.002248449155754    -0.001282004953724
    -0.003785228752751     0.002185402839345     0.006598059504659
126 59
    -0.011748552090057    -0.000504431237595     0.006545308446401
     0.004702413899721    -0.001745998524328    -0.007943455316225
    -0.006418166026492    -0.011886843130027    -0.012214429815281
126 60
     0.026764911018459     0.000000000000000     0.000000000000000
     0.000000000000000     0.003706231987509     0.002812199198006
     0.000000000000000     0.014374463636459    -0.009432311403753
126 61
    -0.004032110740902     0.001917699213897     0.001206547213025
     0.001917699213897    -0.001817742426165    -0.000696600358230
     0.010896926010513    -0.006291343165509    -0.007309122895165
126 62
     0.001240883441032    -0.000000000000000     0.000000000000000
     0.000000000000000     0.005271146299919     0.002564009907448
     0.000000000000000    -0.004370805678690     0.006598059504659
126 63
    -0.004032110740902    -0.001917699213897    -0.001206547213025
    -0.001917699213897    -0.001817742426165    -0.000696600358230
    -0.010896926010513    -0.006291343165509    -0.007309122895165
126 64
    -0.001130568580544     0.002498780185018     0.004149368720191
     0.001429624603105     0.001222833521209    -0.000561103776920
     0.011416528621697     0.003342571967227    -0.004741650561256
126 65
    -0.001130568580544    -0.002498780185018    -0.004149368720191
    -0.001429624603105     0.001222833521209    -0.000561103776920
    -0.011416528621697     0.003342571967227    -0.004741650561256
126 66
    -0.002428857100736     0.000678314511129     0.003606579874477
     0.005885159648444    -0.011065693513648     0.009640131048301
     0.013503391134650     0.000385126740365    -0.012214429815281
126 67
    -0.002428857100736    -0.000678314511129    -0.003606579874477
    -0.005885159648444    -0.011065693513648     0.009640131048301
    -0.013503391134650     0.000385126740365    -0.012214429815281
126 68
     0.002335532167202    -0.000571529596645     0.001588754235123
     0.000497625985268    -0.002243267226537     0.003874010609814
     0.008603016548445     0.008215717825808    -0.004741650561256
126 69
    -0.004046573682778    -0.000000000000000     0.000000000000000
     0.000000000000000    -0.004046573682778     0.000000000000000
     0.000000000000000     0.000000000000000    -0.004750580617438
126 70
     0.002335532167202     0.000571529596645    -0.001588754235123
    -0.000497625985268    -0.002243267226537     0.003874010609814
    -0.008603016548445     0.008215717825808    -0.004741650561256
126 71
    -0.015482964014693     0.000000000000000     0.000000000000000
     0.000000000000000     0.019406979144811     0.005898802179013
     0.000000000000000     0.015057312312079    -0.000686376746311
126 72
     0.009470901745247     0.009984700909257     0.002435435945976
     0.009984700909257     0.021000241260722    -0.001406099599003
     0.012448650674949    -0.007187231818229    -0.009432311403753
126 73
    -0.001066566175661    -0.001466576408793    -0.002560614485068
    -0.002535731990706     0.001158831116326    -0.003312906832894
    -0.002813512073252    -0.011558289793036    -0.004741650561256
126 74
    -0.001066566175661     0.001466576408793     0.002560614485068
     0.002535731990706     0.001158831116326    -0.003312906832894
     0.002813512073252    -0.011558289793036    -0.004741650561256
126 75
     0.009470901745247    -0.009984700909257    -0.002435435945976
    -0.009984700909257     0.021000241260722    -0.001406099599003
    -0.012448650674949    -0.007187231818229    -0.009432311403753
126 76
    -1.855224240741290    -0.597272437135362     0.566934940862036
    -0.597272437135362    -1.165553436022000     0.327320040719701
     2.119198752364599     1.223519970144020    -2.065139689027983
126 77
     0.126750821361218     0.127806974902298    -0.064102059059119
     0.022289493019729     0.104348421644033     0.028151676738283
     0.067335335385421    -0.025387647610441    -0.005212510233758
126 78
     0.037794522978871    -0.000000000000000     0.000000000000000
     0.000000000000000     0.062470265951541    -0.024409226427552
     0.000000000000000     0.000393454200069     0.027360816807762
126 79
     0.126750821361218    -0.127806974902298     0.064102059059119
    -0.022289493019729     0.104348421644034     0.028151676738283
    -0.067335335385421    -0.025387647610441    -0.005212510233758
126 80
    -1.855224240741290     0.597272437135363    -0.566934940862036
     0.597272437135362    -1.165553436022001     0.327320040719701
    -2.119198752364599     1.223519970144020    -2.065139689027982
126 81
     0.174942698692725    -0.005534100330370    -0.007670962315079
     0.099983381552199     0.056156544312526    -0.069589849949229
     0.011681319919741     0.071007934821341    -0.005212510233758
126 82
     0.029393756273838     0.000048766122425     0.017947714631979
     0.000048766122425     0.029337446006018     0.010362117874112
    -0.013268583752520    -0.007660620401282    -0.022841144712071
126 83
     0.029393756273838    -0.000048766122425    -0.017947714631979
    -0.000048766122425     0.029337446006018     0.010362117874112
     0.013268583752520    -0.007660620401282    -0.022841144712071
126 84
     0.174942698692725     0.005534100330370     0.007670962315079
    -0.099983381552199     0.056156544312526    -0.069589849949229
    -0.011681319919741     0.071007934821341    -0.005212510233758
126 85
    -0.286432611320807     0.000000000000000     0.000000000000000
     0.000000000000000     0.146228536308698    -0.122991858026706
     0.000000000000000     0.003357038708559    -0.256571022996346
126 86
     0.056301330208373    -0.010684910135794    -0.021139010172987
    -0.010684910135794     0.043963458722038     0.012204613213776
     0.000340741332485    -0.000196727100034     0.027360816807762
126 87
     0.029309290872109    -0.000000000000000     0.000000000000000
     0.000000000000000     0.029421911407747    -0.020724235748223
     0.000000000000000     0.015321240802565    -0.022841144712071
126 88
     0.056301330208373     0.010684910135794     0.021139010172987
     0.010684910135794     0.043963458722038     0.012204613213776
    -0.000340741332485    -0.000196727100034     0.027360816807762
126 89
     0.032153288572676     0.000745000350015    -0.020813714724415
     0.008169155078984     0.064296333309335    -0.011131635077733
    -0.009466497468743     0.009086191260062    -0.024790115942839
126 90
     0.032153288572676    -0.000745000350015     0.020813714724415
    -0.008169155078984     0.064296333309335    -0.011131635077733
     0.009466497468743     0.009086191260062    -0.024790115942839
126 91
     0.044955344453934     0.024935147591186     0.056431096744040
    -0.080582334291384     0.186143898551318     0.041438173210946
    -0.055654015465680    -0.045620287210899    -0.005212510233758
126 92
     0.044955344453934    -0.024935147591185    -0.056431096744040
     0.080582334291384     0.186143898551318     0.041438173210946
     0.055654015465680    -0.045620287210899    -0.005212510233758
126 93
     0.060120514652568    -0.007977730426728    -0.020047136125182
    -0.015401885155698     0.036329107229443    -0.012459388159599
     0.003135623720487    -0.012741322922823    -0.024790115942839
126 94
     0.002301000917824     0.000000000000000     0.000000000000000
     0.000000000000000     0.002301000917824     0.000000000000000
     0.000000000000000     0.000000000000000     0.028507760750500
126 95
     0.060120514652568     0.007977730426728     0.020047136125182
     0.015401885155698     0.036329107229443    -0.012459388159599
    -0.003135623720487    -0.012741322922823    -0.024790115942839
126 96
    -0.820718033662355    -0.000000000000001     0.000000000000000
    -0.000000000000001    -2.200059643100936    -0.654640081439402
     0.000000000000000    -2.447039940288041    -2.065139689027983
126 97
     0.038063249401322    -0.187347772538840    -0.106514073509776
    -0.187347772538840    -0.178267324413431     0.061495929013353
     0.002907280803100    -0.001678519354280    -0.256571022996346
126 98
     0.052400629597772    -0.019858962870198     0.000766578599233
    -0.012434808141228     0.044048992284239     0.023591023237332
     0.012602121189230     0.003655131662761    -0.024790115942839
126 99
     0.052400629597772     0.019858962870198    -0.000766578599233
     0.012434808141228     0.044048992284239     0.023591023237332
    -0.012602121189230     0.003655131662761    -0.024790115942839
126 100
     0.038063249401322     0.187347772538840     0.106514073509776
     0.187347772538840    -0.178267324413431     0.061495929013353
    -0.002907280803100    -0.001678519354280    -0.256571022996346
126 101
     1.292829382710349     0.000000000000000     0.000000000000000
     0.000000000000000     1.292829382710349     0.000000000000000
     0.000000000000000     0.000000000000000    -3.211969019648641
126 102
    -0.162223582383797     0.237887199213064     0.101353060683125
    -0.236672678740015     0.237632352989683     0.091731797098385
     0.105043798248731    -0.142107275233551    -0.165558992663327
126 103
    -0.022366658195708     0.008083094173169    -0.011894337892924
    -0.009051730110722    -0.018579984499434    -0.009801938103064
    -0.020969059560376    -0.005760458921410    -0.000770771730576
126 104
    -0.022366658195708    -0.008083094173169     0.011894337892924
     0.009051730110722    -0.018579984499434    -0.009801938103064
     0.020969059560376    -0.005760458921410    -0.000770771730576
126 105
    -0.162223582383796    -0.237887199213063    -0.101353060683125
     0.236672678740015     0.237632352989684     0.091731797098385
    -0.105043798248731    -0.142107275233551    -0.165558992663327
126 106
     0.138194271937851    -0.410119007801988     0.130118596963564
     0.064440870151090    -0.062785501331965     0.041908426753699
    -0.070546611290477     0.162024235410184    -0.165558992663327
126 107
    -0.075475208254850    -0.030618972218491    -0.001102975420157
    -0.030618972218491    -0.040119464549539    -0.000636803155737
    -0.012366019559038    -0.007139524721215     0.006895708560213
126 108
    -0.013525279000183    -0.000000000000000     0.000000000000000
    -0.000000000000000    -0.025080268137061    -0.001772728561312
     0.000000000000000     0.022842109812150    -0.005902847956098
126 109
    -0.075475208254850     0.030618972218491     0.001102975420157
     0.030618972218491    -0.040119464549539    -0.000636803155737
     0.012366019559038    -0.007139524721215     0.006895708560213
126 110
     0.138194271937851     0.410119007801988    -0.130118596963564
    -0.064440870151090    -0.062785501331965     0.041908426753699
     0.070546611290477     0.162024235410184    -0.165558992663327
126 111
    -0.019946084587973    -0.010449248934742    -0.014435896350038
     0.006685575349150    -0.021000558107170    -0.005399829724936
    -0.015473233543585    -0.015279508812049    -0.000770771730576
126 112
    -0.022191520852842     0.005003457066495    -0.001535227968110
     0.005003457066495    -0.016414026284402     0.000886364280656
     0.019781847373356    -0.011421054906075    -0.005902847956098
126 113
    -0.022191520852842    -0.005003457066495     0.001535227968110
    -0.005003457066495    -0.016414026284402     0.000886364280656
    -0.019781847373356    -0.011421054906075    -0.005902847956098
126 114
    -0.019946084587973     0.010449248934742     0.014435896350038
    -0.006685575349150    -0.021000558107170    -0.005399829724936
     0.015473233543585    -0.015279508812049    -0.000770771730576
126 115
    -0.017807081850265    -0.000000000000000     0.000000000000000
    -0.000000000000000    -0.090507983761699    -0.021638437723667
     0.000000000000000    -0.025916862214008     0.001113361880171
126 116
    -0.019107221259033     0.007169893317926    -0.002541558457114
    -0.009964930965965    -0.021839421436110     0.015201767828000
     0.005495826016790     0.021039967733459    -0.000770771730576
126 117
    -0.022441592696883     0.000000000000000     0.000000000000000
    -0.000000000000000    -0.093153080107506     0.001273606311475
     0.000000000000000     0.014279049442429     0.006895708560213
126 118
    -0.019107221259033    -0.007169893317926     0.002541558457114
     0.009964930965965    -0.021839421436110     0.015201767828000
    -0.005495826016790     0.021039967733459    -0.000770771730576
126 119
    -0.019745135158860    -0.006014331081971     0.009860375676138
    -0.006014331081971    -0.012800383820517     0.005692890550929
    -0.013053720144113    -0.007536568839130    -0.008411706648535
126 120
    -0.019745135158860     0.006014331081971    -0.009860375676138
     0.006014331081971    -0.012800383820517     0.005692890550929
     0.013053720144113    -0.007536568839130    -0.008411706648535
126 121
     0.137142466354775     0.063833609914566     0.028765536280439
    -0.410726268038512    -0.061733695748888    -0.133640223852084
    -0.175590409539208    -0.019916960176633    -0.165558992663327
126 122
     0.137142466354775    -0.063833609914566    -0.028765536280439
     0.410726268038512    -0.061733695748888    -0.133640223852084
     0.175590409539208    -0.019916960176633    -0.165558992663327
126 123
    -0.072332758283841     0.031480413966671    -0.018739436766903
     0.031480413966671    -0.035982307328124     0.010819218861833
    -0.022444661063712     0.012958431107004     0.001113361880171
126 124
    -0.009328008151345     0.000000000000000     0.000000000000000
    -0.000000000000000    -0.023217510828032    -0.011385781101858
     0.000000000000000     0.015073137678259    -0.008411706648535
126 125
    -0.072332758283841    -0.031480413966671     0.018739436766903
    -0.031480413966671    -0.035982307328124     0.010819218861833
     0.022444661063712     0.012958431107004     0.001113361880171
126 126
     5.992426907643504     0.000000000000000     0.000000000000000
     0.000000000000000     5.992426907643503     0.000000000000000
     0.000000000000000     0.000000000000000    10.135281389450137
126 127
    -1.021885650567233     0.062664164471585     0.098937729328314
    -0.062664164471585     0.027704909383908     0.056787564467340
    -0.098937729328314     0.056787564467340     0.164462341353736
126 128
    -0.071734906964417     0.001531655468470     0.025764122071423
    -0.001531655468470    -0.029828104261916     0.023723267982223
    -0.025764122071423     0.023723267982223    -0.030840693367299
126 129
    -0.071734906964417    -0.001531655468470    -0.025764122071423
     0.001531655468470    -0.029828104261916     0.023723267982223
     0.025764122071423     0.023723267982223    -0.030840693367299
126 130
    -1.021885650567233    -0.062664164471585    -0.098937729328314
     0.062664164471585     0.027704909383908     0.056787564467340
     0.098937729328314     0.056787564467340     0.164462341353736
126 131
    -0.234692730603878    -0.517150208716596     0.098648338111920
    -0.391821879773426    -0.759488010579448     0.057288804757399
    -0.000289391216394    -0.114076369224739     0.164462341353736
126 132
    -0.014759840816232    -0.000107290787214    -0.002707093752374
    -0.000107290787214    -0.014635952086474    -0.001562941306655
    -0.007152888648951    -0.004129722186955     0.005854909971290
126 133
    -0.011105968099371    -0.000000000000000     0.000000000000000
     0.000000000000000    -0.014776549267562    -0.004462764597723
     0.000000000000000     0.004815281511722     0.019481634485520
126 134
    -0.014759840816232     0.000107290787214     0.002707093752374
     0.000107290787214    -0.014635952086474    -0.001562941306655
     0.007152888648951    -0.004129722186955     0.005854909971290
126 135
    -0.234692730603877     0.517150208716596    -0.098648338111920
     0.391821879773426    -0.759488010579448     0.057288804757399
     0.000289391216394    -0.114076369224739     0.164462341353736
126 136
    -0.040304804937541    -0.019677833334344     0.033427013769103
    -0.016614522397404    -0.061258206288792     0.010450750228944
     0.007662891697680    -0.034174018211167    -0.030840693367299
126 137
    -0.013858903975514     0.001589408269153    -0.003864867512738
     0.001589408269153    -0.012023613391419     0.002231382298861
     0.004170156115525    -0.002407640755861     0.019481634485520
126 138
    -0.013858903975515    -0.001589408269153     0.003864867512738
    -0.001589408269153    -0.012023613391419     0.002231382298861
    -0.004170156115525    -0.002407640755861     0.019481634485520
126 139
    -0.040304804937541     0.019677833334344    -0.033427013769103
     0.016614522397404    -0.061258206288792     0.010450750228944
    -0.007662891697680    -0.034174018211167    -0.030840693367299
126 140
    -0.014574007721594    -0.000000000000000     0.000000000000000
    -0.000000000000000    -0.014821785181112     0.008259444373911
     0.000000000000000     0.003125882613310     0.005854909971290
126 141
    -0.040304804937541    -0.016614522397404     0.007662891697680
    -0.019677833334344    -0.061258206288792    -0.034174018211167
     0.033427013769103     0.010450750228944    -0.030840693367299
126 142
    -0.014574007721594    -0.000000000000000     0.000000000000000
    -0.000000000000000    -0.014821785181112     0.003125882613310
     0.000000000000000     0.008259444373911     0.005854909971290
126 143
    -0.040304804937541     0.016614522397404    -0.007662891697680
     0.019677833334344    -0.061258206288792    -0.034174018211167
    -0.033427013769103     0.010450750228944    -0.030840693367299
126 144
    -0.013858903975515    -0.001589408269153    -0.004170156115525
    -0.001589408269153    -0.012023613391419    -0.002407640755861
     0.003864867512738     0.002231382298861     0.019481634485520
126 145
    -0.013858903975514     0.001589408269153     0.004170156115525
     0.001589408269153    -0.012023613391419    -0.002407640755861
    -0.003864867512738     0.002231382298861     0.019481634485520
126 146
    -0.234692730603878    -0.391821879773426    -0.000289391216394
    -0.517150208716596    -0.759488010579448    -0.114076369224739
     0.098648338111920     0.057288804757399     0.164462341353736
126 147
    -0.234692730603877     0.391821879773426     0.000289391216394
     0.517150208716596    -0.759488010579448    -0.114076369224739
    -0.098648338111920     0.057288804757399     0.164462341353736
126 148
    -0.014759840816232     0.000107290787214     0.007152888648951
     0.000107290787214    -0.014635952086474    -0.004129722186955
     0.002707093752374    -0.001562941306655     0.005854909971290
126 149
    -0.011105968099371     0.000000000000000     0.000000000000000
    -0.000000000000000    -0.014776549267562     0.004815281511722
     0.000000000000000    -0.004462764597723     0.019481634485520
126 150
    -0.014759840816232    -0.000107290787214    -0.007152888648951
    -0.000107290787214    -0.014635952086474    -0.004129722186955
    -0.002707093752374    -0.001562941306655     0.005854909971290