   6   96
1 1
    25.972517986043094     0.000000000000008     0.000000000000000
     0.000000000000008    25.972517986043108     0.000000000000000
     0.000000000000000     0.000000000000000    28.438273561585483
1 2
    -0.923094729465888    -0.935421146048448     0.018088674362518
     0.935421146048447    -0.414321709354779     0.007106525066193
    -0.018088674362518     0.007106525066193     0.701619779699244
1 3
    -0.231161517661336    -0.000000000000000     0.000000000000000
    -0.000000000000000     0.079222757117221     0.003063976122598
     0.000000000000000     0.003063976122598    -0.142412417604204
1 4
    -0.923094729465888     0.935421146048447    -0.018088674362518
    -0.935421146048448    -0.414321709354779     0.007106525066193
     0.018088674362518     0.007106525066193     0.701619779699244
1 5
    -0.541514964382557     0.715115965960271     0.015198768421214
    -1.155726326136622    -0.795901474438111     0.012111988985628
    -0.002889905941305    -0.019218514051822     0.701619779699243
1 6
    -0.065993010513306     0.066059631489873    -0.000546354741857
     0.066059631489873    -0.142272102559796    -0.000315438057284
     0.003551990301176     0.002050742556543    -0.022472771164560
1 7
    -0.065993010513306    -0.066059631489873     0.000546354741857
    -0.066059631489873    -0.142272102559797    -0.000315438057284
    -0.003551990301176     0.002050742556543    -0.022472771164560
1 8
    -0.541514964382557    -0.715115965960272    -0.015198768421214
     1.155726326136622    -0.795901474438111     0.012111988985628
     0.002889905941305    -0.019218514051822     0.701619779699244
1 9
     0.001626688422582    -0.134400333446720     0.002653481158759
    -0.134400333446720    -0.153565448966697    -0.001531988061299
     0.002653481158759    -0.001531988061299    -0.142412417604204
1 10
    -0.180411648583042    -0.000000000000000     0.000000000000000
    -0.000000000000000    -0.027853464490060     0.000630876114568
     0.000000000000000    -0.004101485113086    -0.022472771164560
1 11
     0.001626688422582     0.134400333446720    -0.002653481158759
     0.134400333446720    -0.153565448966697    -0.001531988061299
    -0.002653481158759    -0.001531988061299    -0.142412417604204
1 12
    -0.180411648583042    -0.000000000000000     0.000000000000000
    -0.000000000000000    -0.027853464490060    -0.004101485113086
     0.000000000000000     0.000630876114568    -0.022472771164560
1 13
    -0.541514964382557    -1.155726326136622    -0.002889905941305
     0.715115965960271    -0.795901474438111    -0.019218514051822
     0.015198768421214     0.012111988985628     0.701619779699243
1 14
    -0.541514964382557     1.155726326136622     0.002889905941305
    -0.715115965960272    -0.795901474438111    -0.019218514051822
    -0.015198768421214     0.012111988985628     0.701619779699244
1 15
    -0.065993010513306    -0.066059631489873    -0.003551990301176
    -0.066059631489873    -0.142272102559797     0.002050742556543
     0.000546354741857    -0.000315438057284    -0.022472771164560
1 16
    -0.065993010513306     0.066059631489873     0.003551990301176
     0.066059631489873    -0.142272102559796     0.002050742556543
    -0.000546354741857    -0.000315438057284    -0.022472771164560
1 17
    -0.000296841888741     0.007643237571592    -0.023521689740173
     0.007643237571592    -0.009122492427619    -0.013580253903284
    -0.023521689740173    -0.013580253903284     0.001677343798941
1 18
    -0.004687124878410    -0.001815568730035     0.005829060663769
    -0.001815568730035    -0.012351543239797     0.002728860390288
     0.005829060663769     0.002728860390288    -0.001296257847969
1 19
    -0.004687124878410     0.001815568730035    -0.005829060663769
     0.001815568730035    -0.012351543239797     0.002728860390288
    -0.005829060663769     0.002728860390288    -0.001296257847969
1 20
    -0.000296841888741    -0.007643237571592     0.023521689740173
    -0.007643237571592    -0.009122492427619    -0.013580253903284
     0.023521689740173    -0.013580253903284     0.001677343798941
1 21
    -0.012007767291977     0.002411006138079     0.005277792753255
     0.002411006138079    -0.005030900826230     0.003683684419880
     0.005277792753255     0.003683684419880    -0.001296257847969
1 22
     0.005077222368710     0.000000000000000     0.000000000000000
     0.000000000000000     0.005077222368710     0.000000000000000
     0.000000000000000     0.000000000000000    -0.011959452271203
1 23
    -0.012007767291977    -0.002411006138079    -0.005277792753255
    -0.002411006138079    -0.005030900826230     0.003683684419880
    -0.005277792753255     0.003683684419880    -0.001296257847969
1 24
     0.014800960955792     0.000000000000000     0.000000000000000
     0.000000000000000    -0.008054536843018    -0.000211898825512
     0.000000000000000    -0.000211898825512    -0.005839156078016
1 25
    -0.008863110006923     0.004226574868114    -0.000551267910514
     0.004226574868114    -0.008175558111283    -0.006412544810168
    -0.000551267910514    -0.006412544810168    -0.001296257847969
1 26
    -0.008863110006923    -0.004226574868114     0.000551267910514
    -0.004226574868114    -0.008175558111283    -0.006412544810168
     0.000551267910514    -0.006412544810168    -0.001296257847969
1 27
    -0.002588393208501    -0.000872835883370    -0.001780467550001
    -0.000872835883370    -0.001580529144057    -0.001027953419276
    -0.001780467550001    -0.001027953419276    -0.006441819711684
1 28
    -0.002588393208501     0.000872835883370     0.001780467550001
     0.000872835883370    -0.001580529144057    -0.001027953419276
     0.001780467550001    -0.001027953419276    -0.006441819711684
1 29
    -0.013535317697057     0.000000000000000     0.000000000000000
     0.000000000000000     0.004115983380698     0.027160507806568
     0.000000000000000     0.027160507806568     0.001677343798941
1 30
    -0.002340662393315     0.009896720854954    -0.000183509765926
     0.009896720854954     0.009087086506089     0.000105949412756
    -0.000183509765926     0.000105949412756    -0.005839156078016
1 31
    -0.001076597111835    -0.000000000000000     0.000000000000000
    -0.000000000000000    -0.003092325240723     0.002055906838553
     0.000000000000000     0.002055906838553    -0.006441819711684
1 32
    -0.002340662393315    -0.009896720854954     0.000183509765926
    -0.009896720854954     0.009087086506089     0.000105949412756
     0.000183509765926     0.000105949412756    -0.005839156078016
1 33
    -4.497361410048402    -1.730224743133851     3.260838107084625
    -1.730224743133850    -2.499469967634645     1.882645758909099
     3.292018726628012     1.900647897995972    -4.917590734953754
1 34
    -0.069231947353684     0.102910444106980    -0.000885653309406
    -0.023329043830950    -0.020752768419157    -0.016622555624038
     0.053013264622454    -0.007879342083817    -0.084966359497350
1 35
    -0.069231947353684    -0.102910444106980     0.000885653309406
     0.023329043830950    -0.020752768419157    -0.016622555624038
    -0.053013264622454    -0.007879342083817    -0.084966359497350
1 36
    -4.497361410048404     1.730224743133850    -3.260838107084625
     1.730224743133850    -2.499469967634645     1.882645758909099
    -3.292018726628012     1.900647897995972    -4.917590734953748
1 37
     0.001587194001101    -0.064216494155913    -0.014838382100940
     0.062022993782017    -0.091571909773942     0.007544279547127
     0.019682921901533     0.049850504942501    -0.084966359497350
1 38
     0.028501696862857    -0.000000000000000     0.000000000000000
     0.000000000000000     0.028501696862857     0.000000000000000
     0.000000000000000     0.000000000000000    -0.028522612521066
1 39
     0.001587194001101     0.064216494155913     0.014838382100940
    -0.062022993782017    -0.091571909773942     0.007544279547127
    -0.019682921901533     0.049850504942501    -0.084966359497350
1 40
     0.429894460896216     0.000000000000000     0.000000000000000
     0.000000000000000    -0.295449197196990     0.160844811071358
     0.000000000000000     0.219442018257233    -0.276310729423093
1 41
    -0.067332320306679     0.022232293644002    -0.013952728791534
    -0.104007194293928    -0.022652395466162     0.009078276076911
    -0.033330342720921    -0.041971162858683    -0.084966359497350
1 42
    -0.067332320306679    -0.022232293644002     0.013952728791534
     0.104007194293928    -0.022652395466162     0.009078276076911
     0.033330342720921    -0.041971162858683    -0.084966359497350
1 43
    -0.005119895142745    -0.003833795244535    -0.015780511953162
    -0.003833795244535    -0.000693009709845    -0.009110882824108
    -0.007302071494635    -0.004215852943069     0.010239230436689
1 44
    -0.005119895142745     0.003833795244535     0.015780511953162
     0.003833795244535    -0.000693009709845    -0.009110882824108
     0.007302071494635    -0.004215852943069     0.010239230436689
1 45
    -1.500524246427765    -0.000000000000000     0.000000000000000
    -0.000000000000000    -5.496307131255284    -3.765291517818198
     0.000000000000000    -3.801295795991944    -4.917590734953750
1 46
    -0.114113282673689     0.314083017191325     0.139295692454705
     0.314083017191326     0.248558546372915    -0.080422405535679
     0.190042362468492    -0.109721009128617    -0.276310729423092
1 47
     0.001520433006605     0.000000000000000     0.000000000000000
     0.000000000000000    -0.007333337859195     0.018221765648216
     0.000000000000000     0.008431705886139     0.010239230436689
1 48
    -0.114113282673689    -0.314083017191326    -0.139295692454705
    -0.314083017191326     0.248558546372915    -0.080422405535679
    -0.190042362468492    -0.109721009128617    -0.276310729423092
1 49
    -4.470059891853474    -1.727165838920241    -3.281551871284337
    -1.727165838920240    -2.475700567782023    -1.894604856245733
    -3.248188307496149    -1.875342393711497    -4.859037819630450
1 50
    -0.063120588533487     0.094968597521046     0.001141947138574
    -0.028813075834021    -0.013657019544949     0.017572159721444
    -0.049796767078360     0.002182811876295    -0.090082979922020
1 51
    -0.063120588533487    -0.094968597521046    -0.001141947138575
     0.028813075834021    -0.013657019544949     0.017572159721444
     0.049796767078360     0.002182811876295    -0.090082979922020
1 52
    -4.470059891853476     1.727165838920239     3.281551871284337
     1.727165838920240    -2.475700567782023    -1.894604856245733
     3.248188307496149    -1.875342393711497    -4.859037819630443
1 53
     0.002623269398704    -0.066770309908736     0.015788910287415
     0.057011363446330    -0.079400877477141    -0.007797124628937
    -0.023008013002626    -0.044216671254344    -0.090082979922020
1 54
     0.024144061651204    -0.000000000000000     0.000000000000000
     0.000000000000000     0.024144061651204     0.000000000000000
     0.000000000000000     0.000000000000000    -0.028318009452408
1 55
     0.002623269398704     0.066770309908736    -0.015788910287415
    -0.057011363446330    -0.079400877477141    -0.007797124628937
     0.023008013002626    -0.044216671254344    -0.090082979922020
1 56
     0.433428591171175     0.000000000000000     0.000000000000000
     0.000000000000000    -0.291852108696177    -0.178210514482495
     0.000000000000000    -0.231594850374420    -0.257196813868227
1 57
    -0.054669092982871     0.023933602602818     0.014646963148841
    -0.099848070752249    -0.022108515095565    -0.009775035092506
     0.026788754075734     0.042033859378048    -0.090082979922020
1 58
    -0.054669092982871    -0.023933602602818    -0.014646963148841
     0.099848070752249    -0.022108515095565    -0.009775035092506
    -0.026788754075734     0.042033859378048    -0.090082979922020
1 59
    -0.005239622227674    -0.005970404937665     0.016243768963930
    -0.005970404937665     0.001654407568190     0.009378344383979
     0.010516904029133     0.006071937372261     0.010868069184526
1 60
    -0.005239622227674     0.005970404937665    -0.016243768963930
     0.005970404937665     0.001654407568190     0.009378344383979
    -0.010516904029133     0.006071937372261     0.010868069184526
1 61
    -1.478520905746297    -0.000000000000000     0.000000000000000
    -0.000000000000000    -5.467239553889202     3.789209712491466
     0.000000000000000     3.750684787422994    -4.859037819630445
1 62
    -0.110531933729339     0.314055755479842    -0.154334832763336
     0.314055755479842     0.252108416204337     0.089105257241248
    -0.200567023809904     0.115797425187210    -0.257196813868226
1 63
     0.005101422466122     0.000000000000000     0.000000000000000
     0.000000000000000    -0.008686637125606    -0.018756688767959
     0.000000000000000    -0.012143874744522     0.010868069184526
1 64
    -0.110531933729339    -0.314055755479842     0.154334832763336
    -0.314055755479842     0.252108416204337     0.089105257241248
     0.200567023809904     0.115797425187210    -0.257196813868226
1 65
    -0.026442425842668     0.000000000000000     0.000000000000000
    -0.000000000000000    -0.026442425842668     0.000000000000000
     0.000000000000000     0.000000000000000     0.048472106384421
1 66
    -0.004205740281782     0.008105196489091    -0.005711515122079
     0.005504036537639    -0.007563657191496    -0.008019472469366
    -0.002026616344459     0.012904304370895    -0.022792967094111
1 67
    -0.003803543681155    -0.000000000000000     0.000000000000000
    -0.000000000000000    -0.000025233996382    -0.000217829157421
     0.000000000000000     0.001391818719061     0.002016817554969
1 68
    -0.004205740281782    -0.008105196489091     0.005711515122079
    -0.005504036537639    -0.007563657191496    -0.008019472469366
     0.002026616344459     0.012904304370895    -0.022792967094111
1 69
    -0.000831207200483     0.003555748954761    -0.009800824444461
     0.006156908906213    -0.010938190272796    -0.000936580955136
     0.010162147231132    -0.008207253423474    -0.022792967094111
1 70
    -0.001585709252197    -0.002327327306626    -0.005683983817687
    -0.002327327306626     0.001101656841749    -0.003281649587211
    -0.004898307122212    -0.002828038935583     0.003571590932518
1 71
    -0.001585709252197     0.002327327306626     0.005683983817687
     0.002327327306626     0.001101656841749    -0.003281649587211
     0.004898307122212    -0.002828038935583     0.003571590932518
1 72
    -0.000831207200483    -0.003555748954761     0.009800824444461
    -0.006156908906213    -0.010938190272796    -0.000936580955136
    -0.010162147231132    -0.008207253423474    -0.022792967094111
1 73
    -0.000969811417575    -0.001636056085189    -0.000188645584011
    -0.001636056085189    -0.002858966259962     0.000108914578710
     0.001205350368169    -0.000695909359530     0.002016817554969
1 74
     0.002445339888722     0.000000000000000     0.000000000000000
     0.000000000000000    -0.002929392299170     0.006563299174422
     0.000000000000000     0.005656077871166     0.003571590932518
1 75
    -0.000969811417575     0.001636056085189     0.000188645584011
     0.001636056085189    -0.002858966259962     0.000108914578710
    -0.001205350368169    -0.000695909359530     0.002016817554969
1 76
     0.004242530548775     0.000000000000000     0.000000000000000
    -0.000000000000000     0.004553012893106     0.003861914801374
     0.000000000000000    -0.002993020219500     0.005760445490532
1 77
    -0.012617148727653    -0.000647707607152    -0.004089309322382
    -0.003248867558604     0.000847751254374     0.008956053424503
     0.012188763575591    -0.004697050947421    -0.022792967094111
1 78
    -0.012617148727653     0.000647707607152     0.004089309322382
     0.003248867558604     0.000847751254374     0.008956053424503
    -0.012188763575591    -0.004697050947421    -0.022792967094111
1 79
     0.004475392307023    -0.000134442798808     0.003344516325241
    -0.000134442798808     0.004320151134858    -0.001930957400687
    -0.002592031544127     0.001496510109750     0.005760445490532
1 80
     0.004475392307023     0.000134442798808    -0.003344516325241
     0.000134442798808     0.004320151134858    -0.001930957400687
     0.002592031544127     0.001496510109750     0.005760445490532
1 81
    -0.004303914634365     0.000000000000000     0.000000000000000
    -0.000000000000000    -0.004303914634365     0.000000000000000
     0.000000000000000     0.000000000000000     0.011185313544229
1 82
    -0.002602150069309    -0.001893377567151     0.001023119574973
    -0.000403144222268    -0.002028931170823     0.002794957241445
     0.000272083624944    -0.001910962598098    -0.002545636369013
1 83
    -0.001872828341321    -0.000000000000000     0.000000000000000
    -0.000000000000000    -0.001869325450738     0.000562679073765
     0.000000000000000    -0.001912365444093     0.000537235110484
1 84
    -0.002602150069309     0.001893377567151    -0.001023119574973
     0.000403144222268    -0.002028931170823     0.002794957241445
    -0.000272083624944    -0.001910962598098    -0.002545636369013
1 85
    -0.003166659000435    -0.000077224838923     0.002932063761069
    -0.001567458183805    -0.001464422239697    -0.000511431077687
    -0.001518900343162     0.001191112630204    -0.002545636369013
1 86
    -0.001882691337535    -0.000608576110716    -0.000831784558127
    -0.000608576110716    -0.001179968174846    -0.000480231038542
     0.000590865074807     0.000341136109994    -0.000742980523130
1 87
    -0.001882691337535     0.000608576110716     0.000831784558127
     0.000608576110716    -0.001179968174846    -0.000480231038542
    -0.000590865074807     0.000341136109994    -0.000742980523130
1 88
    -0.003166659000435     0.000077224838923    -0.002932063761069
     0.001567458183805    -0.001464422239697    -0.000511431077687
     0.001518900343162     0.001191112630204    -0.002545636369013
1 89
    -0.001870201173383    -0.000001516796116     0.000487294372058
    -0.000001516796116    -0.001871952618675    -0.000281339536882
    -0.001656157055904     0.000956182722047     0.000537235110484
1 90
    -0.000828606593502    -0.000000000000000     0.000000000000000
    -0.000000000000000    -0.002234052918879     0.000960462077084
     0.000000000000000    -0.000682272219989    -0.000742980523130
1 91
    -0.001870201173383     0.000001516796116    -0.000487294372058
     0.000001516796116    -0.001871952618675    -0.000281339536882
     0.001656157055904     0.000956182722047     0.000537235110484
1 92
    -0.002964920955887    -0.000000000000000     0.000000000000000
    -0.000000000000000    -0.001194547816157     0.000039527023801
     0.000000000000000     0.000748476257496    -0.000400845414371
1 93
    -0.001177812790453    -0.000419197289096     0.001908944186097
     0.001071036055787    -0.003453268449678    -0.002283526163758
    -0.001790983968106     0.000719849967893    -0.002545636369013
1 94
    -0.001177812790453     0.000419197289096    -0.001908944186097
    -0.001071036055787    -0.003453268449678    -0.002283526163758
     0.001790983968106     0.000719849967893    -0.002545636369013
1 95
    -0.001637141101090    -0.000766594056592     0.000034231406747
    -0.000766594056592    -0.002522327670955    -0.000019763511900
     0.000648199453121    -0.000374238128748    -0.000400845414371
1 96
    -0.001637141101090     0.000766594056592    -0.000034231406747
     0.000766594056592    -0.002522327670955    -0.000019763511900
    -0.000648199453121    -0.000374238128748    -0.000400845414371
17 1
    -0.000296841888741     0.007643237571592    -0.023521689740173
     0.007643237571592    -0.009122492427619    -0.013580253903284
    -0.023521689740173    -0.013580253903284     0.001677343798941
17 2
    -0.000296841888741    -0.007643237571592     0.023521689740173
    -0.007643237571592    -0.009122492427619    -0.013580253903284
     0.023521689740173    -0.013580253903284     0.001677343798941
17 3
    -0.004687124878410     0.001815568730035    -0.005829060663769
     0.001815568730035    -0.012351543239797     0.002728860390288
    -0.005829060663769     0.002728860390288    -0.001296257847969
17 4
    -0.004687124878410    -0.001815568730035     0.005829060663769
    -0.001815568730035    -0.012351543239797     0.002728860390288
     0.005829060663769     0.002728860390288    -0.001296257847969
17 5
    -0.013535317697057     0.000000000000000     0.000000000000000
     0.000000000000000     0.004115983380698     0.027160507806568
     0.000000000000000     0.027160507806568     0.001677343798941
17 6
    -0.002340662393315    -0.009896720854954     0.000183509765926
    -0.009896720854954     0.009087086506089     0.000105949412756
     0.000183509765926     0.000105949412756    -0.005839156078016
17 7
    -0.001076597111835    -0.000000000000000     0.000000000000000
    -0.000000000000000    -0.003092325240723     0.002055906838553
     0.000000000000000     0.002055906838553    -0.006441819711684
17 8
    -0.002340662393315     0.009896720854954    -0.000183509765926
     0.009896720854954     0.009087086506089     0.000105949412756
    -0.000183509765926     0.000105949412756    -0.005839156078016
17 9
    -0.008863110006923     0.004226574868114    -0.000551267910514
     0.004226574868114    -0.008175558111283    -0.006412544810168
    -0.000551267910514    -0.006412544810168    -0.001296257847969
17 10
    -0.002588393208501     0.000872835883370     0.001780467550001
     0.000872835883370    -0.001580529144057    -0.001027953419276
     0.001780467550001    -0.001027953419276    -0.006441819711684
17 11
    -0.002588393208501    -0.000872835883370    -0.001780467550001
    -0.000872835883370    -0.001580529144057    -0.001027953419276
    -0.001780467550001    -0.001027953419276    -0.006441819711684
17 12
    -0.008863110006923    -0.004226574868114     0.000551267910514
    -0.004226574868114    -0.008175558111283    -0.006412544810168
     0.000551267910514    -0.006412544810168    -0.001296257847969
17 13
    -0.012007767291977     0.002411006138079     0.005277792753255
     0.002411006138079    -0.005030900826230     0.003683684419880
     0.005277792753255     0.003683684419880    -0.001296257847969
17 14
     0.014800960955792     0.000000000000000     0.000000000000000
     0.000000000000000    -0.008054536843018    -0.000211898825512
     0.000000000000000    -0.000211898825512    -0.005839156078016
17 15
    -0.012007767291977    -0.002411006138079    -0.005277792753255
    -0.002411006138079    -0.005030900826230     0.003683684419880
    -0.005277792753255     0.003683684419880    -0.001296257847969
17 16
     0.005077222368710     0.000000000000000     0.000000000000000
     0.000000000000000     0.005077222368710     0.000000000000000
     0.000000000000000     0.000000000000000    -0.011959452271203
17 17
    25.972517986043112     0.000000000000000     0.000000000000000
     0.000000000000000    25.972517986043101     0.000000000000000
     0.000000000000000     0.000000000000000    28.438273561585483
17 18
    -0.923094729465888     0.935421146048447    -0.018088674362518
    -0.935421146048447    -0.414321709354780     0.007106525066193
     0.018088674362518     0.007106525066193     0.701619779699244
17 19
    -0.231161517661336    -0.000000000000000     0.000000000000000
    -0.000000000000000     0.079222757117221     0.003063976122598
     0.000000000000000     0.003063976122598    -0.142412417604204
17 20
    -0.923094729465888    -0.935421146048447     0.018088674362518
     0.935421146048447    -0.414321709354780     0.007106525066193
    -0.018088674362518     0.007106525066193     0.701619779699244
17 21
    -0.541514964382557    -1.155726326136622    -0.002889905941305
     0.715115965960271    -0.795901474438111    -0.019218514051822
     0.015198768421214     0.012111988985628     0.701619779699244
17 22
    -0.065993010513306     0.066059631489873     0.003551990301176
     0.066059631489873    -0.142272102559797     0.002050742556543
    -0.000546354741857    -0.000315438057284    -0.022472771164560
17 23
    -0.065993010513306    -0.066059631489873    -0.003551990301176
    -0.066059631489873    -0.142272102559797     0.002050742556543
     0.000546354741857    -0.000315438057284    -0.022472771164560
17 24
    -0.541514964382557     1.155726326136622     0.002889905941305
    -0.715115965960272    -0.795901474438111    -0.019218514051822
    -0.015198768421214     0.012111988985628     0.701619779699244
17 25
     0.001626688422582    -0.134400333446720     0.002653481158759
    -0.134400333446720    -0.153565448966697    -0.001531988061299
     0.002653481158759    -0.001531988061299    -0.142412417604204
17 26
    -0.180411648583042     0.000000000000000     0.000000000000000
     0.000000000000000    -0.027853464490060    -0.004101485113086
     0.000000000000000     0.000630876114568    -0.022472771164560
17 27
     0.001626688422582     0.134400333446720    -0.002653481158759
     0.134400333446720    -0.153565448966697    -0.001531988061299
    -0.002653481158759    -0.001531988061299    -0.142412417604204
17 28
    -0.180411648583042     0.000000000000000     0.000000000000000
     0.000000000000000    -0.027853464490060     0.000630876114568
     0.000000000000000    -0.004101485113086    -0.022472771164560
17 29
    -0.541514964382557     0.715115965960271     0.015198768421214
    -1.155726326136622    -0.795901474438111     0.012111988985628
    -0.002889905941305    -0.019218514051822     0.701619779699244
17 30
    -0.541514964382557    -0.715115965960272    -0.015198768421214
     1.155726326136622    -0.795901474438111     0.012111988985628
     0.002889905941305    -0.019218514051822     0.701619779699244
17 31
    -0.065993010513306    -0.066059631489873     0.000546354741857
    -0.066059631489873    -0.142272102559797    -0.000315438057284
    -0.003551990301176     0.002050742556543    -0.022472771164560
17 32
    -0.065993010513306     0.066059631489873    -0.000546354741857
     0.066059631489873    -0.142272102559797    -0.000315438057284
     0.003551990301176     0.002050742556543    -0.022472771164560
17 33
    -0.004303914634365    -0.000000000000000     0.000000000000000
    -0.000000000000000    -0.004303914634365     0.000000000000000
     0.000000000000000     0.000000000000000     0.011185313544229
17 34
    -0.002602150069309     0.001893377567151    -0.001023119574973
     0.000403144222268    -0.002028931170823     0.002794957241445
    -0.000272083624944    -0.001910962598098    -0.002545636369013
17 35
    -0.001872828341321    -0.000000000000000     0.000000000000000
    -0.000000000000000    -0.001869325450738     0.000562679073765
     0.000000000000000    -0.001912365444093     0.000537235110484
17 36
    -0.002602150069309    -0.001893377567151     0.001023119574973
    -0.000403144222268    -0.002028931170823     0.002794957241445
     0.000272083624944    -0.001910962598098    -0.002545636369013
17 37
    -0.001177812790453    -0.000419197289096     0.001908944186097
     0.001071036055787    -0.003453268449678    -0.002283526163758
    -0.001790983968106     0.000719849967893    -0.002545636369013
17 38
    -0.001637141101090     0.000766594056592    -0.000034231406747
     0.000766594056592    -0.002522327670955    -0.000019763511900
    -0.000648199453121    -0.000374238128748    -0.000400845414371
17 39
    -0.001637141101090    -0.000766594056592     0.000034231406747
    -0.000766594056592    -0.002522327670955    -0.000019763511900
     0.000648199453121    -0.000374238128748    -0.000400845414371
17 40
    -0.001177812790453     0.000419197289096    -0.001908944186097
    -0.001071036055787    -0.003453268449678    -0.002283526163758
     0.001790983968106     0.000719849967893    -0.002545636369013
17 41
    -0.001870201173383    -0.000001516796116     0.000487294372058
    -0.000001516796116    -0.001871952618675    -0.000281339536882
    -0.001656157055904     0.000956182722047     0.000537235110484
17 42
    -0.002964920955887     0.000000000000000     0.000000000000000
     0.000000000000000    -0.001194547816157     0.000039527023801
     0.000000000000000     0.000748476257496    -0.000400845414371
17 43
    -0.001870201173383     0.000001516796116    -0.000487294372058
     0.000001516796116    -0.001871952618675    -0.000281339536882
     0.001656157055904     0.000956182722047     0.000537235110484
17 44
    -0.000828606593502    -0.000000000000000     0.000000000000000
    -0.000000000000000    -0.002234052918879     0.000960462077084
     0.000000000000000    -0.000682272219989    -0.000742980523130
17 45
    -0.003166659000435    -0.000077224838923     0.002932063761069
    -0.001567458183805    -0.001464422239697    -0.000511431077687
    -0.001518900343162     0.001191112630204    -0.002545636369013
17 46
    -0.003166659000435     0.000077224838923    -0.002932063761069
     0.001567458183805    -0.001464422239697    -0.000511431077687
     0.001518900343162     0.001191112630204    -0.002545636369013
17 47
    -0.001882691337535     0.000608576110716     0.000831784558127
     0.000608576110716    -0.001179968174846    -0.000480231038542
    -0.000590865074807     0.000341136109994    -0.000742980523130
17 48
    -0.001882691337535    -0.000608576110716    -0.000831784558127
    -0.000608576110716    -0.001179968174846    -0.000480231038542
     0.000590865074807     0.000341136109994    -0.000742980523130
17 49
    -0.026442425842668    -0.000000000000000     0.000000000000000
    -0.000000000000000    -0.026442425842668     0.000000000000000
     0.000000000000000     0.000000000000000     0.048472106384421
17 50
    -0.004205740281782    -0.008105196489091     0.005711515122079
    -0.005504036537639    -0.007563657191496    -0.008019472469366
     0.002026616344459     0.012904304370895    -0.022792967094111
17 51
    -0.003803543681155    -0.000000000000000     0.000000000000000
    -0.000000000000000    -0.000025233996382    -0.000217829157421
     0.000000000000000     0.001391818719061     0.002016817554969
17 52
    -0.004205740281782     0.008105196489091    -0.005711515122079
     0.005504036537639    -0.007563657191496    -0.008019472469366
    -0.002026616344459     0.012904304370895    -0.022792967094111
17 53
    -0.012617148727653    -0.000647707607152    -0.004089309322382
    -0.003248867558604     0.000847751254374     0.008956053424503
     0.012188763575591    -0.004697050947421    -0.022792967094111
17 54
     0.004475392307023     0.000134442798808    -0.003344516325241
     0.000134442798808     0.004320151134858    -0.001930957400687
     0.002592031544127     0.001496510109750     0.005760445490532
17 55
     0.004475392307023    -0.000134442798808     0.003344516325241
    -0.000134442798808     0.004320151134858    -0.001930957400687
    -0.002592031544127     0.001496510109750     0.005760445490532
17 56
    -0.012617148727653     0.000647707607152     0.004089309322382
     0.003248867558604     0.000847751254374     0.008956053424503
    -0.012188763575591    -0.004697050947421    -0.022792967094111
17 57
    -0.000969811417575    -0.001636056085189    -0.000188645584011
    -0.001636056085189    -0.002858966259962     0.000108914578710
     0.001205350368169    -0.000695909359530     0.002016817554969
17 58
     0.004242530548775     0.000000000000000     0.000000000000000
     0.000000000000000     0.004553012893106     0.003861914801374
     0.000000000000000    -0.002993020219500     0.005760445490532
17 59
    -0.000969811417575     0.001636056085189     0.000188645584011
     0.001636056085189    -0.002858966259962     0.000108914578710
    -0.001205350368169    -0.000695909359530     0.002016817554969
17 60
     0.002445339888722     0.000000000000000     0.000000000000000
     0.000000000000000    -0.002929392299170     0.006563299174422
     0.000000000000000     0.005656077871166     0.003571590932518
17 61
    -0.000831207200483     0.003555748954761    -0.009800824444461
     0.006156908906213    -0.010938190272796    -0.000936580955136
     0.010162147231132    -0.008207253423474    -0.022792967094111
17 62
    -0.000831207200483    -0.003555748954761     0.009800824444461
    -0.006156908906213    -0.010938190272796    -0.000936580955136
    -0.010162147231132    -0.008207253423474    -0.022792967094111
17 63
    -0.001585709252197     0.002327327306626     0.005683983817687
     0.002327327306626     0.001101656841749    -0.003281649587211
     0.004898307122212    -0.002828038935583     0.003571590932518
17 64
    -0.001585709252197    -0.002327327306626    -0.005683983817687
    -0.002327327306626     0.001101656841749    -0.003281649587211
    -0.004898307122212    -0.002828038935583     0.003571590932518
17 65
    -4.470059891853476    -1.727165838920239    -3.281551871284338
    -1.727165838920240    -2.475700567782023    -1.894604856245733
    -3.248188307496150    -1.875342393711497    -4.859037819630445
17 66
    -4.470059891853476     1.727165838920239     3.281551871284339
     1.727165838920239    -2.475700567782023    -1.894604856245733
     3.248188307496151    -1.875342393711497    -4.859037819630445
17 67
    -0.063120588533487    -0.094968597521046    -0.001141947138574
     0.028813075834021    -0.013657019544949     0.017572159721444
     0.049796767078360     0.002182811876295    -0.090082979922020
17 68
    -0.063120588533487     0.094968597521046     0.001141947138574
    -0.028813075834021    -0.013657019544949     0.017572159721444
    -0.049796767078360     0.002182811876295    -0.090082979922020
17 69
    -1.478520905746297     0.000000000000000     0.000000000000000
     0.000000000000000    -5.467239553889200     3.789209712491465
     0.000000000000000     3.750684787422994    -4.859037819630445
17 70
    -0.110531933729339    -0.314055755479842     0.154334832763336
    -0.314055755479842     0.252108416204337     0.089105257241248
     0.200567023809904     0.115797425187210    -0.257196813868226
17 71
     0.005101422466122     0.000000000000000     0.000000000000000
     0.000000000000000    -0.008686637125606    -0.018756688767959
     0.000000000000000    -0.012143874744522     0.010868069184526
17 72
    -0.110531933729339     0.314055755479842    -0.154334832763336
     0.314055755479842     0.252108416204337     0.089105257241248
    -0.200567023809904     0.115797425187210    -0.257196813868226
17 73
    -0.054669092982871     0.023933602602818     0.014646963148841
    -0.099848070752249    -0.022108515095565    -0.009775035092506
     0.026788754075734     0.042033859378048    -0.090082979922020
17 74
    -0.005239622227674     0.005970404937665    -0.016243768963930
     0.005970404937665     0.001654407568190     0.009378344383979
    -0.010516904029133     0.006071937372261     0.010868069184526
17 75
    -0.005239622227674    -0.005970404937665     0.016243768963930
    -0.005970404937665     0.001654407568190     0.009378344383979
     0.010516904029133     0.006071937372261     0.010868069184526
17 76
    -0.054669092982871    -0.023933602602818    -0.014646963148841
     0.099848070752249    -0.022108515095565    -0.009775035092506
    -0.026788754075734     0.042033859378048    -0.090082979922020
17 77
     0.002623269398704    -0.066770309908736     0.015788910287415
     0.057011363446330    -0.079400877477141    -0.007797124628937
    -0.023008013002626    -0.044216671254344    -0.090082979922020
17 78
     0.433428591171175     0.000000000000000     0.000000000000000
     0.000000000000000    -0.291852108696177    -0.178210514482495
     0.000000000000000    -0.231594850374420    -0.257196813868226
17 79
     0.002623269398704     0.066770309908736    -0.015788910287415
    -0.057011363446330    -0.079400877477141    -0.007797124628937
     0.023008013002626    -0.044216671254344    -0.090082979922020
17 80
     0.024144061651204     0.000000000000000     0.000000000000000
     0.000000000000000     0.024144061651204     0.000000000000000
     0.000000000000000     0.000000000000000    -0.028318009452408
17 81
    -4.497361410048404    -1.730224743133850     3.260838107084626
    -1.730224743133850    -2.499469967634644     1.882645758909099
     3.292018726628013     1.900647897995972    -4.917590734953750
17 82
    -4.497361410048405     1.730224743133849    -3.260838107084627
     1.730224743133850    -2.499469967634644     1.882645758909099
    -3.292018726628013     1.900647897995972    -4.917590734953750
17 83
    -0.069231947353684    -0.102910444106980     0.000885653309406
     0.023329043830950    -0.020752768419157    -0.016622555624038
    -0.053013264622454    -0.007879342083817    -0.084966359497350
17 84
    -0.069231947353684     0.102910444106980    -0.000885653309406
    -0.023329043830950    -0.020752768419157    -0.016622555624038
     0.053013264622454    -0.007879342083817    -0.084966359497350
17 85
    -1.500524246427765     0.000000000000000     0.000000000000000
     0.000000000000000    -5.496307131255282    -3.765291517818197
     0.000000000000000    -3.801295795991944    -4.917590734953750
17 86
    -0.114113282673689    -0.314083017191325    -0.139295692454705
    -0.314083017191325     0.248558546372915    -0.080422405535679
    -0.190042362468492    -0.109721009128617    -0.276310729423092
17 87
     0.001520433006605     0.000000000000000     0.000000000000000
     0.000000000000000    -0.007333337859195     0.018221765648216
     0.000000000000000     0.008431705886139     0.010239230436689
17 88
    -0.114113282673689     0.314083017191326     0.139295692454705
     0.314083017191326     0.248558546372915    -0.080422405535679
     0.190042362468492    -0.109721009128617    -0.276310729423092
17 89
    -0.067332320306679     0.022232293644002    -0.013952728791534
    -0.104007194293928    -0.022652395466162     0.009078276076911
    -0.033330342720921    -0.041971162858683    -0.084966359497350
17 90
    -0.005119895142745     0.003833795244535     0.015780511953162
     0.003833795244535    -0.000693009709845    -0.009110882824108
     0.007302071494635    -0.004215852943069     0.010239230436689
17 91
    -0.005119895142745    -0.003833795244535    -0.015780511953162
    -0.003833795244535    -0.000693009709845    -0.009110882824108
    -0.007302071494635    -0.004215852943069     0.010239230436689
17 92
    -0.067332320306679    -0.022232293644002     0.013952728791534
     0.104007194293928    -0.022652395466162     0.009078276076911
     0.033330342720921    -0.041971162858683    -0.084966359497350
17 93
     0.001587194001101    -0.064216494155913    -0.014838382100940
     0.062022993782017    -0.091571909773942     0.007544279547127
     0.019682921901533     0.049850504942501    -0.084966359497350
17 94
     0.429894460896217     0.000000000000000     0.000000000000000
     0.000000000000000    -0.295449197196990     0.160844811071358
     0.000000000000000     0.219442018257233    -0.276310729423092
17 95
     0.001587194001101     0.064216494155913     0.014838382100940
    -0.062022993782017    -0.091571909773942     0.007544279547127
    -0.019682921901533     0.049850504942501    -0.084966359497350
17 96
     0.028501696862857     0.000000000000000     0.000000000000000
     0.000000000000000     0.028501696862857     0.000000000000000
     0.000000000000000     0.000000000000000    -0.028522612521066
33 1
    -4.497361410048402    -1.730224743133850     3.292018726628012
    -1.730224743133851    -2.499469967634645     1.900647897995972
     3.260838107084625     1.882645758909099    -4.917590734953754
33 2
    -4.497361410048404     1.730224743133850    -3.292018726628012
     1.730224743133850    -2.499469967634645     1.900647897995972
    -3.260838107084625     1.882645758909099    -4.917590734953748
33 3
    -0.069231947353684     0.023329043830950    -0.053013264622454
    -0.102910444106980    -0.020752768419157    -0.007879342083817
     0.000885653309406    -0.016622555624038    -0.084966359497350
33 4
    -0.069231947353684    -0.023329043830950     0.053013264622454
     0.102910444106980    -0.020752768419157    -0.007879342083817
    -0.000885653309406    -0.016622555624038    -0.084966359497350
33 5
    -1.500524246427765    -0.000000000000000     0.000000000000000
    -0.000000000000000    -5.496307131255284    -3.801295795991944
     0.000000000000000    -3.765291517818198    -4.917590734953750
33 6
    -0.114113282673689    -0.314083017191326    -0.190042362468492
    -0.314083017191326     0.248558546372915    -0.109721009128617
    -0.139295692454705    -0.080422405535679    -0.276310729423092
33 7
     0.001520433006605     0.000000000000000     0.000000000000000
     0.000000000000000    -0.007333337859195     0.008431705886139
     0.000000000000000     0.018221765648216     0.010239230436689
33 8
    -0.114113282673689     0.314083017191326     0.190042362468492
     0.314083017191325     0.248558546372915    -0.109721009128617
     0.139295692454705    -0.080422405535679    -0.276310729423092
33 9
    -0.067332320306679    -0.104007194293928    -0.033330342720921
     0.022232293644002    -0.022652395466162    -0.041971162858683
    -0.013952728791534     0.009078276076911    -0.084966359497350
33 10
    -0.005119895142745     0.003833795244535     0.007302071494635
     0.003833795244535    -0.000693009709845    -0.004215852943069
     0.015780511953162    -0.009110882824108     0.010239230436689
33 11
    -0.005119895142745    -0.003833795244535    -0.007302071494635
    -0.003833795244535    -0.000693009709845    -0.004215852943069
    -0.015780511953162    -0.009110882824108     0.010239230436689
33 12
    -0.067332320306679     0.104007194293928     0.033330342720921
    -0.022232293644002    -0.022652395466162    -0.041971162858683
     0.013952728791534     0.009078276076911    -0.084966359497350
33 13
     0.001587194001101     0.062022993782017     0.019682921901533
    -0.064216494155913    -0.091571909773942     0.049850504942501
    -0.014838382100940     0.007544279547127    -0.084966359497350
33 14
     0.429894460896216     0.000000000000000     0.000000000000000
     0.000000000000000    -0.295449197196990     0.219442018257233
     0.000000000000000     0.160844811071358    -0.276310729423093
33 15
     0.001587194001101    -0.062022993782017    -0.019682921901533
     0.064216494155913    -0.091571909773942     0.049850504942501
     0.014838382100940     0.007544279547127    -0.084966359497350
33 16
     0.028501696862857     0.000000000000000     0.000000000000000
    -0.000000000000000     0.028501696862857     0.000000000000000
     0.000000000000000     0.000000000000000    -0.028522612521066
33 17
    -0.004303914634365    -0.000000000000000     0.000000000000000
    -0.000000000000000    -0.004303914634365     0.000000000000000
     0.000000000000000     0.000000000000000     0.011185313544229
33 18
    -0.002602150069309    -0.000403144222268     0.000272083624944
    -0.001893377567151    -0.002028931170823    -0.001910962598098
     0.001023119574973     0.002794957241445    -0.002545636369013
33 19
    -0.001872828341321    -0.000000000000000     0.000000000000000
    -0.000000000000000    -0.001869325450738    -0.001912365444093
     0.000000000000000     0.000562679073765     0.000537235110484
33 20
    -0.002602150069309     0.000403144222268    -0.000272083624944
     0.001893377567151    -0.002028931170823    -0.001910962598098
    -0.001023119574973     0.002794957241445    -0.002545636369013
33 21
    -0.003166659000435    -0.001567458183805    -0.001518900343162
    -0.000077224838923    -0.001464422239697     0.001191112630204
     0.002932063761069    -0.000511431077687    -0.002545636369013
33 22
    -0.001882691337535    -0.000608576110716     0.000590865074807
    -0.000608576110716    -0.001179968174846     0.000341136109994
    -0.000831784558127    -0.000480231038542    -0.000742980523130
33 23
    -0.001882691337535     0.000608576110716    -0.000590865074807
     0.000608576110716    -0.001179968174846     0.000341136109994
     0.000831784558127    -0.000480231038542    -0.000742980523130
33 24
    -0.003166659000435     0.001567458183805     0.001518900343162
     0.000077224838923    -0.001464422239697     0.001191112630204
    -0.002932063761069    -0.000511431077687    -0.002545636369013
33 25
    -0.001870201173383    -0.000001516796116    -0.001656157055904
    -0.000001516796116    -0.001871952618675     0.000956182722047
     0.000487294372058    -0.000281339536882     0.000537235110484
33 26
    -0.000828606593502    -0.000000000000000     0.000000000000000
    -0.000000000000000    -0.002234052918879    -0.000682272219989
     0.000000000000000     0.000960462077084    -0.000742980523130
33 27
    -0.001870201173383     0.000001516796116     0.001656157055904
     0.000001516796116    -0.001871952618675     0.000956182722047
    -0.000487294372058    -0.000281339536882     0.000537235110484
33 28
    -0.002964920955887     0.000000000000000     0.000000000000000
     0.000000000000000    -0.001194547816157     0.000748476257496
     0.000000000000000     0.000039527023801    -0.000400845414371
33 29
    -0.001177812790453     0.001071036055787    -0.001790983968106
    -0.000419197289096    -0.003453268449678     0.000719849967893
     0.001908944186097    -0.002283526163758    -0.002545636369013
33 30
    -0.001177812790453    -0.001071036055787     0.001790983968106
     0.000419197289096    -0.003453268449678     0.000719849967893
    -0.001908944186097    -0.002283526163758    -0.002545636369013
33 31
    -0.001637141101090    -0.000766594056592     0.000648199453121
    -0.000766594056592    -0.002522327670955    -0.000374238128748
     0.000034231406747    -0.000019763511900    -0.000400845414371
33 32
    -0.001637141101090     0.000766594056592    -0.000648199453121
     0.000766594056592    -0.002522327670955    -0.000374238128748
    -0.000034231406747    -0.000019763511900    -0.000400845414371
33 33
    12.282297295606616     0.000000000000004     0.000000000000000
     0.000000000000004    12.282297295606623     0.000000000000000
     0.000000000000000     0.000000000000000    15.706055080431032
33 34
    -0.761042380400217     0.038473183305328    -0.149801715182101
    -0.038473183305328     0.077309347921466    -0.025963617430995
     0.149801715182101    -0.025963617430995     0.361725023606031
33 35
    -0.002539683641413    -0.000000000000000     0.000000000000000
    -0.000000000000000    -0.007396271882274     0.008058531480721
     0.000000000000000     0.008058531480721     0.061805218026628
33 36
    -0.761042380400217    -0.038473183305328     0.149801715182101
     0.038473183305328     0.077309347921466    -0.025963617430995
    -0.149801715182101    -0.025963617430995     0.361725023606031
33 37
    -0.132278584158955    -0.401490130321912    -0.097386009860433
    -0.324543763711255    -0.551454448319797    -0.116750282162683
     0.052415705321668     0.142713899593678     0.361725023606031
33 38
     0.017456396092986     0.013248086413010     0.007653845163024
     0.013248086413010     0.002158823579389     0.004418949565207
    -0.004401370564826    -0.002541132480406    -0.000895511230905
33 39
     0.017456396092986    -0.013248086413010    -0.007653845163024
    -0.013248086413010     0.002158823579389     0.004418949565207
     0.004401370564826    -0.002541132480406    -0.000895511230905
33 40
    -0.132278584158955     0.401490130321912     0.097386009860433
     0.324543763711255    -0.551454448319797    -0.116750282162683
    -0.052415705321668     0.142713899593678     0.361725023606031
33 41
    -0.006182124822059     0.002102964396153     0.006978892979501
     0.002102964396153    -0.003753830701628    -0.004029265740360
     0.006978892979501    -0.004029265740360     0.061805218026628
33 42
    -0.005489962677409    -0.000000000000000     0.000000000000000
    -0.000000000000000     0.025105182349785    -0.008837899130415
     0.000000000000000     0.005082264960811    -0.000895511230905
33 43
    -0.006182124822059    -0.002102964396153    -0.006978892979501
    -0.002102964396153    -0.003753830701628    -0.004029265740360
    -0.006978892979501    -0.004029265740360     0.061805218026628
33 44
    -0.005489962677409    -0.000000000000000     0.000000000000000
    -0.000000000000000     0.025105182349785     0.005082264960811
     0.000000000000000    -0.008837899130415    -0.000895511230905
33 45
    -0.132278584158955    -0.324543763711255     0.052415705321668
    -0.401490130321912    -0.551454448319797     0.142713899593678
    -0.097386009860433    -0.116750282162683     0.361725023606031
33 46
    -0.132278584158955     0.324543763711255    -0.052415705321668
     0.401490130321912    -0.551454448319797     0.142713899593678
     0.097386009860433    -0.116750282162683     0.361725023606031
33 47
     0.017456396092986    -0.013248086413010     0.004401370564826
    -0.013248086413010     0.002158823579389    -0.002541132480406
    -0.007653845163024     0.004418949565207    -0.000895511230905
33 48
     0.017456396092986     0.013248086413010    -0.004401370564826
     0.013248086413010     0.002158823579389    -0.002541132480406
     0.007653845163024     0.004418949565207    -0.000895511230905
33 49
     0.215599559590057    -0.000000000000000     0.000000000000000
     0.000000000000000     0.215599559590057     0.000000000000000
     0.000000000000000     0.000000000000000    -1.947673036227935
33 50
    -0.172232516161552    -0.166589981929977    -0.157002384033832
     0.167267121535433     0.211468773094316     0.149214566083297
    -0.158764598144992    -0.156718797962333    -0.019813030069251
33 51
    -0.011271458419625     0.000000000000000     0.000000000000000
     0.000000000000000     0.030976288339334    -0.010895061371113
     0.000000000000000     0.008151823605103    -0.008554680608436
33 52
    -0.172232516161552     0.166589981929977     0.157002384033832
    -0.167267121535432     0.211468773094315     0.149214566083297
     0.158764598144992    -0.156718797962333    -0.019813030069251
33 53
     0.115836660830465     0.000950304653857     0.050722412825891
    -0.332906798811552    -0.076600403897702    -0.210575336069668
    -0.215104759358438    -0.059134776234024    -0.019813030069251
33 54
    -0.006426630203567    -0.000661880471232    -0.015646862570692
    -0.000661880471232    -0.005662356467093    -0.009033720317162
     0.001174983950642     0.000678377300197     0.034325034521661
33 55
    -0.006426630203567     0.000661880471232     0.015646862570692
     0.000661880471232    -0.005662356467093    -0.009033720317162
    -0.001174983950642     0.000678377300197     0.034325034521661
33 56
     0.115836660830465    -0.000950304653857    -0.050722412825891
     0.332906798811552    -0.076600403897702    -0.210575336069668
     0.215104759358438    -0.059134776234024    -0.019813030069251
33 57
     0.020414351649594    -0.018293810972955    -0.009435399923174
    -0.018293810972955    -0.000709521729886     0.005447530685556
     0.007059686329189    -0.004075911802552    -0.008554680608436
33 58
    -0.005280219598856    -0.000000000000000     0.000000000000000
    -0.000000000000000    -0.006808767071804     0.018067440634324
     0.000000000000000    -0.001356754600394     0.034325034521661
33 59
     0.020414351649594     0.018293810972955     0.009435399923174
     0.018293810972955    -0.000709521729886     0.005447530685556
    -0.007059686329189    -0.004075911802552    -0.008554680608436
33 60
    -0.004466151414597    -0.000000000000000     0.000000000000000
    -0.000000000000000    -0.007931865531204     0.001934928113167
     0.000000000000000    -0.014695307759023     0.034221988920036
33 61
     0.115250240730232    -0.333245368614280     0.207724796859724
     0.000611734851130    -0.076013983797469     0.061360769986371
    -0.056340161213446     0.215853574196357    -0.019813030069251
33 62
     0.115250240730232     0.333245368614280    -0.207724796859724
    -0.000611734851130    -0.076013983797469     0.061360769986371
     0.056340161213446     0.215853574196357    -0.019813030069251
33 63
    -0.007065437002052     0.001500698233618     0.001675696900499
     0.001500698233618    -0.005332579943748    -0.000967464056583
    -0.012726509835745     0.007347653879512     0.034221988920036
33 64
    -0.007065437002052    -0.001500698233618    -0.001675696900499
    -0.001500698233618    -0.005332579943748    -0.000967464056583
     0.012726509835745     0.007347653879512     0.034221988920036
33 65
     0.000444793144373     0.000567432886682    -0.001088095577950
     0.000567432886682    -0.000210421915372    -0.000628212274833
    -0.001380659880167    -0.000797124353474    -0.002383701391629
33 66
     0.000444793144373    -0.000567432886682     0.001088095577950
    -0.000567432886682    -0.000210421915372    -0.000628212274833
     0.001380659880167    -0.000797124353474    -0.002383701391629
33 67
     0.002572398682544    -0.000615171743644     0.000713257362150
    -0.001572358891044     0.001003284828582    -0.001249028174298
     0.002003284927585    -0.001185171625721    -0.001310861326384
33 68
     0.002572398682544     0.000615171743644    -0.000713257362150
     0.001572358891044     0.001003284828582    -0.001249028174298
    -0.002003284927585    -0.001185171625721    -0.001310861326384
33 69
    -0.000538029445245    -0.000000000000000     0.000000000000000
    -0.000000000000000     0.000772400674246     0.001256424549666
     0.000000000000000     0.001594248706948    -0.002383701391629
33 70
     0.001768660047503     0.000348334397138     0.006095157555565
     0.000348334397138     0.001366438131593     0.003519040855459
     0.000968585903574     0.000559213332162     0.001667877781007
33 71
     0.000659911212792     0.000000000000000     0.000000000000000
    -0.000000000000000    -0.000373414395214    -0.000777389824236
     0.000000000000000    -0.000800073418508    -0.001840513742792
33 72
     0.001768660047503    -0.000348334397138    -0.006095157555565
    -0.000348334397138     0.001366438131593     0.003519040855459
    -0.000968585903574     0.000559213332162     0.001667877781007
33 73
     0.000448334741475    -0.000346030002891    -0.000725061447909
     0.000611157144509     0.003127348769652     0.001242213082207
    -0.000024746271926     0.002327481451167    -0.001310861326384
33 74
    -0.000115082993213     0.000447443113457    -0.000673239336432
     0.000447443113457     0.000401579810790     0.000388694912118
    -0.000692883905321     0.000400036709254    -0.001840513742792
33 75
    -0.000115082993213    -0.000447443113457     0.000673239336432
    -0.000447443113457     0.000401579810790     0.000388694912118
     0.000692883905321     0.000400036709254    -0.001840513742792
33 76
     0.000448334741475     0.000346030002891     0.000725061447909
    -0.000611157144509     0.003127348769652     0.001242213082207
     0.000024746271926     0.002327481451167    -0.001310861326384
33 77
     0.002342791842671     0.001704922461853    -0.001438318810059
     0.000747735314453     0.001232891668456     0.000006815092090
    -0.002028031199511    -0.001142309825447    -0.001310861326384
33 78
     0.001165327173637     0.000000000000000     0.000000000000000
     0.000000000000000     0.001969771005459    -0.007038081710918
     0.000000000000000    -0.001118426664323     0.001667877781007
33 79
     0.002342791842671    -0.001704922461853     0.001438318810059
    -0.000747735314453     0.001232891668456     0.000006815092090
     0.002028031199511    -0.001142309825447    -0.001310861326384
33 80
    -0.000367458250729     0.000000000000000     0.000000000000000
    -0.000000000000000    -0.000367458250729     0.000000000000000
     0.000000000000000     0.000000000000000    -0.000611771511327
33 81
    -0.002440407278360    -0.000444261393337     0.000200993898625
    -0.000444261393337    -0.001927418408292     0.000116043881477
     0.000200993898625     0.000116043881477    -0.005125814749983
33 82
    -0.002440407278360     0.000444261393337    -0.000200993898625
     0.000444261393337    -0.001927418408292     0.000116043881477
    -0.000200993898625     0.000116043881477    -0.005125814749983
33 83
    -0.002810676977808    -0.000008831195690    -0.000043304190266
    -0.000008831195690    -0.002433044759773     0.000171096905810
    -0.000043304190266     0.000171096905810    -0.003605422838752
33 84
    -0.002810676977808     0.000008831195690     0.000043304190266
     0.000008831195690    -0.002433044759773     0.000171096905810
     0.000043304190266     0.000171096905810    -0.003605422838752
33 85
    -0.001670923973258    -0.000000000000000     0.000000000000000
    -0.000000000000000    -0.002696901713394    -0.000232087762953
     0.000000000000000    -0.000232087762953    -0.005125814749983
33 86
    -0.002061537837486    -0.000020199560919     0.000226023565074
    -0.000020199560919    -0.002038213393617     0.000130494766139
     0.000226023565074     0.000130494766139    -0.002768115577223
33 87
    -0.002490462332687    -0.000000000000000     0.000000000000000
     0.000000000000000    -0.002370074274574     0.000013193413371
     0.000000000000000     0.000013193413371    -0.003270005947555
33 88
    -0.002061537837486     0.000020199560919    -0.000226023565074
     0.000020199560919    -0.002038213393617     0.000130494766139
    -0.000226023565074     0.000130494766139    -0.002768115577223
33 89
    -0.002535100854096    -0.000167935144898     0.000126522171807
    -0.000167935144898    -0.002708620883486    -0.000123050981766
     0.000126522171807    -0.000123050981766    -0.003605422838752
33 90
    -0.002400171289102    -0.000052129558319     0.000011425831142
    -0.000052129558319    -0.002460365318159    -0.000006596706685
     0.000011425831142    -0.000006596706685    -0.003270005947555
33 91
    -0.002400171289102     0.000052129558319    -0.000011425831142
     0.000052129558319    -0.002460365318159    -0.000006596706685
    -0.000011425831142    -0.000006596706685    -0.003270005947555
33 92
    -0.002535100854096     0.000167935144898    -0.000126522171807
     0.000167935144898    -0.002708620883486    -0.000123050981766
    -0.000126522171807    -0.000123050981766    -0.003605422838752
33 93
    -0.002519804774468    -0.000159103949207     0.000169826362074
    -0.000159103949207    -0.002723916963113    -0.000048045924044
     0.000169826362074    -0.000048045924044    -0.003605422838752
33 94
    -0.002026551171683     0.000000000000000     0.000000000000000
     0.000000000000000    -0.002073200059420    -0.000260989532277
     0.000000000000000    -0.000260989532277    -0.002768115577223
33 95
    -0.002519804774468     0.000159103949207    -0.000169826362074
     0.000159103949207    -0.002723916963113    -0.000048045924044
    -0.000169826362074    -0.000048045924044    -0.003605422838752
33 96
    -0.002900639686276     0.000000000000000     0.000000000000000
    -0.000000000000000    -0.002900639686276     0.000000000000000
     0.000000000000000     0.000000000000000    -0.003387574754788
49 1
    -4.470059891853474    -1.727165838920240    -3.248188307496149
    -1.727165838920241    -2.475700567782023    -1.875342393711497
    -3.281551871284337    -1.894604856245733    -4.859037819630450
49 2
    -4.470059891853476     1.727165838920240     3.248188307496149
     1.727165838920239    -2.475700567782023    -1.875342393711497
     3.281551871284337    -1.894604856245733    -4.859037819630443
49 3
    -0.063120588533487     0.028813075834021     0.049796767078360
    -0.094968597521046    -0.013657019544949     0.002182811876295
    -0.001141947138575     0.017572159721444    -0.090082979922020
49 4
    -0.063120588533487    -0.028813075834021    -0.049796767078360
     0.094968597521046    -0.013657019544949     0.002182811876295
     0.001141947138574     0.017572159721444    -0.090082979922020
49 5
    -1.478520905746297    -0.000000000000000     0.000000000000000
    -0.000000000000000    -5.467239553889202     3.750684787422994
     0.000000000000000     3.789209712491466    -4.859037819630445
49 6
    -0.110531933729339    -0.314055755479842     0.200567023809904
    -0.314055755479842     0.252108416204337     0.115797425187210
     0.154334832763336     0.089105257241248    -0.257196813868226
49 7
     0.005101422466122     0.000000000000000     0.000000000000000
     0.000000000000000    -0.008686637125606    -0.012143874744522
     0.000000000000000    -0.018756688767959     0.010868069184526
49 8
    -0.110531933729339     0.314055755479842    -0.200567023809904
     0.314055755479842     0.252108416204337     0.115797425187210
    -0.154334832763336     0.089105257241248    -0.257196813868226
49 9
    -0.054669092982871    -0.099848070752249     0.026788754075734
     0.023933602602818    -0.022108515095565     0.042033859378048
     0.014646963148841    -0.009775035092506    -0.090082979922020
49 10
    -0.005239622227674     0.005970404937665    -0.010516904029133
     0.005970404937665     0.001654407568190     0.006071937372261
    -0.016243768963930     0.009378344383979     0.010868069184526
49 11
    -0.005239622227674    -0.005970404937665     0.010516904029133
    -0.005970404937665     0.001654407568190     0.006071937372261
     0.016243768963930     0.009378344383979     0.010868069184526
49 12
    -0.054669092982871     0.099848070752249    -0.026788754075734
    -0.023933602602818    -0.022108515095565     0.042033859378048
    -0.014646963148841    -0.009775035092506    -0.090082979922020
49 13
     0.002623269398704     0.057011363446330    -0.023008013002626
    -0.066770309908736    -0.079400877477141    -0.044216671254344
     0.015788910287415    -0.007797124628937    -0.090082979922020
49 14
     0.433428591171175     0.000000000000000     0.000000000000000
     0.000000000000000    -0.291852108696177    -0.231594850374420
     0.000000000000000    -0.178210514482495    -0.257196813868227
49 15
     0.002623269398704    -0.057011363446330     0.023008013002626
     0.066770309908736    -0.079400877477141    -0.044216671254344
    -0.015788910287415    -0.007797124628937    -0.090082979922020
49 16
     0.024144061651204     0.000000000000000     0.000000000000000
    -0.000000000000000     0.024144061651204     0.000000000000000
     0.000000000000000     0.000000000000000    -0.028318009452408
49 17
    -0.026442425842668    -0.000000000000000     0.000000000000000
    -0.000000000000000    -0.026442425842668     0.000000000000000
     0.000000000000000     0.000000000000000     0.048472106384421
49 18
    -0.004205740281782     0.005504036537639    -0.002026616344459
     0.008105196489091    -0.007563657191496     0.012904304370895
    -0.005711515122079    -0.008019472469366    -0.022792967094111
49 19
    -0.003803543681155    -0.000000000000000     0.000000000000000
    -0.000000000000000    -0.000025233996382     0.001391818719061
     0.000000000000000    -0.000217829157421     0.002016817554969
49 20
    -0.004205740281782    -0.005504036537639     0.002026616344459
    -0.008105196489091    -0.007563657191496     0.012904304370895
     0.005711515122079    -0.008019472469366    -0.022792967094111
49 21
    -0.000831207200483     0.006156908906213     0.010162147231132
     0.003555748954761    -0.010938190272796    -0.008207253423474
    -0.009800824444461    -0.000936580955136    -0.022792967094111
49 22
    -0.001585709252197    -0.002327327306626    -0.004898307122212
    -0.002327327306626     0.001101656841749    -0.002828038935583
    -0.005683983817687    -0.003281649587211     0.003571590932518
49 23
    -0.001585709252197     0.002327327306626     0.004898307122212
     0.002327327306626     0.001101656841749    -0.002828038935583
     0.005683983817687    -0.003281649587211     0.003571590932518
49 24
    -0.000831207200483    -0.006156908906213    -0.010162147231132
    -0.003555748954761    -0.010938190272796    -0.008207253423474
     0.009800824444461    -0.000936580955136    -0.022792967094111
49 25
    -0.000969811417575    -0.001636056085189     0.001205350368169
    -0.001636056085189    -0.002858966259962    -0.000695909359530
    -0.000188645584011     0.000108914578710     0.002016817554969
49 26
     0.002445339888722     0.000000000000000     0.000000000000000
     0.000000000000000    -0.002929392299170     0.005656077871166
     0.000000000000000     0.006563299174422     0.003571590932518
49 27
    -0.000969811417575     0.001636056085189    -0.001205350368169
     0.001636056085189    -0.002858966259962    -0.000695909359530
     0.000188645584011     0.000108914578710     0.002016817554969
49 28
     0.004242530548775     0.000000000000000     0.000000000000000
     0.000000000000000     0.004553012893106    -0.002993020219500
     0.000000000000000     0.003861914801374     0.005760445490532
49 29
    -0.012617148727653    -0.003248867558604     0.012188763575591
    -0.000647707607152     0.000847751254374    -0.004697050947421
    -0.004089309322382     0.008956053424503    -0.022792967094111
49 30
    -0.012617148727653     0.003248867558604    -0.012188763575591
     0.000647707607152     0.000847751254374    -0.004697050947421
     0.004089309322382     0.008956053424503    -0.022792967094111
49 31
     0.004475392307023    -0.000134442798808    -0.002592031544127
    -0.000134442798808     0.004320151134858     0.001496510109750
     0.003344516325241    -0.001930957400687     0.005760445490532
49 32
     0.004475392307023     0.000134442798808     0.002592031544127
     0.000134442798808     0.004320151134858     0.001496510109750
    -0.003344516325241    -0.001930957400687     0.005760445490532
49 33
     0.215599559590057     0.000000000000000     0.000000000000000
    -0.000000000000000     0.215599559590057     0.000000000000000
     0.000000000000000     0.000000000000000    -1.947673036227935
49 34
    -0.172232516161552    -0.167267121535432     0.158764598144992
     0.166589981929977     0.211468773094315    -0.156718797962333
     0.157002384033832     0.149214566083297    -0.019813030069251
49 35
    -0.011271458419625     0.000000000000000     0.000000000000000
     0.000000000000000     0.030976288339334     0.008151823605103
     0.000000000000000    -0.010895061371113    -0.008554680608436
49 36
    -0.172232516161552     0.167267121535433    -0.158764598144992
    -0.166589981929977     0.211468773094316    -0.156718797962333
    -0.157002384033832     0.149214566083297    -0.019813030069251
49 37
     0.115250240730232     0.000611734851130    -0.056340161213446
    -0.333245368614280    -0.076013983797469     0.215853574196357
     0.207724796859724     0.061360769986371    -0.019813030069251
49 38
    -0.007065437002052    -0.001500698233618     0.012726509835745
    -0.001500698233618    -0.005332579943748     0.007347653879512
    -0.001675696900499    -0.000967464056583     0.034221988920036
49 39
    -0.007065437002052     0.001500698233618    -0.012726509835745
     0.001500698233618    -0.005332579943748     0.007347653879512
     0.001675696900499    -0.000967464056583     0.034221988920036
49 40
     0.115250240730232    -0.000611734851130     0.056340161213446
     0.333245368614280    -0.076013983797469     0.215853574196357
    -0.207724796859724     0.061360769986371    -0.019813030069251
49 41
     0.020414351649594    -0.018293810972955     0.007059686329189
    -0.018293810972955    -0.000709521729886    -0.004075911802552
    -0.009435399923174     0.005447530685556    -0.008554680608436
49 42
    -0.004466151414597    -0.000000000000000     0.000000000000000
    -0.000000000000000    -0.007931865531204    -0.014695307759023
     0.000000000000000     0.001934928113167     0.034221988920036
49 43
     0.020414351649594     0.018293810972955    -0.007059686329189
     0.018293810972955    -0.000709521729886    -0.004075911802552
     0.009435399923174     0.005447530685556    -0.008554680608436
49 44
    -0.005280219598856    -0.000000000000000     0.000000000000000
    -0.000000000000000    -0.006808767071804    -0.001356754600394
     0.000000000000000     0.018067440634324     0.034325034521661
49 45
     0.115836660830465    -0.332906798811552    -0.215104759358438
     0.000950304653857    -0.076600403897702    -0.059134776234024
     0.050722412825891    -0.210575336069668    -0.019813030069251
49 46
     0.115836660830465     0.332906798811552     0.215104759358438
    -0.000950304653857    -0.076600403897702    -0.059134776234024
    -0.050722412825891    -0.210575336069668    -0.019813030069251
49 47
    -0.006426630203567     0.000661880471232    -0.001174983950642
     0.000661880471232    -0.005662356467093     0.000678377300197
     0.015646862570692    -0.009033720317162     0.034325034521661
49 48
    -0.006426630203567    -0.000661880471232     0.001174983950642
    -0.000661880471232    -0.005662356467093     0.000678377300197
    -0.015646862570692    -0.009033720317162     0.034325034521661
49 49
    12.154360565150430     0.000000000000004     0.000000000000000
     0.000000000000004    12.154360565150437     0.000000000000000
     0.000000000000000     0.000000000000000    15.916354246657789
49 50
    -0.780880091709105     0.031505419360699     0.129589137812317
    -0.031505419360699     0.087633402420382     0.032454656593056
    -0.129589137812317     0.032454656593056     0.342893847447905
49 51
     0.004953529507474     0.000000000000000     0.000000000000000
     0.000000000000000    -0.000153573383367    -0.002505116444442
     0.000000000000000    -0.002505116444442     0.069044480282430
49 52
    -0.780880091709105    -0.031505419360699    -0.129589137812317
     0.031505419360699     0.087633402420382     0.032454656593056
     0.129589137812317     0.032454656593056     0.342893847447905
49 53
    -0.129494971111990    -0.407582794083561     0.092901125986845
    -0.344571955362162    -0.563751718176734     0.096000157103461
    -0.036688011825472    -0.128454813696517     0.342893847447905
49 54
     0.021095536426431     0.014331003570899    -0.005126473547667
     0.014331003570899     0.004547518887600    -0.002959770882739
     0.005851149978573     0.003378163015198     0.006430099879956
49 55
     0.021095536426431    -0.014331003570899     0.005126473547667
    -0.014331003570899     0.004547518887600    -0.002959770882739
    -0.005851149978573     0.003378163015198     0.006430099879956
49 56
    -0.129494971111990     0.407582794083560    -0.092901125986845
     0.344571955362162    -0.563751718176734     0.096000157103461
     0.036688011825472    -0.128454813696517     0.342893847447905
49 57
     0.001123202339343     0.002211440421605    -0.002169494480325
     0.002211440421605     0.003676753784764     0.001252558222221
    -0.002169494480325     0.001252558222221     0.069044480282430
49 58
    -0.003726489881816    -0.000000000000000     0.000000000000000
    -0.000000000000000     0.029369545195847     0.005919541765478
     0.000000000000000    -0.006756326030397     0.006430099879956
49 59
     0.001123202339343    -0.002211440421605     0.002169494480325
    -0.002211440421605     0.003676753784764     0.001252558222221
     0.002169494480325     0.001252558222221     0.069044480282430
49 60
    -0.003726489881816    -0.000000000000000     0.000000000000000
    -0.000000000000000     0.029369545195847    -0.006756326030397
     0.000000000000000     0.005919541765478     0.006430099879956
49 61
    -0.129494971111990    -0.344571955362162    -0.036688011825472
    -0.407582794083561    -0.563751718176734    -0.128454813696517
     0.092901125986845     0.096000157103461     0.342893847447905
49 62
    -0.129494971111990     0.344571955362162     0.036688011825472
     0.407582794083560    -0.563751718176734    -0.128454813696517
    -0.092901125986845     0.096000157103461     0.342893847447905
49 63
     0.021095536426431    -0.014331003570899    -0.005851149978573
    -0.014331003570899     0.004547518887600     0.003378163015198
     0.005126473547667    -0.002959770882739     0.006430099879956
49 64
     0.021095536426431     0.014331003570899     0.005851149978573
     0.014331003570899     0.004547518887600     0.003378163015198
    -0.005126473547667    -0.002959770882739     0.006430099879956
49 65
    -0.048136623933129    -0.041863758162051     0.123229786217596
    -0.041863758162051     0.000203480155170     0.071146750244909
     0.123229786217596     0.071146750244909    -0.151893983766525
49 66
    -0.048136623933129     0.041863758162051    -0.123229786217596
     0.041863758162051     0.000203480155170     0.071146750244909
    -0.123229786217596     0.071146750244909    -0.151893983766525
49 67
     0.001739168464130     0.000548967717417     0.006209445618945
     0.000548967717417     0.001473129107874    -0.004083762719782
     0.006209445618945    -0.004083762719782     0.004771095332980
49 68
     0.001739168464130    -0.000548967717417    -0.006209445618945
    -0.000548967717417     0.001473129107874    -0.004083762719782
    -0.006209445618945    -0.004083762719782     0.004771095332980
49 69
     0.024373532199319    -0.000000000000000     0.000000000000000
    -0.000000000000000    -0.072306675977279    -0.142293500489819
     0.000000000000000    -0.142293500489819    -0.151893983766525
49 70
     0.003674306553676    -0.008277584697542    -0.007082624061626
    -0.008277584697542     0.013232438060408    -0.004089154908549
    -0.007082624061626    -0.004089154908549     0.016829703061453
49 71
     0.001657976098565     0.000000000000000     0.000000000000000
    -0.000000000000000     0.002561772581252    -0.001661340171697
     0.000000000000000    -0.001661340171697     0.001179220076312
49 72
     0.003674306553676     0.008277584697542     0.007082624061626
     0.008277584697542     0.013232438060408    -0.004089154908549
     0.007082624061626    -0.004089154908549     0.016829703061453
49 73
     0.002015058936078     0.000389682279171    -0.000431919448886
     0.000389682279171     0.001197238635925     0.007419419009315
    -0.000431919448886     0.007419419009315     0.004771095332980
49 74
     0.002335823460580    -0.000391355356929    -0.001438762793017
    -0.000391355356929     0.001883925219237     0.000830670085849
    -0.001438762793017     0.000830670085849     0.001179220076312
49 75
     0.002335823460580     0.000391355356929     0.001438762793017
     0.000391355356929     0.001883925219237     0.000830670085849
     0.001438762793017     0.000830670085849     0.001179220076312
49 76
     0.002015058936078    -0.000389682279171     0.000431919448886
    -0.000389682279171     0.001197238635925     0.007419419009315
     0.000431919448886     0.007419419009315     0.004771095332980
49 77
     0.001064218957797    -0.000159285438246    -0.006641365067831
    -0.000159285438246     0.002148078614206    -0.003335656289534
    -0.006641365067831    -0.003335656289534     0.004771095332980
49 78
     0.018011503813774    -0.000000000000000     0.000000000000000
    -0.000000000000000    -0.001104759199690     0.008178309817097
     0.000000000000000     0.008178309817097     0.016829703061453
49 79
     0.001064218957797     0.000159285438246     0.006641365067831
     0.000159285438246     0.002148078614206    -0.003335656289534
     0.006641365067831    -0.003335656289534     0.004771095332980
49 80
     0.002713972678967     0.000000000000000     0.000000000000000
     0.000000000000000     0.002713972678967     0.000000000000000
     0.000000000000000     0.000000000000000    -0.004527905737201
49 81
     0.000444793144373     0.000567432886682    -0.001380659880167
     0.000567432886682    -0.000210421915372    -0.000797124353474
    -0.001088095577950    -0.000628212274833    -0.002383701391629
49 82
     0.000444793144373    -0.000567432886682     0.001380659880167
    -0.000567432886682    -0.000210421915372    -0.000797124353474
     0.001088095577950    -0.000628212274833    -0.002383701391629
49 83
     0.002572398682544    -0.001572358891044     0.002003284927585
    -0.000615171743644     0.001003284828582    -0.001185171625721
     0.000713257362150    -0.001249028174298    -0.001310861326384
49 84
     0.002572398682544     0.001572358891044    -0.002003284927585
     0.000615171743644     0.001003284828582    -0.001185171625721
    -0.000713257362150    -0.001249028174298    -0.001310861326384
49 85
    -0.000538029445245     0.000000000000000     0.000000000000000
     0.000000000000000     0.000772400674246     0.001594248706948
     0.000000000000000     0.001256424549666    -0.002383701391629
49 86
     0.001768660047503     0.000348334397138     0.000968585903574
     0.000348334397138     0.001366438131593     0.000559213332162
     0.006095157555565     0.003519040855459     0.001667877781007
49 87
     0.000659911212792     0.000000000000000     0.000000000000000
     0.000000000000000    -0.000373414395214    -0.000800073418508
     0.000000000000000    -0.000777389824236    -0.001840513742792
49 88
     0.001768660047503    -0.000348334397138    -0.000968585903574
    -0.000348334397138     0.001366438131593     0.000559213332162
    -0.006095157555565     0.003519040855459     0.001667877781007
49 89
     0.000448334741475     0.000611157144509    -0.000024746271926
    -0.000346030002891     0.003127348769652     0.002327481451167
    -0.000725061447909     0.001242213082207    -0.001310861326384
49 90
    -0.000115082993213     0.000447443113457    -0.000692883905321
     0.000447443113457     0.000401579810790     0.000400036709254
    -0.000673239336432     0.000388694912118    -0.001840513742792
49 91
    -0.000115082993213    -0.000447443113457     0.000692883905321
    -0.000447443113457     0.000401579810790     0.000400036709254
     0.000673239336432     0.000388694912118    -0.001840513742792
49 92
     0.000448334741475    -0.000611157144509     0.000024746271926
     0.000346030002891     0.003127348769652     0.002327481451167
     0.000725061447909     0.001242213082207    -0.001310861326384
49 93
     0.002342791842671     0.000747735314453    -0.002028031199511
     0.001704922461853     0.001232891668456    -0.001142309825447
    -0.001438318810059     0.000006815092090    -0.001310861326384
49 94
     0.001165327173637     0.000000000000000     0.000000000000000
     0.000000000000000     0.001969771005459    -0.001118426664323
     0.000000000000000    -0.007038081710918     0.001667877781007
49 95
     0.002342791842671    -0.000747735314453     0.002028031199511
    -0.001704922461853     0.001232891668456    -0.001142309825447
     0.001438318810059     0.000006815092090    -0.001310861326384
49 96
    -0.000367458250729    -0.000000000000000     0.000000000000000
    -0.000000000000000    -0.000367458250729     0.000000000000000
     0.000000000000000     0.000000000000000    -0.000611771511327
65 1
    -0.026442425842668    -0.000000000000000     0.000000000000000
     0.000000000000000    -0.026442425842668     0.000000000000000
     0.000000000000000     0.000000000000000     0.048472106384421
65 2
    -0.004205740281782    -0.005504036537639     0.002026616344459
    -0.008105196489091    -0.007563657191496     0.012904304370895
     0.005711515122079    -0.008019472469366    -0.022792967094111
65 3
    -0.003803543681155    -0.000000000000000     0.000000000000000
    -0.000000000000000    -0.000025233996382     0.001391818719061
     0.000000000000000    -0.000217829157421     0.002016817554969
65 4
    -0.004205740281782     0.005504036537639    -0.002026616344459
     0.008105196489091    -0.007563657191496     0.012904304370895
    -0.005711515122079    -0.008019472469366    -0.022792967094111
65 5
    -0.012617148727653    -0.003248867558604     0.012188763575591
    -0.000647707607152     0.000847751254374    -0.004697050947421
    -0.004089309322382     0.008956053424503    -0.022792967094111
65 6
     0.004475392307023     0.000134442798808     0.002592031544127
     0.000134442798808     0.004320151134858     0.001496510109750
    -0.003344516325241    -0.001930957400687     0.005760445490532
65 7
     0.004475392307023    -0.000134442798808    -0.002592031544127
    -0.000134442798808     0.004320151134858     0.001496510109750
     0.003344516325241    -0.001930957400687     0.005760445490532
65 8
    -0.012617148727653     0.003248867558604    -0.012188763575591
     0.000647707607152     0.000847751254374    -0.004697050947421
     0.004089309322382     0.008956053424503    -0.022792967094111
65 9
    -0.000969811417575    -0.001636056085189     0.001205350368169
    -0.001636056085189    -0.002858966259962    -0.000695909359530
    -0.000188645584011     0.000108914578710     0.002016817554969
65 10
     0.004242530548775    -0.000000000000000     0.000000000000000
     0.000000000000000     0.004553012893106    -0.002993020219500
     0.000000000000000     0.003861914801374     0.005760445490532
65 11
    -0.000969811417575     0.001636056085189    -0.001205350368169
     0.001636056085189    -0.002858966259962    -0.000695909359530
     0.000188645584011     0.000108914578710     0.002016817554969
65 12
     0.002445339888722     0.000000000000000     0.000000000000000
     0.000000000000000    -0.002929392299170     0.005656077871166
     0.000000000000000     0.006563299174422     0.003571590932518
65 13
    -0.000831207200483     0.006156908906213     0.010162147231132
     0.003555748954761    -0.010938190272796    -0.008207253423474
    -0.009800824444461    -0.000936580955136    -0.022792967094111
65 14
    -0.000831207200483    -0.006156908906213    -0.010162147231132
    -0.003555748954761    -0.010938190272796    -0.008207253423474
     0.009800824444461    -0.000936580955136    -0.022792967094111
65 15
    -0.001585709252197     0.002327327306626     0.004898307122212
     0.002327327306626     0.001101656841749    -0.002828038935583
     0.005683983817687    -0.003281649587211     0.003571590932518
65 16
    -0.001585709252197    -0.002327327306626    -0.004898307122212
    -0.002327327306626     0.001101656841749    -0.002828038935583
    -0.005683983817687    -0.003281649587211     0.003571590932518
65 17
    -4.470059891853476    -1.727165838920240    -3.248188307496150
    -1.727165838920239    -2.475700567782023    -1.875342393711497
    -3.281551871284338    -1.894604856245733    -4.859037819630445
65 18
    -0.063120588533487    -0.028813075834021    -0.049796767078360
     0.094968597521046    -0.013657019544949     0.002182811876295
     0.001141947138574     0.017572159721444    -0.090082979922020
65 19
    -0.063120588533487     0.028813075834021     0.049796767078360
    -0.094968597521046    -0.013657019544949     0.002182811876295
    -0.001141947138574     0.017572159721444    -0.090082979922020
65 20
    -4.470059891853476     1.727165838920239     3.248188307496151
     1.727165838920239    -2.475700567782023    -1.875342393711497
     3.281551871284339    -1.894604856245733    -4.859037819630445
65 21
     0.002623269398704     0.057011363446330    -0.023008013002626
    -0.066770309908736    -0.079400877477141    -0.044216671254344
     0.015788910287415    -0.007797124628937    -0.090082979922020
65 22
     0.024144061651204     0.000000000000000     0.000000000000000
     0.000000000000000     0.024144061651204     0.000000000000000
     0.000000000000000     0.000000000000000    -0.028318009452408
65 23
     0.002623269398704    -0.057011363446330     0.023008013002626
     0.066770309908736    -0.079400877477141    -0.044216671254344
    -0.015788910287415    -0.007797124628937    -0.090082979922020
65 24
     0.433428591171175     0.000000000000000     0.000000000000000
     0.000000000000000    -0.291852108696177    -0.231594850374420
     0.000000000000000    -0.178210514482495    -0.257196813868226
65 25
    -0.054669092982871    -0.099848070752249     0.026788754075734
     0.023933602602818    -0.022108515095565     0.042033859378048
     0.014646963148841    -0.009775035092506    -0.090082979922020
65 26
    -0.054669092982871     0.099848070752249    -0.026788754075734
    -0.023933602602818    -0.022108515095565     0.042033859378048
    -0.014646963148841    -0.009775035092506    -0.090082979922020
65 27
    -0.005239622227674    -0.005970404937665     0.010516904029133
    -0.005970404937665     0.001654407568190     0.006071937372261
     0.016243768963930     0.009378344383979     0.010868069184526
65 28
    -0.005239622227674     0.005970404937665    -0.010516904029133
     0.005970404937665     0.001654407568190     0.006071937372261
    -0.016243768963930     0.009378344383979     0.010868069184526
65 29
    -1.478520905746297     0.000000000000000     0.000000000000000
     0.000000000000000    -5.467239553889200     3.750684787422994
     0.000000000000000     3.789209712491465    -4.859037819630445
65 30
    -0.110531933729339     0.314055755479842    -0.200567023809904
     0.314055755479842     0.252108416204337     0.115797425187210
    -0.154334832763336     0.089105257241248    -0.257196813868226
65 31
     0.005101422466122     0.000000000000000     0.000000000000000
     0.000000000000000    -0.008686637125606    -0.012143874744522
     0.000000000000000    -0.018756688767959     0.010868069184526
65 32
    -0.110531933729339    -0.314055755479842     0.200567023809904
    -0.314055755479842     0.252108416204337     0.115797425187210
     0.154334832763336     0.089105257241248    -0.257196813868226
65 33
     0.000444793144373     0.000567432886682    -0.001380659880167
     0.000567432886682    -0.000210421915372    -0.000797124353474
    -0.001088095577950    -0.000628212274833    -0.002383701391629
65 34
     0.002572398682544     0.001572358891044    -0.002003284927585
     0.000615171743644     0.001003284828582    -0.001185171625721
    -0.000713257362150    -0.001249028174298    -0.001310861326384
65 35
     0.002572398682544    -0.001572358891044     0.002003284927585
    -0.000615171743644     0.001003284828582    -0.001185171625721
     0.000713257362150    -0.001249028174298    -0.001310861326384
65 36
     0.000444793144373    -0.000567432886682     0.001380659880167
    -0.000567432886682    -0.000210421915372    -0.000797124353474
     0.001088095577950    -0.000628212274833    -0.002383701391629
65 37
     0.002342791842671     0.000747735314453    -0.002028031199511
     0.001704922461853     0.001232891668456    -0.001142309825447
    -0.001438318810059     0.000006815092090    -0.001310861326384
65 38
    -0.000367458250729    -0.000000000000000     0.000000000000000
     0.000000000000000    -0.000367458250729     0.000000000000000
     0.000000000000000     0.000000000000000    -0.000611771511327
65 39
     0.002342791842671    -0.000747735314453     0.002028031199511
    -0.001704922461853     0.001232891668456    -0.001142309825447
     0.001438318810059     0.000006815092090    -0.001310861326384
65 40
     0.001165327173637     0.000000000000000     0.000000000000000
     0.000000000000000     0.001969771005459    -0.001118426664323
     0.000000000000000    -0.007038081710918     0.001667877781007
65 41
     0.000448334741475     0.000611157144509    -0.000024746271926
    -0.000346030002891     0.003127348769652     0.002327481451167
    -0.000725061447909     0.001242213082207    -0.001310861326384
65 42
     0.000448334741475    -0.000611157144509     0.000024746271926
     0.000346030002891     0.003127348769652     0.002327481451167
     0.000725061447909     0.001242213082207    -0.001310861326384
65 43
    -0.000115082993213    -0.000447443113457     0.000692883905321
    -0.000447443113457     0.000401579810790     0.000400036709254
     0.000673239336432     0.000388694912118    -0.001840513742792
65 44
    -0.000115082993213     0.000447443113457    -0.000692883905321
     0.000447443113457     0.000401579810790     0.000400036709254
    -0.000673239336432     0.000388694912118    -0.001840513742792
65 45
    -0.000538029445245    -0.000000000000000     0.000000000000000
    -0.000000000000000     0.000772400674246     0.001594248706948
     0.000000000000000     0.001256424549666    -0.002383701391629
65 46
     0.001768660047503    -0.000348334397138    -0.000968585903574
    -0.000348334397138     0.001366438131593     0.000559213332162
    -0.006095157555565     0.003519040855459     0.001667877781007
65 47
     0.000659911212792    -0.000000000000000     0.000000000000000
     0.000000000000000    -0.000373414395214    -0.000800073418508
     0.000000000000000    -0.000777389824236    -0.001840513742792
65 48
     0.001768660047503     0.000348334397138     0.000968585903574
     0.000348334397138     0.001366438131593     0.000559213332162
     0.006095157555565     0.003519040855459     0.001667877781007
65 49
    -0.048136623933129    -0.041863758162051     0.123229786217596
    -0.041863758162051     0.000203480155170     0.071146750244909
     0.123229786217596     0.071146750244909    -0.151893983766525
65 50
     0.001739168464130    -0.000548967717417    -0.006209445618945
    -0.000548967717417     0.001473129107874    -0.004083762719782
    -0.006209445618945    -0.004083762719782     0.004771095332980
65 51
     0.001739168464130     0.000548967717417     0.006209445618945
     0.000548967717417     0.001473129107874    -0.004083762719782
     0.006209445618945    -0.004083762719782     0.004771095332980
65 52
    -0.048136623933129     0.041863758162051    -0.123229786217596
     0.041863758162051     0.000203480155170     0.071146750244909
    -0.123229786217596     0.071146750244909    -0.151893983766525
65 53
     0.001064218957797    -0.000159285438246    -0.006641365067831
    -0.000159285438246     0.002148078614206    -0.003335656289534
    -0.006641365067831    -0.003335656289534     0.004771095332980
65 54
     0.002713972678967     0.000000000000000     0.000000000000000
     0.000000000000000     0.002713972678967     0.000000000000000
     0.000000000000000     0.000000000000000    -0.004527905737201
65 55
     0.001064218957797     0.000159285438246     0.006641365067831
     0.000159285438246     0.002148078614206    -0.003335656289534
     0.006641365067831    -0.003335656289534     0.004771095332980
65 56
     0.018011503813774    -0.000000000000000     0.000000000000000
    -0.000000000000000    -0.001104759199690     0.008178309817097
     0.000000000000000     0.008178309817097     0.016829703061453
65 57
     0.002015058936078     0.000389682279171    -0.000431919448886
     0.000389682279171     0.001197238635925     0.007419419009315
    -0.000431919448886     0.007419419009315     0.004771095332980
65 58
     0.002015058936078    -0.000389682279171     0.000431919448886
    -0.000389682279171     0.001197238635925     0.007419419009315
     0.000431919448886     0.007419419009315     0.004771095332980
65 59
     0.002335823460580     0.000391355356929     0.001438762793017
     0.000391355356929     0.001883925219237     0.000830670085849
     0.001438762793017     0.000830670085849     0.001179220076312
65 60
     0.002335823460580    -0.000391355356929    -0.001438762793017
    -0.000391355356929     0.001883925219237     0.000830670085849
    -0.001438762793017     0.000830670085849     0.001179220076312
65 61
     0.024373532199319    -0.000000000000000     0.000000000000000
    -0.000000000000000    -0.072306675977279    -0.142293500489819
     0.000000000000000    -0.142293500489819    -0.151893983766525
65 62
     0.003674306553676     0.008277584697542     0.007082624061626
     0.008277584697542     0.013232438060408    -0.004089154908549
     0.007082624061626    -0.004089154908549     0.016829703061453
65 63
     0.001657976098565    -0.000000000000000     0.000000000000000
     0.000000000000000     0.002561772581252    -0.001661340171697
     0.000000000000000    -0.001661340171697     0.001179220076312
65 64
     0.003674306553676    -0.008277584697542    -0.007082624061626
    -0.008277584697542     0.013232438060408    -0.004089154908549
    -0.007082624061626    -0.004089154908549     0.016829703061453
65 65
    12.154360565150439     0.000000000000000     0.000000000000000
     0.000000000000000    12.154360565150434     0.000000000000000
     0.000000000000000     0.000000000000000    15.916354246657789
65 66
    -0.780880091709106    -0.031505419360699    -0.129589137812317
     0.031505419360699     0.087633402420382     0.032454656593056
     0.129589137812317     0.032454656593056     0.342893847447905
65 67
     0.004953529507474     0.000000000000000     0.000000000000000
     0.000000000000000    -0.000153573383367    -0.002505116444442
     0.000000000000000    -0.002505116444442     0.069044480282430
65 68
    -0.780880091709106     0.031505419360699     0.129589137812317
    -0.031505419360699     0.087633402420382     0.032454656593056
    -0.129589137812317     0.032454656593056     0.342893847447905
65 69
    -0.129494971111990    -0.344571955362163    -0.036688011825472
    -0.407582794083561    -0.563751718176734    -0.128454813696517
     0.092901125986845     0.096000157103461     0.342893847447905
65 70
     0.021095536426431     0.014331003570899     0.005851149978573
     0.014331003570899     0.004547518887600     0.003378163015198
    -0.005126473547667    -0.002959770882739     0.006430099879956
65 71
     0.021095536426431    -0.014331003570899    -0.005851149978573
    -0.014331003570899     0.004547518887600     0.003378163015198
     0.005126473547667    -0.002959770882739     0.006430099879956
65 72
    -0.129494971111990     0.344571955362162     0.036688011825472
     0.407582794083560    -0.563751718176734    -0.128454813696517
    -0.092901125986845     0.096000157103461     0.342893847447905
65 73
     0.001123202339343     0.002211440421605    -0.002169494480325
     0.002211440421605     0.003676753784764     0.001252558222221
    -0.002169494480325     0.001252558222221     0.069044480282430
65 74
    -0.003726489881816     0.000000000000000     0.000000000000000
     0.000000000000000     0.029369545195847    -0.006756326030397
     0.000000000000000     0.005919541765478     0.006430099879956
65 75
     0.001123202339343    -0.002211440421605     0.002169494480325
    -0.002211440421605     0.003676753784764     0.001252558222221
     0.002169494480325     0.001252558222221     0.069044480282430
65 76
    -0.003726489881816     0.000000000000000     0.000000000000000
     0.000000000000000     0.029369545195847     0.005919541765478
     0.000000000000000    -0.006756326030397     0.006430099879956
65 77
    -0.129494971111990    -0.407582794083561     0.092901125986845
    -0.344571955362163    -0.563751718176734     0.096000157103461
    -0.036688011825472    -0.128454813696517     0.342893847447905
65 78
    -0.129494971111990     0.407582794083560    -0.092901125986845
     0.344571955362162    -0.563751718176734     0.096000157103461
     0.036688011825472    -0.128454813696517     0.342893847447905
65 79
     0.021095536426431    -0.014331003570899     0.005126473547667
    -0.014331003570899     0.004547518887600    -0.002959770882739
    -0.005851149978573     0.003378163015198     0.006430099879956
65 80
     0.021095536426431     0.014331003570899    -0.005126473547667
     0.014331003570899     0.004547518887600    -0.002959770882739
     0.005851149978573     0.003378163015198     0.006430099879956
65 81
     0.215599559590057     0.000000000000000     0.000000000000000
     0.000000000000000     0.215599559590057     0.000000000000000
     0.000000000000000     0.000000000000000    -1.947673036227935
65 82
    -0.172232516161552     0.167267121535432    -0.158764598144992
    -0.166589981929977     0.211468773094315    -0.156718797962333
    -0.157002384033832     0.149214566083297    -0.019813030069251
65 83
    -0.011271458419625     0.000000000000000     0.000000000000000
     0.000000000000000     0.030976288339334     0.008151823605103
     0.000000000000000    -0.010895061371113    -0.008554680608436
65 84
    -0.172232516161552    -0.167267121535432     0.158764598144992
     0.166589981929977     0.211468773094315    -0.156718797962333
     0.157002384033832     0.149214566083297    -0.019813030069251
65 85
     0.115836660830465    -0.332906798811552    -0.215104759358437
     0.000950304653857    -0.076600403897702    -0.059134776234024
     0.050722412825891    -0.210575336069668    -0.019813030069251
65 86
    -0.006426630203567    -0.000661880471232     0.001174983950642
    -0.000661880471232    -0.005662356467093     0.000678377300197
    -0.015646862570692    -0.009033720317162     0.034325034521661
65 87
    -0.006426630203567     0.000661880471232    -0.001174983950642
     0.000661880471232    -0.005662356467093     0.000678377300197
     0.015646862570692    -0.009033720317162     0.034325034521661
65 88
     0.115836660830465     0.332906798811552     0.215104759358437
    -0.000950304653857    -0.076600403897702    -0.059134776234024
    -0.050722412825891    -0.210575336069668    -0.019813030069251
65 89
     0.020414351649594    -0.018293810972955     0.007059686329189
    -0.018293810972955    -0.000709521729886    -0.004075911802552
    -0.009435399923174     0.005447530685556    -0.008554680608436
65 90
    -0.005280219598856     0.000000000000000     0.000000000000000
     0.000000000000000    -0.006808767071804    -0.001356754600394
     0.000000000000000     0.018067440634324     0.034325034521661
65 91
     0.020414351649594     0.018293810972955    -0.007059686329189
     0.018293810972955    -0.000709521729886    -0.004075911802552
     0.009435399923174     0.005447530685556    -0.008554680608436
65 92
    -0.004466151414597    -0.000000000000000     0.000000000000000
    -0.000000000000000    -0.007931865531204    -0.014695307759023
     0.000000000000000     0.001934928113167     0.034221988920036
65 93
     0.115250240730232     0.000611734851130    -0.056340161213445
    -0.333245368614280    -0.076013983797469     0.215853574196357
     0.207724796859724     0.061360769986371    -0.019813030069251
65 94
     0.115250240730232    -0.000611734851130     0.056340161213445
     0.333245368614280    -0.076013983797469     0.215853574196357
    -0.207724796859724     0.061360769986371    -0.019813030069251
65 95
    -0.007065437002052     0.001500698233618    -0.012726509835745
     0.001500698233618    -0.005332579943748     0.007347653879512
     0.001675696900499    -0.000967464056583     0.034221988920036
65 96
    -0.007065437002052    -0.001500698233618     0.012726509835745
    -0.001500698233618    -0.005332579943748     0.007347653879512
    -0.001675696900499    -0.000967464056583     0.034221988920036
81 1
    -0.004303914634365    -0.000000000000000     0.000000000000000
     0.000000000000000    -0.004303914634365     0.000000000000000
     0.000000000000000     0.000000000000000     0.011185313544229
81 2
    -0.002602150069309     0.000403144222268    -0.000272083624944
     0.001893377567151    -0.002028931170823    -0.001910962598098
    -0.001023119574973     0.002794957241445    -0.002545636369013
81 3
    -0.001872828341321    -0.000000000000000     0.000000000000000
    -0.000000000000000    -0.001869325450738    -0.001912365444093
     0.000000000000000     0.000562679073765     0.000537235110484
81 4
    -0.002602150069309    -0.000403144222268     0.000272083624944
    -0.001893377567151    -0.002028931170823    -0.001910962598098
     0.001023119574973     0.002794957241445    -0.002545636369013
81 5
    -0.001177812790453     0.001071036055787    -0.001790983968106
    -0.000419197289096    -0.003453268449678     0.000719849967893
     0.001908944186097    -0.002283526163758    -0.002545636369013
81 6
    -0.001637141101090     0.000766594056592    -0.000648199453121
     0.000766594056592    -0.002522327670955    -0.000374238128748
    -0.000034231406747    -0.000019763511900    -0.000400845414371
81 7
    -0.001637141101090    -0.000766594056592     0.000648199453121
    -0.000766594056592    -0.002522327670955    -0.000374238128748
     0.000034231406747    -0.000019763511900    -0.000400845414371
81 8
    -0.001177812790453    -0.001071036055787     0.001790983968106
     0.000419197289096    -0.003453268449678     0.000719849967893
    -0.001908944186097    -0.002283526163758    -0.002545636369013
81 9
    -0.001870201173383    -0.000001516796116    -0.001656157055904
    -0.000001516796116    -0.001871952618675     0.000956182722047
     0.000487294372058    -0.000281339536882     0.000537235110484
81 10
    -0.002964920955887    -0.000000000000000     0.000000000000000
    -0.000000000000000    -0.001194547816157     0.000748476257496
     0.000000000000000     0.000039527023801    -0.000400845414371
81 11
    -0.001870201173383     0.000001516796116     0.001656157055904
     0.000001516796116    -0.001871952618675     0.000956182722047
    -0.000487294372058    -0.000281339536882     0.000537235110484
81 12
    -0.000828606593502    -0.000000000000000     0.000000000000000
    -0.000000000000000    -0.002234052918879    -0.000682272219989
     0.000000000000000     0.000960462077084    -0.000742980523130
81 13
    -0.003166659000435    -0.001567458183805    -0.001518900343162
    -0.000077224838923    -0.001464422239697     0.001191112630204
     0.002932063761069    -0.000511431077687    -0.002545636369013
81 14
    -0.003166659000435     0.001567458183805     0.001518900343162
     0.000077224838923    -0.001464422239697     0.001191112630204
    -0.002932063761069    -0.000511431077687    -0.002545636369013
81 15
    -0.001882691337535     0.000608576110716    -0.000590865074807
     0.000608576110716    -0.001179968174846     0.000341136109994
     0.000831784558127    -0.000480231038542    -0.000742980523130
81 16
    -0.001882691337535    -0.000608576110716     0.000590865074807
    -0.000608576110716    -0.001179968174846     0.000341136109994
    -0.000831784558127    -0.000480231038542    -0.000742980523130
81 17
    -4.497361410048404    -1.730224743133850     3.292018726628013
    -1.730224743133850    -2.499469967634644     1.900647897995972
     3.260838107084626     1.882645758909099    -4.917590734953750
81 18
    -0.069231947353684    -0.023329043830950     0.053013264622454
     0.102910444106980    -0.020752768419157    -0.007879342083817
    -0.000885653309406    -0.016622555624038    -0.084966359497350
81 19
    -0.069231947353684     0.023329043830950    -0.053013264622454
    -0.102910444106980    -0.020752768419157    -0.007879342083817
     0.000885653309406    -0.016622555624038    -0.084966359497350
81 20
    -4.497361410048405     1.730224743133850    -3.292018726628013
     1.730224743133849    -2.499469967634644     1.900647897995972
    -3.260838107084627     1.882645758909099    -4.917590734953750
81 21
     0.001587194001101     0.062022993782017     0.019682921901533
    -0.064216494155913    -0.091571909773942     0.049850504942501
    -0.014838382100940     0.007544279547127    -0.084966359497350
81 22
     0.028501696862857     0.000000000000000     0.000000000000000
     0.000000000000000     0.028501696862857     0.000000000000000
     0.000000000000000     0.000000000000000    -0.028522612521066
81 23
     0.001587194001101    -0.062022993782017    -0.019682921901533
     0.064216494155913    -0.091571909773942     0.049850504942501
     0.014838382100940     0.007544279547127    -0.084966359497350
81 24
     0.429894460896217     0.000000000000000     0.000000000000000
     0.000000000000000    -0.295449197196990     0.219442018257233
     0.000000000000000     0.160844811071358    -0.276310729423092
81 25
    -0.067332320306679    -0.104007194293928    -0.033330342720921
     0.022232293644002    -0.022652395466162    -0.041971162858683
    -0.013952728791534     0.009078276076911    -0.084966359497350
81 26
    -0.067332320306679     0.104007194293928     0.033330342720921
    -0.022232293644002    -0.022652395466162    -0.041971162858683
     0.013952728791534     0.009078276076911    -0.084966359497350
81 27
    -0.005119895142745    -0.003833795244535    -0.007302071494635
    -0.003833795244535    -0.000693009709845    -0.004215852943069
    -0.015780511953162    -0.009110882824108     0.010239230436689
81 28
    -0.005119895142745     0.003833795244535     0.007302071494635
     0.003833795244535    -0.000693009709845    -0.004215852943069
     0.015780511953162    -0.009110882824108     0.010239230436689
81 29
    -1.500524246427765     0.000000000000000     0.000000000000000
     0.000000000000000    -5.496307131255282    -3.801295795991944
     0.000000000000000    -3.765291517818197    -4.917590734953750
81 30
    -0.114113282673689     0.314083017191326     0.190042362468492
     0.314083017191326     0.248558546372915    -0.109721009128617
     0.139295692454705    -0.080422405535679    -0.276310729423092
81 31
     0.001520433006605     0.000000000000000     0.000000000000000
     0.000000000000000    -0.007333337859195     0.008431705886139
     0.000000000000000     0.018221765648216     0.010239230436689
81 32
    -0.114113282673689    -0.314083017191325    -0.190042362468492
    -0.314083017191325     0.248558546372915    -0.109721009128617
    -0.139295692454705    -0.080422405535679    -0.276310729423092
81 33
    -0.002440407278360    -0.000444261393337     0.000200993898625
    -0.000444261393337    -0.001927418408292     0.000116043881477
     0.000200993898625     0.000116043881477    -0.005125814749983
81 34
    -0.002810676977808     0.000008831195690     0.000043304190266
     0.000008831195690    -0.002433044759773     0.000171096905810
     0.000043304190266     0.000171096905810    -0.003605422838752
81 35
    -0.002810676977808    -0.000008831195690    -0.000043304190266
    -0.000008831195690    -0.002433044759773     0.000171096905810
    -0.000043304190266     0.000171096905810    -0.003605422838752
81 36
    -0.002440407278360     0.000444261393337    -0.000200993898625
     0.000444261393337    -0.001927418408292     0.000116043881477
    -0.000200993898625     0.000116043881477    -0.005125814749983
81 37
    -0.002519804774468    -0.000159103949207     0.000169826362074
    -0.000159103949207    -0.002723916963113    -0.000048045924044
     0.000169826362074    -0.000048045924044    -0.003605422838752
81 38
    -0.002900639686276    -0.000000000000000     0.000000000000000
     0.000000000000000    -0.002900639686276     0.000000000000000
     0.000000000000000     0.000000000000000    -0.003387574754788
81 39
    -0.002519804774468     0.000159103949207    -0.000169826362074
     0.000159103949207    -0.002723916963113    -0.000048045924044
    -0.000169826362074    -0.000048045924044    -0.003605422838752
81 40
    -0.002026551171683     0.000000000000000     0.000000000000000
     0.000000000000000    -0.002073200059420    -0.000260989532277
     0.000000000000000    -0.000260989532277    -0.002768115577223
81 41
    -0.002535100854096    -0.000167935144898     0.000126522171807
    -0.000167935144898    -0.002708620883486    -0.000123050981766
     0.000126522171807    -0.000123050981766    -0.003605422838752
81 42
    -0.002535100854096     0.000167935144898    -0.000126522171807
     0.000167935144898    -0.002708620883486    -0.000123050981766
    -0.000126522171807    -0.000123050981766    -0.003605422838752
81 43
    -0.002400171289102     0.000052129558319    -0.000011425831142
     0.000052129558319    -0.002460365318159    -0.000006596706685
    -0.000011425831142    -0.000006596706685    -0.003270005947555
81 44
    -0.002400171289102    -0.000052129558319     0.000011425831142
    -0.000052129558319    -0.002460365318159    -0.000006596706685
     0.000011425831142    -0.000006596706685    -0.003270005947555
81 45
    -0.001670923973258    -0.000000000000000     0.000000000000000
    -0.000000000000000    -0.002696901713394    -0.000232087762953
     0.000000000000000    -0.000232087762953    -0.005125814749983
81 46
    -0.002061537837486     0.000020199560919    -0.000226023565074
     0.000020199560919    -0.002038213393617     0.000130494766139
    -0.000226023565074     0.000130494766139    -0.002768115577223
81 47
    -0.002490462332687     0.000000000000000     0.000000000000000
    -0.000000000000000    -0.002370074274574     0.000013193413371
     0.000000000000000     0.000013193413371    -0.003270005947555
81 48
    -0.002061537837486    -0.000020199560919     0.000226023565074
    -0.000020199560919    -0.002038213393617     0.000130494766139
     0.000226023565074     0.000130494766139    -0.002768115577223
81 49
     0.000444793144373     0.000567432886682    -0.001088095577950
     0.000567432886682    -0.000210421915372    -0.000628212274833
    -0.001380659880167    -0.000797124353474    -0.002383701391629
81 50
     0.002572398682544     0.000615171743644    -0.000713257362150
     0.001572358891044     0.001003284828582    -0.001249028174298
    -0.002003284927585    -0.001185171625721    -0.001310861326384
81 51
     0.002572398682544    -0.000615171743644     0.000713257362150
    -0.001572358891044     0.001003284828582    -0.001249028174298
     0.002003284927585    -0.001185171625721    -0.001310861326384
81 52
     0.000444793144373    -0.000567432886682     0.001088095577950
    -0.000567432886682    -0.000210421915372    -0.000628212274833
     0.001380659880167    -0.000797124353474    -0.002383701391629
81 53
     0.002342791842671     0.001704922461853    -0.001438318810059
     0.000747735314453     0.001232891668456     0.000006815092090
    -0.002028031199511    -0.001142309825447    -0.001310861326384
81 54
    -0.000367458250729    -0.000000000000000     0.000000000000000
    -0.000000000000000    -0.000367458250729     0.000000000000000
     0.000000000000000     0.000000000000000    -0.000611771511327
81 55
     0.002342791842671    -0.001704922461853     0.001438318810059
    -0.000747735314453     0.001232891668456     0.000006815092090
     0.002028031199511    -0.001142309825447    -0.001310861326384
81 56
     0.001165327173637     0.000000000000000     0.000000000000000
     0.000000000000000     0.001969771005459    -0.007038081710918
     0.000000000000000    -0.001118426664323     0.001667877781007
81 57
     0.000448334741475    -0.000346030002891    -0.000725061447909
     0.000611157144509     0.003127348769652     0.001242213082207
    -0.000024746271926     0.002327481451167    -0.001310861326384
81 58
     0.000448334741475     0.000346030002891     0.000725061447909
    -0.000611157144509     0.003127348769652     0.001242213082207
     0.000024746271926     0.002327481451167    -0.001310861326384
81 59
    -0.000115082993213    -0.000447443113457     0.000673239336432
    -0.000447443113457     0.000401579810790     0.000388694912118
     0.000692883905321     0.000400036709254    -0.001840513742792
81 60
    -0.000115082993213     0.000447443113457    -0.000673239336432
     0.000447443113457     0.000401579810790     0.000388694912118
    -0.000692883905321     0.000400036709254    -0.001840513742792
81 61
    -0.000538029445245     0.000000000000000     0.000000000000000
     0.000000000000000     0.000772400674246     0.001256424549666
     0.000000000000000     0.001594248706948    -0.002383701391629
81 62
     0.001768660047503    -0.000348334397138    -0.006095157555565
    -0.000348334397138     0.001366438131593     0.003519040855459
    -0.000968585903574     0.000559213332162     0.001667877781007
81 63
     0.000659911212792     0.000000000000000     0.000000000000000
     0.000000000000000    -0.000373414395214    -0.000777389824236
     0.000000000000000    -0.000800073418508    -0.001840513742792
81 64
     0.001768660047503     0.000348334397138     0.006095157555565
     0.000348334397138     0.001366438131593     0.003519040855459
     0.000968585903574     0.000559213332162     0.001667877781007
81 65
     0.215599559590057     0.000000000000000     0.000000000000000
     0.000000000000000     0.215599559590057     0.000000000000000
     0.000000000000000     0.000000000000000    -1.947673036227935
81 66
    -0.172232516161552     0.166589981929977     0.157002384033832
    -0.167267121535432     0.211468773094315     0.149214566083297
     0.158764598144992    -0.156718797962333    -0.019813030069251
81 67
    -0.011271458419625     0.000000000000000     0.000000000000000
     0.000000000000000     0.030976288339334    -0.010895061371113
     0.000000000000000     0.008151823605103    -0.008554680608436
81 68
    -0.172232516161552    -0.166589981929977    -0.157002384033832
     0.167267121535432     0.211468773094315     0.149214566083297
    -0.158764598144992    -0.156718797962333    -0.019813030069251
81 69
     0.115250240730232    -0.333245368614280     0.207724796859724
     0.000611734851130    -0.076013983797469     0.061360769986371
    -0.056340161213445     0.215853574196357    -0.019813030069251
81 70
    -0.007065437002052    -0.001500698233618    -0.001675696900499
    -0.001500698233618    -0.005332579943748    -0.000967464056583
     0.012726509835745     0.007347653879512     0.034221988920036
81 71
    -0.007065437002052     0.001500698233618     0.001675696900499
     0.001500698233618    -0.005332579943748    -0.000967464056583
    -0.012726509835745     0.007347653879512     0.034221988920036
81 72
     0.115250240730232     0.333245368614280    -0.207724796859724
    -0.000611734851130    -0.076013983797469     0.061360769986371
     0.056340161213445     0.215853574196357    -0.019813030069251
81 73
     0.020414351649594    -0.018293810972955    -0.009435399923174
    -0.018293810972955    -0.000709521729886     0.005447530685556
     0.007059686329189    -0.004075911802552    -0.008554680608436
81 74
    -0.004466151414597    -0.000000000000000     0.000000000000000
    -0.000000000000000    -0.007931865531204     0.001934928113167
     0.000000000000000    -0.014695307759023     0.034221988920036
81 75
     0.020414351649594     0.018293810972955     0.009435399923174
     0.018293810972955    -0.000709521729886     0.005447530685556
    -0.007059686329189    -0.004075911802552    -0.008554680608436
81 76
    -0.005280219598856     0.000000000000000     0.000000000000000
     0.000000000000000    -0.006808767071804     0.018067440634324
     0.000000000000000    -0.001356754600394     0.034325034521661
81 77
     0.115836660830465     0.000950304653857     0.050722412825891
    -0.332906798811552    -0.076600403897702    -0.210575336069668
    -0.215104759358437    -0.059134776234024    -0.019813030069251
81 78
     0.115836660830465    -0.000950304653857    -0.050722412825891
     0.332906798811552    -0.076600403897702    -0.210575336069668
     0.215104759358437    -0.059134776234024    -0.019813030069251
81 79
    -0.006426630203567     0.000661880471232     0.015646862570692
     0.000661880471232    -0.005662356467093    -0.009033720317162
    -0.001174983950642     0.000678377300197     0.034325034521661
81 80
    -0.006426630203567    -0.000661880471232    -0.015646862570692
    -0.000661880471232    -0.005662356467093    -0.009033720317162
     0.001174983950642     0.000678377300197     0.034325034521661
81 81
    12.282297295606625     0.000000000000000     0.000000000000000
     0.000000000000000    12.282297295606620     0.000000000000000
     0.000000000000000     0.000000000000000    15.706055080431032
81 82
    -0.761042380400218    -0.038473183305328     0.149801715182101
     0.038473183305328     0.077309347921466    -0.025963617430995
    -0.149801715182101    -0.025963617430995     0.361725023606031
81 83
    -0.002539683641413    -0.000000000000000     0.000000000000000
    -0.000000000000000    -0.007396271882274     0.008058531480721
     0.000000000000000     0.008058531480721     0.061805218026628
81 84
    -0.761042380400218     0.038473183305328    -0.149801715182101
    -0.038473183305328     0.077309347921466    -0.025963617430995
     0.149801715182101    -0.025963617430995     0.361725023606031
81 85
    -0.132278584158955    -0.324543763711256     0.052415705321668
    -0.401490130321912    -0.551454448319797     0.142713899593678
    -0.097386009860433    -0.116750282162683     0.361725023606031
81 86
     0.017456396092986     0.013248086413010    -0.004401370564826
     0.013248086413010     0.002158823579389    -0.002541132480406
     0.007653845163024     0.004418949565207    -0.000895511230905
81 87
     0.017456396092986    -0.013248086413010     0.004401370564826
    -0.013248086413010     0.002158823579389    -0.002541132480406
    -0.007653845163024     0.004418949565207    -0.000895511230905
81 88
    -0.132278584158955     0.324543763711255    -0.052415705321668
     0.401490130321912    -0.551454448319797     0.142713899593678
     0.097386009860433    -0.116750282162683     0.361725023606031
81 89
    -0.006182124822059     0.002102964396153     0.006978892979501
     0.002102964396153    -0.003753830701628    -0.004029265740360
     0.006978892979501    -0.004029265740360     0.061805218026628
81 90
    -0.005489962677409     0.000000000000000     0.000000000000000
     0.000000000000000     0.025105182349785     0.005082264960811
     0.000000000000000    -0.008837899130415    -0.000895511230905
81 91
    -0.006182124822059    -0.002102964396153    -0.006978892979501
    -0.002102964396153    -0.003753830701628    -0.004029265740360
    -0.006978892979501    -0.004029265740360     0.061805218026628
81 92
    -0.005489962677409     0.000000000000000     0.000000000000000
     0.000000000000000     0.025105182349785    -0.008837899130415
     0.000000000000000     0.005082264960811    -0.000895511230905
81 93
    -0.132278584158955    -0.401490130321912    -0.097386009860433
    -0.324543763711256    -0.551454448319797    -0.116750282162683
     0.052415705321668     0.142713899593678     0.361725023606031
81 94
    -0.132278584158955     0.401490130321912     0.097386009860433
     0.324543763711255    -0.551454448319797    -0.116750282162683
    -0.052415705321668     0.142713899593678     0.361725023606031
81 95
     0.017456396092986    -0.013248086413010    -0.007653845163024
    -0.013248086413010     0.002158823579389     0.004418949565207
     0.004401370564826    -0.002541132480406    -0.000895511230905
81 96
     0.017456396092986     0.013248086413010     0.007653845163024
     0.013248086413010     0.002158823579389     0.004418949565207
    -0.004401370564826    -0.002541132480406    -0.000895511230905