   6   96
1 1
    18.007736430923924    -0.000000000000002     0.000000000000000
    -0.000000000000002    18.007736430923934     0.000000000000000
     0.000000000000000     0.000000000000000    21.562211309880972
1 2
    -0.291330620325948    -0.853859325553172     0.019979129250954
     0.853859325553172    -0.201635565363780     0.011091650127318
    -0.019979129250954     0.011091650127318     0.666513831395978
1 3
    -0.112377991865785    -0.000000000000000     0.000000000000000
    -0.000000000000000     0.079500969838710     0.006701615454188
     0.000000000000000     0.006701615454188    -0.081253292861990
1 4
    -0.291330620325948     0.853859325553172    -0.019979129250954
    -0.853859325553172    -0.201635565363780     0.011091650127318
     0.019979129250954     0.011091650127318     0.666513831395978
1 5
    -0.224059329104321     0.815020227457633     0.019595215405623
    -0.892698423648711    -0.268906856585405     0.011756608413160
    -0.000383913845331    -0.022848258540478     0.666513831395978
1 6
    -0.036060939784639     0.051977021041312    -0.001612604049169
     0.051977021041312    -0.096078833964393    -0.000931037381884
     0.011567603000512     0.006678558706225    -0.041638808151611
1 7
    -0.036060939784639    -0.051977021041313     0.001612604049169
    -0.051977021041312    -0.096078833964393    -0.000931037381884
    -0.011567603000512     0.006678558706225    -0.041638808151611
1 8
    -0.224059329104321    -0.815020227457632    -0.019595215405623
     0.892698423648712    -0.268906856585405     0.011756608413160
     0.000383913845331    -0.022848258540478     0.666513831395978
1 9
     0.031531229412587    -0.083086027643937     0.005803769229722
    -0.083086027643937    -0.064408251439661    -0.003350807727094
     0.005803769229722    -0.003350807727094    -0.081253292861990
1 10
    -0.126087781054269    -0.000000000000000     0.000000000000000
    -0.000000000000000    -0.006051992694763     0.001862074763768
     0.000000000000000    -0.013357117412449    -0.041638808151611
1 11
     0.031531229412587     0.083086027643937    -0.005803769229722
     0.083086027643937    -0.064408251439661    -0.003350807727094
    -0.005803769229722    -0.003350807727094    -0.081253292861990
1 12
    -0.126087781054269    -0.000000000000000     0.000000000000000
    -0.000000000000000    -0.006051992694763    -0.013357117412449
     0.000000000000000     0.001862074763768    -0.041638808151611
1 13
    -0.224059329104321    -0.892698423648711    -0.000383913845331
     0.815020227457633    -0.268906856585405    -0.022848258540478
     0.019595215405623     0.011756608413160     0.666513831395978
1 14
    -0.224059329104321     0.892698423648712     0.000383913845331
    -0.815020227457632    -0.268906856585405    -0.022848258540478
    -0.019595215405623     0.011756608413160     0.666513831395978
1 15
    -0.036060939784639    -0.051977021041312    -0.011567603000512
    -0.051977021041313    -0.096078833964393     0.006678558706225
     0.001612604049169    -0.000931037381884    -0.041638808151611
1 16
    -0.036060939784639     0.051977021041312     0.011567603000512
     0.051977021041312    -0.096078833964393     0.006678558706225
    -0.001612604049169    -0.000931037381884    -0.041638808151611
1 17
    -3.487429415938184    -1.281845570273907     2.548347294059989
    -1.281845570273905    -2.007281645823851     1.471288996214189
     2.553599570947017     1.474321399688773    -3.874124074824387
1 18
    -0.046384220542671     0.084596356359323    -0.011757699264882
    -0.024810720069906    -0.015633245393543    -0.017192469196078
     0.036186440339544     0.003704561657594    -0.090122691525083
1 19
    -0.046384220542671    -0.084596356359323     0.011757699264882
     0.024810720069906    -0.015633245393543    -0.017192469196078
    -0.036186440339544     0.003704561657594    -0.090122691525083
1 20
    -3.487429415938187     1.281845570273904    -2.548347294059988
     1.281845570273904    -2.007281645823850     1.471288996214188
    -2.553599570947017     1.474321399688773    -3.874124074824383
1 21
     0.002566950723201    -0.053072691977404    -0.020767964710026
     0.056334384451824    -0.064584416659415    -0.001586231655406
     0.021301464675134     0.029486095777778    -0.090122691525083
1 22
     0.012264632483153     0.000000000000000     0.000000000000000
     0.000000000000000     0.012264632483153     0.000000000000000
     0.000000000000000     0.000000000000000    -0.007280246720359
1 23
     0.002566950723201     0.053072691977404     0.020767964710026
    -0.056334384451824    -0.064584416659415    -0.001586231655406
    -0.021301464675134     0.029486095777778    -0.090122691525083
1 24
     0.299592860214862     0.000000000000000     0.000000000000000
     0.000000000000000    -0.138409794196144     0.004118736067031
     0.000000000000000     0.179253656629072    -0.179639494989797
1 25
    -0.049208929084851     0.026441566307116    -0.009010265445144
    -0.082965510122113    -0.012808536851363     0.018778700851485
    -0.014884975664410    -0.033190657435372    -0.090122691525083
1 26
    -0.049208929084851    -0.026441566307116     0.009010265445144
     0.082965510122113    -0.012808536851363     0.018778700851485
     0.014884975664410    -0.033190657435372    -0.090122691525083
1 27
     0.011471290277544    -0.004453572593834    -0.014414520591327
    -0.004453572593834     0.016613832949355    -0.008322227343642
     0.004236648331413     0.002446030054603     0.009580717555421
1 28
     0.011471290277544     0.004453572593834     0.014414520591327
     0.004453572593834     0.016613832949355    -0.008322227343642
    -0.004236648331413     0.002446030054603     0.009580717555421
1 29
    -1.267207760766683     0.000000000000001     0.000000000000000
     0.000000000000001    -4.227503300995354    -2.942577992428377
     0.000000000000000    -2.948642799377546    -3.874124074824385
1 30
    -0.028909130593392     0.189660712822473     0.003566930065532
     0.189660712822473     0.190092196612111    -0.002059368033516
     0.155238220362029    -0.089626828314536    -0.179639494989796
1 31
     0.019185104285261    -0.000000000000000     0.000000000000000
    -0.000000000000000     0.008900018941638     0.016644454687284
     0.000000000000000    -0.004892060109206     0.009580717555421
1 32
    -0.028909130593392    -0.189660712822473    -0.003566930065532
    -0.189660712822473     0.190092196612110    -0.002059368033516
    -0.155238220362029    -0.089626828314536    -0.179639494989797
1 33
    -3.401841567542771    -1.246991857630787    -2.491899173153730
    -1.246991857630786    -1.961939398181964    -1.438698658413712
    -2.406207830112140    -1.389224738441429    -3.716034012541319
1 34
    -0.033776695334365     0.077323378444398     0.015529768671829
    -0.028889090484216    -0.011157199547130     0.013459951403674
    -0.038310836261102    -0.014390085156140    -0.095065394680920
1 35
    -0.033776695334365    -0.077323378444398    -0.015529768671829
     0.028889090484216    -0.011157199547130     0.013459951403674
     0.038310836261102    -0.014390085156140    -0.095065394680920
1 36
    -3.401841567542773     1.246991857630784     2.491899173153729
     1.246991857630784    -1.961939398181962    -1.438698658413711
     2.406207830112140    -1.389224738441429    -3.716034012541315
1 37
     0.004160588399925    -0.050792191460531     0.019421544185200
     0.055420277468082    -0.049094483281420     0.006719198482863
    -0.031617597438390    -0.025983114864270    -0.095065394680920
1 38
     0.008882068740579     0.000000000000000     0.000000000000000
     0.000000000000000     0.008882068740579     0.000000000000000
     0.000000000000000     0.000000000000000    -0.007548584324988
1 39
     0.004160588399925     0.050792191460531    -0.019421544185200
    -0.055420277468082    -0.049094483281420     0.006719198482863
     0.031617597438390    -0.025983114864270    -0.095065394680920
1 40
     0.313435627095558     0.000000000000000     0.000000000000000
     0.000000000000000    -0.128163338266351    -0.023829355623187
     0.000000000000000    -0.201839648935543    -0.157029107702726
1 41
    -0.037784735387803     0.031203133487991     0.003891775513371
    -0.075009335440622    -0.007149159493692    -0.020179149886536
     0.006693238822712     0.040373200020410    -0.095065394680920
1 42
    -0.037784735387803    -0.031203133487991    -0.003891775513371
     0.075009335440622    -0.007149159493692    -0.020179149886536
    -0.006693238822712     0.040373200020410    -0.095065394680920
1 43
     0.012886393704754    -0.007573852484567     0.018329529883772
    -0.007573852484567     0.021631925246289     0.010582559012515
     0.004483275320508     0.002588420213147     0.008300746474263
1 44
     0.012886393704754     0.007573852484567    -0.018329529883772
     0.007573852484567     0.021631925246289     0.010582559012515
    -0.004483275320508     0.002588420213147     0.008300746474263
1 45
    -1.241988313501558     0.000000000000001     0.000000000000000
     0.000000000000001    -4.121792652223177     2.877397316827422
     0.000000000000000     2.778449476882858    -3.716034012541316
1 46
    -0.017763596925874     0.191217961144169    -0.020636827325494
     0.191217961144169     0.203035885755081     0.011914677811594
    -0.174798263469113     0.100919824467772    -0.157029107702725
1 47
     0.026004691017056    -0.000000000000000     0.000000000000000
    -0.000000000000000     0.008513627933987    -0.021165118025030
     0.000000000000000    -0.005176840426293     0.008300746474263
1 48
    -0.017763596925874    -0.191217961144169     0.020636827325494
    -0.191217961144169     0.203035885755081     0.011914677811594
     0.174798263469113     0.100919824467772    -0.157029107702725
1 49
    -0.001184270209550    -0.003003355772191    -0.018978720372175
    -0.003003355772191     0.002283706317543    -0.010957369315750
    -0.012694781880125    -0.007329335735794     0.007135539513139
1 50
     0.002461206145725     0.001407751550241     0.004405623500829
     0.001215707324391    -0.006748703999801     0.004250114851538
     0.004524889817767     0.005053566755258    -0.014388199733878
1 51
     0.002461206145725    -0.001407751550241    -0.004405623500829
    -0.001215707324391    -0.006748703999801     0.004250114851538
    -0.004524889817767     0.005053566755258    -0.014388199733878
1 52
    -0.001184270209550     0.003003355772191     0.018978720372175
     0.003003355772191     0.002283706317543    -0.010957369315750
     0.012694781880125    -0.007329335735794     0.007135539513139
1 53
    -0.003310235447812     0.004547850682032     0.005883519180848
     0.004739894907882    -0.000977262406264     0.001690324445458
     0.006638962098658     0.001391886153883    -0.014388199733878
1 54
     0.016747220407362     0.000000000000000     0.000000000000000
     0.000000000000000     0.016747220407362     0.000000000000000
     0.000000000000000     0.000000000000000    -0.018957299043391
1 55
    -0.003310235447812    -0.004547850682032    -0.005883519180848
    -0.004739894907882    -0.000977262406264     0.001690324445458
    -0.006638962098658     0.001391886153883    -0.014388199733878
1 56
     0.008373020853924     0.000000000000000     0.000000000000000
     0.000000000000000    -0.009271556518960    -0.000812659048450
     0.000000000000000    -0.008509858346074    -0.005876816254474
1 57
    -0.005582217479027     0.003428165470566     0.001477895680019
     0.003236121244716     0.001294719624951    -0.005940439296996
     0.002114072280891    -0.006445452909141    -0.014388199733878
1 58
    -0.005582217479027    -0.003428165470566    -0.001477895680019
    -0.003236121244716     0.001294719624951    -0.005940439296996
    -0.002114072280891    -0.006445452909141    -0.014388199733878
1 59
     0.000159801079969     0.000120819792083    -0.001009302430279
     0.000120819792083     0.000020290401004    -0.000582721029815
    -0.002851477502450    -0.001646301303628    -0.008402724499650
1 60
     0.000159801079969    -0.000120819792083     0.001009302430279
    -0.000120819792083     0.000020290401004    -0.000582721029815
     0.002851477502450    -0.001646301303628    -0.008402724499650
1 61
     0.004017694581090     0.000000000000000     0.000000000000000
     0.000000000000000    -0.002918258473096     0.021914738631500
     0.000000000000000     0.014658671471588     0.007135539513139
1 62
    -0.004860412175739     0.007640326121979    -0.000703783380573
     0.007640326121979     0.003961876510703     0.000406329524225
    -0.007369753510307     0.004254929173037    -0.005876816254474
1 63
    -0.000049464938478    -0.000000000000000     0.000000000000000
    -0.000000000000000     0.000229556419451     0.001165442059631
     0.000000000000000     0.003292602607255    -0.008402724499650
1 64
    -0.004860412175739    -0.007640326121979     0.000703783380573
    -0.007640326121979     0.003961876510703     0.000406329524225
     0.007369753510307     0.004254929173037    -0.005876816254474
1 65
    -0.030776934985048     0.000000000000000     0.000000000000000
    -0.000000000000000    -0.030776934985048     0.000000000000000
     0.000000000000000     0.000000000000000     0.066047645185960
1 66
    -0.009350421659637     0.008309315845129    -0.019301301294164
     0.002724313845286    -0.010911483959017    -0.019743589741654
    -0.016586372620762     0.011887259424534    -0.039343283146981
1 67
    -0.006902467532252    -0.000000000000000     0.000000000000000
    -0.000000000000000    -0.000105129907119     0.003219354704155
     0.000000000000000     0.001978769891217     0.002224443481029
1 68
    -0.009350421659637    -0.008309315845129     0.019301301294163
    -0.002724313845286    -0.010911483959017    -0.019743589741654
     0.016586372620762     0.011887259424534    -0.039343283146981
1 69
    -0.005743516580247     0.000641866226759    -0.026749100925252
     0.006226868226602    -0.014518389038407    -0.006843622376016
     0.002001482332642    -0.020307849758482    -0.039343283146981
1 70
    -0.002994602768561    -0.002201311817368    -0.002466272433697
    -0.002201311817368    -0.000452746827906    -0.001423903053490
    -0.004118081376040    -0.002377575391002     0.003459319285107
1 71
    -0.002994602768561     0.002201311817368     0.002466272433697
     0.002201311817368    -0.000452746827906    -0.001423903053490
     0.004118081376040    -0.002377575391002     0.003459319285107
1 72
    -0.005743516580247    -0.000641866226759     0.026749100925252
    -0.006226868226602    -0.014518389038407    -0.006843622376016
    -0.002001482332642    -0.020307849758482    -0.039343283146981
1 73
    -0.001804464313402    -0.002943333530732     0.002788042957591
    -0.002943333530732    -0.005203133125968    -0.001609677352077
     0.001713664994038    -0.000989384945609     0.002224443481029
1 74
     0.000818181142422     0.000000000000000     0.000000000000000
     0.000000000000000    -0.004265530738889     0.002847806106979
     0.000000000000000     0.004755150782003     0.003459319285107
1 75
    -0.001804464313402     0.002943333530732    -0.002788042957591
     0.002943333530732    -0.005203133125968    -0.001609677352077
    -0.001713664994038    -0.000989384945609     0.002224443481029
1 76
     0.000997642668832    -0.000000000000000     0.000000000000000
     0.000000000000000     0.007068763483829     0.005110105744356
     0.000000000000000    -0.002565042772233     0.000417963189578
1 77
    -0.015298920188097     0.000710053381394    -0.007447799631089
    -0.004874948618449    -0.004962985430557     0.026587212117670
     0.018587854953404     0.008420590333947    -0.039343283146981
1 78
    -0.015298920188097    -0.000710053381394     0.007447799631089
     0.004874948618449    -0.004962985430557     0.026587212117670
    -0.018587854953404     0.008420590333947    -0.039343283146981
1 79
     0.005550983280080    -0.002628872427616     0.004425481390637
    -0.002628872427616     0.002515422872581    -0.002555052872178
    -0.002221392202547     0.001282521386117     0.000417963189578
1 80
     0.005550983280080     0.002628872427616    -0.004425481390637
     0.002628872427616     0.002515422872581    -0.002555052872178
     0.002221392202547     0.001282521386117     0.000417963189578
1 81
    -0.000350315932919     0.000000000000000     0.000000000000000
    -0.000000000000000    -0.000350315932919     0.000000000000000
     0.000000000000000     0.000000000000000     0.006753453223516
1 82
    -0.003144196193761    -0.001335989796878    -0.000873071454142
     0.001182977940821    -0.000588171873563     0.000021838088702
     0.000529721915631    -0.003806389294766     0.002740606046031
1 83
    -0.002633114583320    -0.000000000000000     0.000000000000000
    -0.000000000000000    -0.001170364717349    -0.000869011123598
     0.000000000000000    -0.002190525295276     0.005320776943835
1 84
    -0.003144196193761     0.001335989796878     0.000873071454142
    -0.001182977940821    -0.000588171873563     0.000021838088702
    -0.000529721915631    -0.003806389294766     0.002740606046031
1 85
    -0.001293434030825     0.000114439907844    -0.000417623387485
    -0.002404527829854    -0.002438934036499    -0.000767021102957
    -0.003031568868145     0.002361947283260     0.002740606046031
1 86
    -0.001599194938238    -0.001254704533324    -0.000228456778946
    -0.001254704533324    -0.000150386938101    -0.000131899582822
    -0.001138360349702    -0.000657232654335     0.003250948198051
1 87
    -0.001599194938238     0.001254704533324     0.000228456778946
     0.001254704533324    -0.000150386938101    -0.000131899582822
     0.001138360349702    -0.000657232654335     0.003250948198051
1 88
    -0.001293434030825    -0.000114439907844     0.000417623387485
     0.002404527829854    -0.002438934036499    -0.000767021102957
     0.003031568868145     0.002361947283260     0.002740606046031
1 89
    -0.001536052183842    -0.000633389271656    -0.000752585709208
    -0.000633389271656    -0.002267427116827     0.000434505561799
    -0.001897050553341     0.001095262647638     0.005320776943835
1 90
     0.000574017061967     0.000000000000000     0.000000000000000
     0.000000000000000    -0.002323598938306     0.000263799165645
     0.000000000000000     0.001314465308670     0.003250948198051
1 91
    -0.001536052183842     0.000633389271656     0.000752585709208
     0.000633389271656    -0.002267427116827     0.000434505561799
     0.001897050553341     0.001095262647638     0.005320776943835
1 92
    -0.000459112785264    -0.000000000000000     0.000000000000000
    -0.000000000000000     0.001339424577847    -0.000999716480507
     0.000000000000000     0.001165312096812     0.004868189226290
1 93
    -0.001160921876400    -0.002328021901826     0.000455448066658
     0.000190945835873    -0.002571446190924     0.000745183014255
    -0.003561290783775     0.001444442011505     0.002740606046031
1 94
    -0.001160921876400     0.002328021901826    -0.000455448066658
    -0.000190945835873    -0.002571446190924     0.000745183014255
     0.003561290783775     0.001444442011505     0.002740606046031
1 95
     0.000889790237069    -0.000778789523055    -0.000865779868701
    -0.000778789523055    -0.000009478444487     0.000499858240254
     0.001009189879176    -0.000582656048406     0.004868189226290
1 96
     0.000889790237069     0.000778789523055     0.000865779868701
     0.000778789523055    -0.000009478444487     0.000499858240254
    -0.001009189879176    -0.000582656048406     0.004868189226290
17 1
    -3.487429415938184    -1.281845570273905     2.553599570947017
    -1.281845570273907    -2.007281645823851     1.474321399688773
     2.548347294059989     1.471288996214189    -3.874124074824387
17 2
    -3.487429415938187     1.281845570273904    -2.553599570947017
     1.281845570273904    -2.007281645823850     1.474321399688773
    -2.548347294059988     1.471288996214188    -3.874124074824383
17 3
    -0.046384220542671     0.024810720069906    -0.036186440339544
    -0.084596356359323    -0.015633245393543     0.003704561657594
     0.011757699264882    -0.017192469196078    -0.090122691525083
17 4
    -0.046384220542671    -0.024810720069906     0.036186440339544
     0.084596356359323    -0.015633245393543     0.003704561657594
    -0.011757699264882    -0.017192469196078    -0.090122691525083
17 5
    -1.267207760766683     0.000000000000001     0.000000000000000
     0.000000000000001    -4.227503300995354    -2.948642799377546
     0.000000000000000    -2.942577992428377    -3.874124074824385
17 6
    -0.028909130593392    -0.189660712822473    -0.155238220362029
    -0.189660712822473     0.190092196612110    -0.089626828314536
    -0.003566930065532    -0.002059368033516    -0.179639494989797
17 7
     0.019185104285261    -0.000000000000000     0.000000000000000
    -0.000000000000000     0.008900018941638    -0.004892060109206
     0.000000000000000     0.016644454687284     0.009580717555421
17 8
    -0.028909130593392     0.189660712822473     0.155238220362029
     0.189660712822473     0.190092196612111    -0.089626828314536
     0.003566930065532    -0.002059368033516    -0.179639494989796
17 9
    -0.049208929084851    -0.082965510122113    -0.014884975664410
     0.026441566307116    -0.012808536851363    -0.033190657435372
    -0.009010265445144     0.018778700851485    -0.090122691525083
17 10
     0.011471290277544     0.004453572593834    -0.004236648331413
     0.004453572593834     0.016613832949355     0.002446030054603
     0.014414520591327    -0.008322227343642     0.009580717555421
17 11
     0.011471290277544    -0.004453572593834     0.004236648331413
    -0.004453572593834     0.016613832949355     0.002446030054603
    -0.014414520591327    -0.008322227343642     0.009580717555421
17 12
    -0.049208929084851     0.082965510122113     0.014884975664410
    -0.026441566307116    -0.012808536851363    -0.033190657435372
     0.009010265445144     0.018778700851485    -0.090122691525083
17 13
     0.002566950723201     0.056334384451824     0.021301464675134
    -0.053072691977404    -0.064584416659415     0.029486095777778
    -0.020767964710026    -0.001586231655406    -0.090122691525083
17 14
     0.299592860214862     0.000000000000000     0.000000000000000
     0.000000000000000    -0.138409794196144     0.179253656629072
     0.000000000000000     0.004118736067031    -0.179639494989797
17 15
     0.002566950723201    -0.056334384451824    -0.021301464675134
     0.053072691977404    -0.064584416659415     0.029486095777778
     0.020767964710026    -0.001586231655406    -0.090122691525083
17 16
     0.012264632483153     0.000000000000000     0.000000000000000
     0.000000000000000     0.012264632483153     0.000000000000000
     0.000000000000000     0.000000000000000    -0.007280246720359
17 17
     9.406023176542133    -0.000000000000001     0.000000000000000
    -0.000000000000001     9.406023176542140     0.000000000000000
     0.000000000000000     0.000000000000000    12.582333916764192
17 18
    -0.588324166885647     0.016873050172333    -0.073211875102384
    -0.016873050172333     0.111448890662248    -0.015704113891611
     0.073211875102384    -0.015704113891611     0.316144565450063
17 19
    -0.001230659311885    -0.000000000000000     0.000000000000000
    -0.000000000000000    -0.008993603093808     0.010597492735273
     0.000000000000000     0.010597492735273     0.040775505008940
17 20
    -0.588324166885647    -0.016873050172333     0.073211875102384
     0.016873050172333     0.111448890662248    -0.015704113891611
    -0.073211875102384    -0.015704113891611     0.316144565450063
17 21
    -0.063494373724726    -0.319883672532527    -0.050206099125252
    -0.286137572187860    -0.413380902498673    -0.055551286751553
     0.023005775977133     0.071255400643164     0.316144565450063
17 22
     0.006496150234309     0.006573466597803     0.013684970881894
     0.006573466597803    -0.001094235185192     0.007901021622514
    -0.005209452884722    -0.003007679025325    -0.001927137360047
17 23
     0.006496150234309    -0.006573466597803    -0.013684970881894
    -0.006573466597803    -0.001094235185192     0.007901021622514
     0.005209452884722    -0.003007679025325    -0.001927137360047
17 24
    -0.063494373724726     0.319883672532527     0.050206099125252
     0.286137572187860    -0.413380902498673    -0.055551286751553
    -0.023005775977133     0.071255400643164     0.316144565450063
17 25
    -0.007052867148328     0.003361453261648     0.009177697925168
     0.003361453261648    -0.003171395257366    -0.005298746367637
     0.009177697925168    -0.005298746367637     0.040775505008940
17 26
    -0.004889427894943    -0.000000000000000     0.000000000000000
    -0.000000000000000     0.010291342944060    -0.015802043245027
     0.000000000000000     0.006015358050650    -0.001927137360047
17 27
    -0.007052867148328    -0.003361453261648    -0.009177697925168
    -0.003361453261648    -0.003171395257366    -0.005298746367637
    -0.009177697925168    -0.005298746367637     0.040775505008940
17 28
    -0.004889427894943    -0.000000000000000     0.000000000000000
    -0.000000000000000     0.010291342944060     0.006015358050650
     0.000000000000000    -0.015802043245027    -0.001927137360047
17 29
    -0.063494373724726    -0.286137572187860     0.023005775977133
    -0.319883672532527    -0.413380902498673     0.071255400643164
    -0.050206099125252    -0.055551286751553     0.316144565450063
17 30
    -0.063494373724726     0.286137572187860    -0.023005775977133
     0.319883672532527    -0.413380902498673     0.071255400643164
     0.050206099125252    -0.055551286751553     0.316144565450063
17 31
     0.006496150234309    -0.006573466597803     0.005209452884722
    -0.006573466597803    -0.001094235185192    -0.003007679025325
    -0.013684970881894     0.007901021622514    -0.001927137360047
17 32
     0.006496150234309     0.006573466597803    -0.005209452884722
     0.006573466597803    -0.001094235185192    -0.003007679025325
     0.013684970881894     0.007901021622514    -0.001927137360047
17 33
     0.241189492067617     0.000000000000000     0.000000000000000
     0.000000000000000     0.241189492067617     0.000000000000000
     0.000000000000000     0.000000000000000    -1.657657738748757
17 34
    -0.122537777907828    -0.099677391008199    -0.136396796461442
     0.097477732294984     0.153783077385709     0.090947602478167
    -0.138167260457611    -0.106877882506065    -0.035965665865138
17 35
    -0.012291543387342    -0.000000000000000     0.000000000000000
    -0.000000000000000     0.016249975808448    -0.015182260569464
     0.000000000000000     0.013415919105620     0.001995301971394
17 36
    -0.122537777907828     0.099677391008199     0.136396796461442
    -0.097477732294984     0.153783077385709     0.090947602478167
     0.138167260457611    -0.106877882506064    -0.035965665865138
17 37
     0.083750383399675    -0.021622793166536     0.010564535928661
    -0.218777916469719    -0.052505083921794    -0.163596891969508
    -0.161642591581746    -0.066217416274561    -0.035965665865138
17 38
    -0.009995624920159    -0.005080780656662    -0.009347433504040
    -0.005080780656662    -0.004128844760524    -0.005396743249790
    -0.001683560527748    -0.000972004123892     0.015270601203072
17 39
    -0.009995624920159     0.005080780656662     0.009347433504040
     0.005080780656662    -0.004128844760524    -0.005396743249790
     0.001683560527748    -0.000972004123892     0.015270601203072
17 40
     0.083750383399675     0.021622793166536    -0.010564535928661
     0.218777916469719    -0.052505083921794    -0.163596891969508
     0.161642591581746    -0.066217416274560    -0.035965665865138
17 41
     0.009114596009501    -0.012358840343078    -0.013148223340030
    -0.012358840343078    -0.005156163588395     0.007591130284732
     0.011618526760584    -0.006707959552810     0.001995301971394
17 42
    -0.001195454680707     0.000000000000000     0.000000000000000
     0.000000000000000    -0.012929014999976     0.010793486499580
     0.000000000000000     0.001944008247784     0.015270601203072
17 43
     0.009114596009501     0.012358840343078     0.013148223340030
     0.012358840343078    -0.005156163588395     0.007591130284732
    -0.011618526760584    -0.006707959552810     0.001995301971394
17 44
    -0.005589606424242    -0.000000000000000     0.000000000000000
    -0.000000000000000    -0.012587515460363    -0.002108754331211
     0.000000000000000    -0.002742331459752     0.016143445921733
17 45
     0.085655343724975    -0.217678087113111     0.146961332390102
    -0.020522963809928    -0.054410044247094     0.072649289491340
    -0.023475331124135     0.173095298780625    -0.035965665865138
17 46
     0.085655343724975     0.217678087113111    -0.146961332390102
     0.020522963809928    -0.054410044247094     0.072649289491340
     0.023475331124135     0.173095298780625    -0.035965665865138
17 47
    -0.010838038201333     0.003030183499327    -0.001826234821169
     0.003030183499327    -0.007339083683272     0.001054377165606
    -0.002374928709743     0.001371165729876     0.016143445921733
17 48
    -0.010838038201333    -0.003030183499327     0.001826234821169
    -0.003030183499327    -0.007339083683272     0.001054377165606
     0.002374928709743     0.001371165729876     0.016143445921733
17 49
    -0.002484856592665     0.000000000000000     0.000000000000000
    -0.000000000000000    -0.002484856592665     0.000000000000000
     0.000000000000000     0.000000000000000     0.010712617403309
17 50
    -0.000478539800605    -0.000200711968543     0.000938493169801
    -0.001991839505095     0.000224219735187    -0.003146779208349
    -0.003208033997139    -0.000434347055176    -0.005797897300075
17 51
    -0.000120471992471    -0.000000000000000     0.000000000000000
    -0.000000000000000     0.000602525120285    -0.001537040895492
     0.000000000000000     0.001409549498542    -0.001336822598881
17 52
    -0.000478539800605     0.000200711968543    -0.000938493169801
     0.001991839505095     0.000224219735187    -0.003146779208349
     0.003208033997139    -0.000434347055176    -0.005797897300075
17 53
    -0.000900872786399    -0.001748005442059    -0.002255944149631
     0.000043122094493     0.000646552720980     0.002386148530500
    -0.001980172582411    -0.002561065410139    -0.005797897300075
17 54
     0.000336683267629    -0.000287455311832     0.000211137178897
    -0.000287455311832     0.000668608070962     0.000121900107072
    -0.000583488997696    -0.000336877529889    -0.001720328243422
17 55
     0.000336683267629     0.000287455311832    -0.000211137178897
     0.000287455311832     0.000668608070962     0.000121900107072
     0.000583488997696    -0.000336877529889    -0.001720328243422
17 56
    -0.000900872786399     0.001748005442059     0.002255944149631
    -0.000043122094493     0.000646552720980     0.002386148530500
     0.001980172582411    -0.002561065410139    -0.005797897300075
17 57
     0.000421775842096    -0.000313066933255    -0.001331116462151
    -0.000313066933255     0.000060277285718     0.000768520447746
     0.001220705673629    -0.000704774749271    -0.001336822598881
17 58
     0.000834570472628    -0.000000000000000     0.000000000000000
    -0.000000000000000     0.000170720865963    -0.000243800214145
     0.000000000000000     0.000673755059778    -0.001720328243422
17 59
     0.000421775842096     0.000313066933255     0.001331116462151
     0.000313066933255     0.000060277285718     0.000768520447746
    -0.001220705673629    -0.000704774749271    -0.001336822598881
17 60
     0.000033906184431    -0.000000000000000     0.000000000000000
    -0.000000000000000     0.001412122945070     0.000179189748972
     0.000000000000000    -0.001110789381899    -0.003035841440131
17 61
     0.000997932488876     0.001139397831312    -0.003194437319431
    -0.000651729705240    -0.001252252554295     0.000760630677849
     0.001227861414728     0.002995412465315    -0.005797897300075
17 62
     0.000997932488876    -0.001139397831312     0.003194437319431
     0.000651729705240    -0.001252252554295     0.000760630677849
    -0.001227861414728     0.002995412465315    -0.005797897300075
17 63
     0.001067568754910    -0.000596785363318     0.000155182874707
    -0.000596785363318     0.000378460374591    -0.000089594874486
    -0.000961971822979     0.000555394690950    -0.003035841440131
17 64
     0.001067568754910     0.000596785363318    -0.000155182874707
     0.000596785363318     0.000378460374591    -0.000089594874486
     0.000961971822979     0.000555394690950    -0.003035841440131
17 65
    -0.005362458744551     0.001019917272014     0.000412412082902
     0.001019917272014    -0.006540157767649     0.000238106227080
    -0.002211007892986    -0.001276526002196     0.000544926886163
17 66
    -0.005362458744551    -0.001019917272014    -0.000412412082902
    -0.001019917272014    -0.006540157767649     0.000238106227080
     0.002211007892986    -0.001276526002196     0.000544926886163
17 67
    -0.003091598245162    -0.000136213386131    -0.000709378333203
    -0.001781565267077    -0.002896323044867    -0.000598195389776
     0.003032857965993    -0.001769958159445    -0.003831283210446
17 68
    -0.003091598245162     0.000136213386131     0.000709378333203
     0.001781565267077    -0.002896323044867    -0.000598195389776
    -0.003032857965993    -0.001769958159445    -0.003831283210446
17 69
    -0.007129007279197     0.000000000000000     0.000000000000000
     0.000000000000000    -0.004773609233003    -0.000476212454161
     0.000000000000000     0.002553052004391     0.000544926886163
17 70
    -0.002760809916401    -0.000316060240857     0.004759077304059
    -0.000316060240857    -0.002395854986123     0.002747654562593
     0.002518469148768     0.001454038840987     0.000226769747538
17 71
    -0.003902191067597    -0.000000000000000     0.000000000000000
    -0.000000000000000    -0.005408673686794     0.000732882512760
     0.000000000000000    -0.001623892846130    -0.004735239644946
17 72
    -0.002760809916401     0.000316060240857    -0.004759077304059
     0.000316060240857    -0.002395854986123     0.002747654562593
    -0.002518469148768     0.001454038840987     0.000226769747538
17 73
    -0.003775564361198    -0.001386677245868    -0.000872741570574
     0.000258674635078    -0.002212356928832    -0.000315241962560
    -0.000016399746718     0.003511511124342    -0.003831283210446
17 74
    -0.005032053031994     0.000652326109292     0.000634694874040
     0.000652326109292    -0.004278811722396    -0.000366441256380
    -0.001406332457773     0.000811946423065    -0.004735239644946
17 75
    -0.005032053031994    -0.000652326109292    -0.000634694874040
    -0.000652326109292    -0.004278811722396    -0.000366441256380
     0.001406332457773     0.000811946423065    -0.004735239644946
17 76
    -0.003775564361198     0.001386677245868     0.000872741570574
    -0.000258674635078    -0.002212356928832    -0.000315241962560
     0.000016399746718     0.003511511124342    -0.003831283210446
17 77
    -0.002114719328684     0.001217563961683    -0.000163363237372
    -0.000427787919263    -0.003873201961346     0.000913437352336
    -0.003049257712711    -0.001741552964898    -0.003831283210446
17 78
    -0.002213377520984     0.000000000000000     0.000000000000000
     0.000000000000000    -0.002943287381540    -0.005495309125185
     0.000000000000000    -0.002908077681974     0.000226769747538
17 79
    -0.002114719328684    -0.001217563961683     0.000163363237372
     0.000427787919263    -0.003873201961346     0.000913437352336
     0.003049257712711    -0.001741552964898    -0.003831283210446
17 80
    -0.006358486503915     0.000000000000000     0.000000000000000
    -0.000000000000000    -0.006358486503915     0.000000000000000
     0.000000000000000     0.000000000000000    -0.003759027706170
17 81
    -0.004606264347378    -0.000809695364328    -0.000471278568479
    -0.000809695364328    -0.003671308674266    -0.000272092808375
    -0.001294317079863    -0.000747274314476    -0.005969072309421
17 82
    -0.004606264347378     0.000809695364328     0.000471278568479
     0.000809695364328    -0.003671308674266    -0.000272092808375
     0.001294317079863    -0.000747274314476    -0.005969072309421
17 83
    -0.005013576160514     0.000152580750097     0.000181518819232
    -0.000170409461413    -0.005122255347612     0.000259686135717
     0.000279518794615     0.000036999392795    -0.002975926175996
17 84
    -0.005013576160514    -0.000152580750097    -0.000181518819232
     0.000170409461413    -0.005122255347612     0.000259686135717
    -0.000279518794615     0.000036999392795    -0.002975926175996
17 85
    -0.003203830837709     0.000000000000000     0.000000000000000
     0.000000000000000    -0.005073742183935     0.000544185616749
     0.000000000000000     0.001494548628951    -0.005969072309421
17 86
    -0.004249149390298    -0.000463135297429     0.000354974709955
    -0.000463135297429    -0.003714366813014     0.000204944744348
     0.000982109421948     0.000567021139136    -0.003066515046151
17 87
    -0.004735094264960    -0.000000000000000     0.000000000000000
    -0.000000000000000    -0.004641618302166     0.000034493971980
     0.000000000000000    -0.000057872229355    -0.002519264377150
17 88
    -0.004249149390298     0.000463135297429    -0.000354974709955
     0.000463135297429    -0.003714366813014     0.000204944744348
    -0.000982109421948     0.000567021139136    -0.003066515046151
17 89
    -0.005102805609296    -0.000118892815139     0.000315654200158
     0.000204097396371    -0.005033025898830     0.000027356840861
     0.000171801811393     0.000223570680574    -0.002975926175996
17 90
    -0.004664987292864    -0.000040476279211     0.000029872656012
    -0.000040476279211    -0.004711725274261    -0.000017246985990
    -0.000050118820795     0.000028936114678    -0.002519264377150
17 91
    -0.004664987292864     0.000040476279211    -0.000029872656012
     0.000040476279211    -0.004711725274261    -0.000017246985990
     0.000050118820795     0.000028936114678    -0.002519264377150
17 92
    -0.005102805609296     0.000118892815139    -0.000315654200158
    -0.000204097396371    -0.005033025898830     0.000027356840861
    -0.000171801811393     0.000223570680574    -0.002975926175996
17 93
    -0.005087365492379     0.000213011752029     0.000134135380926
    -0.000109978459481    -0.005048466015746    -0.000287042976579
    -0.000107716983222    -0.000260570073370    -0.002975926175996
17 94
    -0.003446975524372     0.000000000000000     0.000000000000000
     0.000000000000000    -0.004516540678939    -0.000409889488696
     0.000000000000000    -0.001134042278271    -0.003066515046151
17 95
    -0.005087365492379    -0.000213011752029    -0.000134135380926
     0.000109978459481    -0.005048466015746    -0.000287042976579
     0.000107716983222    -0.000260570073370    -0.002975926175996
17 96
    -0.005165853860346     0.000000000000000     0.000000000000000
    -0.000000000000000    -0.005165853860346     0.000000000000000
     0.000000000000000     0.000000000000000    -0.002665149531841
33 1
    -3.401841567542771    -1.246991857630786    -2.406207830112140
    -1.246991857630787    -1.961939398181964    -1.389224738441429
    -2.491899173153730    -1.438698658413712    -3.716034012541319
33 2
    -3.401841567542773     1.246991857630784     2.406207830112140
     1.246991857630784    -1.961939398181962    -1.389224738441429
     2.491899173153729    -1.438698658413711    -3.716034012541315
33 3
    -0.033776695334365     0.028889090484216     0.038310836261102
    -0.077323378444398    -0.011157199547130    -0.014390085156140
    -0.015529768671829     0.013459951403674    -0.095065394680920
33 4
    -0.033776695334365    -0.028889090484216    -0.038310836261102
     0.077323378444398    -0.011157199547130    -0.014390085156140
     0.015529768671829     0.013459951403674    -0.095065394680920
33 5
    -1.241988313501558     0.000000000000001     0.000000000000000
     0.000000000000001    -4.121792652223177     2.778449476882858
     0.000000000000000     2.877397316827422    -3.716034012541316
33 6
    -0.017763596925874    -0.191217961144169     0.174798263469113
    -0.191217961144169     0.203035885755081     0.100919824467772
     0.020636827325494     0.011914677811594    -0.157029107702725
33 7
     0.026004691017056    -0.000000000000000     0.000000000000000
    -0.000000000000000     0.008513627933987    -0.005176840426293
     0.000000000000000    -0.021165118025030     0.008300746474263
33 8
    -0.017763596925874     0.191217961144169    -0.174798263469113
     0.191217961144169     0.203035885755081     0.100919824467772
    -0.020636827325494     0.011914677811594    -0.157029107702725
33 9
    -0.037784735387803    -0.075009335440622     0.006693238822712
     0.031203133487991    -0.007149159493692     0.040373200020410
     0.003891775513371    -0.020179149886536    -0.095065394680920
33 10
     0.012886393704754     0.007573852484567    -0.004483275320508
     0.007573852484567     0.021631925246289     0.002588420213147
    -0.018329529883772     0.010582559012515     0.008300746474263
33 11
     0.012886393704754    -0.007573852484567     0.004483275320508
    -0.007573852484567     0.021631925246289     0.002588420213147
     0.018329529883772     0.010582559012515     0.008300746474263
33 12
    -0.037784735387803     0.075009335440622    -0.006693238822712
    -0.031203133487991    -0.007149159493692     0.040373200020410
    -0.003891775513371    -0.020179149886536    -0.095065394680920
33 13
     0.004160588399925     0.055420277468082    -0.031617597438390
    -0.050792191460531    -0.049094483281420    -0.025983114864270
     0.019421544185200     0.006719198482863    -0.095065394680920
33 14
     0.313435627095558     0.000000000000000     0.000000000000000
     0.000000000000000    -0.128163338266351    -0.201839648935543
     0.000000000000000    -0.023829355623187    -0.157029107702726
33 15
     0.004160588399925    -0.055420277468082     0.031617597438390
     0.050792191460531    -0.049094483281420    -0.025983114864270
    -0.019421544185200     0.006719198482863    -0.095065394680920
33 16
     0.008882068740579     0.000000000000000     0.000000000000000
     0.000000000000000     0.008882068740579     0.000000000000000
     0.000000000000000     0.000000000000000    -0.007548584324988
33 17
     0.241189492067617     0.000000000000000     0.000000000000000
     0.000000000000000     0.241189492067617     0.000000000000000
     0.000000000000000     0.000000000000000    -1.657657738748757
33 18
    -0.122537777907828    -0.097477732294984     0.138167260457611
     0.099677391008199     0.153783077385709    -0.106877882506064
     0.136396796461442     0.090947602478167    -0.035965665865138
33 19
    -0.012291543387342    -0.000000000000000     0.000000000000000
    -0.000000000000000     0.016249975808448     0.013415919105620
     0.000000000000000    -0.015182260569464     0.001995301971394
33 20
    -0.122537777907828     0.097477732294984    -0.138167260457611
    -0.099677391008199     0.153783077385709    -0.106877882506065
    -0.136396796461442     0.090947602478167    -0.035965665865138
33 21
     0.085655343724975    -0.020522963809928    -0.023475331124135
    -0.217678087113111    -0.054410044247094     0.173095298780625
     0.146961332390102     0.072649289491340    -0.035965665865138
33 22
    -0.010838038201333    -0.003030183499327     0.002374928709743
    -0.003030183499327    -0.007339083683272     0.001371165729876
     0.001826234821169     0.001054377165606     0.016143445921733
33 23
    -0.010838038201333     0.003030183499327    -0.002374928709743
     0.003030183499327    -0.007339083683272     0.001371165729876
    -0.001826234821169     0.001054377165606     0.016143445921733
33 24
     0.085655343724975     0.020522963809928     0.023475331124135
     0.217678087113111    -0.054410044247094     0.173095298780625
    -0.146961332390102     0.072649289491340    -0.035965665865138
33 25
     0.009114596009501    -0.012358840343078     0.011618526760584
    -0.012358840343078    -0.005156163588395    -0.006707959552810
    -0.013148223340030     0.007591130284732     0.001995301971394
33 26
    -0.005589606424242    -0.000000000000000     0.000000000000000
    -0.000000000000000    -0.012587515460363    -0.002742331459752
     0.000000000000000    -0.002108754331211     0.016143445921733
33 27
     0.009114596009501     0.012358840343078    -0.011618526760584
     0.012358840343078    -0.005156163588395    -0.006707959552810
     0.013148223340030     0.007591130284732     0.001995301971394
33 28
    -0.001195454680707     0.000000000000000     0.000000000000000
     0.000000000000000    -0.012929014999976     0.001944008247784
     0.000000000000000     0.010793486499580     0.015270601203072
33 29
     0.083750383399675    -0.218777916469719    -0.161642591581746
    -0.021622793166536    -0.052505083921794    -0.066217416274561
     0.010564535928661    -0.163596891969508    -0.035965665865138
33 30
     0.083750383399675     0.218777916469719     0.161642591581746
     0.021622793166536    -0.052505083921794    -0.066217416274560
    -0.010564535928661    -0.163596891969508    -0.035965665865138
33 31
    -0.009995624920159     0.005080780656662     0.001683560527748
     0.005080780656662    -0.004128844760524    -0.000972004123892
     0.009347433504040    -0.005396743249790     0.015270601203072
33 32
    -0.009995624920159    -0.005080780656662    -0.001683560527748
    -0.005080780656662    -0.004128844760524    -0.000972004123892
    -0.009347433504040    -0.005396743249790     0.015270601203072
33 33
     9.193422375482683    -0.000000000000001     0.000000000000000
    -0.000000000000001     9.193422375482688     0.000000000000000
     0.000000000000000     0.000000000000000    11.998041607226279
33 34
    -0.648096720844901     0.014728679897576     0.054459125952310
    -0.014728679897577     0.126312396975588     0.027753470827158
    -0.054459125952310     0.027753470827158     0.308288592622529
33 35
     0.010066219123201     0.000000000000000     0.000000000000000
     0.000000000000000     0.003787223447690    -0.002675129098404
     0.000000000000000    -0.002675129098404     0.071675992600929
33 36
    -0.648096720844901    -0.014728679897577    -0.054459125952310
     0.014728679897576     0.126312396975588     0.027753470827158
     0.054459125952310     0.027753470827158     0.308288592622529
33 37
    -0.067289882479534    -0.350057664374996     0.051264773755664
    -0.320600304579843    -0.454494441389779     0.033286251129018
    -0.003194352196646    -0.061039721956176     0.308288592622529
33 38
     0.012141736254047     0.007503475386180    -0.010893697786899
     0.007503475386180     0.003477469185910    -0.006289479349737
     0.007496586623426     0.004328156305039     0.026351491528906
33 39
     0.012141736254047    -0.007503475386180     0.010893697786899
    -0.007503475386180     0.003477469185910    -0.006289479349737
    -0.007496586623426     0.004328156305038     0.026351491528905
33 40
    -0.067289882479534     0.350057664374996    -0.051264773755664
     0.320600304579843    -0.454494441389779     0.033286251129018
     0.003194352196646    -0.061039721956176     0.308288592622529
33 41
     0.005356972366568     0.002718884882622    -0.002316729757621
     0.002718884882622     0.008496470204323     0.001337564549202
    -0.002316729757621     0.001337564549202     0.071675992600929
33 42
    -0.000854664348158    -0.000000000000000     0.000000000000000
    -0.000000000000000     0.016473869788116     0.012578958699473
     0.000000000000000    -0.008656312610077     0.026351491528905
33 43
     0.005356972366568    -0.002718884882622     0.002316729757621
    -0.002718884882622     0.008496470204323     0.001337564549202
     0.002316729757621     0.001337564549202     0.071675992600929
33 44
    -0.000854664348158    -0.000000000000000     0.000000000000000
    -0.000000000000000     0.016473869788116    -0.008656312610077
     0.000000000000000     0.012578958699473     0.026351491528905
33 45
    -0.067289882479534    -0.320600304579843    -0.003194352196646
    -0.350057664374996    -0.454494441389779    -0.061039721956176
     0.051264773755664     0.033286251129018     0.308288592622529
33 46
    -0.067289882479534     0.320600304579843     0.003194352196646
     0.350057664374996    -0.454494441389779    -0.061039721956176
    -0.051264773755664     0.033286251129018     0.308288592622529
33 47
     0.012141736254047    -0.007503475386180    -0.007496586623426
    -0.007503475386180     0.003477469185910     0.004328156305038
     0.010893697786899    -0.006289479349737     0.026351491528905
33 48
     0.012141736254047     0.007503475386180     0.007496586623426
     0.007503475386180     0.003477469185910     0.004328156305039
    -0.010893697786899    -0.006289479349737     0.026351491528906
33 49
    -0.046414846277182     0.000000000000000     0.000000000000000
    -0.000000000000000    -0.046414846277182     0.000000000000000
     0.000000000000000     0.000000000000000     0.097140917343183
33 50
    -0.007980188524657     0.009041348790068    -0.017571944791664
     0.009892423548495    -0.004559206229620     0.018049770223568
    -0.005800011553193    -0.026556051622624    -0.033837670516600
33 51
     0.001066301878858    -0.000000000000000     0.000000000000000
     0.000000000000000     0.003629888548597    -0.000327720119226
     0.000000000000000     0.001234871996328     0.004467497751298
33 52
    -0.007980188524657    -0.009041348790068     0.017571944791664
    -0.009892423548495    -0.004559206229620     0.018049770223568
     0.005800011553193    -0.026556051622624    -0.033837670516600
33 53
     0.002784112113954     0.003677651677155     0.006845587150250
     0.002826576918728    -0.015323506868231    -0.024242635695263
    -0.025898221106000     0.008255068464003    -0.033837670516600
33 54
     0.001749489913882    -0.003982126886607    -0.007650762440385
    -0.003982126886607     0.006347653973741    -0.004417169754462
    -0.012151560348632    -0.007015706638357     0.011527199623668
33 55
     0.001749489913882     0.003982126886607     0.007650762440385
     0.003982126886607     0.006347653973741    -0.004417169754462
     0.012151560348632    -0.007015706638357     0.011527199623668
33 56
     0.002784112113954    -0.003677651677155    -0.006845587150250
    -0.002826576918728    -0.015323506868231    -0.024242635695263
     0.025898221105999     0.008255068464003    -0.033837670516600
33 57
     0.002988991881163    -0.001110065590399    -0.000283813948581
    -0.001110065590399     0.001707198546293     0.000163860059613
     0.001069430519242    -0.000617435998164     0.004467497751298
33 58
     0.008646736003671     0.000000000000000     0.000000000000000
     0.000000000000000    -0.000549592116047     0.008834339508925
     0.000000000000000     0.014031413276713     0.011527199623668
33 59
     0.002988991881163     0.001110065590399     0.000283813948581
     0.001110065590399     0.001707198546293     0.000163860059613
    -0.001069430519242    -0.000617435998164     0.004467497751298
33 60
     0.006108659052475     0.000000000000000     0.000000000000000
     0.000000000000000     0.011500235141034    -0.002874355547101
     0.000000000000000     0.018233339099014     0.011960599667489
33 61
    -0.013613015720713    -0.006640309250553     0.024417531941914
    -0.005789234492127     0.001073620966435     0.006192865471695
    -0.020098209552806     0.018300983158620    -0.033837670516600
33 62
    -0.013613015720713     0.006640309250553    -0.024417531941914
     0.005789234492127     0.001073620966435     0.006192865471695
     0.020098209552806     0.018300983158620    -0.033837670516600
33 63
     0.010152341118894    -0.002334620929565    -0.002489264923298
    -0.002334620929565     0.007456553074615     0.001437177773550
     0.015790534855562    -0.009116669549507     0.011960599667489
33 64
     0.010152341118894     0.002334620929565     0.002489264923298
     0.002334620929565     0.007456553074615     0.001437177773550
    -0.015790534855562    -0.009116669549507     0.011960599667489
33 65
    -0.066756368772787    -0.058367644176391     0.169915655751607
    -0.058367644176391     0.000640781381620     0.098100849587722
     0.173386969580807     0.100105013561453    -0.159273952883832
33 66
    -0.066756368772787     0.058367644176391    -0.169915655751607
     0.058367644176391     0.000640781381620     0.098100849587722
    -0.173386969580807     0.100105013561453    -0.159273952883832
33 67
    -0.004752450741403     0.002396619408547     0.002784674807560
     0.003405630151941    -0.001777834214000    -0.003626311074507
     0.005766361650362    -0.009904049188455     0.006324914574191
33 68
    -0.004752450741403    -0.002396619408547    -0.002784674807560
    -0.003405630151941    -0.001777834214000    -0.003626311074507
    -0.005766361650362    -0.009904049188455     0.006324914574191
33 69
     0.034339356458824     0.000000000000000     0.000000000000000
     0.000000000000000    -0.100454943849991    -0.196201699175444
     0.000000000000000    -0.200210027122905    -0.159273952883832
33 70
    -0.004115562830403    -0.014458251623382    -0.015135001335278
    -0.014458251623382     0.012579388103140    -0.008738197095108
    -0.014816097099805    -0.008554077648912     0.029109856008244
33 71
    -0.001520831495376    -0.000000000000000     0.000000000000000
    -0.000000000000000    -0.003409578244950    -0.004019685926860
     0.000000000000000     0.000263759586774     0.004888249845474
33 72
    -0.004115562830403     0.014458251623382     0.015135001335278
     0.014458251623382     0.012579388103140    -0.008738197095108
     0.014816097099805    -0.008554077648912     0.029109856008244
33 73
    -0.000009040586611     0.000667021022195    -0.001748140108768
    -0.000341989721199    -0.006521244368792     0.004224754661879
    -0.005693977372352     0.009945840270849     0.006324914574191
33 74
    -0.002937391557557     0.000817851333223    -0.003481150127895
     0.000817851333223    -0.001993018182770     0.002009842963430
     0.000228422502638    -0.000131879793387     0.004888249845474
33 75
    -0.002937391557557    -0.000817851333223     0.003481150127895
    -0.000817851333223    -0.001993018182770     0.002009842963430
    -0.000228422502638    -0.000131879793387     0.004888249845474
33 76
    -0.000009040586611    -0.000667021022195     0.001748140108768
     0.000341989721199    -0.006521244368792     0.004224754661879
     0.005693977372352     0.009945840270849     0.006324914574191
33 77
    -0.005033936105091    -0.003243114501443    -0.004532814916328
    -0.002234103758049    -0.001496348850313    -0.000598443587372
    -0.011460339022714    -0.000041791082394     0.006324914574191
33 78
     0.020926863569911     0.000000000000000     0.000000000000000
     0.000000000000000    -0.012463038297174     0.017476394190216
     0.000000000000000     0.017108155297825     0.029109856008244
33 79
    -0.005033936105091     0.003243114501443     0.004532814916328
     0.002234103758049    -0.001496348850313    -0.000598443587372
     0.011460339022714    -0.000041791082394     0.006324914574191
33 80
     0.000601496727132     0.000000000000000     0.000000000000000
     0.000000000000000     0.000601496727132     0.000000000000000
     0.000000000000000     0.000000000000000     0.008645965237060
33 81
     0.001571827946237     0.000486490132233    -0.005786375186111
     0.000486490132233     0.001010077528630    -0.003340765271334
    -0.005833955499064    -0.003368235777825     0.004815091109608
33 82
     0.001571827946237    -0.000486490132233     0.005786375186111
    -0.000486490132233     0.001010077528630    -0.003340765271334
     0.005833955499064    -0.003368235777825     0.004815091109608
33 83
     0.001249843523336    -0.000497941483810     0.003725854146088
    -0.000332590663868    -0.000831744088667    -0.002467298589068
    -0.002350964607795    -0.000796934178222     0.004804616771496
33 84
     0.001249843523336     0.000497941483810    -0.003725854146088
     0.000332590663868    -0.000831744088667    -0.002467298589068
     0.002350964607795    -0.000796934178222     0.004804616771496
33 85
     0.000729202319827    -0.000000000000000     0.000000000000000
    -0.000000000000000     0.001852703155040     0.006681530542667
     0.000000000000000     0.006736471555650     0.004815091109608
33 86
     0.000490907481058    -0.000896852582771     0.001981343503614
    -0.000896852582771     0.001526503641231     0.001143929205169
     0.007822117120502     0.004516101425154     0.007740454765701
33 87
     0.000117764110883     0.000000000000000     0.000000000000000
     0.000000000000000    -0.000724474949973     0.001673549957771
     0.000000000000000     0.001388166405579     0.002801874363039
33 88
     0.000490907481058     0.000896852582771    -0.001981343503614
     0.000896852582771     0.001526503641231     0.001143929205169
    -0.007822117120502     0.004516101425154     0.007740454765701
33 89
    -0.000670978154941     0.000776396249150    -0.000273816183811
     0.000611045429209     0.001089077589610     0.004460333635842
    -0.001865647547381    -0.001637527984637     0.004804616771496
33 90
    -0.000513915184759     0.000364700211380     0.001449336777932
     0.000364700211380    -0.000092795654331    -0.000836774978886
     0.001202187371911    -0.000694083202789     0.002801874363039
33 91
    -0.000513915184759    -0.000364700211380    -0.001449336777932
    -0.000364700211380    -0.000092795654331    -0.000836774978886
    -0.001202187371911    -0.000694083202789     0.002801874363039
33 92
    -0.000670978154941    -0.000776396249150     0.000273816183811
    -0.000611045429209     0.001089077589610     0.004460333635842
     0.001865647547381    -0.001637527984637     0.004804616771496
33 93
     0.000048283783608     0.001026311503048    -0.003999670329899
     0.001191662322989     0.000369815651061    -0.001993035046773
     0.000485317060413     0.002434462162859     0.004804616771496
33 94
     0.002044301721318     0.000000000000000     0.000000000000000
     0.000000000000000    -0.000026890599028    -0.002287858410337
     0.000000000000000    -0.009032202850309     0.007740454765701
33 95
     0.000048283783608    -0.001026311503048     0.003999670329899
    -0.001191662322989     0.000369815651061    -0.001993035046773
    -0.000485317060413     0.002434462162859     0.004804616771496
33 96
    -0.002163586252131     0.000000000000000     0.000000000000000
    -0.000000000000000    -0.002163586252131     0.000000000000000
     0.000000000000000     0.000000000000000     0.000893012126335
49 1
    -0.001184270209550    -0.003003355772191    -0.012694781880125
    -0.003003355772191     0.002283706317543    -0.007329335735794
    -0.018978720372175    -0.010957369315750     0.007135539513139
49 2
    -0.001184270209550     0.003003355772191     0.012694781880125
     0.003003355772191     0.002283706317543    -0.007329335735794
     0.018978720372175    -0.010957369315750     0.007135539513139
49 3
     0.002461206145725    -0.001215707324391    -0.004524889817767
    -0.001407751550241    -0.006748703999801     0.005053566755258
    -0.004405623500829     0.004250114851538    -0.014388199733878
49 4
     0.002461206145725     0.001215707324391     0.004524889817767
     0.001407751550241    -0.006748703999801     0.005053566755258
     0.004405623500829     0.004250114851538    -0.014388199733878
49 5
     0.004017694581090     0.000000000000000     0.000000000000000
     0.000000000000000    -0.002918258473096     0.014658671471588
     0.000000000000000     0.021914738631500     0.007135539513139
49 6
    -0.004860412175739    -0.007640326121979     0.007369753510307
    -0.007640326121979     0.003961876510703     0.004254929173037
     0.000703783380573     0.000406329524225    -0.005876816254474
49 7
    -0.000049464938478    -0.000000000000000     0.000000000000000
    -0.000000000000000     0.000229556419451     0.003292602607255
     0.000000000000000     0.001165442059631    -0.008402724499650
49 8
    -0.004860412175739     0.007640326121979    -0.007369753510307
     0.007640326121979     0.003961876510703     0.004254929173037
    -0.000703783380573     0.000406329524225    -0.005876816254474
49 9
    -0.005582217479027     0.003236121244716     0.002114072280891
     0.003428165470566     0.001294719624951    -0.006445452909141
     0.001477895680019    -0.005940439296996    -0.014388199733878
49 10
     0.000159801079969    -0.000120819792083     0.002851477502450
    -0.000120819792083     0.000020290401004    -0.001646301303628
     0.001009302430279    -0.000582721029815    -0.008402724499650
49 11
     0.000159801079969     0.000120819792083    -0.002851477502450
     0.000120819792083     0.000020290401004    -0.001646301303628
    -0.001009302430279    -0.000582721029815    -0.008402724499650
49 12
    -0.005582217479027    -0.003236121244716    -0.002114072280891
    -0.003428165470566     0.001294719624951    -0.006445452909141
    -0.001477895680019    -0.005940439296996    -0.014388199733878
49 13
    -0.003310235447812     0.004739894907882     0.006638962098658
     0.004547850682032    -0.000977262406264     0.001391886153883
     0.005883519180848     0.001690324445458    -0.014388199733878
49 14
     0.008373020853924     0.000000000000000     0.000000000000000
     0.000000000000000    -0.009271556518960    -0.008509858346074
     0.000000000000000    -0.000812659048450    -0.005876816254474
49 15
    -0.003310235447812    -0.004739894907882    -0.006638962098658
    -0.004547850682032    -0.000977262406264     0.001391886153883
    -0.005883519180848     0.001690324445458    -0.014388199733878
49 16
     0.016747220407362     0.000000000000000     0.000000000000000
     0.000000000000000     0.016747220407362     0.000000000000000
     0.000000000000000     0.000000000000000    -0.018957299043391
49 17
    -0.002484856592665    -0.000000000000000     0.000000000000000
     0.000000000000000    -0.002484856592665     0.000000000000000
     0.000000000000000     0.000000000000000     0.010712617403309
49 18
    -0.000478539800605     0.001991839505095     0.003208033997139
     0.000200711968543     0.000224219735187    -0.000434347055176
    -0.000938493169801    -0.003146779208349    -0.005797897300075
49 19
    -0.000120471992471    -0.000000000000000     0.000000000000000
    -0.000000000000000     0.000602525120285     0.001409549498542
     0.000000000000000    -0.001537040895492    -0.001336822598881
49 20
    -0.000478539800605    -0.001991839505095    -0.003208033997139
    -0.000200711968543     0.000224219735187    -0.000434347055176
     0.000938493169801    -0.003146779208349    -0.005797897300075
49 21
     0.000997932488876    -0.000651729705240     0.001227861414728
     0.001139397831312    -0.001252252554295     0.002995412465315
    -0.003194437319431     0.000760630677849    -0.005797897300075
49 22
     0.001067568754910     0.000596785363318     0.000961971822979
     0.000596785363318     0.000378460374591     0.000555394690950
    -0.000155182874707    -0.000089594874486    -0.003035841440131
49 23
     0.001067568754910    -0.000596785363318    -0.000961971822979
    -0.000596785363318     0.000378460374591     0.000555394690950
     0.000155182874707    -0.000089594874486    -0.003035841440131
49 24
     0.000997932488876     0.000651729705240    -0.001227861414728
    -0.001139397831312    -0.001252252554295     0.002995412465315
     0.003194437319431     0.000760630677849    -0.005797897300075
49 25
     0.000421775842096    -0.000313066933255     0.001220705673629
    -0.000313066933255     0.000060277285718    -0.000704774749271
    -0.001331116462151     0.000768520447746    -0.001336822598881
49 26
     0.000033906184431    -0.000000000000000     0.000000000000000
    -0.000000000000000     0.001412122945070    -0.001110789381899
     0.000000000000000     0.000179189748972    -0.003035841440131
49 27
     0.000421775842096     0.000313066933255    -0.001220705673629
     0.000313066933255     0.000060277285718    -0.000704774749271
     0.001331116462151     0.000768520447746    -0.001336822598881
49 28
     0.000834570472628    -0.000000000000000     0.000000000000000
    -0.000000000000000     0.000170720865963     0.000673755059778
     0.000000000000000    -0.000243800214145    -0.001720328243422
49 29
    -0.000900872786399     0.000043122094493    -0.001980172582411
    -0.001748005442059     0.000646552720980    -0.002561065410139
    -0.002255944149631     0.002386148530500    -0.005797897300075
49 30
    -0.000900872786399    -0.000043122094493     0.001980172582411
     0.001748005442059     0.000646552720980    -0.002561065410139
     0.002255944149631     0.002386148530500    -0.005797897300075
49 31
     0.000336683267629     0.000287455311832     0.000583488997696
     0.000287455311832     0.000668608070962    -0.000336877529889
    -0.000211137178897     0.000121900107072    -0.001720328243422
49 32
     0.000336683267629    -0.000287455311832    -0.000583488997696
    -0.000287455311832     0.000668608070962    -0.000336877529889
     0.000211137178897     0.000121900107072    -0.001720328243422
49 33
    -0.046414846277182    -0.000000000000000     0.000000000000000
     0.000000000000000    -0.046414846277182     0.000000000000000
     0.000000000000000     0.000000000000000     0.097140917343183
49 34
    -0.007980188524657    -0.009892423548495     0.005800011553193
    -0.009041348790068    -0.004559206229620    -0.026556051622624
     0.017571944791664     0.018049770223568    -0.033837670516600
49 35
     0.001066301878858     0.000000000000000     0.000000000000000
    -0.000000000000000     0.003629888548597     0.001234871996328
     0.000000000000000    -0.000327720119226     0.004467497751298
49 36
    -0.007980188524657     0.009892423548495    -0.005800011553193
     0.009041348790068    -0.004559206229620    -0.026556051622624
    -0.017571944791664     0.018049770223568    -0.033837670516600
49 37
    -0.013613015720713    -0.005789234492127    -0.020098209552806
    -0.006640309250553     0.001073620966435     0.018300983158620
     0.024417531941914     0.006192865471695    -0.033837670516600
49 38
     0.010152341118894     0.002334620929565    -0.015790534855562
     0.002334620929565     0.007456553074615    -0.009116669549507
     0.002489264923298     0.001437177773550     0.011960599667489
49 39
     0.010152341118894    -0.002334620929565     0.015790534855562
    -0.002334620929565     0.007456553074615    -0.009116669549507
    -0.002489264923298     0.001437177773550     0.011960599667489
49 40
    -0.013613015720713     0.005789234492127     0.020098209552806
     0.006640309250553     0.001073620966435     0.018300983158620
    -0.024417531941914     0.006192865471695    -0.033837670516600
49 41
     0.002988991881163    -0.001110065590399     0.001069430519242
    -0.001110065590399     0.001707198546293    -0.000617435998164
    -0.000283813948581     0.000163860059613     0.004467497751298
49 42
     0.006108659052475     0.000000000000000     0.000000000000000
     0.000000000000000     0.011500235141034     0.018233339099014
     0.000000000000000    -0.002874355547101     0.011960599667489
49 43
     0.002988991881163     0.001110065590399    -0.001069430519242
     0.001110065590399     0.001707198546293    -0.000617435998164
     0.000283813948581     0.000163860059613     0.004467497751298
49 44
     0.008646736003671     0.000000000000000     0.000000000000000
     0.000000000000000    -0.000549592116047     0.014031413276713
     0.000000000000000     0.008834339508925     0.011527199623668
49 45
     0.002784112113954     0.002826576918728    -0.025898221106000
     0.003677651677155    -0.015323506868231     0.008255068464003
     0.006845587150250    -0.024242635695263    -0.033837670516600
49 46
     0.002784112113954    -0.002826576918728     0.025898221105999
    -0.003677651677155    -0.015323506868231     0.008255068464003
    -0.006845587150250    -0.024242635695263    -0.033837670516600
49 47
     0.001749489913882     0.003982126886607     0.012151560348632
     0.003982126886607     0.006347653973741    -0.007015706638357
     0.007650762440385    -0.004417169754462     0.011527199623668
49 48
     0.001749489913882    -0.003982126886607    -0.012151560348632
    -0.003982126886607     0.006347653973741    -0.007015706638357
    -0.007650762440385    -0.004417169754462     0.011527199623668
49 49
    16.436690084961402    -0.000000000000002     0.000000000000000
    -0.000000000000002    16.436690084961413     0.000000000000000
     0.000000000000000     0.000000000000000    23.079757322766362
49 50
     0.191819259901534     0.947070177946586    -0.032192355711720
    -0.947070177946586    -0.230948685068232    -0.005040232230953
     0.032192355711720    -0.005040232230953     0.114417210671691
49 51
    -0.499759284563540    -0.000000000000000     0.000000000000000
    -0.000000000000000     0.023662802731127    -0.000878414590437
     0.000000000000000    -0.000878414590437    -0.048428128893315
49 52
     0.191819259901534    -0.947070177946586     0.032192355711720
     0.947070177946586    -0.230948685068232    -0.005040232230953
    -0.032192355711720    -0.005040232230953     0.114417210671691
49 53
    -0.125256698825790    -0.764006287821807    -0.020461147008838
     1.130134068071365     0.086127273659093    -0.025359281738538
     0.011731208702882     0.030399513969491     0.114417210671691
49 54
    -0.070101914563704     0.047621354666392     0.003532405453594
     0.047621354666392    -0.125090318435337     0.002039435239520
    -0.002389330999380    -0.001379480895675     0.045649815116747
49 55
    -0.070101914563704    -0.047621354666392    -0.003532405453594
    -0.047621354666392    -0.125090318435337     0.002039435239520
     0.002389330999380    -0.001379480895675     0.045649815116747
49 56
    -0.125256698825790     0.764006287821806     0.020461147008838
    -1.130134068071366     0.086127273659093    -0.025359281738538
    -0.011731208702882     0.030399513969491     0.114417210671691
49 57
    -0.107192719092540    -0.226648412249529    -0.000760729350373
    -0.226648412249529    -0.368903762739873     0.000439207295218
    -0.000760729350373     0.000439207295218    -0.048428128893315
49 58
    -0.152584520371153     0.000000000000000     0.000000000000000
     0.000000000000000    -0.042607712627888    -0.004078870479039
     0.000000000000000     0.002758961791351     0.045649815116747
49 59
    -0.107192719092540     0.226648412249529     0.000760729350373
     0.226648412249529    -0.368903762739873     0.000439207295218
     0.000760729350373     0.000439207295218    -0.048428128893315
49 60
    -0.152584520371153     0.000000000000000     0.000000000000000
     0.000000000000000    -0.042607712627888     0.002758961791351
     0.000000000000000    -0.004078870479039     0.045649815116747
49 61
    -0.125256698825790     1.130134068071365     0.011731208702882
    -0.764006287821807     0.086127273659093     0.030399513969491
    -0.020461147008838    -0.025359281738538     0.114417210671691
49 62
    -0.125256698825790    -1.130134068071366    -0.011731208702882
     0.764006287821806     0.086127273659093     0.030399513969491
     0.020461147008838    -0.025359281738538     0.114417210671691
49 63
    -0.070101914563704    -0.047621354666392     0.002389330999380
    -0.047621354666392    -0.125090318435337    -0.001379480895675
    -0.003532405453594     0.002039435239520     0.045649815116747
49 64
    -0.070101914563704     0.047621354666392    -0.002389330999380
     0.047621354666392    -0.125090318435337    -0.001379480895675
     0.003532405453594     0.002039435239520     0.045649815116747
49 65
    -3.384171450133906    -1.595587414803037    -3.176817550381515
    -1.595587414803035    -1.541745803229687    -1.834136467879095
    -2.785282446312170    -1.608083570147471    -3.663934656537047
49 66
    -3.384171450133908     1.595587414803034     3.176817550381514
     1.595587414803033    -1.541745803229686    -1.834136467879095
     2.785282446312170    -1.608083570147470    -3.663934656537042
49 67
    -0.012738532675058    -0.128590637708088    -0.107701437078113
     0.072780560761859    -0.050738452230825     0.012291935575857
     0.045669591942378     0.016608595322419    -0.017489191340466
49 68
    -0.012738532675058     0.128590637708088     0.107701437078113
    -0.072780560761859    -0.050738452230825     0.012291935575857
    -0.045669591942378     0.016608595322419    -0.017489191340466
49 69
    -0.620532979777575     0.000000000000001     0.000000000000000
     0.000000000000001    -4.305384273586018     3.668272935758189
     0.000000000000000     3.216167140294941    -3.663934656537045
49 70
    -0.091646432278207    -0.211745845382912     0.176219951829795
    -0.211745845382912     0.152856609385011     0.101740636625515
     0.075354433203885     0.043505902294895    -0.173348295478469
49 71
     0.030640724420714     0.000000000000000     0.000000000000000
     0.000000000000000     0.005381691302490     0.017237974549691
     0.000000000000000     0.008730591866826    -0.014814510621855
49 72
    -0.091646432278207     0.211745845382912    -0.176219951829795
     0.211745845382912     0.152856609385011     0.101740636625515
    -0.075354433203885     0.043505902294895    -0.173348295478469
49 73
    -0.065404944553183     0.103187527836946    -0.043205590068683
    -0.098183670633002     0.001927959647299    -0.099418148321665
     0.037218261441579     0.031246729141359    -0.017489191340466
49 74
     0.011696449582046     0.010937482177707     0.014928523869822
     0.010937482177707     0.024325966141158    -0.008618987274846
     0.007560914346745    -0.004365295933413    -0.014814510621855
49 75
     0.011696449582046    -0.010937482177707    -0.014928523869822
    -0.010937482177707     0.024325966141158    -0.008618987274846
    -0.007560914346745    -0.004365295933413    -0.014814510621855
49 76
    -0.065404944553183    -0.103187527836946     0.043205590068683
     0.098183670633002     0.001927959647299    -0.099418148321665
    -0.037218261441579     0.031246729141359    -0.017489191340466
49 77
    -0.017072000130584    -0.070278632159887     0.064495847009430
     0.131092566310060    -0.046404984775299     0.087126212745808
    -0.008451330500799    -0.047855324463778    -0.017489191340466
49 78
     0.275108130216620     0.000000000000000     0.000000000000000
     0.000000000000000    -0.213897953109816    -0.203481273251030
     0.000000000000000    -0.087011804589789    -0.173348295478469
49 79
    -0.017072000130584     0.070278632159887    -0.064495847009430
    -0.131092566310060    -0.046404984775299     0.087126212745808
     0.008451330500799    -0.047855324463778    -0.017489191340466
49 80
     0.011890922993046     0.000000000000000     0.000000000000000
     0.000000000000000     0.011890922993046     0.000000000000000
     0.000000000000000     0.000000000000000    -0.037079395174408
49 81
    -3.435384841908374    -1.605091924415362     3.196916355922358
    -1.605091924415360    -1.581984332637774     1.845740518668491
     2.832612158354792     1.635409392135946    -3.770901724988891
49 82
    -3.435384841908377     1.605091924415359    -3.196916355922358
     1.605091924415358    -1.581984332637772     1.845740518668491
    -2.832612158354792     1.635409392135945    -3.770901724988887
49 83
    -0.017502898618687    -0.135116665922107     0.108759927751489
     0.069027087641681    -0.058370051316064    -0.011775376332135
    -0.066580315220968    -0.023021130884684    -0.007184415769887
49 84
    -0.017502898618687     0.135116665922107    -0.108759927751489
    -0.069027087641681    -0.058370051316064    -0.011775376332135
     0.066580315220968    -0.023021130884684    -0.007184415769887
49 85
    -0.655284078002470     0.000000000000001     0.000000000000000
     0.000000000000001    -4.362085096543678    -3.691481037336981
     0.000000000000000    -3.270818784271891    -3.770901724988889
49 86
    -0.085899137885430    -0.213795898913435    -0.146653785955605
    -0.213795898913435     0.160971101693188    -0.084670602799146
    -0.057689557134273    -0.033307081340903    -0.196712420926423
49 87
     0.028232019909910     0.000000000000000     0.000000000000000
     0.000000000000000     0.008563569203249    -0.012099283694412
     0.000000000000000    -0.011303740477992    -0.010574557149407
49 88
    -0.085899137885431     0.213795898913435     0.146653785955605
     0.213795898913435     0.160971101693188    -0.084670602799146
     0.057689557134273    -0.033307081340903    -0.196712420926423
49 89
    -0.076770889999844     0.103245478419921     0.044182188832994
    -0.100898275143867     0.000897940065093     0.100076548512617
    -0.053227041780467    -0.046149678930992    -0.007184415769887
49 90
     0.013480681879914     0.008516688982525    -0.010478287046956
     0.008516688982525     0.023314907233245     0.006049641847206
    -0.009789326411727     0.005651870238996    -0.010574557149407
49 91
     0.013480681879914    -0.008516688982525     0.010478287046956
    -0.008516688982525     0.023314907233245     0.006049641847206
     0.009789326411727     0.005651870238996    -0.010574557149407
49 92
    -0.076770889999844    -0.103245478419921    -0.044182188832994
     0.100898275143867     0.000897940065093     0.100076548512617
     0.053227041780467    -0.046149678930992    -0.007184415769887
49 93
    -0.019535636283595    -0.067853486003654    -0.064577738918496
     0.136290267560133    -0.056337313651156    -0.088301172180482
     0.013353273440502     0.069170809815676    -0.007184415769887
49 94
     0.284406221482498     0.000000000000000     0.000000000000000
     0.000000000000000    -0.209334257674740     0.169341205598293
     0.000000000000000     0.066614162681805    -0.196712420926423
49 95
    -0.019535636283595     0.067853486003654     0.064577738918496
    -0.136290267560133    -0.056337313651156    -0.088301172180482
    -0.013353273440502     0.069170809815676    -0.007184415769887
49 96
     0.020679146492667     0.000000000000000     0.000000000000000
     0.000000000000000     0.020679146492667     0.000000000000000
     0.000000000000000     0.000000000000000    -0.027804096831124
65 1
    -0.030776934985048    -0.000000000000000     0.000000000000000
     0.000000000000000    -0.030776934985048     0.000000000000000
     0.000000000000000     0.000000000000000     0.066047645185960
65 2
    -0.009350421659637    -0.002724313845286     0.016586372620762
    -0.008309315845129    -0.010911483959017     0.011887259424534
     0.019301301294163    -0.019743589741654    -0.039343283146981
65 3
    -0.006902467532252    -0.000000000000000     0.000000000000000
    -0.000000000000000    -0.000105129907119     0.001978769891217
     0.000000000000000     0.003219354704155     0.002224443481029
65 4
    -0.009350421659637     0.002724313845286    -0.016586372620762
     0.008309315845129    -0.010911483959017     0.011887259424534
    -0.019301301294164    -0.019743589741654    -0.039343283146981
65 5
    -0.015298920188097    -0.004874948618449     0.018587854953404
     0.000710053381394    -0.004962985430557     0.008420590333947
    -0.007447799631089     0.026587212117670    -0.039343283146981
65 6
     0.005550983280080     0.002628872427616     0.002221392202547
     0.002628872427616     0.002515422872581     0.001282521386117
    -0.004425481390637    -0.002555052872178     0.000417963189578
65 7
     0.005550983280080    -0.002628872427616    -0.002221392202547
    -0.002628872427616     0.002515422872581     0.001282521386117
     0.004425481390637    -0.002555052872178     0.000417963189578
65 8
    -0.015298920188097     0.004874948618449    -0.018587854953404
    -0.000710053381394    -0.004962985430557     0.008420590333947
     0.007447799631089     0.026587212117670    -0.039343283146981
65 9
    -0.001804464313402    -0.002943333530732     0.001713664994038
    -0.002943333530732    -0.005203133125968    -0.000989384945609
     0.002788042957591    -0.001609677352077     0.002224443481029
65 10
     0.000997642668832     0.000000000000000     0.000000000000000
    -0.000000000000000     0.007068763483829    -0.002565042772233
     0.000000000000000     0.005110105744356     0.000417963189578
65 11
    -0.001804464313402     0.002943333530732    -0.001713664994038
     0.002943333530732    -0.005203133125968    -0.000989384945609
    -0.002788042957591    -0.001609677352077     0.002224443481029
65 12
     0.000818181142422     0.000000000000000     0.000000000000000
     0.000000000000000    -0.004265530738889     0.004755150782003
     0.000000000000000     0.002847806106979     0.003459319285107
65 13
    -0.005743516580247     0.006226868226602     0.002001482332642
     0.000641866226759    -0.014518389038407    -0.020307849758482
    -0.026749100925252    -0.006843622376016    -0.039343283146981
65 14
    -0.005743516580247    -0.006226868226602    -0.002001482332642
    -0.000641866226759    -0.014518389038407    -0.020307849758482
     0.026749100925252    -0.006843622376016    -0.039343283146981
65 15
    -0.002994602768561     0.002201311817368     0.004118081376040
     0.002201311817368    -0.000452746827906    -0.002377575391002
     0.002466272433697    -0.001423903053490     0.003459319285107
65 16
    -0.002994602768561    -0.002201311817368    -0.004118081376040
    -0.002201311817368    -0.000452746827906    -0.002377575391002
    -0.002466272433697    -0.001423903053490     0.003459319285107
65 17
    -0.005362458744551     0.001019917272014    -0.002211007892986
     0.001019917272014    -0.006540157767649    -0.001276526002196
     0.000412412082902     0.000238106227080     0.000544926886163
65 18
    -0.003091598245162     0.001781565267077    -0.003032857965993
     0.000136213386131    -0.002896323044867    -0.001769958159445
     0.000709378333203    -0.000598195389776    -0.003831283210446
65 19
    -0.003091598245162    -0.001781565267077     0.003032857965993
    -0.000136213386131    -0.002896323044867    -0.001769958159445
    -0.000709378333203    -0.000598195389776    -0.003831283210446
65 20
    -0.005362458744551    -0.001019917272014     0.002211007892986
    -0.001019917272014    -0.006540157767649    -0.001276526002196
    -0.000412412082902     0.000238106227080     0.000544926886163
65 21
    -0.002114719328684    -0.000427787919263    -0.003049257712711
     0.001217563961683    -0.003873201961346    -0.001741552964898
    -0.000163363237372     0.000913437352336    -0.003831283210446
65 22
    -0.006358486503915    -0.000000000000000     0.000000000000000
     0.000000000000000    -0.006358486503915     0.000000000000000
     0.000000000000000     0.000000000000000    -0.003759027706170
65 23
    -0.002114719328684     0.000427787919263     0.003049257712711
    -0.001217563961683    -0.003873201961346    -0.001741552964898
     0.000163363237372     0.000913437352336    -0.003831283210446
65 24
    -0.002213377520984     0.000000000000000     0.000000000000000
     0.000000000000000    -0.002943287381540    -0.002908077681974
     0.000000000000000    -0.005495309125185     0.000226769747538
65 25
    -0.003775564361198     0.000258674635078    -0.000016399746718
    -0.001386677245868    -0.002212356928832     0.003511511124342
    -0.000872741570574    -0.000315241962560    -0.003831283210446
65 26
    -0.003775564361198    -0.000258674635078     0.000016399746718
     0.001386677245868    -0.002212356928832     0.003511511124342
     0.000872741570574    -0.000315241962560    -0.003831283210446
65 27
    -0.005032053031994    -0.000652326109292     0.001406332457773
    -0.000652326109292    -0.004278811722396     0.000811946423065
    -0.000634694874040    -0.000366441256380    -0.004735239644946
65 28
    -0.005032053031994     0.000652326109292    -0.001406332457773
     0.000652326109292    -0.004278811722396     0.000811946423065
     0.000634694874040    -0.000366441256380    -0.004735239644946
65 29
    -0.007129007279197     0.000000000000000     0.000000000000000
     0.000000000000000    -0.004773609233003     0.002553052004391
     0.000000000000000    -0.000476212454161     0.000544926886163
65 30
    -0.002760809916401     0.000316060240857    -0.002518469148768
     0.000316060240857    -0.002395854986123     0.001454038840987
    -0.004759077304059     0.002747654562593     0.000226769747538
65 31
    -0.003902191067597    -0.000000000000000     0.000000000000000
    -0.000000000000000    -0.005408673686794    -0.001623892846130
     0.000000000000000     0.000732882512760    -0.004735239644946
65 32
    -0.002760809916401    -0.000316060240857     0.002518469148768
    -0.000316060240857    -0.002395854986123     0.001454038840987
     0.004759077304059     0.002747654562593     0.000226769747538
65 33
    -0.066756368772787    -0.058367644176391     0.173386969580807
    -0.058367644176391     0.000640781381620     0.100105013561453
     0.169915655751607     0.098100849587722    -0.159273952883832
65 34
    -0.004752450741403    -0.003405630151941    -0.005766361650362
    -0.002396619408547    -0.001777834214000    -0.009904049188455
    -0.002784674807560    -0.003626311074507     0.006324914574191
65 35
    -0.004752450741403     0.003405630151941     0.005766361650362
     0.002396619408547    -0.001777834214000    -0.009904049188455
     0.002784674807560    -0.003626311074507     0.006324914574191
65 36
    -0.066756368772787     0.058367644176391    -0.173386969580807
     0.058367644176391     0.000640781381620     0.100105013561453
    -0.169915655751607     0.098100849587722    -0.159273952883832
65 37
    -0.005033936105091    -0.002234103758049    -0.011460339022714
    -0.003243114501443    -0.001496348850313    -0.000041791082394
    -0.004532814916328    -0.000598443587372     0.006324914574191
65 38
     0.000601496727132     0.000000000000000     0.000000000000000
     0.000000000000000     0.000601496727132     0.000000000000000
     0.000000000000000     0.000000000000000     0.008645965237060
65 39
    -0.005033936105091     0.002234103758049     0.011460339022714
     0.003243114501443    -0.001496348850313    -0.000041791082394
     0.004532814916328    -0.000598443587372     0.006324914574191
65 40
     0.020926863569911     0.000000000000000     0.000000000000000
     0.000000000000000    -0.012463038297174     0.017108155297825
     0.000000000000000     0.017476394190216     0.029109856008244
65 41
    -0.000009040586611    -0.000341989721199    -0.005693977372352
     0.000667021022195    -0.006521244368792     0.009945840270849
    -0.001748140108768     0.004224754661879     0.006324914574191
65 42
    -0.000009040586611     0.000341989721199     0.005693977372352
    -0.000667021022195    -0.006521244368792     0.009945840270849
     0.001748140108768     0.004224754661879     0.006324914574191
65 43
    -0.002937391557557    -0.000817851333223    -0.000228422502638
    -0.000817851333223    -0.001993018182770    -0.000131879793387
     0.003481150127895     0.002009842963430     0.004888249845474
65 44
    -0.002937391557557     0.000817851333223     0.000228422502638
     0.000817851333223    -0.001993018182770    -0.000131879793387
    -0.003481150127895     0.002009842963430     0.004888249845474
65 45
     0.034339356458824     0.000000000000000     0.000000000000000
     0.000000000000000    -0.100454943849991    -0.200210027122905
     0.000000000000000    -0.196201699175444    -0.159273952883832
65 46
    -0.004115562830403     0.014458251623382     0.014816097099805
     0.014458251623382     0.012579388103140    -0.008554077648912
     0.015135001335278    -0.008738197095108     0.029109856008244
65 47
    -0.001520831495376    -0.000000000000000     0.000000000000000
    -0.000000000000000    -0.003409578244950     0.000263759586774
     0.000000000000000    -0.004019685926860     0.004888249845474
65 48
    -0.004115562830403    -0.014458251623382    -0.014816097099805
    -0.014458251623382     0.012579388103140    -0.008554077648912
    -0.015135001335278    -0.008738197095108     0.029109856008244
65 49
    -3.384171450133906    -1.595587414803035    -2.785282446312170
    -1.595587414803037    -1.541745803229687    -1.608083570147471
    -3.176817550381515    -1.834136467879095    -3.663934656537047
65 50
    -0.012738532675058    -0.072780560761859    -0.045669591942378
     0.128590637708088    -0.050738452230825     0.016608595322419
     0.107701437078113     0.012291935575857    -0.017489191340466
65 51
    -0.012738532675058     0.072780560761859     0.045669591942378
    -0.128590637708088    -0.050738452230825     0.016608595322419
    -0.107701437078113     0.012291935575857    -0.017489191340466
65 52
    -3.384171450133908     1.595587414803033     2.785282446312170
     1.595587414803034    -1.541745803229686    -1.608083570147470
     3.176817550381514    -1.834136467879095    -3.663934656537042
65 53
    -0.017072000130584     0.131092566310060    -0.008451330500799
    -0.070278632159887    -0.046404984775299    -0.047855324463778
     0.064495847009430     0.087126212745808    -0.017489191340466
65 54
     0.011890922993046     0.000000000000000     0.000000000000000
     0.000000000000000     0.011890922993046     0.000000000000000
     0.000000000000000     0.000000000000000    -0.037079395174408
65 55
    -0.017072000130584    -0.131092566310060     0.008451330500799
     0.070278632159887    -0.046404984775299    -0.047855324463778
    -0.064495847009430     0.087126212745808    -0.017489191340466
65 56
     0.275108130216620     0.000000000000000     0.000000000000000
     0.000000000000000    -0.213897953109816    -0.087011804589789
     0.000000000000000    -0.203481273251030    -0.173348295478469
65 57
    -0.065404944553183    -0.098183670633002     0.037218261441579
     0.103187527836946     0.001927959647299     0.031246729141359
    -0.043205590068683    -0.099418148321665    -0.017489191340466
65 58
    -0.065404944553183     0.098183670633002    -0.037218261441579
    -0.103187527836946     0.001927959647299     0.031246729141359
     0.043205590068683    -0.099418148321665    -0.017489191340466
65 59
     0.011696449582046    -0.010937482177707    -0.007560914346745
    -0.010937482177707     0.024325966141158    -0.004365295933413
    -0.014928523869822    -0.008618987274846    -0.014814510621855
65 60
     0.011696449582046     0.010937482177707     0.007560914346745
     0.010937482177707     0.024325966141158    -0.004365295933413
     0.014928523869822    -0.008618987274846    -0.014814510621855
65 61
    -0.620532979777575     0.000000000000001     0.000000000000000
     0.000000000000001    -4.305384273586018     3.216167140294941
     0.000000000000000     3.668272935758189    -3.663934656537045
65 62
    -0.091646432278207     0.211745845382912    -0.075354433203885
     0.211745845382912     0.152856609385011     0.043505902294895
    -0.176219951829795     0.101740636625515    -0.173348295478469
65 63
     0.030640724420714     0.000000000000000     0.000000000000000
     0.000000000000000     0.005381691302490     0.008730591866826
     0.000000000000000     0.017237974549691    -0.014814510621855
65 64
    -0.091646432278207    -0.211745845382912     0.075354433203885
    -0.211745845382912     0.152856609385011     0.043505902294895
     0.176219951829795     0.101740636625515    -0.173348295478469
65 65
    11.292466995737845    -0.000000000000001     0.000000000000000
    -0.000000000000001    11.292466995737852     0.000000000000000
     0.000000000000000     0.000000000000000    12.453374346607815
65 66
    -1.322332318667073     0.000501984327806    -0.055876227972852
    -0.000501984327806     0.092155246539673    -0.001806700370093
     0.055876227972852    -0.001806700370093     0.167410662932043
65 67
    -0.044596061604194    -0.000000000000000     0.000000000000000
    -0.000000000000000     0.003920963666084     0.007603091557477
     0.000000000000000     0.007603091557477     0.033917846061635
65 68
    -1.322332318667073    -0.000501984327806     0.055876227972852
     0.000501984327806     0.092155246539673    -0.001806700370093
    -0.055876227972852    -0.001806700370093     0.167410662932043
65 69
    -0.261466644762013    -0.612993066730925    -0.029502762403953
    -0.611989098075314    -0.968710427365386    -0.047486882707094
     0.026373465568899     0.049293583077187     0.167410662932043
65 70
    -0.018045913672092     0.002472561688516    -0.010203473460491
     0.002472561688516    -0.020900981984997    -0.005890978149084
    -0.006183379480112    -0.003569975807344     0.008400516824102
65 71
    -0.018045913672092    -0.002472561688516     0.010203473460491
    -0.002472561688516    -0.020900981984997    -0.005890978149084
     0.006183379480112    -0.003569975807344     0.008400516824102
65 72
    -0.261466644762014     0.612993066730926     0.029502762403953
     0.611989098075314    -0.968710427365386    -0.047486882707094
    -0.026373465568899     0.049293583077187     0.167410662932043
65 73
    -0.008208292651485    -0.021008488200057     0.006584470436074
    -0.021008488200057    -0.032466805286625    -0.003801545778738
     0.006584470436074    -0.003801545778738     0.033917846061635
65 74
    -0.022328516141450     0.000000000000000     0.000000000000000
     0.000000000000000    -0.016618379515639     0.011781956298167
     0.000000000000000     0.007139951614689     0.008400516824102
65 75
    -0.008208292651485     0.021008488200057    -0.006584470436074
     0.021008488200057    -0.032466805286625    -0.003801545778738
    -0.006584470436074    -0.003801545778738     0.033917846061635
65 76
    -0.022328516141450     0.000000000000000     0.000000000000000
     0.000000000000000    -0.016618379515639     0.007139951614689
     0.000000000000000     0.011781956298167     0.008400516824102
65 77
    -0.261466644762013    -0.611989098075314     0.026373465568899
    -0.612993066730925    -0.968710427365386     0.049293583077187
    -0.029502762403953    -0.047486882707094     0.167410662932043
65 78
    -0.261466644762014     0.611989098075314    -0.026373465568899
     0.612993066730926    -0.968710427365386     0.049293583077187
     0.029502762403953    -0.047486882707094     0.167410662932043
65 79
    -0.018045913672092    -0.002472561688516     0.006183379480112
    -0.002472561688516    -0.020900981984997    -0.003569975807344
     0.010203473460491    -0.005890978149084     0.008400516824102
65 80
    -0.018045913672092     0.002472561688516    -0.006183379480112
     0.002472561688516    -0.020900981984997    -0.003569975807344
    -0.010203473460491    -0.005890978149084     0.008400516824102
65 81
     0.275639897649164     0.000000000000000     0.000000000000000
     0.000000000000000     0.275639897649164     0.000000000000000
     0.000000000000000     0.000000000000000    -0.903481179037449
65 82
    -0.051168366017605     0.058237988613101    -0.144400537701894
    -0.057627853969424     0.106260434139180    -0.118645916333937
    -0.145209220474790     0.112609870997046    -0.130080173974146
65 83
    -0.013567328702366    -0.000000000000000     0.000000000000000
    -0.000000000000000     0.007778829491674    -0.016998000118903
     0.000000000000000     0.015863775523909     0.020630795500581
65 84
    -0.051168366017605    -0.058237988613101     0.144400537701894
     0.057627853969424     0.106260434139180    -0.118645916333937
     0.145209220474790     0.112609870997046    -0.130080173974146
65 85
     0.067167430150560    -0.125949057741883    -0.174950646451420
    -0.010083215159358    -0.012075362028986    -0.065731575803005
     0.024918398762935    -0.182059809293426    -0.130080173974146
65 86
    -0.039730614131444    -0.021926995185129     0.033257538690834
    -0.021926995185129    -0.014411500986136     0.019201248915737
    -0.002432053540380    -0.001404146766222     0.038540283635986
65 87
    -0.039730614131444     0.021926995185129    -0.033257538690834
     0.021926995185129    -0.014411500986136     0.019201248915737
     0.002432053540380    -0.001404146766222     0.038540283635986
65 88
     0.067167430150560     0.125949057741883     0.174950646451420
     0.010083215159358    -0.012075362028986    -0.065731575803005
    -0.024918398762935    -0.182059809293426    -0.130080173974146
65 89
     0.002442289943164    -0.009243157634620    -0.014720699916501
    -0.009243157634620    -0.008230789153856     0.008499000059452
     0.013738432603639    -0.007931887761954     0.020630795500581
65 90
    -0.001751944413483     0.000000000000000     0.000000000000000
     0.000000000000000    -0.052390170704097    -0.038402497831475
     0.000000000000000     0.002808293532444     0.038540283635986
65 91
     0.002442289943164     0.009243157634620     0.014720699916501
     0.009243157634620    -0.008230789153856     0.008499000059452
    -0.013738432603639    -0.007931887761954     0.020630795500581
65 92
    -0.000317735795120     0.000000000000000     0.000000000000000
     0.000000000000000    -0.054115634040274     0.003027330267330
     0.000000000000000     0.042254700942854     0.038112424503929
65 93
     0.066639038049407    -0.010388282481197    -0.030550108749525
    -0.126254125063721    -0.011546969927832     0.184377492136942
     0.170127619237725     0.069449938296380    -0.130080173974146
65 94
     0.066639038049407     0.010388282481197     0.030550108749525
     0.126254125063721    -0.011546969927832     0.184377492136942
    -0.170127619237725     0.069449938296380    -0.130080173974146
65 95
    -0.040666159478986     0.023295173275257     0.002621744917154
     0.023295173275257    -0.013767210356408    -0.001513665133665
     0.036593644445826    -0.021127350471427     0.038112424503929
65 96
    -0.040666159478986    -0.023295173275257    -0.002621744917154
    -0.023295173275257    -0.013767210356408    -0.001513665133665
    -0.036593644445826    -0.021127350471427     0.038112424503929
81 1
    -0.000350315932919    -0.000000000000000     0.000000000000000
     0.000000000000000    -0.000350315932919     0.000000000000000
     0.000000000000000     0.000000000000000     0.006753453223516
81 2
    -0.003144196193761    -0.001182977940821    -0.000529721915631
     0.001335989796878    -0.000588171873563    -0.003806389294766
     0.000873071454142     0.000021838088702     0.002740606046031
81 3
    -0.002633114583320    -0.000000000000000     0.000000000000000
    -0.000000000000000    -0.001170364717349    -0.002190525295276
     0.000000000000000    -0.000869011123598     0.005320776943835
81 4
    -0.003144196193761     0.001182977940821     0.000529721915631
    -0.001335989796878    -0.000588171873563    -0.003806389294766
    -0.000873071454142     0.000021838088702     0.002740606046031
81 5
    -0.001160921876400     0.000190945835873    -0.003561290783775
    -0.002328021901826    -0.002571446190924     0.001444442011505
     0.000455448066658     0.000745183014255     0.002740606046031
81 6
     0.000889790237069     0.000778789523055    -0.001009189879176
     0.000778789523055    -0.000009478444487    -0.000582656048406
     0.000865779868701     0.000499858240254     0.004868189226290
81 7
     0.000889790237069    -0.000778789523055     0.001009189879176
    -0.000778789523055    -0.000009478444487    -0.000582656048406
    -0.000865779868701     0.000499858240254     0.004868189226290
81 8
    -0.001160921876400    -0.000190945835873     0.003561290783775
     0.002328021901826    -0.002571446190924     0.001444442011505
    -0.000455448066658     0.000745183014255     0.002740606046031
81 9
    -0.001536052183842    -0.000633389271656    -0.001897050553341
    -0.000633389271656    -0.002267427116827     0.001095262647638
    -0.000752585709208     0.000434505561799     0.005320776943835
81 10
    -0.000459112785264    -0.000000000000000     0.000000000000000
    -0.000000000000000     0.001339424577847     0.001165312096812
     0.000000000000000    -0.000999716480507     0.004868189226290
81 11
    -0.001536052183842     0.000633389271656     0.001897050553341
     0.000633389271656    -0.002267427116827     0.001095262647638
     0.000752585709208     0.000434505561799     0.005320776943835
81 12
     0.000574017061967     0.000000000000000     0.000000000000000
     0.000000000000000    -0.002323598938306     0.001314465308670
     0.000000000000000     0.000263799165645     0.003250948198051
81 13
    -0.001293434030825    -0.002404527829854    -0.003031568868145
     0.000114439907844    -0.002438934036499     0.002361947283260
    -0.000417623387485    -0.000767021102957     0.002740606046031
81 14
    -0.001293434030825     0.002404527829854     0.003031568868145
    -0.000114439907844    -0.002438934036499     0.002361947283260
     0.000417623387485    -0.000767021102957     0.002740606046031
81 15
    -0.001599194938238     0.001254704533324     0.001138360349702
     0.001254704533324    -0.000150386938101    -0.000657232654335
     0.000228456778946    -0.000131899582822     0.003250948198051
81 16
    -0.001599194938238    -0.001254704533324    -0.001138360349702
    -0.001254704533324    -0.000150386938101    -0.000657232654335
    -0.000228456778946    -0.000131899582822     0.003250948198051
81 17
    -0.004606264347378    -0.000809695364328    -0.001294317079863
    -0.000809695364328    -0.003671308674266    -0.000747274314476
    -0.000471278568479    -0.000272092808375    -0.005969072309421
81 18
    -0.005013576160514     0.000170409461413    -0.000279518794615
    -0.000152580750097    -0.005122255347612     0.000036999392795
    -0.000181518819232     0.000259686135717    -0.002975926175996
81 19
    -0.005013576160514    -0.000170409461413     0.000279518794615
     0.000152580750097    -0.005122255347612     0.000036999392795
     0.000181518819232     0.000259686135717    -0.002975926175996
81 20
    -0.004606264347378     0.000809695364328     0.001294317079863
     0.000809695364328    -0.003671308674266    -0.000747274314476
     0.000471278568479    -0.000272092808375    -0.005969072309421
81 21
    -0.005087365492379    -0.000109978459481    -0.000107716983222
     0.000213011752029    -0.005048466015746    -0.000260570073370
     0.000134135380926    -0.000287042976579    -0.002975926175996
81 22
    -0.005165853860346    -0.000000000000000     0.000000000000000
     0.000000000000000    -0.005165853860346     0.000000000000000
     0.000000000000000     0.000000000000000    -0.002665149531841
81 23
    -0.005087365492379     0.000109978459481     0.000107716983222
    -0.000213011752029    -0.005048466015746    -0.000260570073370
    -0.000134135380926    -0.000287042976579    -0.002975926175996
81 24
    -0.003446975524372     0.000000000000000     0.000000000000000
     0.000000000000000    -0.004516540678939    -0.001134042278271
     0.000000000000000    -0.000409889488696    -0.003066515046151
81 25
    -0.005102805609296     0.000204097396371     0.000171801811393
    -0.000118892815139    -0.005033025898830     0.000223570680574
     0.000315654200158     0.000027356840861    -0.002975926175996
81 26
    -0.005102805609296    -0.000204097396371    -0.000171801811393
     0.000118892815139    -0.005033025898830     0.000223570680574
    -0.000315654200158     0.000027356840861    -0.002975926175996
81 27
    -0.004664987292864     0.000040476279211     0.000050118820795
     0.000040476279211    -0.004711725274261     0.000028936114678
    -0.000029872656012    -0.000017246985990    -0.002519264377150
81 28
    -0.004664987292864    -0.000040476279211    -0.000050118820795
    -0.000040476279211    -0.004711725274261     0.000028936114678
     0.000029872656012    -0.000017246985990    -0.002519264377150
81 29
    -0.003203830837709     0.000000000000000     0.000000000000000
     0.000000000000000    -0.005073742183935     0.001494548628951
     0.000000000000000     0.000544185616749    -0.005969072309421
81 30
    -0.004249149390298     0.000463135297429    -0.000982109421948
     0.000463135297429    -0.003714366813014     0.000567021139136
    -0.000354974709955     0.000204944744348    -0.003066515046151
81 31
    -0.004735094264960    -0.000000000000000     0.000000000000000
    -0.000000000000000    -0.004641618302166    -0.000057872229355
     0.000000000000000     0.000034493971980    -0.002519264377150
81 32
    -0.004249149390298    -0.000463135297429     0.000982109421948
    -0.000463135297429    -0.003714366813014     0.000567021139136
     0.000354974709955     0.000204944744348    -0.003066515046151
81 33
     0.001571827946237     0.000486490132233    -0.005833955499064
     0.000486490132233     0.001010077528630    -0.003368235777825
    -0.005786375186111    -0.003340765271334     0.004815091109608
81 34
     0.001249843523336     0.000332590663868     0.002350964607795
     0.000497941483810    -0.000831744088667    -0.000796934178222
    -0.003725854146088    -0.002467298589068     0.004804616771496
81 35
     0.001249843523336    -0.000332590663868    -0.002350964607795
    -0.000497941483810    -0.000831744088667    -0.000796934178222
     0.003725854146088    -0.002467298589068     0.004804616771496
81 36
     0.001571827946237    -0.000486490132233     0.005833955499064
    -0.000486490132233     0.001010077528630    -0.003368235777825
     0.005786375186111    -0.003340765271334     0.004815091109608
81 37
     0.000048283783608     0.001191662322989     0.000485317060413
     0.001026311503048     0.000369815651061     0.002434462162859
    -0.003999670329899    -0.001993035046773     0.004804616771496
81 38
    -0.002163586252131    -0.000000000000000     0.000000000000000
     0.000000000000000    -0.002163586252131     0.000000000000000
     0.000000000000000     0.000000000000000     0.000893012126335
81 39
     0.000048283783608    -0.001191662322989    -0.000485317060413
    -0.001026311503048     0.000369815651061     0.002434462162859
     0.003999670329899    -0.001993035046773     0.004804616771496
81 40
     0.002044301721318     0.000000000000000     0.000000000000000
     0.000000000000000    -0.000026890599028    -0.009032202850309
     0.000000000000000    -0.002287858410337     0.007740454765701
81 41
    -0.000670978154941     0.000611045429209    -0.001865647547381
     0.000776396249150     0.001089077589610    -0.001637527984637
    -0.000273816183811     0.004460333635842     0.004804616771496
81 42
    -0.000670978154941    -0.000611045429209     0.001865647547381
    -0.000776396249150     0.001089077589610    -0.001637527984637
     0.000273816183811     0.004460333635842     0.004804616771496
81 43
    -0.000513915184759    -0.000364700211380    -0.001202187371911
    -0.000364700211380    -0.000092795654331    -0.000694083202789
    -0.001449336777932    -0.000836774978886     0.002801874363039
81 44
    -0.000513915184759     0.000364700211380     0.001202187371911
     0.000364700211380    -0.000092795654331    -0.000694083202789
     0.001449336777932    -0.000836774978886     0.002801874363039
81 45
     0.000729202319827    -0.000000000000000     0.000000000000000
    -0.000000000000000     0.001852703155040     0.006736471555650
     0.000000000000000     0.006681530542667     0.004815091109608
81 46
     0.000490907481058     0.000896852582771    -0.007822117120502
     0.000896852582771     0.001526503641231     0.004516101425154
    -0.001981343503614     0.001143929205169     0.007740454765701
81 47
     0.000117764110883     0.000000000000000     0.000000000000000
     0.000000000000000    -0.000724474949973     0.001388166405579
     0.000000000000000     0.001673549957771     0.002801874363039
81 48
     0.000490907481058    -0.000896852582771     0.007822117120502
    -0.000896852582771     0.001526503641231     0.004516101425154
     0.001981343503614     0.001143929205169     0.007740454765701
81 49
    -3.435384841908374    -1.605091924415360     2.832612158354792
    -1.605091924415362    -1.581984332637774     1.635409392135946
     3.196916355922358     1.845740518668491    -3.770901724988891
81 50
    -0.017502898618687    -0.069027087641681     0.066580315220968
     0.135116665922107    -0.058370051316064    -0.023021130884684
    -0.108759927751489    -0.011775376332135    -0.007184415769887
81 51
    -0.017502898618687     0.069027087641681    -0.066580315220968
    -0.135116665922107    -0.058370051316064    -0.023021130884684
     0.108759927751489    -0.011775376332135    -0.007184415769887
81 52
    -3.435384841908377     1.605091924415358    -2.832612158354792
     1.605091924415359    -1.581984332637772     1.635409392135945
    -3.196916355922358     1.845740518668491    -3.770901724988887
81 53
    -0.019535636283595     0.136290267560133     0.013353273440502
    -0.067853486003654    -0.056337313651156     0.069170809815676
    -0.064577738918496    -0.088301172180482    -0.007184415769887
81 54
     0.020679146492667     0.000000000000000     0.000000000000000
     0.000000000000000     0.020679146492667     0.000000000000000
     0.000000000000000     0.000000000000000    -0.027804096831124
81 55
    -0.019535636283595    -0.136290267560133    -0.013353273440502
     0.067853486003654    -0.056337313651156     0.069170809815676
     0.064577738918496    -0.088301172180482    -0.007184415769887
81 56
     0.284406221482498     0.000000000000000     0.000000000000000
     0.000000000000000    -0.209334257674740     0.066614162681805
     0.000000000000000     0.169341205598293    -0.196712420926423
81 57
    -0.076770889999844    -0.100898275143867    -0.053227041780467
     0.103245478419921     0.000897940065093    -0.046149678930992
     0.044182188832994     0.100076548512617    -0.007184415769887
81 58
    -0.076770889999844     0.100898275143867     0.053227041780467
    -0.103245478419921     0.000897940065093    -0.046149678930992
    -0.044182188832994     0.100076548512617    -0.007184415769887
81 59
     0.013480681879914    -0.008516688982525     0.009789326411727
    -0.008516688982525     0.023314907233245     0.005651870238996
     0.010478287046956     0.006049641847206    -0.010574557149407
81 60
     0.013480681879914     0.008516688982525    -0.009789326411727
     0.008516688982525     0.023314907233245     0.005651870238996
    -0.010478287046956     0.006049641847206    -0.010574557149407
81 61
    -0.655284078002470     0.000000000000001     0.000000000000000
     0.000000000000001    -4.362085096543678    -3.270818784271891
     0.000000000000000    -3.691481037336981    -3.770901724988889
81 62
    -0.085899137885431     0.213795898913435     0.057689557134273
     0.213795898913435     0.160971101693188    -0.033307081340903
     0.146653785955605    -0.084670602799146    -0.196712420926423
81 63
     0.028232019909910     0.000000000000000     0.000000000000000
     0.000000000000000     0.008563569203249    -0.011303740477992
     0.000000000000000    -0.012099283694412    -0.010574557149407
81 64
    -0.085899137885430    -0.213795898913435    -0.057689557134273
    -0.213795898913435     0.160971101693188    -0.033307081340903
    -0.146653785955605    -0.084670602799146    -0.196712420926423
81 65
     0.275639897649164     0.000000000000000     0.000000000000000
     0.000000000000000     0.275639897649164     0.000000000000000
     0.000000000000000     0.000000000000000    -0.903481179037449
81 66
    -0.051168366017605     0.057627853969424     0.145209220474790
    -0.058237988613101     0.106260434139180     0.112609870997046
     0.144400537701894    -0.118645916333937    -0.130080173974146
81 67
    -0.013567328702366    -0.000000000000000     0.000000000000000
    -0.000000000000000     0.007778829491674     0.015863775523909
     0.000000000000000    -0.016998000118903     0.020630795500581
81 68
    -0.051168366017605    -0.057627853969424    -0.145209220474790
     0.058237988613101     0.106260434139180     0.112609870997046
    -0.144400537701894    -0.118645916333937    -0.130080173974146
81 69
     0.066639038049407    -0.126254125063721     0.170127619237725
    -0.010388282481197    -0.011546969927832     0.069449938296380
    -0.030550108749525     0.184377492136942    -0.130080173974146
81 70
    -0.040666159478986    -0.023295173275257    -0.036593644445826
    -0.023295173275257    -0.013767210356408    -0.021127350471427
    -0.002621744917154    -0.001513665133665     0.038112424503929
81 71
    -0.040666159478986     0.023295173275257     0.036593644445826
     0.023295173275257    -0.013767210356408    -0.021127350471427
     0.002621744917154    -0.001513665133665     0.038112424503929
81 72
     0.066639038049407     0.126254125063721    -0.170127619237725
     0.010388282481197    -0.011546969927832     0.069449938296380
     0.030550108749525     0.184377492136942    -0.130080173974146
81 73
     0.002442289943164    -0.009243157634620     0.013738432603639
    -0.009243157634620    -0.008230789153856    -0.007931887761954
    -0.014720699916501     0.008499000059452     0.020630795500581
81 74
    -0.000317735795120     0.000000000000000     0.000000000000000
     0.000000000000000    -0.054115634040274     0.042254700942854
     0.000000000000000     0.003027330267330     0.038112424503929
81 75
     0.002442289943164     0.009243157634620    -0.013738432603639
     0.009243157634620    -0.008230789153856    -0.007931887761954
     0.014720699916501     0.008499000059452     0.020630795500581
81 76
    -0.001751944413483     0.000000000000000     0.000000000000000
     0.000000000000000    -0.052390170704097     0.002808293532444
     0.000000000000000    -0.038402497831475     0.038540283635986
81 77
     0.067167430150560    -0.010083215159358     0.024918398762935
    -0.125949057741883    -0.012075362028986    -0.182059809293426
    -0.174950646451420    -0.065731575803005    -0.130080173974146
81 78
     0.067167430150560     0.010083215159358    -0.024918398762935
     0.125949057741883    -0.012075362028986    -0.182059809293426
     0.174950646451420    -0.065731575803005    -0.130080173974146
81 79
    -0.039730614131444     0.021926995185129     0.002432053540380
     0.021926995185129    -0.014411500986136    -0.001404146766222
    -0.033257538690834     0.019201248915737     0.038540283635986
81 80
    -0.039730614131444    -0.021926995185129    -0.002432053540380
    -0.021926995185129    -0.014411500986136    -0.001404146766222
     0.033257538690834     0.019201248915737     0.038540283635986
81 81
    11.169706900767988    -0.000000000000001     0.000000000000000
    -0.000000000000001    11.169706900767995     0.000000000000000
     0.000000000000000     0.000000000000000    12.029203570696328
81 82
    -1.283813531329421    -0.022437290634250     0.084659059099909
     0.022437290634249     0.088382415193350     0.010909727881669
    -0.084659059099909     0.010909727881669     0.190663998667818
81 83
    -0.061055424088817    -0.000000000000000     0.000000000000000
    -0.000000000000000     0.003110325012440    -0.001353263772611
     0.000000000000000    -0.001353263772611     0.030895976723134
81 84
    -1.283813531329421     0.022437290634249    -0.084659059099909
    -0.022437290634250     0.088382415193350     0.010909727881669
     0.084659059099909     0.010909727881669     0.190663998667818
81 85
    -0.254666571437342    -0.571740983695127     0.051777631043855
    -0.616615564963626    -0.940764544698728     0.067862031900175
    -0.032881428056054    -0.078771759781844     0.190663998667818
81 86
    -0.020324533391895    -0.002525988598159     0.015059217898225
    -0.002525988598159    -0.017407772997661     0.008694443507326
     0.011261962329126     0.006502096982324     0.007931395907366
81 87
    -0.020324533391895     0.002525988598159    -0.015059217898225
     0.002525988598159    -0.017407772997661     0.008694443507326
    -0.011261962329126     0.006502096982324     0.007931395907366
81 88
    -0.254666571437343     0.571740983695127    -0.051777631043855
     0.616615564963626    -0.940764544698728     0.067862031900175
     0.032881428056054    -0.078771759781844     0.190663998667818
81 89
    -0.012931112262875    -0.027784584387273    -0.001171960805102
    -0.027784584387273    -0.045013986813503     0.000676631886305
    -0.001171960805102     0.000676631886305     0.030895976723134
81 90
    -0.015949392800544     0.000000000000000     0.000000000000000
     0.000000000000000    -0.021782913589013    -0.017388887014651
     0.000000000000000    -0.013004193964648     0.007931395907366
81 91
    -0.012931112262875     0.027784584387273     0.001171960805102
     0.027784584387273    -0.045013986813503     0.000676631886305
     0.001171960805102     0.000676631886305     0.030895976723134
81 92
    -0.015949392800544     0.000000000000000     0.000000000000000
     0.000000000000000    -0.021782913589013    -0.013004193964648
     0.000000000000000    -0.017388887014651     0.007931395907366
81 93
    -0.254666571437342    -0.616615564963626    -0.032881428056054
    -0.571740983695127    -0.940764544698728    -0.078771759781844
     0.051777631043855     0.067862031900175     0.190663998667818
81 94
    -0.254666571437343     0.616615564963626     0.032881428056054
     0.571740983695127    -0.940764544698728    -0.078771759781844
    -0.051777631043855     0.067862031900175     0.190663998667818
81 95
    -0.020324533391895     0.002525988598159    -0.011261962329126
     0.002525988598159    -0.017407772997661     0.006502096982324
    -0.015059217898225     0.008694443507326     0.007931395907366
81 96
    -0.020324533391895    -0.002525988598159     0.011261962329126
    -0.002525988598159    -0.017407772997661     0.006502096982324
     0.015059217898225     0.008694443507326     0.007931395907366