   6  150
1 1
    25.691649467878374     0.000000000000003     0.000000000000000
     0.000000000000003    25.691649467878385     0.000000000000000
     0.000000000000000     0.000000000000000    27.176755708714662
1 2
    -1.174983260998186    -1.100177371176312     0.007927720762923
     1.100177371176312    -0.322072887507286     0.027017383262802
    -0.007927720762923     0.027017383262802     0.670832460201068
1 3
    -0.130315099019874     0.016762054608781    -0.003045757459497
    -0.016762054608781     0.059409026928531     0.004256976024864
     0.003045757459497     0.004256976024864    -0.065955828174613
1 4
    -0.130315099019874    -0.016762054608781     0.003045757459497
     0.016762054608781     0.059409026928531     0.004256976024864
    -0.003045757459497     0.004256976024864    -0.065955828174613
1 5
    -1.174983260998186     1.100177371176312    -0.007927720762923
    -1.100177371176312    -0.322072887507286     0.027017383262802
     0.007927720762923     0.027017383262802     0.670832460201068
1 6
    -0.535300480880013     0.730856345879115     0.027361600630829
    -1.469498396473507    -0.961755667625461    -0.006643084056600
     0.019433879867905    -0.020374299206202     0.670832460201068
1 7
    -0.034816186690512     0.097909329156224     0.002568282253701
     0.097909329156224    -0.147872141779556     0.001482798450529
     0.001533407202825     0.000885313061328    -0.034927261942706
1 8
     0.000829140580596     0.000000000000000     0.000000000000000
    -0.000000000000000     0.000931588291234     0.006252850003389
     0.000000000000000     0.002202706589652    -0.003834107960741
1 9
    -0.034816186690512    -0.097909329156224    -0.002568282253701
    -0.097909329156224    -0.147872141779556     0.001482798450529
    -0.001533407202825     0.000885313061328    -0.034927261942706
1 10
    -0.535300480880011    -0.730856345879117    -0.027361600630829
     1.469498396473505    -0.961755667625464    -0.006643084056600
    -0.019433879867905    -0.020374299206202     0.670832460201068
1 11
     0.011977995441430    -0.098915010999840     0.002163770651085
    -0.065390901782278    -0.082884067532773    -0.004766191346123
     0.005209528110582     0.000509215321258    -0.065955828174613
1 12
     0.000905976363574    -0.000044361159986     0.005415126948989
    -0.000044361159986     0.000854752508256    -0.003126425001695
     0.001907599863722    -0.001101353294826    -0.003834107960741
1 13
     0.000905976363574     0.000044361159986    -0.005415126948989
     0.000044361159986     0.000854752508256    -0.003126425001695
    -0.001907599863722    -0.001101353294826    -0.003834107960741
1 14
     0.011977995441430     0.098915010999840    -0.002163770651085
     0.065390901782277    -0.082884067532773    -0.004766191346123
    -0.005209528110582     0.000509215321258    -0.065955828174613
1 15
    -0.204400119324077     0.000000000000000    -0.000000000000000
     0.000000000000000     0.021711790854010    -0.001770626122657
    -0.000000000000000    -0.002965596901058    -0.034927261942706
1 16
     0.011977995441430    -0.065390901782278     0.005209528110582
    -0.098915010999840    -0.082884067532773     0.000509215321258
     0.002163770651085    -0.004766191346123    -0.065955828174613
1 17
    -0.204400119324077     0.000000000000000    -0.000000000000000
     0.000000000000000     0.021711790854010    -0.002965596901058
    -0.000000000000000    -0.001770626122657    -0.034927261942706
1 18
     0.011977995441430     0.065390901782277    -0.005209528110582
     0.098915010999840    -0.082884067532773     0.000509215321258
    -0.002163770651085    -0.004766191346123    -0.065955828174613
1 19
     0.000905976363574     0.000044361159986    -0.001907599863722
     0.000044361159986     0.000854752508256    -0.001101353294826
    -0.005415126948989    -0.003126425001695    -0.003834107960741
1 20
     0.000905976363574    -0.000044361159986     0.001907599863722
    -0.000044361159986     0.000854752508256    -0.001101353294826
     0.005415126948989    -0.003126425001695    -0.003834107960741
1 21
    -0.535300480880013    -1.469498396473507     0.019433879867905
     0.730856345879115    -0.961755667625461    -0.020374299206202
     0.027361600630829    -0.006643084056600     0.670832460201068
1 22
    -0.535300480880011     1.469498396473505    -0.019433879867905
    -0.730856345879117    -0.961755667625464    -0.020374299206202
    -0.027361600630829    -0.006643084056600     0.670832460201068
1 23
    -0.034816186690512    -0.097909329156224    -0.001533407202825
    -0.097909329156224    -0.147872141779556     0.000885313061328
    -0.002568282253701     0.001482798450529    -0.034927261942706
1 24
     0.000829140580596    -0.000000000000000     0.000000000000000
     0.000000000000000     0.000931588291234     0.002202706589652
     0.000000000000000     0.006252850003389    -0.003834107960741
1 25
    -0.034816186690512     0.097909329156224     0.001533407202825
     0.097909329156224    -0.147872141779556     0.000885313061328
     0.002568282253701     0.001482798450529    -0.034927261942706
1 26
    -4.336594517597915    -1.568350768124074     2.970714221057559
    -1.568350768124073    -2.525619041277510     1.715142655213025
     3.130586115718205     1.807444736631205    -4.703147959448213
1 27
    -0.063022393991658     0.090625971371766    -0.008982309438653
    -0.037732451663081    -0.022116104081488     0.004372701986588
     0.061235198821468    -0.004795224187394    -0.083583523621064
1 28
    -0.014059976324436     0.000000000000000    -0.000000000000000
     0.000000000000000     0.004677559951505    -0.011405430453114
    -0.000000000000000    -0.002730406479128     0.004056679665416
1 29
    -0.063022393991658    -0.090625971371766     0.008982309438653
     0.037732451663081    -0.022116104081488     0.004372701986588
    -0.061235198821468    -0.004795224187394    -0.083583523621064
1 30
    -4.336594517597906     1.568350768124081    -2.970714221057555
     1.568350768124081    -2.525619041277522     1.715142655213032
    -3.130586115718201     1.807444736631212    -4.703147959448213
1 31
    -0.009439110677384    -0.068668774708641    -0.000704283715763
     0.059689648326206    -0.075699387395763    -0.009965259151820
     0.026464813447609     0.055428849878879    -0.083583523621064
1 32
     0.010087117605775     0.004566090656848     0.003673043358686
     0.004566090656848     0.004814650266024     0.002120632571882
    -0.000799863180270    -0.000461801222444    -0.004369124223329
1 33
     0.010087117605774    -0.004566090656848    -0.003673043358686
    -0.004566090656848     0.004814650266024     0.002120632571882
     0.000799863180270    -0.000461801222444    -0.004369124223329
1 34
    -0.009439110677384     0.068668774708641     0.000704283715763
    -0.059689648326206    -0.075699387395763    -0.009965259151820
    -0.026464813447609     0.055428849878879    -0.083583523621064
1 35
     0.433089575698047    -0.000000000000000     0.000000000000000
    -0.000000000000000    -0.221409136229522     0.072989533709623
     0.000000000000000     0.211025744551782    -0.233639832396524
1 36
    -0.000006824117480    -0.008113591209649    -0.009877392513494
    -0.008113591209649    -0.009375592255451     0.005702715226557
    -0.002364601373583     0.001365203239564     0.004056679665416
1 37
     0.002178416596148     0.000000000000000    -0.000000000000000
     0.000000000000000     0.012723351275650    -0.004241265143765
     0.000000000000000     0.000923602444887    -0.004369124223329
1 38
    -0.000006824117480     0.008113591209649     0.009877392513494
     0.008113591209649    -0.009375592255451     0.005702715226557
     0.002364601373583     0.001365203239564     0.004056679665416
1 39
    -0.006178869920172    -0.001825566099398    -0.004539120732750
     0.009558130412446     0.016458904944107    -0.011853276901232
    -0.012196579466982     0.013980621220907     0.008723487037549
1 40
    -0.006178869920172     0.001825566099398     0.004539120732750
    -0.009558130412446     0.016458904944107    -0.011853276901232
     0.012196579466982     0.013980621220907     0.008723487037549
1 41
    -0.055246242440678     0.033242888471863     0.008278025722890
    -0.095115534562984    -0.029892255632468     0.005592557165233
    -0.034770385373858    -0.050633625691485    -0.083583523621064
1 42
    -0.055246242440678    -0.033242888471863    -0.008278025722890
     0.095115534562984    -0.029892255632468     0.005592557165233
     0.034770385373858    -0.050633625691485    -0.083583523621064
1 43
     0.014147759793785    -0.002177454724625    -0.012534799280933
    -0.013561151236470    -0.003867724769851     0.001995644585210
     0.006009283404502    -0.017552858268136     0.008723487037549
1 44
     0.003831039489288     0.000000000000000     0.000000000000000
    -0.000000000000000     0.003831039489288     0.000000000000000
     0.000000000000000     0.000000000000000     0.003973864051152
1 45
     0.014147759793785     0.002177454724625     0.012534799280933
     0.013561151236470    -0.003867724769851     0.001995644585210
    -0.006009283404502    -0.017552858268136     0.008723487037549
1 46
    -1.620131303117318    -0.000000000000002    -0.000000000000002
    -0.000000000000002    -5.242082255758111    -3.430285310426062
    -0.000000000000002    -3.614889473262422    -4.703147959448213
1 47
    -0.057784458247630     0.283406255636734     0.063210790402915
     0.283406255636734     0.269464897716154    -0.036494766854812
     0.182753655634369    -0.105512872275891    -0.233639832396524
1 48
     0.007451162662289    -0.017427433392994    -0.007995678548183
    -0.006043736881149     0.002828872361646     0.009857632316022
     0.018205862871484     0.003572237047228     0.008723487037549
1 49
     0.007451162662289     0.017427433392994     0.007995678548183
     0.006043736881149     0.002828872361646     0.009857632316022
    -0.018205862871484     0.003572237047228     0.008723487037549
1 50
    -0.057784458247631    -0.283406255636734    -0.063210790402915
    -0.283406255636734     0.269464897716155    -0.036494766854812
    -0.182753655634369    -0.105512872275892    -0.233639832396524
1 51
    -4.330031025635398    -1.561281790145357    -2.997872550998850
    -1.561281790145356    -2.527218101992809    -1.730822524315371
    -3.091730397883873    -1.785011377479997    -4.706109700793422
1 52
    -0.058634717826578     0.076382170033315     0.004902647791625
    -0.038887426046286    -0.019689866006636    -0.013109742301720
    -0.059690321072225    -0.006956831734629    -0.092449407155249
1 53
    -0.011178615174095     0.000000000000000     0.000000000000000
     0.000000000000000     0.004849456768075     0.010313365431524
     0.000000000000000     0.003522420713369    -0.000863134676441
1 54
    -0.058634717826578    -0.076382170033315    -0.004902647791625
     0.038887426046286    -0.019689866006636    -0.013109742301720
     0.059690321072225    -0.006956831734629    -0.092449407155249
1 55
    -4.330031025635388     1.561281790145362     2.997872550998847
     1.561281790145362    -2.527218101992821    -1.730822524315377
     3.091730397883869    -1.785011377480004    -4.706109700793422
1 56
    -0.013190378561041    -0.065124727554388    -0.008902045974545
     0.050144868525213    -0.065134205272173     0.010800688684215
    -0.035869953548155    -0.048214918541282    -0.092449407155249
1 57
     0.008350200389495     0.006796592318751    -0.006194532153971
     0.006796592318751     0.000502171579889    -0.003576414806599
     0.001827364665939     0.001055029481787    -0.006377537734190
1 58
     0.008350200389495    -0.006796592318751     0.006194532153971
    -0.006796592318751     0.000502171579889    -0.003576414806599
    -0.001827364665939     0.001055029481787    -0.006377537734190
1 59
    -0.013190378561041     0.065124727554388     0.008902045974545
    -0.050144868525213    -0.065134205272173     0.010800688684215
     0.035869953548155    -0.048214918541282    -0.092449407155249
1 60
     0.431132350028410    -0.000000000000000    -0.000000000000000
    -0.000000000000000    -0.224174080098483    -0.060657152606249
    -0.000000000000000    -0.219162073960129    -0.225104005962338
1 61
     0.000842438782533    -0.006940358737802     0.008931636462212
    -0.006940358737802    -0.007171597188552    -0.005156682715762
     0.003050505820594    -0.001761210356685    -0.000863134676441
1 62
    -0.003421842824914     0.000000000000000     0.000000000000000
     0.000000000000000     0.012274214794298     0.007152829613197
    -0.000000000000000    -0.002110058963575    -0.006377537734190
1 63
     0.000842438782533     0.006940358737802    -0.008931636462212
     0.006940358737802    -0.007171597188552    -0.005156682715762
    -0.003050505820594    -0.001761210356685    -0.000863134676441
1 64
    -0.008800630354013    -0.004353366053162     0.006280776918669
     0.011449697374205     0.014110372872502     0.014827620439638
     0.014685934749050    -0.009924418670476     0.006806002120963
1 65
    -0.008800630354013     0.004353366053162    -0.006280776918669
    -0.011449697374205     0.014110372872502     0.014827620439638
    -0.014685934749050    -0.009924418670476     0.006806002120963
1 66
    -0.045661779362202     0.031397496531699    -0.013804693766170
    -0.083872099547903    -0.032662804471012     0.002309053617505
     0.023820367524070     0.055171750275910    -0.092449407155249
1 67
    -0.045661779362202    -0.031397496531699     0.013804693766170
     0.083872099547903    -0.032662804471012     0.002309053617505
    -0.023820367524070     0.055171750275910    -0.092449407155249
1 68
     0.011455423664720    -0.000245140866230     0.015981484437734
    -0.016048204293598    -0.006145681146232    -0.001974497852749
    -0.001251831311900     0.017680601906236     0.006806002120963
1 69
     0.001611175091348     0.000000000000000     0.000000000000000
    -0.000000000000000     0.001611175091348     0.000000000000000
     0.000000000000000     0.000000000000000    -0.000188282247281
1 70
     0.011455423664720     0.000245140866230    -0.015981484437734
     0.016048204293598    -0.006145681146232    -0.001974497852749
     0.001251831311900     0.017680601906236     0.006806002120963
1 71
    -1.625811640171525    -0.000000000000002     0.000000000000002
    -0.000000000000002    -5.231437487456686     3.461645048630754
     0.000000000000002     3.570022754960007    -4.706109700793421
1 72
    -0.060347472566760     0.283756007876591    -0.052530635078241
     0.283756007876591     0.267305742496686     0.030328576303125
    -0.189799923595556     0.109581036980065    -0.225104005962338
1 73
     0.005309820467026    -0.019596369954119     0.009700707519065
    -0.003793306526752    -0.000000077948538    -0.012853122586889
    -0.015937766060950    -0.007756183235760     0.006806002120963
1 74
     0.005309820467026     0.019596369954119    -0.009700707519065
     0.003793306526752    -0.000000077948538    -0.012853122586889
     0.015937766060950    -0.007756183235760     0.006806002120963
1 75
    -0.060347472566761    -0.283756007876591     0.052530635078241
    -0.283756007876591     0.267305742496686     0.030328576303125
     0.189799923595556     0.109581036980065    -0.225104005962338
1 76
    -0.007470711773547    -0.000572636111816    -0.017589968993561
    -0.000572636111816    -0.006809488546937    -0.010155573333469
    -0.018858457907005    -0.010887935749110    -0.058549598289825
1 77
    -0.002303568871981     0.003962636767896    -0.001716190061563
    -0.001161197824627    -0.001054863094471     0.003579318242655
    -0.002486524768987    -0.002816333437279     0.004107947377356
1 78
    -0.002303568871981    -0.003962636767896     0.001716190061563
     0.001161197824627    -0.001054863094471     0.003579318242655
     0.002486524768987    -0.002816333437279     0.004107947377356
1 79
    -0.007470711773547     0.000572636111816     0.017589968993561
     0.000572636111816    -0.006809488546937    -0.010155573333469
     0.018858457907005    -0.010887935749110    -0.058549598289825
1 80
    -0.008387643900989     0.000000000000000     0.000000000000000
     0.000000000000000     0.008093026702972     0.024953864470790
     0.000000000000000     0.041239095999726     0.057398372746414
1 81
    -0.000153980892837    -0.002402263023032     0.002241685495587
     0.002721571569490    -0.003204451073615    -0.003275923312363
    -0.003682278686705    -0.000745226898442     0.004107947377356
1 82
    -0.004976582281930     0.000000000000000     0.000000000000000
     0.000000000000000    -0.004976582281930     0.000000000000000
     0.000000000000000     0.000000000000000    -0.000867153235638
1 83
    -0.000153980892837     0.002402263023032    -0.002241685495587
    -0.002721571569490    -0.003204451073615    -0.003275923312363
     0.003682278686705    -0.000745226898442     0.004107947377356
1 84
     0.000052507111533     0.001376475366726     0.007121170509158
     0.002628120914629     0.001084553380054     0.003489012468549
     0.000068293696708    -0.002571283088338    -0.004122249402137
1 85
     0.000052507111533    -0.001376475366726    -0.007121170509158
    -0.002628120914629     0.001084553380054     0.003489012468549
    -0.000068293696708    -0.002571283088338    -0.004122249402137
1 86
    -0.002580098184859     0.001320852097856     0.003957875557150
    -0.003802982494666    -0.000778333781593    -0.000303394930292
    -0.001195753917718     0.003561560335722     0.004107947377356
1 87
    -0.002580098184859    -0.001320852097856    -0.003957875557150
     0.003802982494666    -0.000778333781593    -0.000303394930292
     0.001195753917718     0.003561560335722     0.004107947377356
1 88
    -0.001615169984882    -0.000021630004853    -0.000623175050881
    -0.000021630004853    -0.001590193806633    -0.000359790283379
     0.000351207616953     0.000202769812189    -0.001926898080679
1 89
     0.000667012173453    -0.000000000000000    -0.000000000000000
    -0.000000000000000    -0.002067696735200    -0.000331764933620
     0.000000000000000     0.001679936093131     0.000185848353280
1 90
    -0.001615169984882     0.000021630004853     0.000623175050881
     0.000021630004853    -0.001590193806633    -0.000359790283379
    -0.000351207616953     0.000202769812189    -0.001926898080679
1 91
    -0.006478876933632    -0.000000000000000     0.000000000000000
    -0.000000000000000    -0.007801323386851     0.020311146666939
     0.000000000000000     0.021775871498221    -0.058549598289825
1 92
     0.002560582868701     0.001180082701080     0.006582158686463
    -0.000071562846822    -0.001423522377113     0.004422608331337
    -0.002192649626468     0.001344785620436    -0.004122249402137
1 93
    -0.001384019508037     0.001184163693425    -0.000287316860600
     0.001184163693425    -0.000016665053711     0.000165882466810
     0.001454867333386    -0.000839968046566     0.000185848353280
1 94
    -0.001384019508037    -0.001184163693425     0.000287316860600
    -0.001184163693425    -0.000016665053711     0.000165882466810
    -0.001454867333386    -0.000839968046566     0.000185848353280
1 95
     0.002560582868701    -0.001180082701080    -0.006582158686463
     0.000071562846822    -0.001423522377113     0.004422608331337
     0.002192649626468     0.001344785620436    -0.004122249402137
1 96
     0.003972859051982    -0.007136339707217     0.021610680554298
    -0.007136339707217    -0.004267476249998    -0.012476932235395
     0.035714104764868    -0.020619547999863     0.057398372746414
1 97
    -0.000907499242853    -0.002073860987500    -0.000539011822695
    -0.000822215439597     0.002044559734441    -0.007911620799886
    -0.002260943323176     0.001226497467902    -0.004122249402137
1 98
    -0.001577705717508    -0.000000000000000     0.000000000000000
    -0.000000000000000    -0.001627658074007     0.000719580566757
    -0.000000000000000    -0.000405539624378    -0.001926898080679
1 99
    -0.000907499242853     0.002073860987500     0.000539011822695
     0.000822215439597     0.002044559734441    -0.007911620799886
     0.002260943323176     0.001226497467902    -0.004122249402137
1 100
     0.003972859051982     0.007136339707217    -0.021610680554298
     0.007136339707217    -0.004267476249998    -0.012476932235395
    -0.035714104764868    -0.020619547999863     0.057398372746413
1 101
    -0.001091726264864    -0.001102082480217     0.002840742550854
    -0.001102082480217     0.000180848968381     0.001640103476434
    -0.001078329563054    -0.000622573863504    -0.006495591076226
1 102
     0.002159639372004     0.002504908586565    -0.000300273128174
     0.002028545173815     0.002711756203235    -0.000167798342497
     0.000803714870431     0.000020837499701    -0.001871350508367
1 103
     0.002159639372004    -0.002504908586565     0.000300273128174
    -0.002028545173815     0.002711756203235    -0.000167798342497
    -0.000803714870431     0.000020837499701    -0.001871350508367
1 104
    -0.001091726264864     0.001102082480217    -0.002840742550854
     0.001102082480217     0.000180848968381     0.001640103476434
     0.001078329563054    -0.000622573863504    -0.006495591076226
1 105
     0.000994537572680    -0.000000000000000     0.000000000000000
    -0.000000000000000     0.000128321896407     0.003867016212343
    -0.000000000000000    -0.001218507620888     0.002688829126325
1 106
     0.004536770057113     0.000656108132869    -0.000295454191402
     0.001132471545618     0.000334625518126    -0.000176144985825
     0.000419903239308     0.000685618745342    -0.001871350508367
1 107
    -0.003495693991179     0.000000000000000     0.000000000000000
     0.000000000000000    -0.003495693991179     0.000000000000000
     0.000000000000000     0.000000000000000    -0.001263035051730
1 108
     0.004536770057113    -0.000656108132869     0.000295454191402
    -0.001132471545618     0.000334625518126    -0.000176144985825
    -0.000419903239308     0.000685618745342    -0.001871350508367
1 109
    -0.000569698530818    -0.000413629539541     0.000731242883663
     0.002406420074863     0.001400448360022    -0.000429825141484
    -0.002821774104789    -0.000505248159220    -0.002328627564189
1 110
    -0.000569698530818     0.000413629539541    -0.000731242883663
    -0.002406420074863     0.001400448360022    -0.000429825141484
     0.002821774104789    -0.000505248159220    -0.002328627564189
1 111
     0.000610683933742    -0.001134255334572     0.000004818936772
    -0.001610618747321     0.004260711641497     0.000343943328321
    -0.000383811631123    -0.000706456245043    -0.001871350508367
1 112
     0.000610683933742     0.001134255334572    -0.000004818936772
     0.001610618747321     0.004260711641497     0.000343943328321
     0.000383811631123    -0.000706456245043    -0.001871350508367
1 113
     0.001206731294218     0.000166181237772    -0.000719310984691
     0.000166181237772     0.001014841729494    -0.000415294390642
    -0.000846577040286    -0.000488771482099    -0.000933353045355
1 114
     0.001758850078633    -0.000000000000000    -0.000000000000000
    -0.000000000000000    -0.000164257372906    -0.001320705185042
    -0.000000000000000    -0.000418195731657    -0.002364187703901
1 115
     0.001206731294218    -0.000166181237772     0.000719310984691
    -0.000166181237772     0.001014841729494    -0.000415294390642
     0.000846577040286    -0.000488771482099    -0.000933353045355
1 116
     0.000817136585004    -0.000000000000000    -0.000000000000000
    -0.000000000000000    -0.001728013881487    -0.003280206952867
     0.000000000000000     0.001245147727008    -0.006495591076226
1 117
     0.001770815251317     0.001055123812705    -0.000006618049879
    -0.001764925801699    -0.000940065422113     0.000848187484330
    -0.001848444793494    -0.002191103978878    -0.002328627564189
1 118
     0.000316519489979     0.000832729953620    -0.001143764241156
     0.000832729953620     0.001278073215748     0.000660352592521
    -0.000362168127369     0.000209097865828    -0.002364187703901
1 119
     0.000316519489979    -0.000832729953620     0.001143764241156
    -0.000832729953620     0.001278073215748     0.000660352592521
     0.000362168127369     0.000209097865828    -0.002364187703901
1 120
     0.001770815251317    -0.001055123812705     0.000006618049879
     0.001764925801699    -0.000940065422113     0.000848187484330
     0.001848444793494    -0.002191103978878    -0.002328627564189
1 121
     0.000344875815475     0.000375082390404     0.003348934276735
     0.000375082390404     0.000777983653612    -0.001933508106171
    -0.001055258554394     0.000609253810444     0.002688829126325
1 122
     0.000045008023307    -0.002761321069359    -0.000737860933542
     0.000058728545045     0.000785741805897    -0.000418362342846
     0.000973329311294     0.002696352138098    -0.002328627564189
1 123
     0.000918896947133     0.000000000000000     0.000000000000000
     0.000000000000000     0.001302676076579     0.000830588781285
     0.000000000000000     0.000977542964197    -0.000933353045355
1 124
     0.000045008023307     0.002761321069359     0.000737860933542
    -0.000058728545045     0.000785741805897    -0.000418362342846
    -0.000973329311294     0.002696352138098    -0.002328627564189
1 125
     0.000344875815475    -0.000375082390404    -0.003348934276735
    -0.000375082390404     0.000777983653612    -0.001933508106171
     0.001055258554394     0.000609253810444     0.002688829126325
1 126
    -0.002298497316565    -0.009980244630990    -0.025223285285912
    -0.009980244630990     0.009225696531996    -0.014562670549668
    -0.024113511331863    -0.013921942258558     0.006179800177468
1 127
    -0.006060239256807     0.000902300982931     0.005858114824467
     0.004088815418290    -0.001529661631350     0.007209360927629
     0.007292694947894    -0.015560795426742    -0.003239527673925
1 128
    -0.001566734848502     0.000000000000000    -0.000000000000000
     0.000000000000000     0.002052814368060    -0.004656198123764
     0.000000000000000     0.002270015683542    -0.002421012280342
1 129
    -0.006060239256807    -0.000902300982931    -0.005858114824467
    -0.004088815418290    -0.001529661631350     0.007209360927629
    -0.007292694947894    -0.015560795426742    -0.003239527673925
1 130
    -0.002298497316565     0.009980244630990     0.025223285285912
     0.009980244630990     0.009225696531996    -0.014562670549668
     0.024113511331863    -0.013921942258558     0.006179800177468
1 131
    -0.000501089239363     0.000879238659253     0.009172547120611
    -0.002307275776106    -0.007088811648794     0.001468595792460
    -0.009829696668704     0.014096056800298    -0.003239527673925
1 132
    -0.001031734974391     0.002326458274755    -0.001387745745758
     0.002326458274755    -0.003718097596768    -0.000801215379880
    -0.000357143728792    -0.000206197027957    -0.003297003396035
1 133
    -0.001031734974391    -0.002326458274755     0.001387745745758
    -0.002326458274755    -0.003718097596768    -0.000801215379880
     0.000357143728792    -0.000206197027957    -0.003297003396035
1 134
    -0.000501089239363    -0.000879238659253    -0.009172547120611
     0.002307275776106    -0.007088811648794     0.001468595792460
     0.009829696668704     0.014096056800298    -0.003239527673925
1 135
    -0.003634731600790    -0.000000000000000     0.000000000000000
    -0.000000000000000    -0.010234641364337     0.006791251516054
    -0.000000000000000    -0.007290754135809     0.027608287684880
1 136
     0.001147927063920    -0.001567310785895    -0.004032385860233
    -0.001567310785895    -0.000661847544361     0.002328099061882
     0.001965891248937    -0.001135007841771    -0.002421012280342
1 137
    -0.005061278907956     0.000000000000000     0.000000000000000
     0.000000000000000     0.000311446336798     0.001602430759760
     0.000000000000000     0.000412394055915    -0.003297003396035
1 138
     0.001147927063920     0.001567310785895     0.004032385860233
     0.001567310785895    -0.000661847544361     0.002328099061882
    -0.001965891248937    -0.001135007841771    -0.002421012280342
1 139
    -0.003697033679346    -0.003200455931462     0.003188112806143
     0.002875696941606     0.002000666071204     0.004335861027776
    -0.001718474318296    -0.000139793151711     0.000003609749295
1 140
    -0.003697033679346     0.003200455931462    -0.003188112806143
    -0.002875696941606     0.002000666071204     0.004335861027776
     0.001718474318296    -0.000139793151711     0.000003609749295
1 141
    -0.004823522836065    -0.004802833976716     0.003314432296144
    -0.001616319541357    -0.002766378052091    -0.008677956720089
    -0.017122391616598     0.001464738626444    -0.003239527673925
1 142
    -0.004823522836065     0.004802833976716    -0.003314432296144
     0.001616319541357    -0.002766378052091    -0.008677956720089
     0.017122391616598     0.001464738626444    -0.003239527673925
1 143
     0.000435616365905     0.000489710325513     0.005349022200405
    -0.005586442547554    -0.002131983974047     0.000593056166362
    -0.000980301579805    -0.001418345839540     0.000003609749295
1 144
    -0.002203463587854     0.000000000000000     0.000000000000000
     0.000000000000000    -0.002203463587854     0.000000000000000
     0.000000000000000     0.000000000000000     0.005062526928629
1 145
     0.000435616365905    -0.000489710325513    -0.005349022200405
     0.005586442547554    -0.002131983974047     0.000593056166362
     0.000980301579805    -0.001418345839540     0.000003609749295
1 146
     0.014987793456276    -0.000000000000000     0.000000000000000
    -0.000000000000000    -0.008060594240845     0.029125341099336
     0.000000000000000     0.027843884517117     0.006179800177468
1 147
    -0.008584663923450     0.002857844758958     0.005881396336392
     0.002857844758958    -0.005284709041677    -0.003395625758027
    -0.006313978294357     0.003645377067904     0.027608287684880
1 148
     0.000716865901228    -0.005424063052626     0.002160909394261
     0.000652089820441    -0.002413233509370    -0.004928917194138
     0.000738172738491     0.001558138991251     0.000003609749295
1 149
     0.000716865901228     0.005424063052626    -0.002160909394261
    -0.000652089820441    -0.002413233509370    -0.004928917194138
    -0.000738172738491     0.001558138991251     0.000003609749295
1 150
    -0.008584663923450    -0.002857844758958    -0.005881396336392
    -0.002857844758958    -0.005284709041677    -0.003395625758027
     0.006313978294357     0.003645377067904     0.027608287684880
26 1
    -4.336594517597915    -1.568350768124073     3.130586115718205
    -1.568350768124074    -2.525619041277510     1.807444736631205
     2.970714221057559     1.715142655213025    -4.703147959448213
26 2
    -4.336594517597906     1.568350768124081    -3.130586115718201
     1.568350768124081    -2.525619041277522     1.807444736631212
    -2.970714221057555     1.715142655213032    -4.703147959448213
26 3
    -0.063022393991658     0.037732451663081    -0.061235198821468
    -0.090625971371766    -0.022116104081488    -0.004795224187394
     0.008982309438653     0.004372701986588    -0.083583523621064
26 4
    -0.014059976324436     0.000000000000000    -0.000000000000000
     0.000000000000000     0.004677559951505    -0.002730406479128
    -0.000000000000000    -0.011405430453114     0.004056679665416
26 5
    -0.063022393991658    -0.037732451663081     0.061235198821468
     0.090625971371766    -0.022116104081488    -0.004795224187394
    -0.008982309438653     0.004372701986588    -0.083583523621064
26 6
    -1.620131303117318    -0.000000000000002    -0.000000000000002
    -0.000000000000002    -5.242082255758111    -3.614889473262422
    -0.000000000000002    -3.430285310426062    -4.703147959448213
26 7
    -0.057784458247631    -0.283406255636734    -0.182753655634369
    -0.283406255636734     0.269464897716155    -0.105512872275892
    -0.063210790402915    -0.036494766854812    -0.233639832396524
26 8
     0.007451162662289     0.006043736881149    -0.018205862871484
     0.017427433392994     0.002828872361646     0.003572237047228
     0.007995678548183     0.009857632316022     0.008723487037549
26 9
     0.007451162662289    -0.006043736881149     0.018205862871484
    -0.017427433392994     0.002828872361646     0.003572237047228
    -0.007995678548183     0.009857632316022     0.008723487037549
26 10
    -0.057784458247630     0.283406255636734     0.182753655634369
     0.283406255636734     0.269464897716154    -0.105512872275891
     0.063210790402915    -0.036494766854812    -0.233639832396524
26 11
    -0.055246242440678    -0.095115534562984    -0.034770385373858
     0.033242888471863    -0.029892255632468    -0.050633625691485
     0.008278025722890     0.005592557165233    -0.083583523621064
26 12
     0.014147759793785     0.013561151236470    -0.006009283404502
     0.002177454724625    -0.003867724769851    -0.017552858268136
     0.012534799280933     0.001995644585210     0.008723487037549
26 13
     0.003831039489288    -0.000000000000000     0.000000000000000
     0.000000000000000     0.003831039489288     0.000000000000000
     0.000000000000000     0.000000000000000     0.003973864051152
26 14
     0.014147759793785    -0.013561151236470     0.006009283404502
    -0.002177454724625    -0.003867724769851    -0.017552858268136
    -0.012534799280933     0.001995644585210     0.008723487037549
26 15
    -0.055246242440678     0.095115534562984     0.034770385373858
    -0.033242888471863    -0.029892255632468    -0.050633625691485
    -0.008278025722890     0.005592557165233    -0.083583523621064
26 16
    -0.000006824117480    -0.008113591209649    -0.002364601373583
    -0.008113591209649    -0.009375592255451     0.001365203239564
    -0.009877392513494     0.005702715226557     0.004056679665416
26 17
    -0.006178869920172    -0.009558130412446     0.012196579466982
     0.001825566099398     0.016458904944107     0.013980621220907
     0.004539120732750    -0.011853276901232     0.008723487037549
26 18
    -0.006178869920172     0.009558130412446    -0.012196579466982
    -0.001825566099398     0.016458904944107     0.013980621220907
    -0.004539120732750    -0.011853276901232     0.008723487037549
26 19
    -0.000006824117480     0.008113591209649     0.002364601373583
     0.008113591209649    -0.009375592255451     0.001365203239564
     0.009877392513494     0.005702715226557     0.004056679665416
26 20
     0.002178416596148     0.000000000000000     0.000000000000000
     0.000000000000000     0.012723351275650     0.000923602444887
    -0.000000000000000    -0.004241265143765    -0.004369124223329
26 21
    -0.009439110677384     0.059689648326206     0.026464813447609
    -0.068668774708641    -0.075699387395763     0.055428849878879
    -0.000704283715763    -0.009965259151820    -0.083583523621064
26 22
     0.433089575698047    -0.000000000000000     0.000000000000000
    -0.000000000000000    -0.221409136229522     0.211025744551782
     0.000000000000000     0.072989533709623    -0.233639832396524
26 23
    -0.009439110677384    -0.059689648326206    -0.026464813447609
     0.068668774708641    -0.075699387395763     0.055428849878879
     0.000704283715763    -0.009965259151820    -0.083583523621064
26 24
     0.010087117605774    -0.004566090656848     0.000799863180270
    -0.004566090656848     0.004814650266024    -0.000461801222444
    -0.003673043358686     0.002120632571882    -0.004369124223329
26 25
     0.010087117605775     0.004566090656848    -0.000799863180270
     0.004566090656848     0.004814650266024    -0.000461801222444
     0.003673043358686     0.002120632571882    -0.004369124223329
26 26
    11.498191102692058     0.000000000000001     0.000000000000000
     0.000000000000001    11.498191102692063     0.000000000000000
     0.000000000000000     0.000000000000000    14.426240826668558
26 27
    -0.714794355990086     0.035301960662217    -0.107211102054603
    -0.035301960662217     0.102265916182561    -0.034496363986444
     0.107211102054603    -0.034496363986444     0.396816703229483
26 28
     0.006803691266393    -0.002639200382804    -0.002170847470664
     0.002639200382804    -0.003877955612585     0.007502935432544
     0.002170847470664     0.007502935432544     0.031043209634033
26 29
     0.006803691266393     0.002639200382804     0.002170847470664
    -0.002639200382804    -0.003877955612585     0.007502935432544
    -0.002170847470664     0.007502935432544     0.031043209634033
26 30
    -0.714794355990086    -0.035301960662217     0.107211102054603
     0.035301960662217     0.102265916182561    -0.034496363986444
    -0.107211102054603    -0.034496363986444     0.396816703229483
26 31
    -0.101999151860600    -0.389099436724487    -0.083480278577757
    -0.318495515400053    -0.510529287946923    -0.075599355953790
     0.023730823476846     0.110095719940234     0.396816703229483
26 32
     0.027340740743276     0.012751481046967     0.010722709670319
     0.012751481046967     0.012616598713210     0.006190759314601
    -0.005675688398604    -0.003276860224770    -0.001928362631617
26 33
    -0.004693510878883     0.000000000000000     0.000000000000000
     0.000000000000000    -0.002126184726045     0.002351597231201
    -0.000000000000000    -0.000083408482619     0.005906668802742
26 34
     0.027340740743276    -0.012751481046967    -0.010722709670319
    -0.012751481046967     0.012616598713211     0.006190759314601
     0.005675688398604    -0.003276860224770    -0.001928362631617
26 35
    -0.101999151860599     0.389099436724487     0.083480278577756
     0.318495515400052    -0.510529287946924    -0.075599355953790
    -0.023730823476846     0.110095719940234     0.396816703229483
26 36
    -0.001207543892841     0.007264489158529     0.005412308952206
     0.001986088392922     0.004133279546649    -0.005631476773608
     0.007583156422870    -0.001871458658936     0.031043209634033
26 37
    -0.002768016264255    -0.001111684834079     0.002036542941690
    -0.001111684834079    -0.004051679340674    -0.001175798615601
    -0.000072233864839     0.000041704241309     0.005906668802742
26 38
    -0.002768016264255     0.001111684834079    -0.002036542941690
     0.001111684834079    -0.004051679340674    -0.001175798615601
     0.000072233864839     0.000041704241309     0.005906668802742
26 39
    -0.001207543892841    -0.007264489158529    -0.005412308952206
    -0.001986088392922     0.004133279546649    -0.005631476773608
    -0.007583156422870    -0.001871458658936     0.031043209634033
26 40
     0.005254527698178     0.000000000000000     0.000000000000000
     0.000000000000000     0.034702811758308     0.006553720449540
    -0.000000000000000    -0.012381518629202    -0.001928362631617
26 41
    -0.001207543892841     0.001986088392922     0.007583156422870
     0.007264489158529     0.004133279546649    -0.001871458658936
     0.005412308952206    -0.005631476773608     0.031043209634033
26 42
     0.005254527698178     0.000000000000000    -0.000000000000000
     0.000000000000000     0.034702811758308    -0.012381518629202
     0.000000000000000     0.006553720449540    -0.001928362631617
26 43
    -0.001207543892841    -0.001986088392922    -0.007583156422870
    -0.007264489158529     0.004133279546649    -0.001871458658936
    -0.005412308952206    -0.005631476773608     0.031043209634033
26 44
    -0.002768016264255     0.001111684834079     0.000072233864839
     0.001111684834079    -0.004051679340674     0.000041704241309
    -0.002036542941690    -0.001175798615601     0.005906668802742
26 45
    -0.002768016264255    -0.001111684834079    -0.000072233864839
    -0.001111684834079    -0.004051679340674     0.000041704241309
     0.002036542941690    -0.001175798615601     0.005906668802742
26 46
    -0.101999151860600    -0.318495515400053     0.023730823476846
    -0.389099436724487    -0.510529287946923     0.110095719940234
    -0.083480278577757    -0.075599355953790     0.396816703229483
26 47
    -0.101999151860599     0.318495515400052    -0.023730823476846
     0.389099436724487    -0.510529287946924     0.110095719940234
     0.083480278577756    -0.075599355953790     0.396816703229483
26 48
     0.027340740743276    -0.012751481046967     0.005675688398604
    -0.012751481046967     0.012616598713211    -0.003276860224770
    -0.010722709670319     0.006190759314601    -0.001928362631617
26 49
    -0.004693510878883     0.000000000000000    -0.000000000000000
     0.000000000000000    -0.002126184726045    -0.000083408482619
     0.000000000000000     0.002351597231201     0.005906668802742
26 50
     0.027340740743276     0.012751481046967    -0.005675688398604
     0.012751481046967     0.012616598713210    -0.003276860224770
     0.010722709670319     0.006190759314601    -0.001928362631617
26 51
     0.296804675691376     0.000000000000000     0.000000000000000
    -0.000000000000000     0.296804675691376     0.000000000000000
     0.000000000000000     0.000000000000000    -1.747030869145486
26 52
    -0.149517310388062    -0.140847436522449    -0.168206767015416
     0.139050794787847     0.206184067521851     0.145628859459437
    -0.176253267817717    -0.153286926156942    -0.037951340476241
26 53
    -0.005001630731002    -0.016517084223600     0.002743357227829
     0.015540484801880     0.012160093624966    -0.005437227343215
     0.002938280436502     0.005570872327712    -0.004110467669332
26 54
    -0.005001630731002     0.016517084223600    -0.002743357227829
    -0.015540484801880     0.012160093624966    -0.005437227343215
    -0.002938280436501     0.005570872327712    -0.004110467669332
26 55
    -0.149517310388062     0.140847436522449     0.168206767015416
    -0.139050794787846     0.206184067521851     0.145628859459437
     0.176253267817717    -0.153286926156943    -0.037951340476242
26 56
     0.116480754352540    -0.014523259494060     0.042014908308318
    -0.294421490804355    -0.059813997218751    -0.218485763053519
    -0.220877006028800    -0.075996344351694    -0.037951340476242
26 57
    -0.011323480419272    -0.005274155539613    -0.010895974093329
    -0.005274155539613    -0.005233410178185    -0.006290793575867
     0.002685034649510     0.001550205477678     0.030900781528384
26 58
     0.000331468618265    -0.000000000000000    -0.000000000000000
    -0.000000000000000    -0.000883474582608    -0.003364583677148
    -0.000000000000000    -0.000629455521118    -0.002513527647076
26 59
    -0.011323480419272     0.005274155539613     0.010895974093329
     0.005274155539613    -0.005233410178185    -0.006290793575867
    -0.002685034649510     0.001550205477678     0.030900781528384
26 60
     0.116480754352540     0.014523259494060    -0.042014908308318
     0.294421490804355    -0.059813997218751    -0.218485763053519
     0.220877006028800    -0.075996344351694    -0.037951340476242
26 61
     0.007446782581708     0.008353390024803    -0.003337098391461
    -0.023704179000677    -0.000288319687745     0.005094430722563
     0.006293657175289    -0.000240810662403    -0.004110467669332
26 62
    -0.000579738782390     0.000526085838056    -0.002913814937569
     0.000526085838056     0.000027732818047     0.001682291838574
    -0.000545124471841     0.000314727760559    -0.002513527647076
26 63
    -0.000579738782390    -0.000526085838056     0.002913814937569
    -0.000526085838056     0.000027732818047     0.001682291838574
     0.000545124471841     0.000314727760559    -0.002513527647076
26 64
     0.007446782581708    -0.008353390024803     0.003337098391461
     0.023704179000677    -0.000288319687745     0.005094430722563
    -0.006293657175289    -0.000240810662403    -0.004110467669332
26 65
    -0.005625046983957    -0.000000000000000     0.000000000000000
    -0.000000000000000    -0.010249028818897     0.001324030918705
    -0.000000000000000    -0.010116828442775     0.029436230589224
26 66
     0.008292542490239    -0.023215879289817    -0.006080455619290
     0.008841689735663    -0.001134079596275     0.000342796620652
     0.003355376738787    -0.005330061665309    -0.004110467669332
26 67
    -0.002188375057642    -0.000000000000000     0.000000000000000
    -0.000000000000000    -0.014368515539815     0.012581587151734
    -0.000000000000000    -0.003100410955357     0.030900781528384
26 68
     0.008292542490239     0.023215879289817     0.006080455619290
    -0.008841689735663    -0.001134079596275     0.000342796620652
    -0.003355376738787    -0.005330061665309    -0.004110467669332
26 69
    -0.001604645868563    -0.000901603413547    -0.000626597142010
    -0.000901603413547    -0.000563563921536    -0.000361766028613
    -0.002643545583928    -0.001526251754496    -0.002590759002355
26 70
    -0.001604645868563     0.000901603413547     0.000626597142010
     0.000901603413547    -0.000563563921536    -0.000361766028613
     0.002643545583928    -0.001526251754496    -0.002590759002355
26 71
     0.118036691736205    -0.293523169937054     0.210221675323734
    -0.013624938626758    -0.061369934602416     0.072856903594082
    -0.044623738211083     0.229283270508637    -0.037951340476242
26 72
     0.118036691736206     0.293523169937054    -0.210221675323733
     0.013624938626758    -0.061369934602416     0.072856903594082
     0.044623738211084     0.229283270508637    -0.037951340476242
26 73
    -0.009093033360162     0.002002242867848     0.001146644410995
     0.002002242867848    -0.006781042442692    -0.000662015459353
    -0.008761430437172     0.005058414221388     0.029436230589224
26 74
    -0.000043022948023    -0.000000000000000     0.000000000000000
    -0.000000000000000    -0.002125186842076     0.000723532057225
     0.000000000000000     0.003052503508991    -0.002590759002355
26 75
    -0.009093033360162    -0.002002242867848    -0.001146644410995
    -0.002002242867848    -0.006781042442692    -0.000662015459353
     0.008761430437172     0.005058414221388     0.029436230589224
26 76
    -0.002200237882552     0.000397179614753     0.002100357051429
     0.000397179614753    -0.002658861397542     0.001212641709037
    -0.001828831533673    -0.001055876378269    -0.003970507173972
26 77
    -0.000771250639582     0.000339620147008     0.000341861557779
     0.001705249736213    -0.001945983644604     0.000878978898090
     0.001748561231037    -0.000021440838634     0.002358828922549
26 78
     0.000528985455736    -0.000000000000000    -0.000000000000000
    -0.000000000000000    -0.001194506996504    -0.000370305666261
     0.000000000000000     0.000622944594118    -0.000503314529735
26 79
    -0.000771250639582    -0.000339620147008    -0.000341861557779
    -0.001705249736213    -0.001945983644604     0.000878978898090
    -0.001748561231037    -0.000021440838634     0.002358828922549
26 80
    -0.002200237882552    -0.000397179614753    -0.002100357051429
    -0.000397179614753    -0.002658861397542     0.001212641709037
     0.001828831533673    -0.001055876378269    -0.003970507173972
26 81
    -0.000766845760197     0.001702706577914     0.000932148834025
     0.000337076988710    -0.001950388523989    -0.000143428655431
     0.000855712304583     0.001525018865467     0.002358828922549
26 82
    -0.000510880233350     0.000553369945900     0.000512516295624
     0.000553369945900    -0.001149856807804     0.000295901421243
     0.001123560674823     0.000648688058060    -0.000221256769728
26 83
    -0.000510880233350    -0.000553369945900    -0.000512516295624
    -0.000553369945900    -0.001149856807804     0.000295901421243
    -0.001123560674823     0.000648688058060    -0.000221256769728
26 84
    -0.000766845760197    -0.001702706577914    -0.000932148834025
    -0.000337076988710    -0.001950388523989    -0.000143428655431
    -0.000855712304583     0.001525018865467     0.002358828922549
26 85
     0.000718413842405    -0.000000000000000     0.000000000000000
    -0.000000000000000    -0.001582760592614     0.002021119626067
    -0.000000000000000    -0.000082046750205    -0.002184597935211
26 86
    -0.000763633883444     0.000746294123435    -0.000320694114147
     0.000746294123435     0.000098112342676     0.000185152833130
     0.000539485843656    -0.000311472297059    -0.000503314529735
26 87
    -0.001469345095031     0.000000000000000    -0.000000000000000
     0.000000000000000    -0.000191391946123    -0.000591802842485
    -0.000000000000000    -0.001297376116120    -0.000221256769728
26 88
    -0.000763633883444    -0.000746294123435     0.000320694114147
    -0.000746294123435     0.000098112342676     0.000185152833130
    -0.000539485843656    -0.000311472297059    -0.000503314529735
26 89
    -0.000945773672560    -0.000001651829346    -0.000308824301317
    -0.000045502320743    -0.000595123516335    -0.000187053146708
    -0.000289684430594     0.000123857615027     0.000851078998856
26 90
    -0.000945773672560     0.000001651829346     0.000308824301317
     0.000045502320743    -0.000595123516335    -0.000187053146708
     0.000289684430594     0.000123857615027     0.000851078998856
26 91
    -0.002537755026500    -0.000685357952901     0.000590287276247
     0.000680271636303    -0.000179479257686    -0.000735550242659
    -0.000892848926454    -0.001503578026834     0.002358828922549
26 92
    -0.002537755026500     0.000685357952901    -0.000590287276247
    -0.000680271636303    -0.000179479257686    -0.000735550242659
     0.000892848926454    -0.001503578026834     0.002358828922549
26 93
    -0.000703204401327    -0.000185549754786    -0.000316404927566
    -0.000141699263390    -0.000837692787568    -0.000173923116892
    -0.000037578374231    -0.000312802883489     0.000851078998856
26 94
    -0.001233330023817     0.000000000000000     0.000000000000000
     0.000000000000000    -0.001233330023817     0.000000000000000
     0.000000000000000     0.000000000000000    -0.000045194566899
26 95
    -0.000703204401327     0.000185549754786     0.000316404927566
     0.000141699263390    -0.000837692787568    -0.000173923116892
     0.000037578374231    -0.000312802883489     0.000851078998856
26 96
    -0.002888173155036    -0.000000000000000    -0.000000000000000
    -0.000000000000000    -0.001970926125058    -0.002425283418073
     0.000000000000000     0.002111752756538    -0.003970507173972
26 97
    -0.001007466983859     0.000996437759633     0.001750340940261
     0.000996437759633     0.000143120233650    -0.001010559813033
    -0.000071054569975     0.000041023375102    -0.002184597935211
26 98
    -0.000662367709456    -0.000118122188345    -0.000007580626249
    -0.000161972679742    -0.000878529479439     0.000360976263601
     0.000252106056363     0.000188945268462     0.000851078998856
26 99
    -0.000662367709456     0.000118122188345     0.000007580626249
     0.000161972679742    -0.000878529479439     0.000360976263601
    -0.000252106056363     0.000188945268462     0.000851078998856
26 100
    -0.001007466983859    -0.000996437759633    -0.001750340940261
    -0.000996437759633     0.000143120233650    -0.001010559813033
     0.000071054569975     0.000041023375102    -0.002184597935211
26 101
     0.001716847798425     0.000030943958198     0.000092312148219
     0.000030943958198     0.001681116793235     0.000053296443624
     0.000371621369229     0.000214555697561     0.001862483126567
26 102
     0.001279926961374    -0.000130454336943    -0.000196328776421
     0.000079129222868     0.001333631324559     0.000461390060569
     0.000072609692717    -0.000031599053654     0.003253016293437
26 103
     0.001442533815338    -0.000000000000000    -0.000000000000000
    -0.000000000000000     0.001218688048202    -0.000024532283429
    -0.000000000000000    -0.000048805773054     0.002703493601125
26 104
     0.001279926961374     0.000130454336943     0.000196328776421
    -0.000079129222868     0.001333631324559     0.000461390060569
    -0.000072609692717    -0.000031599053654     0.003253016293437
26 105
     0.001716847798425    -0.000030943958198    -0.000092312148219
    -0.000030943958198     0.001681116793235     0.000053296443624
    -0.000371621369229     0.000214555697561     0.001862483126567
26 106
     0.001297980807442     0.000068705829981     0.000301411125296
    -0.000140877729830     0.001315577478491    -0.000400720738159
     0.000008939263159     0.000078681365280     0.003253016293437
26 107
     0.001265985932138    -0.000040228227435     0.000056663362388
    -0.000040228227435     0.001312437488016     0.000032714607528
    -0.000066358310179    -0.000038311988245     0.002929498044614
26 108
     0.001265985932138     0.000040228227435    -0.000056663362388
     0.000040228227435     0.001312437488016     0.000032714607528
     0.000066358310179    -0.000038311988245     0.002929498044614
26 109
     0.001297980807442    -0.000068705829981    -0.000301411125296
     0.000140877729830     0.001315577478491    -0.000400720738159
    -0.000008939263159     0.000078681365280     0.003253016293437
26 110
     0.001342929592337    -0.000000000000000     0.000000000000000
    -0.000000000000000     0.001123824874574     0.000171815697635
    -0.000000000000000    -0.000245679865237     0.003030752249832
26 111
     0.001274649489986     0.000096928060435    -0.000021245580663
     0.000096928060435     0.001386572373554     0.000012266141715
    -0.000042267039316     0.000024402886527     0.002703493601125
26 112
     0.001335663265955     0.000000000000000    -0.000000000000000
     0.000000000000000     0.001242760154199    -0.000065429215055
     0.000000000000000     0.000076623976490     0.002929498044614
26 113
     0.001274649489986    -0.000096928060435     0.000021245580663
    -0.000096928060435     0.001386572373554     0.000012266141715
     0.000042267039316     0.000024402886527     0.002703493601125
26 114
     0.001318159724577    -0.000183253040086     0.000082646039284
    -0.000064094096075     0.001108284973846     0.000258064368909
     0.000081313564263    -0.000006708094816     0.002905001059481
26 115
     0.001318159724577     0.000183253040086    -0.000082646039284
     0.000064094096075     0.001108284973846     0.000258064368909
    -0.000081313564263    -0.000006708094816     0.002905001059481
26 116
     0.001342429660083    -0.000115215172792     0.000497739901717
     0.000094368387018     0.001271128625850    -0.000060669322410
    -0.000063670429558    -0.000047082311627     0.003253016293437
26 117
     0.001342429660083     0.000115215172792    -0.000497739901717
    -0.000094368387018     0.001271128625850    -0.000060669322410
     0.000063670429558    -0.000047082311627     0.003253016293437
26 118
     0.001053649209795     0.000088621120838     0.000264813318929
    -0.000030537823173     0.001372795488629    -0.000057458614912
     0.000034847401610     0.000073773659732     0.002905001059481
26 119
     0.001364520162693     0.000000000000000     0.000000000000000
    -0.000000000000000     0.001364520162693     0.000000000000000
     0.000000000000000     0.000000000000000     0.003058357454583
26 120
     0.001053649209795    -0.000088621120838    -0.000264813318929
     0.000030537823173     0.001372795488629    -0.000057458614912
    -0.000034847401610     0.000073773659732     0.002905001059481
26 121
     0.001663251290639     0.000000000000000    -0.000000000000000
     0.000000000000000     0.001734713301021    -0.000106592887248
    -0.000000000000000    -0.000429111395122     0.001862483126567
26 122
     0.001178601054015     0.000094875125836     0.000148796758921
     0.000094875125836     0.001288153412896    -0.000085907848817
    -0.000212765004494     0.000122839932619     0.003030752249832
26 123
     0.001267858113263     0.000093135744908     0.000182167279645
     0.000212294688918     0.001158586585160    -0.000200605753997
    -0.000046466162653    -0.000067065564916     0.002905001059481
26 124
     0.001267858113263    -0.000093135744908    -0.000182167279645
    -0.000212294688918     0.001158586585160    -0.000200605753997
     0.000046466162653    -0.000067065564916     0.002905001059481
26 125
     0.001178601054015    -0.000094875125836    -0.000148796758921
    -0.000094875125836     0.001288153412896    -0.000085907848817
     0.000212765004494     0.000122839932619     0.003030752249832
26 126
    -0.000809753342356     0.000000000000000     0.000000000000000
     0.000000000000000    -0.000809753342356     0.000000000000000
     0.000000000000000     0.000000000000000     0.008322488775879
26 127
    -0.002021368275659    -0.000633895520280    -0.000185201893170
     0.002192009905088    -0.001373947128962    -0.000060512082385
     0.002541911845906    -0.000829802320456    -0.002795033302993
26 128
    -0.001060974118425    -0.002576245168509    -0.000934978147463
     0.000905511084702     0.000752488181147     0.000941647540173
    -0.000232958013921     0.000392044162057     0.001087238364611
26 129
    -0.001060974118425     0.002576245168509     0.000934978147463
    -0.000905511084702     0.000752488181147     0.000941647540173
     0.000232958013921     0.000392044162057     0.001087238364611
26 130
    -0.002021368275659     0.000633895520280     0.000185201893170
    -0.002192009905088    -0.001373947128962    -0.000060512082385
    -0.002541911845906    -0.000829802320456    -0.002795033302993
26 131
    -0.000861119096014     0.001522139728892    -0.000145005947166
    -0.001303765696475    -0.002534196308608    -0.000130133503122
     0.000552326033319     0.002616261392963    -0.002795033302993
26 132
    -0.002286167744458     0.000139517395369    -0.001688571123760
     0.000139517395369    -0.002447268556004    -0.000974896992849
    -0.001089273636854    -0.000628892427459    -0.000009120253907
26 133
    -0.000381656427987     0.000000000000000     0.000000000000000
     0.000000000000000     0.000091010286899     0.000107096933546
     0.000000000000000     0.000475823395513     0.001840007011003
26 134
    -0.002286167744458    -0.000139517395369     0.001688571123760
    -0.000139517395369    -0.002447268556004    -0.000974896992849
     0.001089273636854    -0.000628892427459    -0.000009120253907
26 135
    -0.000861119096014    -0.001522139728892     0.000145005947166
     0.001303765696475    -0.002534196308608    -0.000130133503122
    -0.000552326033319     0.002616261392963    -0.002795033302993
26 136
    -0.000424326473519     0.000537942395536     0.000348001617470
    -0.002943813857674     0.000115840536240    -0.001280538597773
     0.000223041196787    -0.000397769639099     0.001087238364611
26 137
    -0.000027156391823    -0.000204670691307     0.000092748665118
    -0.000204670691307    -0.000263489749266    -0.000053548466773
     0.000412075148229    -0.000237911697756     0.001840007011003
26 138
    -0.000027156391823     0.000204670691307    -0.000092748665118
     0.000204670691307    -0.000263489749266    -0.000053548466773
    -0.000412075148229    -0.000237911697756     0.001840007011003
26 139
    -0.000424326473519    -0.000537942395536    -0.000348001617470
     0.002943813857674     0.000115840536240    -0.001280538597773
    -0.000223041196787    -0.000397769639099     0.001087238364611
26 140
    -0.002459108962625     0.000000000000000    -0.000000000000000
     0.000000000000000     0.001735132810283    -0.000083014943839
     0.000000000000000     0.001742435694608    -0.000583561384863
26 141
     0.001022571686026    -0.002108446815771     0.001282979764933
     0.001373309437440    -0.001331057623305     0.000338891057600
     0.000455999210708     0.000005725477042     0.001087238364611
26 142
    -0.002527818961777    -0.000000000000000     0.000000000000000
    -0.000000000000000    -0.002205617338685     0.001949793985697
     0.000000000000000     0.001257784854917    -0.000009120253907
26 143
     0.001022571686026     0.002108446815771    -0.001282979764933
    -0.001373309437440    -0.001331057623305     0.000338891057600
    -0.000455999210708     0.000005725477042     0.001087238364611
26 144
    -0.001116662639372    -0.000432987357121    -0.001152337016524
    -0.000432987357121    -0.000616691904993    -0.000665302086687
    -0.000704512100193    -0.000406750250694     0.000314134586476
26 145
    -0.001116662639372     0.000432987357121     0.001152337016524
     0.000432987357121    -0.000616691904993    -0.000665302086687
     0.000704512100193    -0.000406750250694     0.000314134586476
26 146
    -0.002210485735259    -0.002082822888879     0.000040195946004
     0.000743082536489    -0.001184829669362     0.000190645585507
    -0.001989585812587    -0.001786459072507    -0.002795033302993
26 147
    -0.002210485735259     0.002082822888879    -0.000040195946004
    -0.000743082536489    -0.001184829669362     0.000190645585507
     0.001989585812587    -0.001786459072507    -0.002795033302993
26 148
     0.000686572367056    -0.001816159962476    -0.000071893050258
    -0.001816159962476    -0.001410548519398     0.000041507471920
     0.001508993575991    -0.000871217847304    -0.000583561384863
26 149
    -0.000366706537804    -0.000000000000000     0.000000000000000
    -0.000000000000000    -0.001366648006562     0.001330604173374
     0.000000000000000     0.000813500501388     0.000314134586476
26 150
     0.000686572367056     0.001816159962476     0.000071893050258
     0.001816159962476    -0.001410548519398     0.000041507471920
    -0.001508993575991    -0.000871217847304    -0.000583561384863
51 1
    -4.330031025635398    -1.561281790145356    -3.091730397883873
    -1.561281790145357    -2.527218101992809    -1.785011377479997
    -2.997872550998850    -1.730822524315371    -4.706109700793422
51 2
    -4.330031025635388     1.561281790145362     3.091730397883869
     1.561281790145362    -2.527218101992821    -1.785011377480004
     2.997872550998847    -1.730822524315377    -4.706109700793422
51 3
    -0.058634717826578     0.038887426046286     0.059690321072225
    -0.076382170033315    -0.019689866006636    -0.006956831734629
    -0.004902647791625    -0.013109742301720    -0.092449407155249
51 4
    -0.011178615174095     0.000000000000000     0.000000000000000
     0.000000000000000     0.004849456768075     0.003522420713369
     0.000000000000000     0.010313365431524    -0.000863134676441
51 5
    -0.058634717826578    -0.038887426046286    -0.059690321072225
     0.076382170033315    -0.019689866006636    -0.006956831734629
     0.004902647791625    -0.013109742301720    -0.092449407155249
51 6
    -1.625811640171525    -0.000000000000002     0.000000000000002
    -0.000000000000002    -5.231437487456686     3.570022754960007
     0.000000000000002     3.461645048630754    -4.706109700793421
51 7
    -0.060347472566761    -0.283756007876591     0.189799923595556
    -0.283756007876591     0.267305742496686     0.109581036980065
     0.052530635078241     0.030328576303125    -0.225104005962338
51 8
     0.005309820467026     0.003793306526752     0.015937766060950
     0.019596369954119    -0.000000077948538    -0.007756183235760
    -0.009700707519065    -0.012853122586889     0.006806002120963
51 9
     0.005309820467026    -0.003793306526752    -0.015937766060950
    -0.019596369954119    -0.000000077948538    -0.007756183235760
     0.009700707519065    -0.012853122586889     0.006806002120963
51 10
    -0.060347472566760     0.283756007876591    -0.189799923595556
     0.283756007876591     0.267305742496686     0.109581036980065
    -0.052530635078241     0.030328576303125    -0.225104005962338
51 11
    -0.045661779362202    -0.083872099547903     0.023820367524070
     0.031397496531699    -0.032662804471012     0.055171750275910
    -0.013804693766170     0.002309053617505    -0.092449407155249
51 12
     0.011455423664720     0.016048204293598     0.001251831311900
     0.000245140866230    -0.006145681146232     0.017680601906236
    -0.015981484437734    -0.001974497852749     0.006806002120963
51 13
     0.001611175091348    -0.000000000000000     0.000000000000000
     0.000000000000000     0.001611175091348     0.000000000000000
     0.000000000000000     0.000000000000000    -0.000188282247281
51 14
     0.011455423664720    -0.016048204293598    -0.001251831311900
    -0.000245140866230    -0.006145681146232     0.017680601906236
     0.015981484437734    -0.001974497852749     0.006806002120963
51 15
    -0.045661779362202     0.083872099547903    -0.023820367524070
    -0.031397496531699    -0.032662804471012     0.055171750275910
     0.013804693766170     0.002309053617505    -0.092449407155249
51 16
     0.000842438782533    -0.006940358737802     0.003050505820594
    -0.006940358737802    -0.007171597188552    -0.001761210356685
     0.008931636462212    -0.005156682715762    -0.000863134676441
51 17
    -0.008800630354013    -0.011449697374205    -0.014685934749050
     0.004353366053162     0.014110372872502    -0.009924418670476
    -0.006280776918669     0.014827620439638     0.006806002120963
51 18
    -0.008800630354013     0.011449697374205     0.014685934749050
    -0.004353366053162     0.014110372872502    -0.009924418670476
     0.006280776918669     0.014827620439638     0.006806002120963
51 19
     0.000842438782533     0.006940358737802    -0.003050505820594
     0.006940358737802    -0.007171597188552    -0.001761210356685
    -0.008931636462212    -0.005156682715762    -0.000863134676441
51 20
    -0.003421842824914     0.000000000000000    -0.000000000000000
     0.000000000000000     0.012274214794298    -0.002110058963575
     0.000000000000000     0.007152829613197    -0.006377537734190
51 21
    -0.013190378561041     0.050144868525213    -0.035869953548155
    -0.065124727554388    -0.065134205272173    -0.048214918541282
    -0.008902045974545     0.010800688684215    -0.092449407155249
51 22
     0.431132350028410    -0.000000000000000    -0.000000000000000
    -0.000000000000000    -0.224174080098483    -0.219162073960129
    -0.000000000000000    -0.060657152606249    -0.225104005962338
51 23
    -0.013190378561041    -0.050144868525213     0.035869953548155
     0.065124727554388    -0.065134205272173    -0.048214918541282
     0.008902045974545     0.010800688684215    -0.092449407155249
51 24
     0.008350200389495    -0.006796592318751    -0.001827364665939
    -0.006796592318751     0.000502171579889     0.001055029481787
     0.006194532153971    -0.003576414806599    -0.006377537734190
51 25
     0.008350200389495     0.006796592318751     0.001827364665939
     0.006796592318751     0.000502171579889     0.001055029481787
    -0.006194532153971    -0.003576414806599    -0.006377537734190
51 26
     0.296804675691376    -0.000000000000000     0.000000000000000
     0.000000000000000     0.296804675691376     0.000000000000000
     0.000000000000000     0.000000000000000    -1.747030869145486
51 27
    -0.149517310388062    -0.139050794787846     0.176253267817717
     0.140847436522449     0.206184067521851    -0.153286926156943
     0.168206767015416     0.145628859459437    -0.037951340476242
51 28
    -0.005001630731002    -0.015540484801880    -0.002938280436501
     0.016517084223600     0.012160093624966     0.005570872327712
    -0.002743357227829    -0.005437227343215    -0.004110467669332
51 29
    -0.005001630731002     0.015540484801880     0.002938280436502
    -0.016517084223600     0.012160093624966     0.005570872327712
     0.002743357227829    -0.005437227343215    -0.004110467669332
51 30
    -0.149517310388062     0.139050794787847    -0.176253267817717
    -0.140847436522449     0.206184067521851    -0.153286926156942
    -0.168206767015416     0.145628859459437    -0.037951340476241
51 31
     0.118036691736205    -0.013624938626758    -0.044623738211083
    -0.293523169937054    -0.061369934602416     0.229283270508637
     0.210221675323734     0.072856903594082    -0.037951340476242
51 32
    -0.009093033360162    -0.002002242867848     0.008761430437172
    -0.002002242867848    -0.006781042442692     0.005058414221388
    -0.001146644410995    -0.000662015459353     0.029436230589224
51 33
    -0.000043022948023    -0.000000000000000     0.000000000000000
    -0.000000000000000    -0.002125186842076     0.003052503508991
     0.000000000000000     0.000723532057225    -0.002590759002355
51 34
    -0.009093033360162     0.002002242867848    -0.008761430437172
     0.002002242867848    -0.006781042442692     0.005058414221388
     0.001146644410995    -0.000662015459353     0.029436230589224
51 35
     0.118036691736206     0.013624938626758     0.044623738211084
     0.293523169937054    -0.061369934602416     0.229283270508637
    -0.210221675323733     0.072856903594082    -0.037951340476242
51 36
     0.008292542490239     0.008841689735663     0.003355376738787
    -0.023215879289817    -0.001134079596275    -0.005330061665309
    -0.006080455619290     0.000342796620652    -0.004110467669332
51 37
    -0.001604645868563     0.000901603413547     0.002643545583928
     0.000901603413547    -0.000563563921536    -0.001526251754496
     0.000626597142010    -0.000361766028613    -0.002590759002355
51 38
    -0.001604645868563    -0.000901603413547    -0.002643545583928
    -0.000901603413547    -0.000563563921536    -0.001526251754496
    -0.000626597142010    -0.000361766028613    -0.002590759002355
51 39
     0.008292542490239    -0.008841689735663    -0.003355376738787
     0.023215879289817    -0.001134079596275    -0.005330061665309
     0.006080455619290     0.000342796620652    -0.004110467669332
51 40
    -0.002188375057642    -0.000000000000000    -0.000000000000000
    -0.000000000000000    -0.014368515539815    -0.003100410955357
     0.000000000000000     0.012581587151734     0.030900781528384
51 41
     0.007446782581708    -0.023704179000677     0.006293657175289
     0.008353390024803    -0.000288319687745    -0.000240810662403
    -0.003337098391461     0.005094430722563    -0.004110467669332
51 42
    -0.005625046983957    -0.000000000000000    -0.000000000000000
    -0.000000000000000    -0.010249028818897    -0.010116828442775
     0.000000000000000     0.001324030918705     0.029436230589224
51 43
     0.007446782581708     0.023704179000677    -0.006293657175289
    -0.008353390024803    -0.000288319687745    -0.000240810662403
     0.003337098391461     0.005094430722563    -0.004110467669332
51 44
    -0.000579738782390    -0.000526085838056     0.000545124471841
    -0.000526085838056     0.000027732818047     0.000314727760559
     0.002913814937569     0.001682291838574    -0.002513527647076
51 45
    -0.000579738782390     0.000526085838056    -0.000545124471841
     0.000526085838056     0.000027732818047     0.000314727760559
    -0.002913814937569     0.001682291838574    -0.002513527647076
51 46
     0.116480754352540    -0.294421490804355    -0.220877006028800
    -0.014523259494060    -0.059813997218751    -0.075996344351694
     0.042014908308318    -0.218485763053519    -0.037951340476242
51 47
     0.116480754352540     0.294421490804355     0.220877006028800
     0.014523259494060    -0.059813997218751    -0.075996344351694
    -0.042014908308318    -0.218485763053519    -0.037951340476242
51 48
    -0.011323480419272     0.005274155539613    -0.002685034649510
     0.005274155539613    -0.005233410178185     0.001550205477678
     0.010895974093329    -0.006290793575867     0.030900781528384
51 49
     0.000331468618265    -0.000000000000000    -0.000000000000000
    -0.000000000000000    -0.000883474582608    -0.000629455521118
    -0.000000000000000    -0.003364583677148    -0.002513527647076
51 50
    -0.011323480419272    -0.005274155539613     0.002685034649510
    -0.005274155539613    -0.005233410178185     0.001550205477678
    -0.010895974093329    -0.006290793575867     0.030900781528384
51 51
    12.030968374170484     0.000000000000001     0.000000000000000
     0.000000000000001    12.030968374170490     0.000000000000000
     0.000000000000000     0.000000000000000    15.260418111139929
51 52
    -0.778649960363162     0.023610765983997     0.101604960828826
    -0.023610765983997     0.104872864614561     0.032608500103994
    -0.101604960828826     0.032608500103994     0.386400526147274
51 53
     0.003018362833655    -0.001779485624467    -0.000125999991164
     0.001779485624467    -0.006969397422284    -0.005392562120133
     0.000125999991164    -0.005392562120133     0.029106466399417
51 54
     0.003018362833655     0.001779485624467     0.000125999991164
    -0.001779485624467    -0.006969397422284    -0.005392562120133
    -0.000125999991164    -0.005392562120133     0.029106466399417
51 55
    -0.778649960363162    -0.023610765983997    -0.101604960828826
     0.023610765983997     0.104872864614561     0.032608500103994
     0.101604960828826     0.032608500103994     0.386400526147274
51 56
    -0.116007841629870    -0.406187371611048     0.079042269883780
    -0.358965839643053    -0.557769254118731     0.071688227176289
    -0.022562690945047    -0.104296727280283     0.386400526147274
51 57
     0.021644875121402     0.014299759651198    -0.008381997959635
     0.014299759651198     0.005132934953469    -0.004839348778342
     0.007817174177376     0.004513247615610     0.000002151520157
51 58
    -0.007213658449676     0.000000000000000    -0.000000000000000
     0.000000000000000    -0.004092819434945    -0.000273136341708
    -0.000000000000000    -0.000409003799220     0.003540148353680
51 59
     0.021644875121402    -0.014299759651198     0.008381997959635
    -0.014299759651198     0.005132934953469    -0.004839348778342
    -0.007817174177376     0.004513247615610     0.000002151520157
51 60
    -0.116007841629868     0.406187371611047    -0.079042269883779
     0.358965839643052    -0.557769254118732     0.071688227176289
     0.022562690945047    -0.104296727280283     0.386400526147274
51 61
    -0.004472457358299     0.006104312678743    -0.004733095783103
     0.002545341429809     0.000521422769670     0.002587161866842
    -0.004607095791939     0.002805400253291     0.029106466399417
51 62
    -0.004873029188627    -0.001351362933940    -0.000236543010616
    -0.001351362933940    -0.006433448695993     0.000136568170854
    -0.000354207680369     0.000204501899610     0.003540148353680
51 63
    -0.004873029188627     0.001351362933940     0.000236543010616
     0.001351362933940    -0.006433448695993     0.000136568170854
     0.000354207680369     0.000204501899610     0.003540148353680
51 64
    -0.004472457358299    -0.006104312678743     0.004733095783103
    -0.002545341429809     0.000521422769670     0.002587161866842
     0.004607095791939     0.002805400253291     0.029106466399417
51 65
    -0.003123035130497     0.000000000000000    -0.000000000000000
     0.000000000000000     0.029900845205368    -0.009026495231220
     0.000000000000000     0.009678697556684     0.000002151520157
51 66
    -0.004472457358299     0.002545341429809    -0.004607095791939
     0.006104312678743     0.000521422769670     0.002805400253291
    -0.004733095783103     0.002587161866842     0.029106466399417
51 67
    -0.003123035130497     0.000000000000000     0.000000000000000
     0.000000000000000     0.029900845205368     0.009678697556684
    -0.000000000000000    -0.009026495231220     0.000002151520157
51 68
    -0.004472457358299    -0.002545341429809     0.004607095791939
    -0.006104312678743     0.000521422769670     0.002805400253291
     0.004733095783103     0.002587161866842     0.029106466399417
51 69
    -0.004873029188627     0.001351362933940     0.000354207680369
     0.001351362933940    -0.006433448695993     0.000204501899610
     0.000236543010616     0.000136568170854     0.003540148353680
51 70
    -0.004873029188627    -0.001351362933940    -0.000354207680369
    -0.001351362933940    -0.006433448695993     0.000204501899610
    -0.000236543010616     0.000136568170854     0.003540148353680
51 71
    -0.116007841629870    -0.358965839643053    -0.022562690945047
    -0.406187371611048    -0.557769254118731    -0.104296727280283
     0.079042269883780     0.071688227176289     0.386400526147274
51 72
    -0.116007841629868     0.358965839643052     0.022562690945047
     0.406187371611047    -0.557769254118732    -0.104296727280283
    -0.079042269883779     0.071688227176289     0.386400526147274
51 73
     0.021644875121402    -0.014299759651198    -0.007817174177376
    -0.014299759651198     0.005132934953469     0.004513247615610
     0.008381997959635    -0.004839348778342     0.000002151520157
51 74
    -0.007213658449676     0.000000000000000    -0.000000000000000
     0.000000000000000    -0.004092819434945    -0.000409003799220
    -0.000000000000000    -0.000273136341708     0.003540148353680
51 75
     0.021644875121402     0.014299759651198     0.007817174177376
     0.014299759651198     0.005132934953469     0.004513247615610
    -0.008381997959635    -0.004839348778342     0.000002151520157
51 76
    -0.084990475976501    -0.063125919782195    -0.186109534344967
    -0.063125919782195    -0.012098942418314    -0.107450389752822
    -0.142185336935733    -0.082090742554663    -0.183989397717112
51 77
    -0.004423880430299    -0.002726519340631     0.007843575303317
    -0.001164924356645    -0.001738820420923    -0.003121255035480
     0.004406189170349    -0.000725798232677     0.006690814662781
51 78
    -0.003156849574471     0.000000000000000    -0.000000000000000
     0.000000000000000    -0.001689383263301    -0.000182054913916
     0.000000000000000     0.000689452438895    -0.000243043808804
51 79
    -0.004423880430299     0.002726519340631    -0.007843575303317
     0.001164924356645    -0.001738820420923    -0.003121255035480
    -0.004406189170349    -0.000725798232677     0.006690814662781
51 80
    -0.084990475976501     0.063125919782195     0.186109534344967
     0.063125919782195    -0.012098942418315    -0.107450389752823
     0.142185336935732    -0.082090742554663    -0.183989397717112
51 81
    -0.004095129972886    -0.001354728521729     0.001218701499243
    -0.002916323505715    -0.002067570878336     0.008353362986909
     0.001574534877655     0.004178770871740     0.006690814662781
51 82
    -0.003185503609460    -0.000546120525900     0.001430001633344
    -0.000546120525900    -0.002554897944183     0.000825611827953
     0.000020097656275     0.000011603387260    -0.002349468440145
51 83
    -0.003185503609460     0.000546120525900    -0.001430001633344
     0.000546120525900    -0.002554897944183     0.000825611827953
    -0.000020097656275     0.000011603387260    -0.002349468440145
51 84
    -0.004095129972886     0.001354728521729    -0.001218701499243
     0.002916323505715    -0.002067570878336     0.008353362986909
    -0.001574534877655     0.004178770871740     0.006690814662781
51 85
    -0.001969994573818    -0.000000000000000    -0.000000000000000
    -0.000000000000000    -0.006321906379839    -0.003714712892280
    -0.000000000000000    -0.004982224049883     0.018820984157199
51 86
    -0.002056249841093    -0.000635431552336    -0.000157664180335
    -0.000635431552336    -0.002789982996678     0.000091027456958
     0.000597083326784    -0.000344726219448    -0.000243043808804
51 87
    -0.002239595111544    -0.000000000000000    -0.000000000000000
    -0.000000000000000    -0.003500806442099    -0.001651223655906
    -0.000000000000000    -0.000023206774521    -0.002349468440145
51 88
    -0.002056249841093     0.000635431552336     0.000157664180335
     0.000635431552336    -0.002789982996678     0.000091027456958
    -0.000597083326784    -0.000344726219448    -0.000243043808804
51 89
    -0.002409682404766    -0.000629549483277     0.000701585175257
    -0.000871544275859    -0.003674441634231     0.002030359707670
    -0.001428463709062     0.000031522844336     0.000278241498496
51 90
    -0.002409682404766     0.000629549483277    -0.000701585175257
     0.000871544275859    -0.003674441634231     0.002030359707670
     0.001428463709062     0.000031522844336     0.000278241498496
51 91
    -0.000725040873648    -0.000970601657077    -0.006624873804074
     0.000590993326909    -0.005437659977574    -0.005232107951429
    -0.002831654292694    -0.003452972639064     0.006690814662781
51 92
    -0.000725040873648     0.000970601657077     0.006624873804074
    -0.000590993326909    -0.005437659977574    -0.005232107951429
     0.002831654292694    -0.003452972639064     0.006690814662781
51 93
    -0.004008244491302     0.000051385975119     0.002109135673291
     0.000293380767701    -0.002075879547695    -0.000407589269144
    -0.000686932270537    -0.001252847282600     0.000278241498496
51 94
    -0.002292109671300     0.000000000000000     0.000000000000000
     0.000000000000000    -0.002292109671300     0.000000000000000
     0.000000000000000     0.000000000000000    -0.000419000648254
51 95
    -0.004008244491302    -0.000051385975119    -0.002109135673291
    -0.000293380767701    -0.002075879547695    -0.000407589269144
     0.000686932270537    -0.001252847282600     0.000278241498496
51 96
     0.024346824360779    -0.000000000000000     0.000000000000000
    -0.000000000000000    -0.121436242755594     0.214900779505646
     0.000000000000000     0.164181485109326    -0.183989397717112
51 97
    -0.005233928428334     0.001884433089522    -0.003217035732480
     0.001884433089522    -0.003057972525323     0.001857356446140
    -0.004314732594545     0.002491112024942     0.018820984157199
51 98
    -0.002708259162428     0.001043927647269     0.001407550498034
     0.000801932854687    -0.003375864876570    -0.001622770438526
     0.000741531438526     0.001221324438264     0.000278241498496
51 99
    -0.002708259162428    -0.001043927647269    -0.001407550498034
    -0.000801932854687    -0.003375864876570    -0.001622770438526
    -0.000741531438526     0.001221324438264     0.000278241498496
51 100
    -0.005233928428334    -0.001884433089522     0.003217035732480
    -0.001884433089522    -0.003057972525323     0.001857356446140
     0.004314732594545     0.002491112024942     0.018820984157199
51 101
    -0.000662652947806     0.000932162264345    -0.005578526046793
     0.000932162264345    -0.001739021216303    -0.003220763514797
     0.003767865940436     0.002175378414981    -0.001297657457387
51 102
     0.001977375612227     0.001631926377562     0.001518526837785
     0.002353416760849     0.000923727504680     0.001072926872518
     0.000596009303819     0.001251419520317     0.001735490755636
51 103
    -0.000107042744860    -0.000000000000000    -0.000000000000000
    -0.000000000000000    -0.000185994746008    -0.000896646103753
    -0.000000000000000    -0.000285524042345     0.000907492658126
51 104
     0.001977375612227    -0.001631926377562    -0.001518526837785
    -0.002353416760849     0.000923727504680     0.001072926872518
    -0.000596009303819     0.001251419520317     0.001735490755636
51 105
    -0.000662652947806    -0.000932162264345     0.005578526046793
    -0.000932162264345    -0.001739021216303    -0.003220763514797
    -0.003767865940436     0.002175378414981    -0.001297657457387
51 106
     0.002912843731899     0.001813323990139     0.001688445346896
     0.001091833606852    -0.000011740614991     0.000778619381591
     0.001381765747296    -0.000109550562159     0.001735490755636
51 107
    -0.000521772218560     0.000039028521509    -0.000106754612662
     0.000039028521509    -0.000566838473359    -0.000061634804357
    -0.000646892372038    -0.000373483485133     0.001150776695430
51 108
    -0.000521772218560    -0.000039028521509     0.000106754612662
    -0.000039028521509    -0.000566838473359    -0.000061634804357
     0.000646892372038    -0.000373483485133     0.001150776695430
51 109
     0.002912843731899    -0.001813323990139    -0.001688445346896
    -0.001091833606852    -0.000011740614991     0.000778619381591
    -0.001381765747296    -0.000109550562159     0.001735490755636
51 110
     0.002563018374820    -0.000000000000000    -0.000000000000000
    -0.000000000000000     0.000775364021201    -0.000400418753501
     0.000000000000000     0.008966297079799     0.005837128973980
51 111
    -0.000166256745721     0.000034187219337    -0.000776518304054
     0.000034187219337    -0.000126780745147     0.000448323051876
    -0.000247271074062     0.000142762021173     0.000907492658126
51 112
    -0.000589371600759    -0.000000000000000     0.000000000000000
    -0.000000000000000    -0.000499239091161     0.000123269608715
     0.000000000000000     0.000746966970265     0.001150776695430
51 113
    -0.000166256745721    -0.000034187219337     0.000776518304054
    -0.000034187219337    -0.000126780745147     0.000448323051876
     0.000247271074062     0.000142762021173     0.000907492658126
51 114
    -0.000851975813404    -0.000675236358795    -0.000740521266949
    -0.000189476412177     0.000728893022108     0.000493362117230
    -0.000851794527487     0.001434055795838    -0.000067750758624
51 115
    -0.000851975813404     0.000675236358795     0.000740521266949
     0.000189476412177     0.000728893022108     0.000493362117230
     0.000851794527487     0.001434055795838    -0.000067750758624
51 116
    -0.000538564668764    -0.000900837962354     0.000169918509111
    -0.000179347579067     0.003439667785672    -0.001851546254109
     0.000785756443476    -0.001141868958158     0.001735490755636
51 117
    -0.000538564668764     0.000900837962354    -0.000169918509111
     0.000179347579067     0.003439667785672    -0.001851546254109
    -0.000785756443476    -0.001141868958158     0.001735490755636
51 118
    -0.000040755800089    -0.000657834505236     0.000057003493311
    -0.001143594451855    -0.000082326991206    -0.000887991287835
     0.000816031485896    -0.001454703597527    -0.000067750758624
51 119
     0.000007502701053     0.000000000000000     0.000000000000000
    -0.000000000000000     0.000007502701053     0.000000000000000
     0.000000000000000     0.000000000000000     0.001869671016140
51 120
    -0.000040755800089     0.000657834505236    -0.000057003493311
     0.001143594451855    -0.000082326991206    -0.000887991287835
    -0.000816031485896    -0.001454703597527    -0.000067750758624
51 121
    -0.002277205350551     0.000000000000000     0.000000000000000
     0.000000000000000    -0.000124468813558     0.006441527029594
    -0.000000000000000    -0.004350756829962    -0.001297657457387
51 122
     0.001222277609605     0.000774077041710    -0.000346772812684
     0.000774077041710     0.002116104786415     0.000200209376751
     0.007765041048985    -0.004483148539900     0.005837128973980
51 123
     0.000708107426550    -0.000711238066369     0.000797524760260
    -0.000225478119750    -0.000831190217845     0.000394629170606
     0.001667826013383     0.000020647801689    -0.000067750758624
51 124
     0.000708107426550     0.000711238066369    -0.000797524760260
     0.000225478119750    -0.000831190217845     0.000394629170606
    -0.001667826013383     0.000020647801689    -0.000067750758624
51 125
     0.001222277609605    -0.000774077041710     0.000346772812684
    -0.000774077041710     0.002116104786415     0.000200209376751
    -0.007765041048985    -0.004483148539900     0.005837128973980
51 126
    -0.032874234948405     0.000000000000000     0.000000000000000
     0.000000000000000    -0.032874234948405     0.000000000000000
     0.000000000000000     0.000000000000000     0.046158289880255
51 127
     0.003777816475946    -0.014803660069393    -0.006202616346460
    -0.009464930832698    -0.008903662925379    -0.025359777595457
     0.000059420453753     0.013865482460801    -0.031846590632158
51 128
    -0.004067750626646     0.005104584667897    -0.002611694695412
    -0.001031488131301    -0.004448610370298     0.000617099452991
    -0.001696180240983     0.001204864070837    -0.002862231957522
51 129
    -0.004067750626646    -0.005104584667897     0.002611694695412
     0.001031488131301    -0.004448610370298     0.000617099452991
     0.001696180240983     0.001204864070837    -0.002862231957522
51 130
     0.003777816475946     0.014803660069393     0.006202616346460
     0.009464930832698    -0.008903662925379    -0.025359777595457
    -0.000059420453753     0.013865482460801    -0.031846590632158
51 131
    -0.016241901192679     0.002093458552383    -0.025063519805219
    -0.003245270684312     0.011116054743247     0.007308265471766
     0.012037570273658    -0.006881281607946    -0.031846590632158
51 132
     0.002262595968472    -0.002247301572065    -0.000267129878180
    -0.002247301572065     0.004857556303637    -0.000154227507076
     0.002078064017876     0.001199770820114     0.002551759802025
51 133
    -0.000692833180681    -0.000000000000000     0.000000000000000
     0.000000000000000    -0.001048354532202     0.000806987740660
    -0.000000000000000    -0.001356440810567    -0.005090351289200
51 134
     0.002262595968472     0.002247301572065     0.000267129878180
     0.002247301572065     0.004857556303637    -0.000154227507076
    -0.002078064017876     0.001199770820114     0.002551759802025
51 135
    -0.016241901192679    -0.002093458552383     0.025063519805219
     0.003245270684312     0.011116054743247     0.007308265471766
    -0.012037570273658    -0.006881281607946    -0.031846590632158
51 136
    -0.002589692898006    -0.001884845158810    -0.000771423544754
     0.004251227640389    -0.005926668098938    -0.002570343679651
     0.000195352772960    -0.002071367213507    -0.002862231957522
51 137
    -0.000959474194321     0.000153945261002     0.000698871883954
     0.000153945261002    -0.000781713518561    -0.000403493870330
    -0.001174712200681     0.000678220405284    -0.005090351289200
51 138
    -0.000959474194321    -0.000153945261002    -0.000698871883954
    -0.000153945261002    -0.000781713518561    -0.000403493870330
     0.001174712200681     0.000678220405284    -0.005090351289200
51 139
    -0.002589692898006     0.001884845158810     0.000771423544754
    -0.004251227640389    -0.005926668098938    -0.002570343679651
    -0.000195352772960    -0.002071367213507    -0.002862231957522
51 140
    -0.001162773401088    -0.000000000000000    -0.000000000000000
    -0.000000000000000    -0.007680559738222    -0.005806723371793
    -0.000000000000000    -0.010627986205715     0.000675238059121
51 141
    -0.006117097970764     0.002214679372091     0.001840271150658
    -0.003921393427108    -0.002399263026180     0.001953244226660
     0.001891533013943     0.000866503142670    -0.002862231957522
51 142
     0.006155036471219    -0.000000000000000     0.000000000000000
    -0.000000000000000     0.000965115800890     0.000308455014152
    -0.000000000000000    -0.002399541640228     0.002551759802025
51 143
    -0.006117097970764    -0.002214679372091    -0.001840271150658
     0.003921393427108    -0.002399263026180     0.001953244226660
    -0.001891533013943     0.000866503142670    -0.002862231957522
51 144
    -0.002212347971729    -0.000160554214111    -0.000273383751368
    -0.000160554214111    -0.002026955934256    -0.000157838182444
     0.001257776291459     0.000726177480454    -0.004565220218641
51 145
    -0.002212347971729     0.000160554214111     0.000273383751368
     0.000160554214111    -0.002026955934256    -0.000157838182444
    -0.001257776291459     0.000726177480454    -0.004565220218641
51 146
     0.004775315042584     0.008889024766734    -0.018860903458759
     0.014227754003429    -0.009901161492016     0.018051512123691
     0.011978149819904    -0.006984200852855    -0.031846590632158
51 147
     0.004775315042584    -0.008889024766734     0.018860903458759
    -0.014227754003429    -0.009901161492016     0.018051512123691
    -0.011978149819904    -0.006984200852855    -0.031846590632158
51 148
    -0.006051113153938     0.002822284272198    -0.005028769952722
     0.002822284272198    -0.002792219985371     0.002903361685897
    -0.009204106045220     0.005313993102857     0.000675238059121
51 149
    -0.001934259915520    -0.000000000000000     0.000000000000000
    -0.000000000000000    -0.002305043990465     0.000315676364889
    -0.000000000000000    -0.001452354960909    -0.004565220218641
51 150
    -0.006051113153938    -0.002822284272198     0.005028769952722
    -0.002822284272198    -0.002792219985371     0.002903361685897
     0.009204106045220     0.005313993102857     0.000675238059121
76 1
    -0.007470711773547    -0.000572636111816    -0.018858457907005
    -0.000572636111816    -0.006809488546937    -0.010887935749110
    -0.017589968993561    -0.010155573333469    -0.058549598289825
76 2
    -0.008387643900989     0.000000000000000     0.000000000000000
     0.000000000000000     0.008093026702972     0.041239095999726
     0.000000000000000     0.024953864470790     0.057398372746414
76 3
    -0.007470711773547     0.000572636111816     0.018858457907005
     0.000572636111816    -0.006809488546937    -0.010887935749110
     0.017589968993561    -0.010155573333469    -0.058549598289825
76 4
    -0.002303568871981     0.001161197824627     0.002486524768987
    -0.003962636767896    -0.001054863094471    -0.002816333437279
     0.001716190061563     0.003579318242655     0.004107947377356
76 5
    -0.002303568871981    -0.001161197824627    -0.002486524768987
     0.003962636767896    -0.001054863094471    -0.002816333437279
    -0.001716190061563     0.003579318242655     0.004107947377356
76 6
     0.003972859051982    -0.007136339707217     0.035714104764868
    -0.007136339707217    -0.004267476249998    -0.020619547999863
     0.021610680554298    -0.012476932235395     0.057398372746414
76 7
     0.003972859051982     0.007136339707217    -0.035714104764868
     0.007136339707217    -0.004267476249998    -0.020619547999863
    -0.021610680554298    -0.012476932235395     0.057398372746413
76 8
    -0.000907499242853     0.000822215439597     0.002260943323176
     0.002073860987500     0.002044559734441     0.001226497467902
     0.000539011822695    -0.007911620799886    -0.004122249402137
76 9
    -0.001577705717508    -0.000000000000000    -0.000000000000000
    -0.000000000000000    -0.001627658074007    -0.000405539624378
     0.000000000000000     0.000719580566757    -0.001926898080679
76 10
    -0.000907499242853    -0.000822215439597    -0.002260943323176
    -0.002073860987500     0.002044559734441     0.001226497467902
    -0.000539011822695    -0.007911620799886    -0.004122249402137
76 11
    -0.006478876933632    -0.000000000000000     0.000000000000000
    -0.000000000000000    -0.007801323386851     0.021775871498221
     0.000000000000000     0.020311146666939    -0.058549598289825
76 12
     0.002560582868701     0.000071562846822     0.002192649626468
    -0.001180082701080    -0.001423522377113     0.001344785620436
    -0.006582158686463     0.004422608331337    -0.004122249402137
76 13
    -0.001384019508037    -0.001184163693425    -0.001454867333386
    -0.001184163693425    -0.000016665053711    -0.000839968046566
     0.000287316860600     0.000165882466810     0.000185848353280
76 14
    -0.001384019508037     0.001184163693425     0.001454867333386
     0.001184163693425    -0.000016665053711    -0.000839968046566
    -0.000287316860600     0.000165882466810     0.000185848353280
76 15
     0.002560582868701    -0.000071562846822    -0.002192649626468
     0.001180082701080    -0.001423522377113     0.001344785620436
     0.006582158686463     0.004422608331337    -0.004122249402137
76 16
    -0.002580098184859    -0.003802982494666    -0.001195753917718
     0.001320852097856    -0.000778333781593     0.003561560335722
     0.003957875557150    -0.000303394930292     0.004107947377356
76 17
    -0.001615169984882     0.000021630004853    -0.000351207616953
     0.000021630004853    -0.001590193806633     0.000202769812189
     0.000623175050881    -0.000359790283379    -0.001926898080679
76 18
     0.000667012173453    -0.000000000000000     0.000000000000000
    -0.000000000000000    -0.002067696735200     0.001679936093131
    -0.000000000000000    -0.000331764933620     0.000185848353280
76 19
    -0.001615169984882    -0.000021630004853     0.000351207616953
    -0.000021630004853    -0.001590193806633     0.000202769812189
    -0.000623175050881    -0.000359790283379    -0.001926898080679
76 20
    -0.002580098184859     0.003802982494666     0.001195753917718
    -0.001320852097856    -0.000778333781593     0.003561560335722
    -0.003957875557150    -0.000303394930292     0.004107947377356
76 21
    -0.000153980892837     0.002721571569490    -0.003682278686705
    -0.002402263023032    -0.003204451073615    -0.000745226898442
     0.002241685495587    -0.003275923312363     0.004107947377356
76 22
     0.000052507111533    -0.002628120914629    -0.000068293696708
    -0.001376475366726     0.001084553380054    -0.002571283088338
    -0.007121170509158     0.003489012468549    -0.004122249402137
76 23
     0.000052507111533     0.002628120914629     0.000068293696708
     0.001376475366726     0.001084553380054    -0.002571283088338
     0.007121170509158     0.003489012468549    -0.004122249402137
76 24
    -0.000153980892837    -0.002721571569490     0.003682278686705
     0.002402263023032    -0.003204451073615    -0.000745226898442
    -0.002241685495587    -0.003275923312363     0.004107947377356
76 25
    -0.004976582281930     0.000000000000000     0.000000000000000
     0.000000000000000    -0.004976582281930     0.000000000000000
     0.000000000000000     0.000000000000000    -0.000867153235638
76 26
    -0.002200237882552     0.000397179614753    -0.001828831533673
     0.000397179614753    -0.002658861397542    -0.001055876378269
     0.002100357051429     0.001212641709037    -0.003970507173972
76 27
    -0.002200237882552    -0.000397179614753     0.001828831533673
    -0.000397179614753    -0.002658861397542    -0.001055876378269
    -0.002100357051429     0.001212641709037    -0.003970507173972
76 28
    -0.000771250639582    -0.001705249736213    -0.001748561231037
    -0.000339620147008    -0.001945983644604    -0.000021440838634
    -0.000341861557779     0.000878978898090     0.002358828922549
76 29
     0.000528985455736    -0.000000000000000     0.000000000000000
    -0.000000000000000    -0.001194506996504     0.000622944594118
    -0.000000000000000    -0.000370305666261    -0.000503314529735
76 30
    -0.000771250639582     0.001705249736213     0.001748561231037
     0.000339620147008    -0.001945983644604    -0.000021440838634
     0.000341861557779     0.000878978898090     0.002358828922549
76 31
    -0.002888173155036    -0.000000000000000     0.000000000000000
    -0.000000000000000    -0.001970926125058     0.002111752756538
    -0.000000000000000    -0.002425283418073    -0.003970507173972
76 32
    -0.001007466983859    -0.000996437759633     0.000071054569975
    -0.000996437759633     0.000143120233650     0.000041023375102
    -0.001750340940261    -0.001010559813033    -0.002184597935211
76 33
    -0.000662367709456     0.000161972679742    -0.000252106056363
     0.000118122188345    -0.000878529479439     0.000188945268462
     0.000007580626249     0.000360976263601     0.000851078998856
76 34
    -0.000662367709456    -0.000161972679742     0.000252106056363
    -0.000118122188345    -0.000878529479439     0.000188945268462
    -0.000007580626249     0.000360976263601     0.000851078998856
76 35
    -0.001007466983859     0.000996437759633    -0.000071054569975
     0.000996437759633     0.000143120233650     0.000041023375102
     0.001750340940261    -0.001010559813033    -0.002184597935211
76 36
    -0.002537755026500     0.000680271636303    -0.000892848926454
    -0.000685357952901    -0.000179479257686    -0.001503578026834
     0.000590287276247    -0.000735550242659     0.002358828922549
76 37
    -0.000703204401327     0.000141699263390     0.000037578374231
     0.000185549754786    -0.000837692787568    -0.000312802883489
     0.000316404927566    -0.000173923116892     0.000851078998856
76 38
    -0.001233330023817     0.000000000000000     0.000000000000000
     0.000000000000000    -0.001233330023817     0.000000000000000
     0.000000000000000     0.000000000000000    -0.000045194566899
76 39
    -0.000703204401327    -0.000141699263390    -0.000037578374231
    -0.000185549754786    -0.000837692787568    -0.000312802883489
    -0.000316404927566    -0.000173923116892     0.000851078998856
76 40
    -0.002537755026500    -0.000680271636303     0.000892848926454
     0.000685357952901    -0.000179479257686    -0.001503578026834
    -0.000590287276247    -0.000735550242659     0.002358828922549
76 41
    -0.000763633883444     0.000746294123435     0.000539485843656
     0.000746294123435     0.000098112342676    -0.000311472297059
    -0.000320694114147     0.000185152833130    -0.000503314529735
76 42
    -0.000945773672560     0.000045502320743     0.000289684430594
     0.000001651829346    -0.000595123516335     0.000123857615027
     0.000308824301317    -0.000187053146708     0.000851078998856
76 43
    -0.000945773672560    -0.000045502320743    -0.000289684430594
    -0.000001651829346    -0.000595123516335     0.000123857615027
    -0.000308824301317    -0.000187053146708     0.000851078998856
76 44
    -0.000763633883444    -0.000746294123435    -0.000539485843656
    -0.000746294123435     0.000098112342676    -0.000311472297059
     0.000320694114147     0.000185152833130    -0.000503314529735
76 45
    -0.001469345095031     0.000000000000000    -0.000000000000000
     0.000000000000000    -0.000191391946123    -0.001297376116120
    -0.000000000000000    -0.000591802842485    -0.000221256769728
76 46
    -0.000766845760197     0.000337076988710     0.000855712304583
     0.001702706577914    -0.001950388523989     0.001525018865467
     0.000932148834025    -0.000143428655431     0.002358828922549
76 47
     0.000718413842405    -0.000000000000000    -0.000000000000000
    -0.000000000000000    -0.001582760592614    -0.000082046750205
     0.000000000000000     0.002021119626067    -0.002184597935211
76 48
    -0.000766845760197    -0.000337076988710    -0.000855712304583
    -0.001702706577914    -0.001950388523989     0.001525018865467
    -0.000932148834025    -0.000143428655431     0.002358828922549
76 49
    -0.000510880233350    -0.000553369945900    -0.001123560674823
    -0.000553369945900    -0.001149856807804     0.000648688058060
    -0.000512516295624     0.000295901421243    -0.000221256769728
76 50
    -0.000510880233350     0.000553369945900     0.001123560674823
     0.000553369945900    -0.001149856807804     0.000648688058060
     0.000512516295624     0.000295901421243    -0.000221256769728
76 51
    -0.084990475976501    -0.063125919782195    -0.142185336935733
    -0.063125919782195    -0.012098942418314    -0.082090742554663
    -0.186109534344967    -0.107450389752822    -0.183989397717112
76 52
    -0.084990475976501     0.063125919782195     0.142185336935732
     0.063125919782195    -0.012098942418315    -0.082090742554663
     0.186109534344967    -0.107450389752823    -0.183989397717112
76 53
    -0.004423880430299     0.001164924356645    -0.004406189170349
     0.002726519340631    -0.001738820420923    -0.000725798232677
    -0.007843575303317    -0.003121255035480     0.006690814662781
76 54
    -0.003156849574471     0.000000000000000     0.000000000000000
     0.000000000000000    -0.001689383263301     0.000689452438895
    -0.000000000000000    -0.000182054913916    -0.000243043808804
76 55
    -0.004423880430299    -0.001164924356645     0.004406189170349
    -0.002726519340631    -0.001738820420923    -0.000725798232677
     0.007843575303317    -0.003121255035480     0.006690814662781
76 56
     0.024346824360779    -0.000000000000000     0.000000000000000
    -0.000000000000000    -0.121436242755594     0.164181485109326
     0.000000000000000     0.214900779505646    -0.183989397717112
76 57
    -0.005233928428334    -0.001884433089522     0.004314732594545
    -0.001884433089522    -0.003057972525323     0.002491112024942
     0.003217035732480     0.001857356446140     0.018820984157199
76 58
    -0.002708259162428    -0.000801932854687    -0.000741531438526
    -0.001043927647269    -0.003375864876570     0.001221324438264
    -0.001407550498034    -0.001622770438526     0.000278241498496
76 59
    -0.002708259162428     0.000801932854687     0.000741531438526
     0.001043927647269    -0.003375864876570     0.001221324438264
     0.001407550498034    -0.001622770438526     0.000278241498496
76 60
    -0.005233928428334     0.001884433089522    -0.004314732594545
     0.001884433089522    -0.003057972525323     0.002491112024942
    -0.003217035732480     0.001857356446140     0.018820984157199
76 61
    -0.000725040873648     0.000590993326909    -0.002831654292694
    -0.000970601657077    -0.005437659977574    -0.003452972639064
    -0.006624873804074    -0.005232107951429     0.006690814662781
76 62
    -0.004008244491302    -0.000293380767701     0.000686932270537
    -0.000051385975119    -0.002075879547695    -0.001252847282600
    -0.002109135673291    -0.000407589269144     0.000278241498496
76 63
    -0.002292109671300     0.000000000000000     0.000000000000000
     0.000000000000000    -0.002292109671300     0.000000000000000
     0.000000000000000     0.000000000000000    -0.000419000648254
76 64
    -0.004008244491302     0.000293380767701    -0.000686932270537
     0.000051385975119    -0.002075879547695    -0.001252847282600
     0.002109135673291    -0.000407589269144     0.000278241498496
76 65
    -0.000725040873648    -0.000590993326909     0.002831654292694
     0.000970601657077    -0.005437659977574    -0.003452972639064
     0.006624873804074    -0.005232107951429     0.006690814662781
76 66
    -0.002056249841093    -0.000635431552336     0.000597083326784
    -0.000635431552336    -0.002789982996678    -0.000344726219448
    -0.000157664180335     0.000091027456958    -0.000243043808804
76 67
    -0.002409682404766     0.000871544275859     0.001428463709062
     0.000629549483277    -0.003674441634231     0.000031522844336
    -0.000701585175257     0.002030359707670     0.000278241498496
76 68
    -0.002409682404766    -0.000871544275859    -0.001428463709062
    -0.000629549483277    -0.003674441634231     0.000031522844336
     0.000701585175257     0.002030359707670     0.000278241498496
76 69
    -0.002056249841093     0.000635431552336    -0.000597083326784
     0.000635431552336    -0.002789982996678    -0.000344726219448
     0.000157664180335     0.000091027456958    -0.000243043808804
76 70
    -0.002239595111544    -0.000000000000000    -0.000000000000000
    -0.000000000000000    -0.003500806442099    -0.000023206774521
    -0.000000000000000    -0.001651223655906    -0.002349468440145
76 71
    -0.004095129972886    -0.002916323505715     0.001574534877655
    -0.001354728521729    -0.002067570878336     0.004178770871740
     0.001218701499243     0.008353362986909     0.006690814662781
76 72
    -0.001969994573818    -0.000000000000000    -0.000000000000000
    -0.000000000000000    -0.006321906379839    -0.004982224049883
    -0.000000000000000    -0.003714712892280     0.018820984157199
76 73
    -0.004095129972886     0.002916323505715    -0.001574534877655
     0.001354728521729    -0.002067570878336     0.004178770871740
    -0.001218701499243     0.008353362986909     0.006690814662781
76 74
    -0.003185503609460     0.000546120525900    -0.000020097656275
     0.000546120525900    -0.002554897944183     0.000011603387260
    -0.001430001633344     0.000825611827953    -0.002349468440145
76 75
    -0.003185503609460    -0.000546120525900     0.000020097656275
    -0.000546120525900    -0.002554897944183     0.000011603387260
     0.001430001633344     0.000825611827953    -0.002349468440145
76 76
    12.879181290247557     0.000000000000001     0.000000000000000
     0.000000000000001    12.879181290247562     0.000000000000000
     0.000000000000000     0.000000000000000    16.087993461278753
76 77
    -0.831068610320344     0.033286336056131    -0.138367905207412
    -0.033286336056131     0.080718326627935    -0.029809617517520
     0.138367905207412    -0.029809617517520     0.344219533056996
76 78
    -0.003367765887656    -0.006855111912782     0.000570182786810
     0.006855111912782    -0.003040138195826     0.002395289655272
    -0.000570182786810     0.002395289655272     0.034292843763070
76 79
    -0.003367765887656     0.006855111912782    -0.000570182786810
    -0.006855111912782    -0.003040138195826     0.002395289655272
     0.000570182786810     0.002395289655272     0.034292843763070
76 80
    -0.831068610320344    -0.033286336056131     0.138367905207412
     0.033286336056131     0.080718326627935    -0.029809617517520
    -0.138367905207412    -0.029809617517520     0.344219533056996
76 81
    -0.147228407609135    -0.428101661174136    -0.094999838650976
    -0.361528989061873    -0.603121876083273    -0.104925312219296
     0.043368066556436     0.134734929736816     0.344219533056996
76 82
     0.019247291342205     0.013715921439921     0.006988068527207
     0.013715921439921     0.003409509471161     0.004034563245298
    -0.005750518253049    -0.003320063261378     0.000215798946798
76 83
    -0.005477519954032     0.000000000000000     0.000000000000000
     0.000000000000000    -0.003173023546586     0.000924665851033
     0.000000000000000     0.000147675582306     0.006831670746850
76 84
     0.019247291342205    -0.013715921439921    -0.006988068527207
    -0.013715921439921     0.003409509471161     0.004034563245298
     0.005750518253049    -0.003320063261378     0.000215798946798
76 85
    -0.147228407609133     0.428101661174135     0.094999838650976
     0.361528989061872    -0.603121876083275    -0.104925312219296
    -0.043368066556436     0.134734929736816     0.344219533056995
76 86
    -0.003122045118783     0.006713244960728     0.002359473084292
    -0.006996978864836    -0.003285858964698    -0.000703852049458
     0.001789290297482    -0.001691437605814     0.034292843763070
76 87
    -0.003749147648447    -0.000997876215889     0.000800784117007
    -0.000997876215889    -0.004901395852170    -0.000462332925516
     0.000127890805796    -0.000073837791153     0.006831670746850
76 88
    -0.003749147648447     0.000997876215889    -0.000800784117007
     0.000997876215889    -0.004901395852170    -0.000462332925516
    -0.000127890805796    -0.000073837791153     0.006831670746850
76 89
    -0.003122045118783    -0.006713244960728    -0.002359473084292
     0.006996978864836    -0.003285858964698    -0.000703852049458
    -0.001789290297482    -0.001691437605814     0.034292843763070
76 90
    -0.004509381464361     0.000000000000000     0.000000000000000
     0.000000000000000     0.027166182277728     0.006640126522756
    -0.000000000000000    -0.008069126490596     0.000215798946798
76 91
    -0.003122045118783    -0.006996978864836     0.001789290297482
     0.006713244960728    -0.003285858964698    -0.001691437605814
     0.002359473084292    -0.000703852049458     0.034292843763070
76 92
    -0.004509381464361     0.000000000000000    -0.000000000000000
     0.000000000000000     0.027166182277728    -0.008069126490596
     0.000000000000000     0.006640126522756     0.000215798946798
76 93
    -0.003122045118783     0.006996978864836    -0.001789290297482
    -0.006713244960728    -0.003285858964698    -0.001691437605814
    -0.002359473084292    -0.000703852049458     0.034292843763070
76 94
    -0.003749147648447     0.000997876215889    -0.000127890805796
     0.000997876215889    -0.004901395852170    -0.000073837791153
    -0.000800784117007    -0.000462332925516     0.006831670746850
76 95
    -0.003749147648447    -0.000997876215889     0.000127890805796
    -0.000997876215889    -0.004901395852170    -0.000073837791153
     0.000800784117007    -0.000462332925516     0.006831670746850
76 96
    -0.147228407609135    -0.361528989061873     0.043368066556436
    -0.428101661174136    -0.603121876083273     0.134734929736816
    -0.094999838650976    -0.104925312219296     0.344219533056996
76 97
    -0.147228407609133     0.361528989061872    -0.043368066556436
     0.428101661174135    -0.603121876083275     0.134734929736816
     0.094999838650976    -0.104925312219296     0.344219533056995
76 98
     0.019247291342205    -0.013715921439921     0.005750518253049
    -0.013715921439921     0.003409509471161    -0.003320063261378
    -0.006988068527207     0.004034563245298     0.000215798946798
76 99
    -0.005477519954032     0.000000000000000     0.000000000000000
     0.000000000000000    -0.003173023546586     0.000147675582306
     0.000000000000000     0.000924665851033     0.006831670746850
76 100
     0.019247291342205     0.013715921439921    -0.005750518253049
     0.013715921439921     0.003409509471161    -0.003320063261378
     0.006988068527207     0.004034563245298     0.000215798946798
76 101
     0.226689515757133     0.000000000000000     0.000000000000000
    -0.000000000000000     0.226689515757134     0.000000000000000
     0.000000000000000     0.000000000000000    -1.834363870755682
76 102
    -0.167740286961955    -0.165598744011366    -0.162670593211466
     0.160924271275308     0.214024021244836     0.163983111542046
    -0.163265251971827    -0.153784415603228    -0.023324518333194
76 103
    -0.004927710723865    -0.018431645279852     0.003268875152621
     0.018495507197039     0.015578018207700    -0.003395653191919
     0.004595166582266     0.004327932047044    -0.001668393249945
76 104
    -0.004927710723865     0.018431645279852    -0.003268875152621
    -0.018495507197039     0.015578018207700    -0.003395653191919
    -0.004595166582266     0.004327932047044    -0.001668393249945
76 105
    -0.167740286961955     0.165598744011366     0.162670593211466
    -0.160924271275308     0.214024021244836     0.163983111542046
     0.163265251971827    -0.153784415603228    -0.023324518333194
76 106
     0.116558838123776    -0.003215905123314     0.060678243781297
    -0.329738920409988    -0.070275103840895    -0.222868421940837
    -0.214813836604453    -0.064499647961255    -0.023324518333194
76 107
    -0.010844225747731    -0.002986608946224    -0.012628845366269
    -0.002986608946224    -0.007395586789598    -0.007291267271769
     0.004815471318672     0.002780213662110     0.041849052093098
76 108
     0.001778499442240    -0.000000000000000    -0.000000000000000
    -0.000000000000000     0.000295360069028    -0.003539671191007
    -0.000000000000000    -0.000468049083169     0.001361172608261
76 109
    -0.010844225747731     0.002986608946224     0.012628845366269
     0.002986608946224    -0.007395586789598    -0.007291267271769
    -0.004815471318672     0.002780213662110     0.041849052093098
76 110
     0.116558838123776     0.003215905123314    -0.060678243781297
     0.329738920409988    -0.070275103840895    -0.222868421940837
     0.214813836604453    -0.064499647961255    -0.023324518333194
76 111
     0.010479238996118     0.009600300628816    -0.001306284350333
    -0.027326851848076     0.000171068487717     0.004528755519929
     0.006045682389726     0.001815564971341    -0.001668393249945
76 112
     0.000666144912331     0.000642218187278    -0.003065445172456
     0.000642218187278     0.001407714598937     0.001769835595504
    -0.000405342396242     0.000234024541584     0.001361172608261
76 113
     0.000666144912331    -0.000642218187278     0.003065445172456
    -0.000642218187278     0.001407714598937     0.001769835595504
     0.000405342396242     0.000234024541584     0.001361172608261
76 114
     0.010479238996118    -0.009600300628816     0.001306284350333
     0.027326851848076     0.000171068487717     0.004528755519929
    -0.006045682389726     0.001815564971341    -0.001668393249945
76 115
    -0.005005196396593    -0.000000000000000     0.000000000000000
    -0.000000000000000    -0.010376435664247     0.003214936321981
    -0.000000000000000    -0.018860068197897     0.043930610967485
76 116
     0.010423932953500    -0.027358782806669    -0.004575159502954
     0.009568369670222     0.000226374530336    -0.001133102328010
     0.001450515807460    -0.006143497018385    -0.001668393249945
76 117
    -0.005671267310531    -0.000000000000000     0.000000000000000
    -0.000000000000000    -0.012568545226797     0.014582534543539
    -0.000000000000000    -0.005560427324221     0.041849052093098
76 118
     0.010423932953500     0.027358782806669     0.004575159502954
    -0.009568369670222     0.000226374530336    -0.001133102328010
    -0.001450515807460    -0.006143497018385    -0.001668393249945
76 119
     0.000581911685519    -0.000631730260518    -0.000124141833511
    -0.000631730260518     0.001311370957450    -0.000071673320995
    -0.004089148400942    -0.002360870930040     0.001465376988032
76 120
     0.000581911685519     0.000631730260518     0.000124141833511
     0.000631730260518     0.001311370957450    -0.000071673320995
     0.004089148400942    -0.002360870930040     0.001465376988032
76 121
     0.120607050262500    -0.327401684041959     0.223348836992762
    -0.000878668755285    -0.074323315979619     0.058885310398790
    -0.051548584632626     0.218284063564484    -0.023324518333194
76 122
     0.120607050262501     0.327401684041959    -0.223348836992762
     0.000878668755285    -0.074323315979619     0.058885310398790
     0.051548584632627     0.218284063564484    -0.023324518333194
76 123
    -0.009033625847333     0.002325814827796     0.002784216526385
     0.002325814827796    -0.006348006213506    -0.001607468160991
    -0.016333298176486     0.009430034098949     0.043930610967485
76 124
     0.001676100593415    -0.000000000000000     0.000000000000000
    -0.000000000000000     0.000217182049553     0.000143346641990
     0.000000000000000     0.004721741860081     0.001465376988032
76 125
    -0.009033625847333    -0.002325814827796    -0.002784216526385
    -0.002325814827796    -0.006348006213506    -0.001607468160991
     0.016333298176486     0.009430034098949     0.043930610967485
76 126
    -4.584470013989172    -1.801051167556622     3.356629486378133
    -1.801051167556621    -2.504795261162938     1.937950937530244
     3.374139958127460     1.948060613108355    -4.950717154792470
76 127
    -4.584470013989163     1.801051167556628    -3.356629486378129
     1.801051167556628    -2.504795261162950     1.937950937530252
    -3.374139958127455     1.948060613108363    -4.950717154792470
76 128
    -0.062697202619713     0.035312361196801    -0.054425384816127
    -0.096049956680356    -0.026252747482012    -0.001961425301103
     0.012285048202061    -0.008086168268458    -0.091067355740221
76 129
    -0.016098002392146     0.000000000000000    -0.000000000000000
     0.000000000000000     0.001781588647221    -0.002782500910139
    -0.000000000000000    -0.011260801455345     0.000040830415821
76 130
    -0.062697202619713    -0.035312361196801     0.054425384816127
     0.096049956680356    -0.026252747482013    -0.001961425301103
    -0.012285048202061    -0.008086168268458    -0.091067355740221
76 131
    -1.464957884749832    -0.000000000000002    -0.000000000000002
    -0.000000000000002    -5.624307390402286    -3.875901875060502
    -0.000000000000002    -3.896121226216724    -4.950717154792469
76 132
    -0.120794987810490    -0.322793412576759    -0.202490572325558
    -0.322793412576759     0.251934739477170    -0.116907986440522
    -0.171224957246406    -0.098856775158194    -0.263732063799508
76 133
     0.000406682452147     0.001447837310350    -0.017772920954155
     0.019610928737410    -0.005290474189072     0.008502525148953
     0.006989054986194     0.009881316678985     0.002689296939717
76 134
     0.000406682452147    -0.001447837310350     0.017772920954155
    -0.019610928737410    -0.005290474189072     0.008502525148953
    -0.006989054986194     0.009881316678985     0.002689296939717
76 135
    -0.120794987810490     0.322793412576759     0.202490572325557
     0.322793412576759     0.251934739477169    -0.116907986440522
     0.171224957246406    -0.098856775158195    -0.263732063799508
76 136
    -0.061664011593209    -0.096646469797633    -0.028911336546445
     0.034715848079524    -0.027285938508517    -0.046153053210958
    -0.000860303038730     0.014682247963930    -0.091067355740221
76 137
     0.005252528156090     0.016813178415788    -0.001523057701768
    -0.001349913011273    -0.010136319893015    -0.019643063620228
     0.012051998759937     0.001112040826998     0.002689296939717
76 138
    -0.002537291114497     0.000000000000000     0.000000000000000
     0.000000000000000    -0.002537291114497     0.000000000000000
     0.000000000000000     0.000000000000000     0.001665849778040
76 139
     0.005252528156090    -0.016813178415788     0.001523057701768
     0.001349913011273    -0.010136319893015    -0.019643063620228
    -0.012051998759937     0.001112040826998     0.002689296939717
76 140
    -0.061664011593209     0.096646469797633     0.028911336546445
    -0.034715848079524    -0.027285938508517    -0.046153053210958
     0.000860303038730     0.014682247963930    -0.091067355740221
76 141
    -0.002688309112621    -0.007742090024684    -0.002409716474234
    -0.007742090024684    -0.011628104632304     0.001391250455070
    -0.009752140127302     0.005630400727673     0.000040830415821
76 142
    -0.012984898213624    -0.011879296035153     0.016249863252387
     0.006283795391907     0.008101106476699     0.011140538471275
     0.005062943773743    -0.010993357505982     0.002689296939717
76 143
    -0.012984898213624     0.011879296035153    -0.016249863252387
    -0.006283795391907     0.008101106476699     0.011140538471275
    -0.005062943773743    -0.010993357505982     0.002689296939717
76 144
    -0.002688309112621     0.007742090024684     0.002409716474234
     0.007742090024684    -0.011628104632304     0.001391250455070
     0.009752140127302     0.005630400727673     0.000040830415821
76 145
     0.003007306096246     0.000000000000000     0.000000000000000
     0.000000000000000     0.009155712606386     0.003777987418927
    -0.000000000000000    -0.006542244015395    -0.012693387318467
76 146
    -0.009063710939667     0.065084645821302     0.025514048269682
    -0.066277672055855    -0.079886239162059     0.048114478512062
    -0.013145351240791    -0.006596079695472    -0.091067355740221
76 147
     0.438299603120998    -0.000000000000000     0.000000000000000
    -0.000000000000000    -0.307159851454321     0.233815972881044
     0.000000000000000     0.197713550316389    -0.263732063799508
76 148
    -0.009063710939667    -0.065084645821302    -0.025514048269682
     0.066277672055855    -0.079886239162059     0.048114478512062
     0.013145351240791    -0.006596079695472    -0.091067355740221
76 149
     0.007618610978851    -0.002662338115288     0.003271833079968
    -0.002662338115288     0.004544407723781    -0.001888993709463
    -0.005665749515089     0.003271122007697    -0.012693387318467
76 150
     0.007618610978851     0.002662338115288    -0.003271833079968
     0.002662338115288     0.004544407723781    -0.001888993709463
     0.005665749515089     0.003271122007697    -0.012693387318467
101 1
    -0.001091726264864    -0.001102082480217    -0.001078329563054
    -0.001102082480217     0.000180848968381    -0.000622573863504
     0.002840742550854     0.001640103476434    -0.006495591076226
101 2
     0.000994537572680    -0.000000000000000    -0.000000000000000
    -0.000000000000000     0.000128321896407    -0.001218507620888
     0.000000000000000     0.003867016212343     0.002688829126325
101 3
    -0.001091726264864     0.001102082480217     0.001078329563054
     0.001102082480217     0.000180848968381    -0.000622573863504
    -0.002840742550854     0.001640103476434    -0.006495591076226
101 4
     0.002159639372004    -0.002028545173815    -0.000803714870431
    -0.002504908586565     0.002711756203235     0.000020837499701
     0.000300273128174    -0.000167798342497    -0.001871350508367
101 5
     0.002159639372004     0.002028545173815     0.000803714870431
     0.002504908586565     0.002711756203235     0.000020837499701
    -0.000300273128174    -0.000167798342497    -0.001871350508367
101 6
     0.000344875815475     0.000375082390404    -0.001055258554394
     0.000375082390404     0.000777983653612     0.000609253810444
     0.003348934276735    -0.001933508106171     0.002688829126325
101 7
     0.000344875815475    -0.000375082390404     0.001055258554394
    -0.000375082390404     0.000777983653612     0.000609253810444
    -0.003348934276735    -0.001933508106171     0.002688829126325
101 8
     0.000045008023307    -0.000058728545045    -0.000973329311294
     0.002761321069359     0.000785741805897     0.002696352138098
     0.000737860933542    -0.000418362342846    -0.002328627564189
101 9
     0.000918896947133     0.000000000000000     0.000000000000000
     0.000000000000000     0.001302676076579     0.000977542964197
     0.000000000000000     0.000830588781285    -0.000933353045355
101 10
     0.000045008023307     0.000058728545045     0.000973329311294
    -0.002761321069359     0.000785741805897     0.002696352138098
    -0.000737860933542    -0.000418362342846    -0.002328627564189
101 11
     0.000817136585004    -0.000000000000000     0.000000000000000
    -0.000000000000000    -0.001728013881487     0.001245147727008
    -0.000000000000000    -0.003280206952867    -0.006495591076226
101 12
     0.001770815251317     0.001764925801699     0.001848444793494
    -0.001055123812705    -0.000940065422113    -0.002191103978878
     0.000006618049879     0.000848187484330    -0.002328627564189
101 13
     0.000316519489979    -0.000832729953620     0.000362168127369
    -0.000832729953620     0.001278073215748     0.000209097865828
     0.001143764241156     0.000660352592521    -0.002364187703901
101 14
     0.000316519489979     0.000832729953620    -0.000362168127369
     0.000832729953620     0.001278073215748     0.000209097865828
    -0.001143764241156     0.000660352592521    -0.002364187703901
101 15
     0.001770815251317    -0.001764925801699    -0.001848444793494
     0.001055123812705    -0.000940065422113    -0.002191103978878
    -0.000006618049879     0.000848187484330    -0.002328627564189
101 16
     0.000610683933742    -0.001610618747321    -0.000383811631123
    -0.001134255334572     0.004260711641497    -0.000706456245043
     0.000004818936772     0.000343943328321    -0.001871350508367
101 17
     0.001206731294218    -0.000166181237772     0.000846577040286
    -0.000166181237772     0.001014841729494    -0.000488771482099
     0.000719310984691    -0.000415294390642    -0.000933353045355
101 18
     0.001758850078633    -0.000000000000000    -0.000000000000000
    -0.000000000000000    -0.000164257372906    -0.000418195731657
    -0.000000000000000    -0.001320705185042    -0.002364187703901
101 19
     0.001206731294218     0.000166181237772    -0.000846577040286
     0.000166181237772     0.001014841729494    -0.000488771482099
    -0.000719310984691    -0.000415294390642    -0.000933353045355
101 20
     0.000610683933742     0.001610618747321     0.000383811631123
     0.001134255334572     0.004260711641497    -0.000706456245043
    -0.000004818936772     0.000343943328321    -0.001871350508367
101 21
     0.004536770057113     0.001132471545618     0.000419903239308
     0.000656108132869     0.000334625518126     0.000685618745342
    -0.000295454191402    -0.000176144985825    -0.001871350508367
101 22
    -0.000569698530818    -0.002406420074863     0.002821774104789
     0.000413629539541     0.001400448360022    -0.000505248159220
    -0.000731242883663    -0.000429825141484    -0.002328627564189
101 23
    -0.000569698530818     0.002406420074863    -0.002821774104789
    -0.000413629539541     0.001400448360022    -0.000505248159220
     0.000731242883663    -0.000429825141484    -0.002328627564189
101 24
     0.004536770057113    -0.001132471545618    -0.000419903239308
    -0.000656108132869     0.000334625518126     0.000685618745342
     0.000295454191402    -0.000176144985825    -0.001871350508367
101 25
    -0.003495693991179     0.000000000000000     0.000000000000000
     0.000000000000000    -0.003495693991179     0.000000000000000
     0.000000000000000     0.000000000000000    -0.001263035051730
101 26
     0.001716847798425     0.000030943958198     0.000371621369229
     0.000030943958198     0.001681116793235     0.000214555697561
     0.000092312148219     0.000053296443624     0.001862483126567
101 27
     0.001716847798425    -0.000030943958198    -0.000371621369229
    -0.000030943958198     0.001681116793235     0.000214555697561
    -0.000092312148219     0.000053296443624     0.001862483126567
101 28
     0.001279926961374    -0.000079129222868    -0.000072609692717
     0.000130454336943     0.001333631324559    -0.000031599053654
     0.000196328776421     0.000461390060569     0.003253016293437
101 29
     0.001442533815338    -0.000000000000000    -0.000000000000000
    -0.000000000000000     0.001218688048202    -0.000048805773054
    -0.000000000000000    -0.000024532283429     0.002703493601125
101 30
     0.001279926961374     0.000079129222868     0.000072609692717
    -0.000130454336943     0.001333631324559    -0.000031599053654
    -0.000196328776421     0.000461390060569     0.003253016293437
101 31
     0.001663251290639     0.000000000000000    -0.000000000000000
     0.000000000000000     0.001734713301021    -0.000429111395122
    -0.000000000000000    -0.000106592887248     0.001862483126567
101 32
     0.001178601054015    -0.000094875125836     0.000212765004494
    -0.000094875125836     0.001288153412896     0.000122839932619
    -0.000148796758921    -0.000085907848817     0.003030752249832
101 33
     0.001267858113263    -0.000212294688918     0.000046466162653
    -0.000093135744908     0.001158586585160    -0.000067065564916
    -0.000182167279645    -0.000200605753997     0.002905001059481
101 34
     0.001267858113263     0.000212294688918    -0.000046466162653
     0.000093135744908     0.001158586585160    -0.000067065564916
     0.000182167279645    -0.000200605753997     0.002905001059481
101 35
     0.001178601054015     0.000094875125836    -0.000212765004494
     0.000094875125836     0.001288153412896     0.000122839932619
     0.000148796758921    -0.000085907848817     0.003030752249832
101 36
     0.001342429660083     0.000094368387018    -0.000063670429558
    -0.000115215172792     0.001271128625850    -0.000047082311627
     0.000497739901717    -0.000060669322410     0.003253016293437
101 37
     0.001053649209795     0.000030537823173    -0.000034847401610
    -0.000088621120838     0.001372795488629     0.000073773659732
    -0.000264813318929    -0.000057458614912     0.002905001059481
101 38
     0.001364520162693    -0.000000000000000     0.000000000000000
     0.000000000000000     0.001364520162693     0.000000000000000
     0.000000000000000     0.000000000000000     0.003058357454583
101 39
     0.001053649209795    -0.000030537823173     0.000034847401610
     0.000088621120838     0.001372795488629     0.000073773659732
     0.000264813318929    -0.000057458614912     0.002905001059481
101 40
     0.001342429660083    -0.000094368387018     0.000063670429558
     0.000115215172792     0.001271128625850    -0.000047082311627
    -0.000497739901717    -0.000060669322410     0.003253016293437
101 41
     0.001274649489986     0.000096928060435    -0.000042267039316
     0.000096928060435     0.001386572373554     0.000024402886527
    -0.000021245580663     0.000012266141715     0.002703493601125
101 42
     0.001318159724577     0.000064094096075    -0.000081313564263
     0.000183253040086     0.001108284973846    -0.000006708094816
    -0.000082646039284     0.000258064368909     0.002905001059481
101 43
     0.001318159724577    -0.000064094096075     0.000081313564263
    -0.000183253040086     0.001108284973846    -0.000006708094816
     0.000082646039284     0.000258064368909     0.002905001059481
101 44
     0.001274649489986    -0.000096928060435     0.000042267039316
    -0.000096928060435     0.001386572373554     0.000024402886527
     0.000021245580663     0.000012266141715     0.002703493601125
101 45
     0.001335663265955     0.000000000000000     0.000000000000000
     0.000000000000000     0.001242760154199     0.000076623976490
    -0.000000000000000    -0.000065429215055     0.002929498044614
101 46
     0.001297980807442    -0.000140877729830     0.000008939263159
     0.000068705829981     0.001315577478491     0.000078681365280
     0.000301411125296    -0.000400720738159     0.003253016293437
101 47
     0.001342929592337    -0.000000000000000    -0.000000000000000
    -0.000000000000000     0.001123824874574    -0.000245679865237
     0.000000000000000     0.000171815697635     0.003030752249832
101 48
     0.001297980807442     0.000140877729830    -0.000008939263159
    -0.000068705829981     0.001315577478491     0.000078681365280
    -0.000301411125296    -0.000400720738159     0.003253016293437
101 49
     0.001265985932138     0.000040228227435     0.000066358310179
     0.000040228227435     0.001312437488016    -0.000038311988245
    -0.000056663362388     0.000032714607528     0.002929498044614
101 50
     0.001265985932138    -0.000040228227435    -0.000066358310179
    -0.000040228227435     0.001312437488016    -0.000038311988245
     0.000056663362388     0.000032714607528     0.002929498044614
101 51
    -0.000662652947806     0.000932162264345     0.003767865940436
     0.000932162264345    -0.001739021216303     0.002175378414981
    -0.005578526046793    -0.003220763514797    -0.001297657457387
101 52
    -0.000662652947806    -0.000932162264345    -0.003767865940436
    -0.000932162264345    -0.001739021216303     0.002175378414981
     0.005578526046793    -0.003220763514797    -0.001297657457387
101 53
     0.001977375612227    -0.002353416760849    -0.000596009303819
    -0.001631926377562     0.000923727504680     0.001251419520317
    -0.001518526837785     0.001072926872518     0.001735490755636
101 54
    -0.000107042744860    -0.000000000000000    -0.000000000000000
    -0.000000000000000    -0.000185994746008    -0.000285524042345
    -0.000000000000000    -0.000896646103753     0.000907492658126
101 55
     0.001977375612227     0.002353416760849     0.000596009303819
     0.001631926377562     0.000923727504680     0.001251419520317
     0.001518526837785     0.001072926872518     0.001735490755636
101 56
    -0.002277205350551     0.000000000000000    -0.000000000000000
     0.000000000000000    -0.000124468813558    -0.004350756829962
     0.000000000000000     0.006441527029594    -0.001297657457387
101 57
     0.001222277609605    -0.000774077041710    -0.007765041048985
    -0.000774077041710     0.002116104786415    -0.004483148539900
     0.000346772812684     0.000200209376751     0.005837128973980
101 58
     0.000708107426550     0.000225478119750    -0.001667826013383
     0.000711238066369    -0.000831190217845     0.000020647801689
    -0.000797524760260     0.000394629170606    -0.000067750758624
101 59
     0.000708107426550    -0.000225478119750     0.001667826013383
    -0.000711238066369    -0.000831190217845     0.000020647801689
     0.000797524760260     0.000394629170606    -0.000067750758624
101 60
     0.001222277609605     0.000774077041710     0.007765041048985
     0.000774077041710     0.002116104786415    -0.004483148539900
    -0.000346772812684     0.000200209376751     0.005837128973980
101 61
    -0.000538564668764    -0.000179347579067     0.000785756443476
    -0.000900837962354     0.003439667785672    -0.001141868958158
     0.000169918509111    -0.001851546254109     0.001735490755636
101 62
    -0.000040755800089     0.001143594451855    -0.000816031485896
     0.000657834505236    -0.000082326991206    -0.001454703597527
    -0.000057003493311    -0.000887991287835    -0.000067750758624
101 63
     0.000007502701053    -0.000000000000000     0.000000000000000
     0.000000000000000     0.000007502701053     0.000000000000000
     0.000000000000000     0.000000000000000     0.001869671016140
101 64
    -0.000040755800089    -0.001143594451855     0.000816031485896
    -0.000657834505236    -0.000082326991206    -0.001454703597527
     0.000057003493311    -0.000887991287835    -0.000067750758624
101 65
    -0.000538564668764     0.000179347579067    -0.000785756443476
     0.000900837962354     0.003439667785672    -0.001141868958158
    -0.000169918509111    -0.001851546254109     0.001735490755636
101 66
    -0.000166256745721     0.000034187219337    -0.000247271074062
     0.000034187219337    -0.000126780745147     0.000142762021173
    -0.000776518304054     0.000448323051876     0.000907492658126
101 67
    -0.000851975813404     0.000189476412177     0.000851794527487
     0.000675236358795     0.000728893022108     0.001434055795838
     0.000740521266949     0.000493362117230    -0.000067750758624
101 68
    -0.000851975813404    -0.000189476412177    -0.000851794527487
    -0.000675236358795     0.000728893022108     0.001434055795838
    -0.000740521266949     0.000493362117230    -0.000067750758624
101 69
    -0.000166256745721    -0.000034187219337     0.000247271074062
    -0.000034187219337    -0.000126780745147     0.000142762021173
     0.000776518304054     0.000448323051876     0.000907492658126
101 70
    -0.000589371600759    -0.000000000000000     0.000000000000000
    -0.000000000000000    -0.000499239091161     0.000746966970265
     0.000000000000000     0.000123269608715     0.001150776695430
101 71
     0.002912843731899     0.001091833606852     0.001381765747296
     0.001813323990139    -0.000011740614991    -0.000109550562159
     0.001688445346896     0.000778619381591     0.001735490755636
101 72
     0.002563018374820    -0.000000000000000     0.000000000000000
    -0.000000000000000     0.000775364021201     0.008966297079799
    -0.000000000000000    -0.000400418753501     0.005837128973980
101 73
     0.002912843731899    -0.001091833606852    -0.001381765747296
    -0.001813323990139    -0.000011740614991    -0.000109550562159
    -0.001688445346896     0.000778619381591     0.001735490755636
101 74
    -0.000521772218560    -0.000039028521509     0.000646892372038
    -0.000039028521509    -0.000566838473359    -0.000373483485133
     0.000106754612662    -0.000061634804357     0.001150776695430
101 75
    -0.000521772218560     0.000039028521509    -0.000646892372038
     0.000039028521509    -0.000566838473359    -0.000373483485133
    -0.000106754612662    -0.000061634804357     0.001150776695430
101 76
     0.226689515757133    -0.000000000000000     0.000000000000000
     0.000000000000000     0.226689515757134     0.000000000000000
     0.000000000000000     0.000000000000000    -1.834363870755682
101 77
    -0.167740286961955    -0.160924271275308     0.163265251971827
     0.165598744011366     0.214024021244836    -0.153784415603228
     0.162670593211466     0.163983111542046    -0.023324518333194
101 78
    -0.004927710723865    -0.018495507197039    -0.004595166582266
     0.018431645279852     0.015578018207700     0.004327932047044
    -0.003268875152621    -0.003395653191919    -0.001668393249945
101 79
    -0.004927710723865     0.018495507197039     0.004595166582266
    -0.018431645279852     0.015578018207700     0.004327932047044
     0.003268875152621    -0.003395653191919    -0.001668393249945
101 80
    -0.167740286961955     0.160924271275308    -0.163265251971827
    -0.165598744011366     0.214024021244836    -0.153784415603228
    -0.162670593211466     0.163983111542046    -0.023324518333194
101 81
     0.120607050262500    -0.000878668755285    -0.051548584632626
    -0.327401684041959    -0.074323315979619     0.218284063564484
     0.223348836992762     0.058885310398790    -0.023324518333194
101 82
    -0.009033625847333    -0.002325814827796     0.016333298176486
    -0.002325814827796    -0.006348006213506     0.009430034098949
    -0.002784216526385    -0.001607468160991     0.043930610967485
101 83
     0.001676100593415    -0.000000000000000     0.000000000000000
    -0.000000000000000     0.000217182049553     0.004721741860081
     0.000000000000000     0.000143346641990     0.001465376988032
101 84
    -0.009033625847333     0.002325814827796    -0.016333298176486
     0.002325814827796    -0.006348006213506     0.009430034098949
     0.002784216526385    -0.001607468160991     0.043930610967485
101 85
     0.120607050262501     0.000878668755285     0.051548584632627
     0.327401684041959    -0.074323315979619     0.218284063564484
    -0.223348836992762     0.058885310398790    -0.023324518333194
101 86
     0.010423932953500     0.009568369670222     0.001450515807460
    -0.027358782806669     0.000226374530336    -0.006143497018385
    -0.004575159502954    -0.001133102328010    -0.001668393249945
101 87
     0.000581911685519     0.000631730260518     0.004089148400942
     0.000631730260518     0.001311370957450    -0.002360870930040
     0.000124141833511    -0.000071673320995     0.001465376988032
101 88
     0.000581911685519    -0.000631730260518    -0.004089148400942
    -0.000631730260518     0.001311370957450    -0.002360870930040
    -0.000124141833511    -0.000071673320995     0.001465376988032
101 89
     0.010423932953500    -0.009568369670222    -0.001450515807460
     0.027358782806669     0.000226374530336    -0.006143497018385
     0.004575159502954    -0.001133102328010    -0.001668393249945
101 90
    -0.005671267310531    -0.000000000000000    -0.000000000000000
    -0.000000000000000    -0.012568545226797    -0.005560427324221
     0.000000000000000     0.014582534543539     0.041849052093098
101 91
     0.010479238996118    -0.027326851848076     0.006045682389726
     0.009600300628816     0.000171068487717     0.001815564971341
    -0.001306284350333     0.004528755519929    -0.001668393249945
101 92
    -0.005005196396593    -0.000000000000000    -0.000000000000000
    -0.000000000000000    -0.010376435664247    -0.018860068197897
     0.000000000000000     0.003214936321981     0.043930610967485
101 93
     0.010479238996118     0.027326851848076    -0.006045682389726
    -0.009600300628816     0.000171068487717     0.001815564971341
     0.001306284350333     0.004528755519929    -0.001668393249945
101 94
     0.000666144912331    -0.000642218187278     0.000405342396242
    -0.000642218187278     0.001407714598937     0.000234024541584
     0.003065445172456     0.001769835595504     0.001361172608261
101 95
     0.000666144912331     0.000642218187278    -0.000405342396242
     0.000642218187278     0.001407714598937     0.000234024541584
    -0.003065445172456     0.001769835595504     0.001361172608261
101 96
     0.116558838123776    -0.329738920409988    -0.214813836604453
    -0.003215905123314    -0.070275103840895    -0.064499647961255
     0.060678243781297    -0.222868421940837    -0.023324518333194
101 97
     0.116558838123776     0.329738920409988     0.214813836604453
     0.003215905123314    -0.070275103840895    -0.064499647961255
    -0.060678243781297    -0.222868421940837    -0.023324518333194
101 98
    -0.010844225747731     0.002986608946224    -0.004815471318672
     0.002986608946224    -0.007395586789598     0.002780213662110
     0.012628845366269    -0.007291267271769     0.041849052093098
101 99
     0.001778499442240    -0.000000000000000    -0.000000000000000
    -0.000000000000000     0.000295360069028    -0.000468049083169
    -0.000000000000000    -0.003539671191007     0.001361172608261
101 100
    -0.010844225747731    -0.002986608946224     0.004815471318672
    -0.002986608946224    -0.007395586789598     0.002780213662110
    -0.012628845366269    -0.007291267271769     0.041849052093098
101 101
    12.393497158677201     0.000000000000001     0.000000000000000
     0.000000000000001    12.393497158677206     0.000000000000000
     0.000000000000000     0.000000000000000    15.589283880078442
101 102
    -0.803608893070072     0.039995733603092     0.158488988416939
    -0.039995733603091     0.075482833718229     0.027788437826267
    -0.158488988416939     0.027788437826268     0.368831617143337
101 103
     0.000020829971058    -0.005233869365965     0.001411589960993
     0.005233869365965    -0.000091733401228    -0.005008735765176
    -0.001411589960993    -0.005008735765176     0.035528587592917
101 104
     0.000020829971058     0.005233869365965    -0.001411589960993
    -0.005233869365965    -0.000091733401228    -0.005008735765176
     0.001411589960993    -0.005008735765176     0.035528587592917
101 105
    -0.803608893070072    -0.039995733603091    -0.158488988416939
     0.039995733603092     0.075482833718229     0.027788437826268
     0.158488988416939     0.027788437826267     0.368831617143337
101 106
    -0.144290097978846    -0.420653617430791     0.103309987297502
    -0.340662150224607    -0.583835961372996     0.123361271276033
    -0.055179001119437    -0.151149709102301     0.368831617143337
101 107
     0.024871853754989     0.013792861286221    -0.007608154555648
     0.013792861286220     0.008945229402000    -0.004392570080740
     0.004213980690377     0.002432942885949    -0.000408226189334
101 108
    -0.002824289118200     0.000000000000000    -0.000000000000000
     0.000000000000000     0.000754783788236    -0.002525573130404
     0.000000000000000     0.000518119214489     0.009572530415964
101 109
     0.024871853754989    -0.013792861286221     0.007608154555648
    -0.013792861286221     0.008945229402000    -0.004392570080740
    -0.004213980690377     0.002432942885949    -0.000408226189334
101 110
    -0.144290097978845     0.420653617430790    -0.103309987297501
     0.340662150224606    -0.583835961372998     0.123361271276033
     0.055179001119437    -0.151149709102301     0.368831617143337
101 111
    -0.000063592558157     0.005282610735932    -0.003631897432990
    -0.005185127995997    -0.000007310872014     0.003726840648535
    -0.005043487393983     0.001281895116641     0.035528587592917
101 112
    -0.000139984438373    -0.001549784029485    -0.002187210490045
    -0.001549784029485    -0.001929520891591     0.001262786565202
     0.000448704401937    -0.000259059607245     0.009572530415964
101 113
    -0.000139984438373     0.001549784029485     0.002187210490045
     0.001549784029485    -0.001929520891591     0.001262786565202
    -0.000448704401937    -0.000259059607245     0.009572530415964
101 114
    -0.000063592558157    -0.005282610735932     0.003631897432990
     0.005185127995997    -0.000007310872014     0.003726840648535
     0.005043487393983     0.001281895116641     0.035528587592917
101 115
     0.000981917225506     0.000000000000000    -0.000000000000000
     0.000000000000000     0.032835165931484    -0.004865885771898
     0.000000000000000     0.008785140161480    -0.000408226189334
101 116
    -0.000063592558157    -0.005185127995997    -0.005043487393983
     0.005282610735932    -0.000007310872014     0.001281895116641
    -0.003631897432990     0.003726840648535     0.035528587592917
101 117
     0.000981917225506     0.000000000000000     0.000000000000000
     0.000000000000000     0.032835165931484     0.008785140161480
    -0.000000000000000    -0.004865885771898    -0.000408226189334
101 118
    -0.000063592558157     0.005185127995997     0.005043487393983
    -0.005282610735932    -0.000007310872014     0.001281895116641
     0.003631897432990     0.003726840648535     0.035528587592917
101 119
    -0.000139984438373     0.001549784029485    -0.000448704401937
     0.001549784029485    -0.001929520891591    -0.000259059607245
     0.002187210490045     0.001262786565202     0.009572530415964
101 120
    -0.000139984438373    -0.001549784029485     0.000448704401937
    -0.001549784029485    -0.001929520891591    -0.000259059607245
    -0.002187210490045     0.001262786565202     0.009572530415964
101 121
    -0.144290097978846    -0.340662150224607    -0.055179001119437
    -0.420653617430791    -0.583835961372996    -0.151149709102301
     0.103309987297502     0.123361271276033     0.368831617143337
101 122
    -0.144290097978845     0.340662150224606     0.055179001119437
     0.420653617430790    -0.583835961372998    -0.151149709102301
    -0.103309987297501     0.123361271276033     0.368831617143337
101 123
     0.024871853754989    -0.013792861286221    -0.004213980690377
    -0.013792861286221     0.008945229402000     0.002432942885949
     0.007608154555648    -0.004392570080740    -0.000408226189334
101 124
    -0.002824289118200     0.000000000000000     0.000000000000000
     0.000000000000000     0.000754783788236     0.000518119214489
    -0.000000000000000    -0.002525573130404     0.009572530415964
101 125
     0.024871853754989     0.013792861286220     0.004213980690377
     0.013792861286221     0.008945229402000     0.002432942885949
    -0.007608154555648    -0.004392570080740    -0.000408226189334
101 126
    -4.585763977635281    -1.788833651281598    -3.385805857176249
    -1.788833651281597    -2.520196797429473    -1.954795923064512
    -3.377878790633605    -1.950219229062233    -5.019346780954050
101 127
    -4.585763977635271     1.788833651281605     3.385805857176244
     1.788833651281605    -2.520196797429485    -1.954795923064520
     3.377878790633600    -1.950219229062241    -5.019346780954050
101 128
    -0.063985030987295     0.029958856960028     0.059593559605617
    -0.101827530576161    -0.024052540188285     0.010762342919077
    -0.011758225044583     0.005913555437746    -0.079974520300568
101 129
    -0.017619638891466     0.000000000000000     0.000000000000000
     0.000000000000000     0.000740656901992     0.001636640412573
     0.000000000000000     0.012568358290561     0.000976425593844
101 130
    -0.063985030987295    -0.029958856960028    -0.059593559605617
     0.101827530576161    -0.024052540188285     0.010762342919077
     0.011758225044583     0.005913555437746    -0.079974520300568
101 131
    -1.487413207326580    -0.000000000000002     0.000000000000002
    -0.000000000000002    -5.618547567738180     3.909591846129038
     0.000000000000002     3.900438458124479    -5.019346780954050
101 132
    -0.123243208482057    -0.325122420935623     0.184394734091882
    -0.325122420935623     0.252175826011472     0.106460349365097
     0.151180567950034     0.087284141602192    -0.284519868220901
101 133
     0.001999914017883     0.005627293486111     0.018220639002013
     0.016133163080124    -0.001849108274093    -0.006812854914118
    -0.005930108077861    -0.009237317822732     0.002676305635344
101 134
     0.001999914017883    -0.005627293486111    -0.018220639002013
    -0.016133163080124    -0.001849108274093    -0.006812854914118
     0.005930108077861    -0.009237317822732     0.002676305635344
101 135
    -0.123243208482057     0.325122420935623    -0.184394734091881
     0.325122420935623     0.252175826011472     0.106460349365097
    -0.151180567950034     0.087284141602193    -0.284519868220901
101 136
    -0.065155711431969    -0.101151637906293     0.039117242174969
     0.030634749629896    -0.022881859743611     0.046228365060868
    -0.000757823286515    -0.013139699310896    -0.079974520300568
101 137
     0.008535701391054     0.012359724480857     0.003210214073083
     0.001853854886844    -0.008384895647265     0.019185963705988
    -0.010964805936247    -0.000516965331249     0.002676305635344
101 138
     0.002460760658545     0.000000000000000     0.000000000000000
    -0.000000000000000     0.002460760658545     0.000000000000000
     0.000000000000000     0.000000000000000     0.001205801665384
101 139
     0.008535701391054    -0.012359724480857    -0.003210214073083
    -0.001853854886844    -0.008384895647265     0.019185963705988
     0.010964805936247    -0.000516965331249     0.002676305635344
101 140
    -0.065155711431969     0.101151637906293    -0.039117242174969
    -0.030634749629896    -0.022881859743611     0.046228365060868
     0.000757823286515    -0.013139699310896    -0.079974520300568
101 141
    -0.003849417046373    -0.007950241289066     0.001417372174149
    -0.007950241289066    -0.013029564943102    -0.000818320206287
     0.010884517563491    -0.006284179145281     0.000976425593844
101 142
    -0.010309406793253    -0.009026373396273    -0.015010424928930
     0.001479496197739     0.010460212537042    -0.012373108791870
    -0.005034697858386     0.009754283153981     0.002676305635344
101 143
    -0.010309406793253     0.009026373396273     0.015010424928930
    -0.001479496197739     0.010460212537042    -0.012373108791870
     0.005034697858386     0.009754283153981     0.002676305635344
101 144
    -0.003849417046373     0.007950241289066    -0.001417372174149
     0.007950241289066    -0.013029564943102    -0.000818320206287
    -0.010884517563491    -0.006284179145281     0.000976425593844
101 145
     0.009003208930460     0.000000000000000    -0.000000000000000
    -0.000000000000000     0.013952031245906    -0.000545138125977
     0.000000000000000     0.003040172217729    -0.012050913055035
101 146
    -0.002915614344106     0.066569086437962    -0.020476317430648
    -0.065217301098227    -0.085121956831475    -0.056990707979945
     0.011000401758067     0.007226143873150    -0.079974520300568
101 147
     0.439885343258235    -0.000000000000000    -0.000000000000000
    -0.000000000000000    -0.310952725728822    -0.212920698730195
    -0.000000000000000    -0.174568283204385    -0.284519868220901
101 148
    -0.002915614344106    -0.066569086437962     0.020476317430648
     0.065217301098227    -0.085121956831475    -0.056990707979945
    -0.011000401758067     0.007226143873150    -0.079974520300568
101 149
     0.012714825667045    -0.002142902921996    -0.000472103465667
    -0.002142902921996     0.010240414509322     0.000272569062988
     0.002632866372433    -0.001520086108864    -0.012050913055035
101 150
     0.012714825667045     0.002142902921996     0.000472103465667
     0.002142902921996     0.010240414509322     0.000272569062988
    -0.002632866372433    -0.001520086108864    -0.012050913055035
126 1
    -0.002298497316565    -0.009980244630990    -0.024113511331863
    -0.009980244630990     0.009225696531996    -0.013921942258558
    -0.025223285285912    -0.014562670549668     0.006179800177468
126 2
    -0.002298497316565     0.009980244630990     0.024113511331863
     0.009980244630990     0.009225696531996    -0.013921942258558
     0.025223285285912    -0.014562670549668     0.006179800177468
126 3
    -0.006060239256807    -0.004088815418290    -0.007292694947894
    -0.000902300982931    -0.001529661631350    -0.015560795426742
    -0.005858114824467     0.007209360927629    -0.003239527673925
126 4
    -0.001566734848502     0.000000000000000     0.000000000000000
     0.000000000000000     0.002052814368060     0.002270015683542
    -0.000000000000000    -0.004656198123764    -0.002421012280342
126 5
    -0.006060239256807     0.004088815418290     0.007292694947894
     0.000902300982931    -0.001529661631350    -0.015560795426742
     0.005858114824467     0.007209360927629    -0.003239527673925
126 6
     0.014987793456276    -0.000000000000000     0.000000000000000
    -0.000000000000000    -0.008060594240845     0.027843884517117
     0.000000000000000     0.029125341099336     0.006179800177468
126 7
    -0.008584663923450    -0.002857844758958     0.006313978294357
    -0.002857844758958    -0.005284709041677     0.003645377067904
    -0.005881396336392    -0.003395625758027     0.027608287684880
126 8
     0.000716865901228    -0.000652089820441    -0.000738172738491
     0.005424063052626    -0.002413233509370     0.001558138991251
    -0.002160909394261    -0.004928917194138     0.000003609749295
126 9
     0.000716865901228     0.000652089820441     0.000738172738491
    -0.005424063052626    -0.002413233509370     0.001558138991251
     0.002160909394261    -0.004928917194138     0.000003609749295
126 10
    -0.008584663923450     0.002857844758958    -0.006313978294357
     0.002857844758958    -0.005284709041677     0.003645377067904
     0.005881396336392    -0.003395625758027     0.027608287684880
126 11
    -0.004823522836065    -0.001616319541357    -0.017122391616598
    -0.004802833976716    -0.002766378052091     0.001464738626444
     0.003314432296144    -0.008677956720089    -0.003239527673925
126 12
     0.000435616365905     0.005586442547554     0.000980301579805
    -0.000489710325513    -0.002131983974047    -0.001418345839540
    -0.005349022200405     0.000593056166362     0.000003609749295
126 13
    -0.002203463587854     0.000000000000000     0.000000000000000
     0.000000000000000    -0.002203463587854     0.000000000000000
     0.000000000000000     0.000000000000000     0.005062526928629
126 14
     0.000435616365905    -0.005586442547554    -0.000980301579805
     0.000489710325513    -0.002131983974047    -0.001418345839540
     0.005349022200405     0.000593056166362     0.000003609749295
126 15
    -0.004823522836065     0.001616319541357     0.017122391616598
     0.004802833976716    -0.002766378052091     0.001464738626444
    -0.003314432296144    -0.008677956720089    -0.003239527673925
126 16
     0.001147927063920    -0.001567310785895     0.001965891248937
    -0.001567310785895    -0.000661847544361    -0.001135007841771
    -0.004032385860233     0.002328099061882    -0.002421012280342
126 17
    -0.003697033679346    -0.002875696941606     0.001718474318296
     0.003200455931462     0.002000666071204    -0.000139793151711
    -0.003188112806143     0.004335861027776     0.000003609749295
126 18
    -0.003697033679346     0.002875696941606    -0.001718474318296
    -0.003200455931462     0.002000666071204    -0.000139793151711
     0.003188112806143     0.004335861027776     0.000003609749295
126 19
     0.001147927063920     0.001567310785895    -0.001965891248937
     0.001567310785895    -0.000661847544361    -0.001135007841771
     0.004032385860233     0.002328099061882    -0.002421012280342
126 20
    -0.005061278907956     0.000000000000000     0.000000000000000
     0.000000000000000     0.000311446336798     0.000412394055915
     0.000000000000000     0.001602430759760    -0.003297003396035
126 21
    -0.000501089239363    -0.002307275776106    -0.009829696668704
     0.000879238659253    -0.007088811648794     0.014096056800298
     0.009172547120611     0.001468595792460    -0.003239527673925
126 22
    -0.003634731600790    -0.000000000000000    -0.000000000000000
    -0.000000000000000    -0.010234641364337    -0.007290754135809
     0.000000000000000     0.006791251516054     0.027608287684880
126 23
    -0.000501089239363     0.002307275776106     0.009829696668704
    -0.000879238659253    -0.007088811648794     0.014096056800298
    -0.009172547120611     0.001468595792460    -0.003239527673925
126 24
    -0.001031734974391    -0.002326458274755     0.000357143728792
    -0.002326458274755    -0.003718097596768    -0.000206197027957
     0.001387745745758    -0.000801215379880    -0.003297003396035
126 25
    -0.001031734974391     0.002326458274755    -0.000357143728792
     0.002326458274755    -0.003718097596768    -0.000206197027957
    -0.001387745745758    -0.000801215379880    -0.003297003396035
126 26
    -0.000809753342356     0.000000000000000     0.000000000000000
     0.000000000000000    -0.000809753342356     0.000000000000000
     0.000000000000000     0.000000000000000     0.008322488775879
126 27
    -0.002021368275659    -0.002192009905088    -0.002541911845906
     0.000633895520280    -0.001373947128962    -0.000829802320456
     0.000185201893170    -0.000060512082385    -0.002795033302993
126 28
    -0.001060974118425    -0.000905511084702     0.000232958013921
     0.002576245168509     0.000752488181147     0.000392044162057
     0.000934978147463     0.000941647540173     0.001087238364611
126 29
    -0.001060974118425     0.000905511084702    -0.000232958013921
    -0.002576245168509     0.000752488181147     0.000392044162057
    -0.000934978147463     0.000941647540173     0.001087238364611
126 30
    -0.002021368275659     0.002192009905088     0.002541911845906
    -0.000633895520280    -0.001373947128962    -0.000829802320456
    -0.000185201893170    -0.000060512082385    -0.002795033302993
126 31
    -0.002210485735259     0.000743082536489    -0.001989585812587
    -0.002082822888879    -0.001184829669362    -0.001786459072507
     0.000040195946004     0.000190645585507    -0.002795033302993
126 32
     0.000686572367056     0.001816159962476    -0.001508993575991
     0.001816159962476    -0.001410548519398    -0.000871217847304
     0.000071893050258     0.000041507471920    -0.000583561384863
126 33
    -0.000366706537804    -0.000000000000000     0.000000000000000
    -0.000000000000000    -0.001366648006562     0.000813500501388
     0.000000000000000     0.001330604173374     0.000314134586476
126 34
     0.000686572367056    -0.001816159962476     0.001508993575991
    -0.001816159962476    -0.001410548519398    -0.000871217847304
    -0.000071893050258     0.000041507471920    -0.000583561384863
126 35
    -0.002210485735259    -0.000743082536489     0.001989585812587
     0.002082822888879    -0.001184829669362    -0.001786459072507
    -0.000040195946004     0.000190645585507    -0.002795033302993
126 36
     0.001022571686026     0.001373309437440     0.000455999210708
    -0.002108446815771    -0.001331057623305     0.000005725477042
     0.001282979764933     0.000338891057600     0.001087238364611
126 37
    -0.001116662639372     0.000432987357121     0.000704512100193
     0.000432987357121    -0.000616691904993    -0.000406750250694
     0.001152337016524    -0.000665302086687     0.000314134586476
126 38
    -0.001116662639372    -0.000432987357121    -0.000704512100193
    -0.000432987357121    -0.000616691904993    -0.000406750250694
    -0.001152337016524    -0.000665302086687     0.000314134586476
126 39
     0.001022571686026    -0.001373309437440    -0.000455999210708
     0.002108446815771    -0.001331057623305     0.000005725477042
    -0.001282979764933     0.000338891057600     0.001087238364611
126 40
    -0.002527818961777    -0.000000000000000     0.000000000000000
    -0.000000000000000    -0.002205617338685     0.001257784854917
     0.000000000000000     0.001949793985697    -0.000009120253907
126 41
    -0.000424326473519    -0.002943813857674     0.000223041196787
     0.000537942395536     0.000115840536240    -0.000397769639099
     0.000348001617470    -0.001280538597773     0.001087238364611
126 42
    -0.002459108962625     0.000000000000000     0.000000000000000
     0.000000000000000     0.001735132810283     0.001742435694608
    -0.000000000000000    -0.000083014943839    -0.000583561384863
126 43
    -0.000424326473519     0.002943813857674    -0.000223041196787
    -0.000537942395536     0.000115840536240    -0.000397769639099
    -0.000348001617470    -0.001280538597773     0.001087238364611
126 44
    -0.000027156391823     0.000204670691307    -0.000412075148229
     0.000204670691307    -0.000263489749266    -0.000237911697756
    -0.000092748665118    -0.000053548466773     0.001840007011003
126 45
    -0.000027156391823    -0.000204670691307     0.000412075148229
    -0.000204670691307    -0.000263489749266    -0.000237911697756
     0.000092748665118    -0.000053548466773     0.001840007011003
126 46
    -0.000861119096014    -0.001303765696475     0.000552326033319
     0.001522139728892    -0.002534196308608     0.002616261392963
    -0.000145005947166    -0.000130133503122    -0.002795033302993
126 47
    -0.000861119096014     0.001303765696475    -0.000552326033319
    -0.001522139728892    -0.002534196308608     0.002616261392963
     0.000145005947166    -0.000130133503122    -0.002795033302993
126 48
    -0.002286167744458    -0.000139517395369     0.001089273636854
    -0.000139517395369    -0.002447268556004    -0.000628892427459
     0.001688571123760    -0.000974896992849    -0.000009120253907
126 49
    -0.000381656427987     0.000000000000000     0.000000000000000
     0.000000000000000     0.000091010286899     0.000475823395513
     0.000000000000000     0.000107096933546     0.001840007011003
126 50
    -0.002286167744458     0.000139517395369    -0.001089273636854
     0.000139517395369    -0.002447268556004    -0.000628892427459
    -0.001688571123760    -0.000974896992849    -0.000009120253907
126 51
    -0.032874234948405     0.000000000000000     0.000000000000000
     0.000000000000000    -0.032874234948405     0.000000000000000
     0.000000000000000     0.000000000000000     0.046158289880255
126 52
     0.003777816475946     0.009464930832698    -0.000059420453753
     0.014803660069393    -0.008903662925379     0.013865482460801
     0.006202616346460    -0.025359777595457    -0.031846590632158
126 53
    -0.004067750626646     0.001031488131301     0.001696180240983
    -0.005104584667897    -0.004448610370298     0.001204864070837
     0.002611694695412     0.000617099452991    -0.002862231957522
126 54
    -0.004067750626646    -0.001031488131301    -0.001696180240983
     0.005104584667897    -0.004448610370298     0.001204864070837
    -0.002611694695412     0.000617099452991    -0.002862231957522
126 55
     0.003777816475946    -0.009464930832698     0.000059420453753
    -0.014803660069393    -0.008903662925379     0.013865482460801
    -0.006202616346460    -0.025359777595457    -0.031846590632158
126 56
     0.004775315042584     0.014227754003429     0.011978149819904
     0.008889024766734    -0.009901161492016    -0.006984200852855
    -0.018860903458759     0.018051512123691    -0.031846590632158
126 57
    -0.006051113153938    -0.002822284272198     0.009204106045220
    -0.002822284272198    -0.002792219985371     0.005313993102857
     0.005028769952722     0.002903361685897     0.000675238059121
126 58
    -0.001934259915520    -0.000000000000000    -0.000000000000000
    -0.000000000000000    -0.002305043990465    -0.001452354960909
     0.000000000000000     0.000315676364889    -0.004565220218641
126 59
    -0.006051113153938     0.002822284272198    -0.009204106045220
     0.002822284272198    -0.002792219985371     0.005313993102857
    -0.005028769952722     0.002903361685897     0.000675238059121
126 60
     0.004775315042584    -0.014227754003429    -0.011978149819904
    -0.008889024766734    -0.009901161492016    -0.006984200852855
     0.018860903458759     0.018051512123691    -0.031846590632158
126 61
    -0.006117097970764    -0.003921393427108     0.001891533013943
     0.002214679372091    -0.002399263026180     0.000866503142670
     0.001840271150658     0.001953244226660    -0.002862231957522
126 62
    -0.002212347971729     0.000160554214111    -0.001257776291459
     0.000160554214111    -0.002026955934256     0.000726177480454
     0.000273383751368    -0.000157838182444    -0.004565220218641
126 63
    -0.002212347971729    -0.000160554214111     0.001257776291459
    -0.000160554214111    -0.002026955934256     0.000726177480454
    -0.000273383751368    -0.000157838182444    -0.004565220218641
126 64
    -0.006117097970764     0.003921393427108    -0.001891533013943
    -0.002214679372091    -0.002399263026180     0.000866503142670
    -0.001840271150658     0.001953244226660    -0.002862231957522
126 65
     0.006155036471219    -0.000000000000000    -0.000000000000000
    -0.000000000000000     0.000965115800890    -0.002399541640228
     0.000000000000000     0.000308455014152     0.002551759802025
126 66
    -0.002589692898006     0.004251227640389     0.000195352772960
    -0.001884845158810    -0.005926668098938    -0.002071367213507
    -0.000771423544754    -0.002570343679651    -0.002862231957522
126 67
    -0.001162773401088    -0.000000000000000    -0.000000000000000
    -0.000000000000000    -0.007680559738222    -0.010627986205715
    -0.000000000000000    -0.005806723371793     0.000675238059121
126 68
    -0.002589692898006    -0.004251227640389    -0.000195352772960
     0.001884845158810    -0.005926668098938    -0.002071367213507
     0.000771423544754    -0.002570343679651    -0.002862231957522
126 69
    -0.000959474194321    -0.000153945261002     0.001174712200681
    -0.000153945261002    -0.000781713518561     0.000678220405284
    -0.000698871883954    -0.000403493870330    -0.005090351289200
126 70
    -0.000959474194321     0.000153945261002    -0.001174712200681
     0.000153945261002    -0.000781713518561     0.000678220405284
     0.000698871883954    -0.000403493870330    -0.005090351289200
126 71
    -0.016241901192679    -0.003245270684312     0.012037570273658
     0.002093458552383     0.011116054743247    -0.006881281607946
    -0.025063519805219     0.007308265471766    -0.031846590632158
126 72
    -0.016241901192679     0.003245270684312    -0.012037570273658
    -0.002093458552383     0.011116054743247    -0.006881281607946
     0.025063519805219     0.007308265471766    -0.031846590632158
126 73
     0.002262595968472     0.002247301572065    -0.002078064017876
     0.002247301572065     0.004857556303637     0.001199770820114
     0.000267129878180    -0.000154227507076     0.002551759802025
126 74
    -0.000692833180681     0.000000000000000    -0.000000000000000
    -0.000000000000000    -0.001048354532202    -0.001356440810567
     0.000000000000000     0.000806987740660    -0.005090351289200
126 75
     0.002262595968472    -0.002247301572065     0.002078064017876
    -0.002247301572065     0.004857556303637     0.001199770820114
    -0.000267129878180    -0.000154227507076     0.002551759802025
126 76
    -4.584470013989172    -1.801051167556621     3.374139958127460
    -1.801051167556622    -2.504795261162938     1.948060613108355
     3.356629486378133     1.937950937530244    -4.950717154792470
126 77
    -0.062697202619713     0.096049956680356    -0.012285048202061
    -0.035312361196801    -0.026252747482013    -0.008086168268458
     0.054425384816127    -0.001961425301103    -0.091067355740221
126 78
    -0.016098002392146     0.000000000000000    -0.000000000000000
     0.000000000000000     0.001781588647221    -0.011260801455345
    -0.000000000000000    -0.002782500910139     0.000040830415821
126 79
    -0.062697202619713    -0.096049956680356     0.012285048202061
     0.035312361196801    -0.026252747482012    -0.008086168268458
    -0.054425384816127    -0.001961425301103    -0.091067355740221
126 80
    -4.584470013989163     1.801051167556628    -3.374139958127455
     1.801051167556628    -2.504795261162950     1.948060613108363
    -3.356629486378129     1.937950937530252    -4.950717154792470
126 81
    -0.009063710939667    -0.066277672055855    -0.013145351240791
     0.065084645821302    -0.079886239162059    -0.006596079695472
     0.025514048269682     0.048114478512062    -0.091067355740221
126 82
     0.007618610978851     0.002662338115288     0.005665749515089
     0.002662338115288     0.004544407723781     0.003271122007697
    -0.003271833079968    -0.001888993709463    -0.012693387318467
126 83
     0.007618610978851    -0.002662338115288    -0.005665749515089
    -0.002662338115288     0.004544407723781     0.003271122007697
     0.003271833079968    -0.001888993709463    -0.012693387318467
126 84
    -0.009063710939667     0.066277672055855     0.013145351240791
    -0.065084645821302    -0.079886239162059    -0.006596079695472
    -0.025514048269682     0.048114478512062    -0.091067355740221
126 85
     0.438299603120998    -0.000000000000000     0.000000000000000
    -0.000000000000000    -0.307159851454321     0.197713550316389
     0.000000000000000     0.233815972881044    -0.263732063799508
126 86
    -0.002688309112621    -0.007742090024684    -0.009752140127302
    -0.007742090024684    -0.011628104632304     0.005630400727673
    -0.002409716474234     0.001391250455070     0.000040830415821
126 87
     0.003007306096246     0.000000000000000    -0.000000000000000
     0.000000000000000     0.009155712606386    -0.006542244015395
     0.000000000000000     0.003777987418927    -0.012693387318467
126 88
    -0.002688309112621     0.007742090024684     0.009752140127302
     0.007742090024684    -0.011628104632304     0.005630400727673
     0.002409716474234     0.001391250455070     0.000040830415821
126 89
    -0.012984898213624    -0.006283795391907    -0.005062943773743
     0.011879296035153     0.008101106476699    -0.010993357505982
    -0.016249863252387     0.011140538471275     0.002689296939717
126 90
    -0.012984898213624     0.006283795391907     0.005062943773743
    -0.011879296035153     0.008101106476699    -0.010993357505982
     0.016249863252387     0.011140538471275     0.002689296939717
126 91
    -0.061664011593209     0.034715848079524    -0.000860303038730
    -0.096646469797633    -0.027285938508517     0.014682247963930
    -0.028911336546445    -0.046153053210958    -0.091067355740221
126 92
    -0.061664011593209    -0.034715848079524     0.000860303038730
     0.096646469797633    -0.027285938508517     0.014682247963930
     0.028911336546445    -0.046153053210958    -0.091067355740221
126 93
     0.005252528156090     0.001349913011273    -0.012051998759937
    -0.016813178415788    -0.010136319893015     0.001112040826998
     0.001523057701768    -0.019643063620228     0.002689296939717
126 94
    -0.002537291114497     0.000000000000000     0.000000000000000
     0.000000000000000    -0.002537291114497     0.000000000000000
     0.000000000000000     0.000000000000000     0.001665849778040
126 95
     0.005252528156090    -0.001349913011273     0.012051998759937
     0.016813178415788    -0.010136319893015     0.001112040826998
    -0.001523057701768    -0.019643063620228     0.002689296939717
126 96
    -1.464957884749832    -0.000000000000002    -0.000000000000002
    -0.000000000000002    -5.624307390402286    -3.896121226216724
    -0.000000000000002    -3.875901875060502    -4.950717154792469
126 97
    -0.120794987810490     0.322793412576759     0.171224957246406
     0.322793412576759     0.251934739477169    -0.098856775158195
     0.202490572325557    -0.116907986440522    -0.263732063799508
126 98
     0.000406682452147    -0.019610928737410    -0.006989054986194
    -0.001447837310350    -0.005290474189072     0.009881316678985
     0.017772920954155     0.008502525148953     0.002689296939717
126 99
     0.000406682452147     0.019610928737410     0.006989054986194
     0.001447837310350    -0.005290474189072     0.009881316678985
    -0.017772920954155     0.008502525148953     0.002689296939717
126 100
    -0.120794987810490    -0.322793412576759    -0.171224957246406
    -0.322793412576759     0.251934739477170    -0.098856775158194
    -0.202490572325558    -0.116907986440522    -0.263732063799508
126 101
    -4.585763977635281    -1.788833651281597    -3.377878790633605
    -1.788833651281598    -2.520196797429473    -1.950219229062233
    -3.385805857176249    -1.954795923064512    -5.019346780954050
126 102
    -0.063985030987295     0.101827530576161     0.011758225044583
    -0.029958856960028    -0.024052540188285     0.005913555437746
    -0.059593559605617     0.010762342919077    -0.079974520300568
126 103
    -0.017619638891466     0.000000000000000     0.000000000000000
     0.000000000000000     0.000740656901992     0.012568358290561
     0.000000000000000     0.001636640412573     0.000976425593844
126 104
    -0.063985030987295    -0.101827530576161    -0.011758225044583
     0.029958856960028    -0.024052540188285     0.005913555437746
     0.059593559605617     0.010762342919077    -0.079974520300568
126 105
    -4.585763977635271     1.788833651281605     3.377878790633600
     1.788833651281605    -2.520196797429485    -1.950219229062241
     3.385805857176244    -1.954795923064520    -5.019346780954050
126 106
    -0.002915614344106    -0.065217301098227     0.011000401758067
     0.066569086437962    -0.085121956831475     0.007226143873150
    -0.020476317430648    -0.056990707979945    -0.079974520300568
126 107
     0.012714825667045     0.002142902921996    -0.002632866372433
     0.002142902921996     0.010240414509322    -0.001520086108864
     0.000472103465667     0.000272569062988    -0.012050913055035
126 108
     0.012714825667045    -0.002142902921996     0.002632866372433
    -0.002142902921996     0.010240414509322    -0.001520086108864
    -0.000472103465667     0.000272569062988    -0.012050913055035
126 109
    -0.002915614344106     0.065217301098227    -0.011000401758067
    -0.066569086437962    -0.085121956831475     0.007226143873150
     0.020476317430648    -0.056990707979945    -0.079974520300568
126 110
     0.439885343258235    -0.000000000000000    -0.000000000000000
    -0.000000000000000    -0.310952725728822    -0.174568283204385
    -0.000000000000000    -0.212920698730195    -0.284519868220901
126 111
    -0.003849417046373    -0.007950241289066     0.010884517563491
    -0.007950241289066    -0.013029564943102    -0.006284179145281
     0.001417372174149    -0.000818320206287     0.000976425593844
126 112
     0.009003208930460    -0.000000000000000     0.000000000000000
     0.000000000000000     0.013952031245906     0.003040172217729
    -0.000000000000000    -0.000545138125977    -0.012050913055035
126 113
    -0.003849417046373     0.007950241289066    -0.010884517563491
     0.007950241289066    -0.013029564943102    -0.006284179145281
    -0.001417372174149    -0.000818320206287     0.000976425593844
126 114
    -0.010309406793253    -0.001479496197739     0.005034697858386
     0.009026373396273     0.010460212537042     0.009754283153981
     0.015010424928930    -0.012373108791870     0.002676305635344
126 115
    -0.010309406793253     0.001479496197739    -0.005034697858386
    -0.009026373396273     0.010460212537042     0.009754283153981
    -0.015010424928930    -0.012373108791870     0.002676305635344
126 116
    -0.065155711431969     0.030634749629896    -0.000757823286515
    -0.101151637906293    -0.022881859743611    -0.013139699310896
     0.039117242174969     0.046228365060868    -0.079974520300568
126 117
    -0.065155711431969    -0.030634749629896     0.000757823286515
     0.101151637906293    -0.022881859743611    -0.013139699310896
    -0.039117242174969     0.046228365060868    -0.079974520300568
126 118
     0.008535701391054    -0.001853854886844     0.010964805936247
    -0.012359724480857    -0.008384895647265    -0.000516965331249
    -0.003210214073083     0.019185963705988     0.002676305635344
126 119
     0.002460760658545    -0.000000000000000     0.000000000000000
     0.000000000000000     0.002460760658545     0.000000000000000
     0.000000000000000     0.000000000000000     0.001205801665384
126 120
     0.008535701391054     0.001853854886844    -0.010964805936247
     0.012359724480857    -0.008384895647265    -0.000516965331249
     0.003210214073083     0.019185963705988     0.002676305635344
126 121
    -1.487413207326580    -0.000000000000002     0.000000000000002
    -0.000000000000002    -5.618547567738180     3.900438458124479
     0.000000000000002     3.909591846129038    -5.019346780954050
126 122
    -0.123243208482057     0.325122420935623    -0.151180567950034
     0.325122420935623     0.252175826011472     0.087284141602193
    -0.184394734091881     0.106460349365097    -0.284519868220901
126 123
     0.001999914017883    -0.016133163080124     0.005930108077861
    -0.005627293486111    -0.001849108274093    -0.009237317822732
    -0.018220639002013    -0.006812854914118     0.002676305635344
126 124
     0.001999914017883     0.016133163080124    -0.005930108077861
     0.005627293486111    -0.001849108274093    -0.009237317822732
     0.018220639002013    -0.006812854914118     0.002676305635344
126 125
    -0.123243208482057    -0.325122420935623     0.151180567950034
    -0.325122420935623     0.252175826011472     0.087284141602192
     0.184394734091882     0.106460349365097    -0.284519868220901
126 126
    26.986449902203336     0.000000000000003     0.000000000000000
     0.000000000000003    26.986449902203347     0.000000000000000
     0.000000000000000     0.000000000000000    29.136667220421192
126 127
    -1.042187542133801    -0.977860510875361    -0.019085997463462
     0.977860510875361    -0.424840258328237    -0.003286141884629
     0.019085997463462    -0.003286141884629     0.667132970812470
126 128
    -0.152391750053960     0.045953953167005     0.001677045636768
    -0.045953953167005     0.042939211271076    -0.002681274224269
    -0.001677045636768    -0.002681274224269    -0.068962658723350
126 129
    -0.152391750053960    -0.045953953167005    -0.001677045636768
     0.045953953167005     0.042939211271076    -0.002681274224269
     0.001677045636768    -0.002681274224269    -0.068962658723350
126 130
    -1.042187542133801     0.977860510875361     0.019085997463462
    -0.977860510875361    -0.424840258328237    -0.003286141884629
    -0.019085997463462    -0.003286141884629     0.667132970812470
126 131
    -0.579177079279630     0.710541295508891    -0.012388881084260
    -1.245179726241829    -0.887850721182410    -0.014885887717608
     0.006697116379202     0.018172029602238     0.667132970812470
126 132
    -0.076989192829669     0.064188121223443     0.003577596470069
     0.064188121223443    -0.151107250963931     0.002065526285046
    -0.001819173929157    -0.001050300557701    -0.002526729678203
126 133
     0.012716520534234    -0.000000000000000    -0.000000000000000
    -0.000000000000000    -0.004471344412669    -0.004542105285833
    -0.000000000000000    -0.003137610564794     0.002591507082333
126 134
    -0.076989192829668    -0.064188121223443    -0.003577596470069
    -0.064188121223443    -0.151107250963931     0.002065526285046
     0.001819173929157    -0.001050300557701    -0.002526729678203
126 135
    -0.579177079279628    -0.710541295508893     0.012388881084260
     1.245179726241827    -0.887850721182413    -0.014885887717608
    -0.006697116379202     0.018172029602238     0.667132970812470
126 136
    -0.005893529060183    -0.130534740493563    -0.001483528774345
    -0.038626834159554    -0.103559009722701     0.002793001236881
    -0.003160574411113    -0.000111727012613    -0.068962658723350
126 137
    -0.000174378175944     0.007442563840417    -0.003933578564195
     0.007442563840417     0.008419554297508     0.002271052642916
    -0.002717250456294     0.001568805282397     0.002591507082333
126 138
    -0.000174378175944    -0.007442563840417     0.003933578564195
    -0.007442563840417     0.008419554297508     0.002271052642916
     0.002717250456294     0.001568805282397     0.002591507082333
126 139
    -0.005893529060183     0.130534740493563     0.001483528774345
     0.038626834159553    -0.103559009722701     0.002793001236881
     0.003160574411113    -0.000111727012613    -0.068962658723350
126 140
    -0.188166280031062     0.000000000000000     0.000000000000000
     0.000000000000000    -0.039930163762537     0.002100601115403
    -0.000000000000000    -0.004131052570093    -0.002526729678203
126 141
    -0.005893529060183    -0.038626834159554    -0.003160574411113
    -0.130534740493563    -0.103559009722701    -0.000111727012613
    -0.001483528774345     0.002793001236881    -0.068962658723350
126 142
    -0.188166280031062     0.000000000000000    -0.000000000000000
     0.000000000000000    -0.039930163762537    -0.004131052570093
     0.000000000000000     0.002100601115403    -0.002526729678203
126 143
    -0.005893529060183     0.038626834159553     0.003160574411113
     0.130534740493563    -0.103559009722701    -0.000111727012613
     0.001483528774345     0.002793001236881    -0.068962658723350
126 144
    -0.000174378175944    -0.007442563840417     0.002717250456294
    -0.007442563840417     0.008419554297508     0.001568805282397
     0.003933578564195     0.002271052642916     0.002591507082333
126 145
    -0.000174378175944     0.007442563840417    -0.002717250456294
     0.007442563840417     0.008419554297508     0.001568805282397
    -0.003933578564195     0.002271052642916     0.002591507082333
126 146
    -0.579177079279630    -1.245179726241829     0.006697116379202
     0.710541295508891    -0.887850721182410     0.018172029602238
    -0.012388881084260    -0.014885887717608     0.667132970812470
126 147
    -0.579177079279628     1.245179726241827    -0.006697116379202
    -0.710541295508893    -0.887850721182413     0.018172029602238
     0.012388881084260    -0.014885887717608     0.667132970812470
126 148
    -0.076989192829668    -0.064188121223443     0.001819173929157
    -0.064188121223443    -0.151107250963931    -0.001050300557701
    -0.003577596470069     0.002065526285046    -0.002526729678203
126 149
     0.012716520534234    -0.000000000000000    -0.000000000000000
    -0.000000000000000    -0.004471344412669    -0.003137610564794
    -0.000000000000000    -0.004542105285833     0.002591507082333
126 150
    -0.076989192829669     0.064188121223443    -0.001819173929157
     0.064188121223443    -0.151107250963931    -0.001050300557701
     0.003577596470069     0.002065526285046    -0.002526729678203