   6  150
1 1
    19.355084623631225     0.000000000000000     0.000000000000000
     0.000000000000000    19.355084623631225     0.000000000000000
     0.000000000000000     0.000000000000000    23.303653416522550
1 2
    -0.149065031699261    -0.707479103438575     0.037303512929031
     0.707479103438575    -0.049993637357662     0.005702609838497
    -0.037303512929031     0.005702609838497     0.449898130771556
1 3
    -0.173495327894829    -0.151706963324647     0.019398060111696
     0.151706963324647     0.152237162715925     0.033935900505638
    -0.019398060111696     0.033935900505638    -0.057789877685873
1 4
    -0.173495327894829     0.151706963324647    -0.019398060111696
    -0.151706963324647     0.152237162715925     0.033935900505638
     0.019398060111696     0.033935900505638    -0.057789877685873
1 5
    -0.149065031699261     0.707479103438575    -0.037303512929031
    -0.707479103438575    -0.049993637357662     0.005702609838497
     0.037303512929031     0.005702609838497     0.449898130771556
1 6
    -0.074761485943062     0.664579931294490     0.023590361452525
    -0.750378275582660    -0.124297183113861     0.029454484927694
    -0.013713151476506    -0.035157094766191     0.449898130771556
1 7
    -0.228054048648731     0.094143953387186    -0.045432331486573
     0.094143953387186    -0.336762122310067    -0.026230368813685
     0.051808140102576     0.029911443634436    -0.078161668848518
1 8
     0.080724215918329     0.000000000000000     0.000000000000000
     0.000000000000000     0.000209510916028    -0.013410638031229
     0.000000000000000    -0.047499732218865    -0.016904740608341
1 9
    -0.228054048648731    -0.094143953387187     0.045432331486573
    -0.094143953387186    -0.336762122310067    -0.026230368813685
    -0.051808140102576     0.029911443634436    -0.078161668848518
1 10
    -0.074761485943062    -0.664579931294489    -0.023590361452525
     0.750378275582660    -0.124297183113861     0.029454484927694
     0.013713151476506    -0.035157094766191     0.449898130771556
1 11
     0.070804040063236     0.010660657471203     0.039088381994031
    -0.292753269178091    -0.092062205242140    -0.000168737411953
     0.019690321882336    -0.033767163093685    -0.057789877685873
1 12
     0.020338187166603     0.034863889955101    -0.011613953216002
     0.034863889955101     0.060595539667754     0.006705319015615
    -0.041135974774496     0.023749866109433    -0.016904740608341
1 13
     0.020338187166603    -0.034863889955101     0.011613953216002
    -0.034863889955101     0.060595539667754     0.006705319015615
     0.041135974774496     0.023749866109433    -0.016904740608341
1 14
     0.070804040063236    -0.010660657471203    -0.039088381994031
     0.292753269178091    -0.092062205242140    -0.000168737411953
    -0.019690321882336    -0.033767163093685    -0.057789877685873
1 15
    -0.391116159140734     0.000000000000000     0.000000000000000
     0.000000000000000    -0.173700011818063    -0.059822887268873
     0.000000000000000     0.052460737627370    -0.078161668848518
1 16
     0.070804040063236    -0.292753269178091     0.019690321882336
     0.010660657471203    -0.092062205242140    -0.033767163093685
     0.039088381994031    -0.000168737411953    -0.057789877685873
1 17
    -0.391116159140734     0.000000000000000     0.000000000000000
     0.000000000000000    -0.173700011818063     0.052460737627370
     0.000000000000000    -0.059822887268873    -0.078161668848518
1 18
     0.070804040063236     0.292753269178091    -0.019690321882336
    -0.010660657471203    -0.092062205242140    -0.033767163093685
    -0.039088381994031    -0.000168737411953    -0.057789877685873
1 19
     0.020338187166603    -0.034863889955101     0.041135974774496
    -0.034863889955101     0.060595539667754     0.023749866109433
     0.011613953216002     0.006705319015615    -0.016904740608341
1 20
     0.020338187166603     0.034863889955101    -0.041135974774496
     0.034863889955101     0.060595539667754     0.023749866109433
    -0.011613953216002     0.006705319015615    -0.016904740608341
1 21
    -0.074761485943062    -0.750378275582660    -0.013713151476506
     0.664579931294490    -0.124297183113861    -0.035157094766191
     0.023590361452525     0.029454484927694     0.449898130771556
1 22
    -0.074761485943062     0.750378275582660     0.013713151476506
    -0.664579931294489    -0.124297183113861    -0.035157094766191
    -0.023590361452525     0.029454484927694     0.449898130771556
1 23
    -0.228054048648731    -0.094143953387186    -0.051808140102576
    -0.094143953387187    -0.336762122310067     0.029911443634436
     0.045432331486573    -0.026230368813685    -0.078161668848518
1 24
     0.080724215918329     0.000000000000000     0.000000000000000
     0.000000000000000     0.000209510916028    -0.047499732218865
     0.000000000000000    -0.013410638031229    -0.016904740608341
1 25
    -0.228054048648731     0.094143953387186     0.051808140102576
     0.094143953387186    -0.336762122310067     0.029911443634436
    -0.045432331486573    -0.026230368813685    -0.078161668848518
1 26
    -3.685697014562909    -1.420743096361995     2.832304940382360
    -1.420743096361993    -2.045164196295114     1.635232019756863
     2.782366628368026     1.606400121872511    -4.092824817658432
1 27
    -0.074063201188119     0.097291960041679    -0.049171214247180
    -0.063372375861921    -0.003216078390575    -0.022179012235867
     0.038987979618155    -0.007787903543864    -0.080737503207793
1 28
    -0.015308665024849     0.000000000000000     0.000000000000000
     0.000000000000000    -0.022465652821073     0.000624476130971
     0.000000000000000     0.009688707252316    -0.009311091531480
1 29
    -0.074063201188119    -0.097291960041679     0.049171214247180
     0.063372375861921    -0.003216078390575    -0.022179012235867
    -0.038987979618155    -0.007787903543864    -0.080737503207793
1 30
    -3.685697014562912     1.420743096361993    -2.832304940382361
     1.420743096361993    -2.045164196295114     1.635232019756863
    -2.782366628368027     1.606400121872511    -4.092824817658431
1 31
    -0.006240248297223    -0.102529975970715    -0.043793195150696
     0.058134359932886    -0.071039031281471    -0.031494014555051
     0.012749467497869     0.037658532563484    -0.080737503207793
1 32
     0.014438710844050     0.008567638334783    -0.007928489138027
     0.008567638334783     0.004545654246238    -0.004577515338107
    -0.006781213851599    -0.003915135642653    -0.013668300129348
1 33
     0.014438710844050    -0.008567638334783     0.007928489138027
    -0.008567638334783     0.004545654246238    -0.004577515338107
     0.006781213851599    -0.003915135642653    -0.013668300129348
1 34
    -0.006240248297223     0.102529975970715     0.043793195150696
    -0.058134359932886    -0.071039031281471    -0.031494014555051
    -0.012749467497869     0.037658532563484    -0.080737503207793
1 35
     0.262058786915699     0.000000000000000     0.000000000000000
     0.000000000000000    -0.203388871074148     0.047550651416654
     0.000000000000000     0.149031949450241    -0.190221951978538
1 36
    -0.020676405872017     0.003099066623052     0.000540812193478
     0.003099066623052    -0.017097911973905    -0.000312238065486
     0.008390666610336    -0.004844353626158    -0.009311091531480
1 37
    -0.000400874052669     0.000000000000000     0.000000000000000
     0.000000000000000     0.019385239142956     0.009155030676214
     0.000000000000000     0.007830271285307    -0.013668300129348
1 38
    -0.020676405872017    -0.003099066623052    -0.000540812193478
    -0.003099066623052    -0.017097911973905    -0.000312238065486
    -0.008390666610336    -0.004844353626158    -0.009311091531480
1 39
     0.022662687755346    -0.009122031733126    -0.003477559149769
    -0.009205904717040     0.019821314809226    -0.004079210818591
    -0.002872021671435     0.008497999557487    -0.010333071493289
1 40
     0.022662687755346     0.009122031733126     0.003477559149769
     0.009205904717040     0.019821314809226    -0.004079210818591
     0.002872021671435     0.008497999557487    -0.010333071493289
1 41
    -0.035615469882699     0.041174567843006     0.005378019096483
    -0.119489768060594    -0.041663809695995     0.053673026790918
    -0.026238512120286    -0.029870629019620    -0.080737503207793
1 42
    -0.035615469882699    -0.041174567843006    -0.005378019096483
     0.119489768060594    -0.041663809695995     0.053673026790918
     0.026238512120286    -0.029870629019620    -0.080737503207793
1 43
     0.012595428763361    -0.003393570028016    -0.005271479771177
    -0.003309697044102     0.029888573801212    -0.000972049157567
     0.005923472662415    -0.006736243506425    -0.010333071493289
1 44
    -0.008450869744833     0.000000000000000     0.000000000000000
     0.000000000000000    -0.008450869744833     0.000000000000000
     0.000000000000000     0.000000000000000    -0.006151429659066
1 45
     0.012595428763361     0.003393570028016     0.005271479771177
     0.003309697044102     0.029888573801212    -0.000972049157567
    -0.005923472662415    -0.006736243506425    -0.010333071493289
1 46
    -1.224897787161214     0.000000000000000     0.000000000000000
     0.000000000000000    -4.505963423696811    -3.270464039513726
     0.000000000000000    -3.212800243745023    -4.092824817658433
1 47
    -0.087026956576686     0.201544747975589     0.041180072093320
     0.201544747975589     0.145696872418237    -0.023775325708327
     0.129065454199427    -0.074515974725121    -0.190221951978538
1 48
     0.028467887328152     0.005854271180982    -0.001793920621408
     0.005770398197068     0.014016115236421     0.005051259976158
     0.008795494333850    -0.001761756051062    -0.010333071493289
1 49
     0.028467887328152    -0.005854271180982     0.001793920621408
    -0.005770398197068     0.014016115236421     0.005051259976158
    -0.008795494333850    -0.001761756051062    -0.010333071493289
1 50
    -0.087026956576687    -0.201544747975589    -0.041180072093320
    -0.201544747975589     0.145696872418237    -0.023775325708327
    -0.129065454199427    -0.074515974725121    -0.190221951978538
1 51
    -3.655933653092510    -1.416025428580432    -2.858862691844503
    -1.416025428580431    -2.020848328351978    -1.650565144712602
    -2.741757453718833    -1.582954403957231    -3.964023993113682
1 52
    -0.050254862499199     0.063721344441081     0.036385409399766
    -0.038158382810174    -0.019434016876498     0.027921881342339
    -0.053369814386746    -0.022834472428386    -0.010736374047345
1 53
    -0.031795184873890     0.000000000000000     0.000000000000000
     0.000000000000000    -0.027204475856564    -0.017815779585600
     0.000000000000000    -0.014310461123897     0.016454501478543
1 54
    -0.050254862499199    -0.063721344441081    -0.036385409399766
     0.038158382810174    -0.019434016876498     0.027921881342339
     0.053369814386746    -0.022834472428386    -0.010736374047345
1 55
    -3.655933653092511     1.416025428580430     2.858862691844504
     1.416025428580431    -2.020848328351978    -1.650565144712602
     2.741757453718834    -1.582954403957231    -3.964023993113682
1 56
    -0.016070141198007    -0.057894940855589     0.042373763263803
     0.043984786395665    -0.053618738177690     0.017549748196125
    -0.046460140398371    -0.034802378839989    -0.010736374047345
1 57
     0.023878143377872     0.007796855416061     0.028764982821640
     0.007796855416061     0.014875110231281     0.016607470575309
    -0.019077519784990    -0.011014411183335     0.007059196206818
1 58
     0.023878143377872    -0.007796855416061    -0.028764982821640
    -0.007796855416061     0.014875110231281     0.016607470575309
     0.019077519784990    -0.011014411183335     0.007059196206818
1 59
    -0.016070141198007     0.057894940855589    -0.042373763263803
    -0.043984786395665    -0.053618738177690     0.017549748196125
     0.046460140398371    -0.034802378839989    -0.010736374047345
1 60
     0.261710831324594     0.000000000000000     0.000000000000000
     0.000000000000000    -0.256005630202203    -0.018565158115328
     0.000000000000000    -0.210672734138664    -0.108223058800511
1 61
    -0.028352153110895    -0.001987835315193    -0.015428917709354
    -0.001987835315193    -0.030647507619559     0.008907889792800
    -0.012393222873164     0.007155230561948     0.016454501478543
1 62
     0.010373593657986     0.000000000000000     0.000000000000000
     0.000000000000000     0.028379659951168    -0.033214941150618
     0.000000000000000     0.022028822366669     0.007059196206818
1 63
    -0.028352153110895     0.001987835315193     0.015428917709354
     0.001987835315193    -0.030647507619559     0.008907889792800
     0.012393222873164     0.007155230561948     0.016454501478543
1 64
     0.031382743708296     0.013059657596305    -0.000403856229596
    -0.016061304521750     0.040002473756478     0.016281379871978
     0.013658056569045    -0.018364454338554     0.030313856253810
1 65
     0.031382743708296    -0.013059657596305     0.000403856229596
     0.016061304521750     0.040002473756478     0.016281379871978
    -0.013658056569045    -0.018364454338554     0.030313856253810
1 66
    -0.038208315366340     0.031203305580212     0.005988353864037
    -0.070676421671043    -0.031480564009358    -0.045471629538464
     0.006909673988375     0.057636851268375    -0.010736374047345
1 67
    -0.038208315366340    -0.031203305580212    -0.005988353864037
     0.070676421671043    -0.031480564009358    -0.045471629538464
    -0.006909673988375     0.057636851268375    -0.010736374047345
1 68
     0.036547789999119    -0.019043345388134     0.013898160462999
     0.010077616729922     0.034837427465655    -0.008490439690296
    -0.009075055699305     0.021010451124394     0.030313856253810
1 69
    -0.030224414315321     0.000000000000000     0.000000000000000
     0.000000000000000    -0.030224414315321     0.000000000000000
     0.000000000000000     0.000000000000000     0.012730456166046
1 70
     0.036547789999119     0.019043345388134    -0.013898160462999
    -0.010077616729922     0.034837427465655    -0.008490439690296
     0.009075055699305     0.021010451124394     0.030313856253810
1 71
    -1.203305665981711     0.000000000000000     0.000000000000000
     0.000000000000000    -4.473476315462778     3.301130289425205
     0.000000000000000     3.165908807914463    -3.964023993113683
1 72
    -0.126576514820504     0.224177803819798    -0.016077898553149
     0.224177803819798     0.132281715942895     0.009282579057664
    -0.182447939648808     0.105336367069332    -0.108223058800511
1 73
     0.039147292489746     0.011578440192645     0.014302016692595
    -0.017542521925411     0.032237924975028    -0.007790940181682
    -0.022733112268349    -0.002645996785841     0.030313856253810
1 74
     0.039147292489746    -0.011578440192645    -0.014302016692595
     0.017542521925411     0.032237924975028    -0.007790940181682
     0.022733112268349    -0.002645996785841     0.030313856253810
1 75
    -0.126576514820504    -0.224177803819798     0.016077898553149
    -0.224177803819798     0.132281715942895     0.009282579057664
     0.182447939648809     0.105336367069332    -0.108223058800511
1 76
    -0.012011826629810    -0.036309906492403    -0.031218997764271
    -0.036309906492403     0.029915241945468    -0.018024296763032
    -0.039223116177284    -0.022645476683411    -0.053182869759778
1 77
     0.017195132359423    -0.005088910875811    -0.003061139853135
     0.004461994115872    -0.010686910320792     0.013555234497801
     0.004851046936907    -0.021354078693916     0.011600078304260
1 78
    -0.008228354542635     0.000000000000000     0.000000000000000
     0.000000000000000     0.005914449188874    -0.004243882171267
     0.000000000000000     0.000088135076581     0.000798727278424
1 79
     0.017195132359423     0.005088910875811     0.003061139853135
    -0.004461994115872    -0.010686910320792     0.013555234497801
    -0.004851046936907    -0.021354078693916     0.011600078304260
1 80
    -0.012011826629810     0.036309906492403     0.031218997764271
     0.036309906492403     0.029915241945468    -0.018024296763032
     0.039223116177284    -0.022645476683411    -0.053182869759778
1 81
    -0.003987862570821     0.016692001941091     0.010208607502783
     0.007141096949408     0.010496084609452    -0.009428642126252
    -0.016067651154890     0.014878169229270     0.011600078304260
1 82
    -0.005920304385339    -0.002984701379053    -0.000599715771508
    -0.002984701379053    -0.002473868096046    -0.000346246062117
     0.002545674741738     0.001469745997412    -0.007714749113414
1 83
    -0.005920304385339     0.002984701379053     0.000599715771508
     0.002984701379053    -0.002473868096046    -0.000346246062117
    -0.002545674741738     0.001469745997412    -0.007714749113414
1 84
    -0.003987862570821    -0.016692001941091    -0.010208607502783
    -0.007141096949408     0.010496084609452    -0.009428642126252
     0.016067651154890     0.014878169229270     0.011600078304260
1 85
     0.019580808746439     0.000000000000000     0.000000000000000
     0.000000000000000    -0.043576142545075     0.001516546143736
     0.000000000000000    -0.038403487280173    -0.056459144242732
1 86
     0.002378748255997    -0.006124013656112    -0.003675309770985
    -0.006124013656112    -0.004692653609758     0.002121941085633
     0.000076327215283    -0.000044067538290     0.000798727278424
1 87
    -0.000750649951399     0.000000000000000     0.000000000000000
     0.000000000000000    -0.007643522529986     0.000692492124234
     0.000000000000000    -0.002939491994823    -0.007714749113415
1 88
     0.002378748255997     0.006124013656112     0.003675309770985
     0.006124013656112    -0.004692653609758     0.002121941085633
    -0.000076327215283    -0.000044067538290     0.000798727278424
1 89
    -0.004986319677876     0.010659634128969    -0.004267034804466
    -0.003030533670414     0.006524805316519     0.002962531062431
    -0.003826775776600    -0.007400034733521    -0.010218896950107
1 90
    -0.004986319677876    -0.010659634128969     0.004267034804466
     0.003030533670414     0.006524805316519     0.002962531062431
     0.003826775776600    -0.007400034733521    -0.010218896950107
1 91
    -0.003444936730655     0.007454555329377     0.013269747355918
     0.017005460321061     0.009953158769286    -0.004126592371548
    -0.020918698091797     0.006475909464646     0.011600078304260
1 92
    -0.003444936730655    -0.007454555329377    -0.013269747355918
    -0.017005460321061     0.009953158769286    -0.004126592371548
     0.020918698091797     0.006475909464646     0.011600078304260
1 93
     0.006950521470486    -0.009922272120695     0.000432109757333
     0.003767895678688    -0.005412035831843    -0.005176626070715
    -0.008322005956417     0.000385932329638    -0.010218896950107
1 94
     0.002352083287626     0.000000000000000     0.000000000000000
     0.000000000000000     0.002352083287626     0.000000000000000
     0.000000000000000     0.000000000000000     0.008825561970538
1 95
     0.006950521470486     0.009922272120695    -0.000432109757333
    -0.003767895678688    -0.005412035831843    -0.005176626070715
     0.008322005956417     0.000385932329638    -0.010218896950107
1 96
     0.050878776233107     0.000000000000000     0.000000000000000
     0.000000000000000    -0.032975360917449     0.036048593526065
     0.000000000000000     0.045290953366822    -0.053182869759778
1 97
    -0.027786904722197     0.027347762122014     0.001313367486487
     0.027347762122014     0.003791570923560    -0.000758273071868
    -0.033258395578542     0.019201743640086    -0.056459144242732
1 98
     0.000343526665354    -0.000046654550589     0.004699144561799
    -0.013736822349972     0.001194958973289     0.002214095008284
    -0.004495230179816     0.007014102403883    -0.010218896950107
1 99
     0.000343526665354     0.000046654550589    -0.004699144561799
     0.013736822349972     0.001194958973289     0.002214095008284
     0.004495230179816     0.007014102403883    -0.010218896950107
1 100
    -0.027786904722197    -0.027347762122014    -0.001313367486487
    -0.027347762122014     0.003791570923560    -0.000758273071868
     0.033258395578542     0.019201743640086    -0.056459144242733
1 101
    -0.016253697710899    -0.011310015529763    -0.042916492760973
    -0.011310015529763    -0.003194016689604    -0.024777848648222
    -0.027339849841571    -0.015784669665635    -0.050757444073172
1 102
    -0.001616507721182    -0.001287107894828     0.011698399494037
     0.003491162209067    -0.000098361055282     0.001837501624058
     0.000048920530863     0.002286023014488     0.005000119833686
1 103
    -0.001616507721182     0.001287107894828    -0.011698399494037
    -0.003491162209067    -0.000098361055282     0.001837501624058
    -0.000048920530863     0.002286023014488     0.005000119833686
1 104
    -0.016253697710899     0.011310015529763     0.042916492760973
     0.011310015529763    -0.003194016689604    -0.024777848648222
     0.027339849841571    -0.015784669665635    -0.050757444073172
1 105
    -0.026021593525404     0.000000000000000     0.000000000000000
     0.000000000000000     0.023487390537333     0.076331387632430
     0.000000000000000     0.062558626325580     0.105854155678134
1 106
     0.000476485791969     0.002282771840837     0.007440522832948
    -0.002495498263057    -0.002191354568433     0.009212360333426
     0.002004214269614    -0.001100645084750     0.005000119833686
1 107
     0.006598349675584     0.000000000000000     0.000000000000000
     0.000000000000000     0.006598349675584     0.000000000000000
     0.000000000000000     0.000000000000000     0.006230274900233
1 108
     0.000476485791969    -0.002282771840837    -0.007440522832948
     0.002495498263057    -0.002191354568433     0.009212360333426
    -0.002004214269614    -0.001100645084750     0.005000119833686
1 109
    -0.000397134619890     0.006684548444333    -0.016907882845388
    -0.006546152665045     0.002699388618302    -0.008858425343285
    -0.001336833444670    -0.000336929254229     0.012353894611179
1 110
    -0.000397134619890    -0.006684548444333     0.016907882845388
     0.006546152665045     0.002699388618302    -0.008858425343285
     0.001336833444670    -0.000336929254229     0.012353894611179
1 111
    -0.001432281235483    -0.003597525420177    -0.004257876661089
     0.001180744683718    -0.000282587540981    -0.011049861957484
     0.001955293738751    -0.001185377929738     0.005000119833686
1 112
    -0.001432281235483     0.003597525420177     0.004257876661089
    -0.001180744683718    -0.000282587540981    -0.011049861957484
    -0.001955293738751    -0.001185377929738     0.005000119833686
1 113
     0.005183641998464     0.002884551535631     0.010207774665964
     0.002884551535631     0.001852848787288     0.005893461451221
     0.000825216717736     0.000476439094125     0.009063421463141
1 114
    -0.003082763456238     0.000000000000000     0.000000000000000
     0.000000000000000    -0.002299451541870     0.003601013110967
     0.000000000000000    -0.002471061467633    -0.000010443307121
1 115
     0.005183641998464    -0.002884551535631    -0.010207774665964
    -0.002884551535631     0.001852848787288     0.005893461451221
    -0.000825216717736     0.000476439094125     0.009063421463141
1 116
     0.003335823821043     0.000000000000000     0.000000000000000
     0.000000000000000    -0.022783538221546     0.049555697296444
     0.000000000000000     0.031569339331270    -0.050757444073172
1 117
     0.001985184939074    -0.007921585503709    -0.016125562807507
     0.005309115605670     0.000317069059338    -0.010213443396675
    -0.000960206015776    -0.000989267096598     0.012353894611179
1 118
    -0.002495279520462    -0.000339184008465     0.003118568833458
    -0.000339184008465    -0.002886935477646    -0.001800506555483
    -0.002140002005283     0.001235530733817    -0.000010443307121
1 119
    -0.002495279520462     0.000339184008465    -0.003118568833458
     0.000339184008465    -0.002886935477646    -0.001800506555483
     0.002140002005283     0.001235530733817    -0.000010443307121
1 120
     0.001985184939074     0.007921585503709     0.016125562807507
    -0.005309115605670     0.000317069059338    -0.010213443396675
     0.000960206015776    -0.000989267096598     0.012353894611179
1 121
     0.011110144521649    -0.021438018956944     0.066104920795801
    -0.021438018956944    -0.013644347509720    -0.038165693816215
     0.054177359623810    -0.031279313162790     0.105854155678134
1 122
     0.001865330678434     0.005239917716025     0.000782320037882
    -0.007990783393353     0.000436923319978     0.019071868739960
     0.000376627428894     0.001326196350828     0.012353894611179
1 123
     0.000187452181700     0.000000000000000     0.000000000000000
     0.000000000000000     0.006849038604052    -0.011786922902443
     0.000000000000000    -0.000952878188249     0.009063421463141
1 124
     0.001865330678434    -0.005239917716025    -0.000782320037882
     0.007990783393353     0.000436923319978     0.019071868739960
    -0.000376627428894     0.001326196350828     0.012353894611179
1 125
     0.011110144521649     0.021438018956944    -0.066104920795801
     0.021438018956944    -0.013644347509720    -0.038165693816215
    -0.054177359623810    -0.031279313162790     0.105854155678134
1 126
     0.003028775790702     0.001166640785111    -0.014829960745667
     0.001166640785111     0.001681655048039    -0.008562081828583
     0.005373780180677     0.003102553433880    -0.008475598888340
1 127
    -0.001058312213755    -0.002801415235515     0.006331476092883
     0.001288834297209    -0.001217090198329     0.002521174969443
     0.000103558102511    -0.002933842521110     0.003565300997670
1 128
    -0.001058312213755     0.002801415235515    -0.006331476092883
    -0.001288834297209    -0.001217090198329     0.002521174969443
    -0.000103558102511    -0.002933842521110     0.003565300997670
1 129
     0.003028775790702    -0.001166640785111     0.014829960745667
    -0.001166640785111     0.001681655048039    -0.008562081828583
    -0.005373780180677     0.003102553433880    -0.008475598888340
1 130
    -0.000178728638434     0.000000000000000     0.000000000000000
     0.000000000000000    -0.001394761739516     0.044384905134803
     0.000000000000000    -0.014821076793387     0.084595408999725
1 131
    -0.001832362461112     0.001735732415887     0.005349139617365
    -0.002354517116837    -0.000443039950972     0.004222631655169
    -0.002489003102729     0.001556605208098     0.003565300997670
1 132
     0.000909979065299     0.000000000000000     0.000000000000000
     0.000000000000000     0.000909979065299     0.000000000000000
     0.000000000000000     0.000000000000000     0.007770373328639
1 133
    -0.001832362461112    -0.001735732415887    -0.005349139617365
     0.002354517116837    -0.000443039950972     0.004222631655169
     0.002489003102729     0.001556605208098     0.003565300997670
1 134
    -0.000271068068843    -0.004400370080494    -0.007005554816551
    -0.001357353382859    -0.002175749754116    -0.004433811726637
    -0.010988225922266     0.000427539737026     0.021874722560683
1 135
    -0.000271068068843     0.004400370080494     0.007005554816551
     0.001357353382859    -0.002175749754116    -0.004433811726637
     0.010988225922266     0.000427539737026     0.021874722560683
1 136
    -0.000522428943259    -0.001598226647684    -0.000982336475518
     0.002492022885039    -0.001752973468825    -0.006743806624612
    -0.002592561205240     0.001377237313013     0.003565300997670
1 137
    -0.000522428943259     0.001598226647684     0.000982336475518
    -0.002492022885039    -0.001752973468825    -0.006743806624612
     0.002592561205240     0.001377237313013     0.003565300997670
1 138
     0.000716696956343    -0.000020623150065     0.006242183141222
    -0.000020623150065     0.000740510518826     0.003603926116916
    -0.001519034027143    -0.000877014704479     0.012721334468509
1 139
    -0.001205787703022     0.000000000000000     0.000000000000000
     0.000000000000000    -0.001363432255835     0.000492083069568
     0.000000000000000     0.002715728345919     0.001192558297115
1 140
     0.000716696956343     0.000020623150065    -0.006242183141222
     0.000020623150065     0.000740510518826     0.003603926116916
     0.001519034027143    -0.000877014704479     0.012721334468509
1 141
     0.001008094676707     0.000000000000000     0.000000000000000
     0.000000000000000     0.003702336162034     0.017124163657165
     0.000000000000000    -0.006205106867760    -0.008475598888340
1 142
    -0.004192746726412     0.000906828845763    -0.007342570999141
    -0.002136187851871     0.001745928903453    -0.003850082575419
    -0.005123852687742    -0.009729852659718     0.021874722560683
1 143
    -0.001324021117632     0.000068262093752     0.000426156439018
     0.000068262093752    -0.001245198841226    -0.000246041534784
     0.002351889737343    -0.001357864172960     0.001192558297115
1 144
    -0.001324021117632    -0.000068262093752    -0.000426156439018
    -0.000068262093752    -0.001245198841226    -0.000246041534784
    -0.002351889737343    -0.001357864172960     0.001192558297115
1 145
    -0.004192746726412    -0.000906828845763     0.007342570999141
     0.002136187851871     0.001745928903453    -0.003850082575419
     0.005123852687742    -0.009729852659718     0.021874722560683
1 146
    -0.001090753464246     0.000526557778690     0.038438455391301
     0.000526557778690    -0.000482736913705    -0.022192452567401
    -0.012835429014513     0.007410538396694     0.084595408999725
1 147
     0.000793588060817     0.000742673879805    -0.000337016182589
     0.003785690577440    -0.003240405883776     0.008283894302057
     0.005864373234525     0.009302312922692     0.021874722560683
1 148
     0.000752417300067     0.000000000000000     0.000000000000000
     0.000000000000000     0.000704790175102    -0.007207852233831
     0.000000000000000     0.001754029408958     0.012721334468509
1 149
     0.000793588060817    -0.000742673879805     0.000337016182589
    -0.003785690577440    -0.003240405883776     0.008283894302057
    -0.005864373234525     0.009302312922692     0.021874722560683
1 150
    -0.001090753464246    -0.000526557778690    -0.038438455391301
    -0.000526557778690    -0.000482736913705    -0.022192452567401
     0.012835429014513     0.007410538396694     0.084595408999725
26 1
    -3.685697014562909    -1.420743096361993     2.782366628368026
    -1.420743096361995    -2.045164196295114     1.606400121872511
     2.832304940382360     1.635232019756863    -4.092824817658432
26 2
    -3.685697014562912     1.420743096361993    -2.782366628368027
     1.420743096361993    -2.045164196295114     1.606400121872511
    -2.832304940382361     1.635232019756863    -4.092824817658431
26 3
    -0.074063201188119     0.063372375861921    -0.038987979618155
    -0.097291960041679    -0.003216078390575    -0.007787903543864
     0.049171214247180    -0.022179012235867    -0.080737503207793
26 4
    -0.015308665024849     0.000000000000000     0.000000000000000
     0.000000000000000    -0.022465652821073     0.009688707252316
     0.000000000000000     0.000624476130971    -0.009311091531480
26 5
    -0.074063201188119    -0.063372375861921     0.038987979618155
     0.097291960041679    -0.003216078390575    -0.007787903543864
    -0.049171214247180    -0.022179012235867    -0.080737503207793
26 6
    -1.224897787161214     0.000000000000000     0.000000000000000
     0.000000000000000    -4.505963423696811    -3.212800243745023
     0.000000000000000    -3.270464039513726    -4.092824817658433
26 7
    -0.087026956576687    -0.201544747975589    -0.129065454199427
    -0.201544747975589     0.145696872418237    -0.074515974725121
    -0.041180072093320    -0.023775325708327    -0.190221951978538
26 8
     0.028467887328152    -0.005770398197068    -0.008795494333850
    -0.005854271180982     0.014016115236421    -0.001761756051062
     0.001793920621408     0.005051259976158    -0.010333071493289
26 9
     0.028467887328152     0.005770398197068     0.008795494333850
     0.005854271180982     0.014016115236421    -0.001761756051062
    -0.001793920621408     0.005051259976158    -0.010333071493289
26 10
    -0.087026956576686     0.201544747975589     0.129065454199427
     0.201544747975589     0.145696872418237    -0.074515974725121
     0.041180072093320    -0.023775325708327    -0.190221951978538
26 11
    -0.035615469882699    -0.119489768060594    -0.026238512120286
     0.041174567843006    -0.041663809695995    -0.029870629019620
     0.005378019096483     0.053673026790918    -0.080737503207793
26 12
     0.012595428763361     0.003309697044102    -0.005923472662415
     0.003393570028016     0.029888573801212    -0.006736243506425
     0.005271479771177    -0.000972049157567    -0.010333071493289
26 13
    -0.008450869744833     0.000000000000000     0.000000000000000
     0.000000000000000    -0.008450869744833     0.000000000000000
     0.000000000000000     0.000000000000000    -0.006151429659066
26 14
     0.012595428763361    -0.003309697044102     0.005923472662415
    -0.003393570028016     0.029888573801212    -0.006736243506425
    -0.005271479771177    -0.000972049157567    -0.010333071493289
26 15
    -0.035615469882699     0.119489768060594     0.026238512120286
    -0.041174567843006    -0.041663809695995    -0.029870629019620
    -0.005378019096483     0.053673026790918    -0.080737503207793
26 16
    -0.020676405872017     0.003099066623052     0.008390666610336
     0.003099066623052    -0.017097911973905    -0.004844353626158
     0.000540812193478    -0.000312238065486    -0.009311091531480
26 17
     0.022662687755346     0.009205904717040     0.002872021671435
     0.009122031733126     0.019821314809226     0.008497999557487
     0.003477559149769    -0.004079210818591    -0.010333071493289
26 18
     0.022662687755346    -0.009205904717040    -0.002872021671435
    -0.009122031733126     0.019821314809226     0.008497999557487
    -0.003477559149769    -0.004079210818591    -0.010333071493289
26 19
    -0.020676405872017    -0.003099066623052    -0.008390666610336
    -0.003099066623052    -0.017097911973905    -0.004844353626158
    -0.000540812193478    -0.000312238065486    -0.009311091531480
26 20
    -0.000400874052669     0.000000000000000     0.000000000000000
     0.000000000000000     0.019385239142956     0.007830271285307
     0.000000000000000     0.009155030676214    -0.013668300129348
26 21
    -0.006240248297223     0.058134359932886     0.012749467497869
    -0.102529975970715    -0.071039031281471     0.037658532563484
    -0.043793195150696    -0.031494014555051    -0.080737503207793
26 22
     0.262058786915699     0.000000000000000     0.000000000000000
     0.000000000000000    -0.203388871074148     0.149031949450241
     0.000000000000000     0.047550651416654    -0.190221951978538
26 23
    -0.006240248297223    -0.058134359932886    -0.012749467497869
     0.102529975970715    -0.071039031281471     0.037658532563484
     0.043793195150696    -0.031494014555051    -0.080737503207793
26 24
     0.014438710844050    -0.008567638334783     0.006781213851599
    -0.008567638334783     0.004545654246238    -0.003915135642653
     0.007928489138027    -0.004577515338107    -0.013668300129348
26 25
     0.014438710844050     0.008567638334783    -0.006781213851599
     0.008567638334783     0.004545654246238    -0.003915135642653
    -0.007928489138027    -0.004577515338107    -0.013668300129348
26 26
    10.140148081478859     0.000000000000000     0.000000000000000
     0.000000000000000    10.140148081478859     0.000000000000000
     0.000000000000000     0.000000000000000    12.926612075960550
26 27
    -0.776155368122505     0.020716758078327    -0.082159525338817
    -0.020716758078327     0.101083200818424    -0.021707532782861
     0.082159525338817    -0.021707532782861     0.288729802564732
26 28
     0.010255672922378     0.000228291778089    -0.000803904876824
    -0.000228291778089    -0.005218326160588     0.007757051773910
     0.000803904876824     0.007757051773910     0.010781701800960
26 29
     0.010255672922378    -0.000228291778089     0.000803904876824
     0.000228291778089    -0.005218326160588     0.007757051773910
    -0.000803904876824     0.007757051773910     0.010781701800960
26 30
    -0.776155368122505    -0.020716758078327     0.082159525338817
     0.020716758078327     0.101083200818424    -0.021707532782861
    -0.082159525338817    -0.021707532782861     0.288729802564732
26 31
    -0.118226441416808    -0.400572201019502    -0.059879037512850
    -0.359138684862848    -0.556845725887273    -0.060298469714856
     0.022280487825967     0.082006002497717     0.288729802564732
26 32
     0.018640045531230     0.013773970576539     0.019049823968285
     0.013773970576539     0.002735234290880     0.010998420996105
    -0.005901424532786    -0.003407189042606    -0.012600206358550
26 33
    -0.003763368034014     0.000000000000000     0.000000000000000
     0.000000000000000    -0.000635257997609    -0.002064396849633
     0.000000000000000    -0.002110707599360    -0.000169841948264
26 34
     0.018640045531230    -0.013773970576539    -0.019049823968286
    -0.013773970576539     0.002735234290880     0.010998420996105
     0.005901424532786    -0.003407189042606    -0.012600206358550
26 35
    -0.118226441416808     0.400572201019503     0.059879037512850
     0.359138684862848    -0.556845725887273    -0.060298469714856
    -0.022280487825967     0.082006002497717     0.288729802564732
26 36
    -0.001349826389846     0.006472146373904     0.006315851456265
     0.006928729930082     0.006387173151637    -0.004574727932511
     0.007119756333089    -0.003182323841399     0.010781701800960
26 37
    -0.001417285506710    -0.001354511378680    -0.001787820115275
    -0.001354511378680    -0.002981340524912     0.001032198424817
    -0.001827926401006     0.001055353799680    -0.000169841948264
26 38
    -0.001417285506710     0.001354511378680     0.001787820115275
     0.001354511378680    -0.002981340524912     0.001032198424817
     0.001827926401006     0.001055353799680    -0.000169841948264
26 39
    -0.001349826389846    -0.006472146373904    -0.006315851456265
    -0.006928729930082     0.006387173151637    -0.004574727932511
    -0.007119756333089    -0.003182323841399     0.010781701800960
26 40
    -0.005217171329295     0.000000000000000     0.000000000000000
     0.000000000000000     0.026592451151405     0.006814378085212
     0.000000000000000    -0.021996841992209    -0.012600206358550
26 41
    -0.001349826389846     0.006928729930082     0.007119756333089
     0.006472146373904     0.006387173151637    -0.003182323841399
     0.006315851456265    -0.004574727932511     0.010781701800960
26 42
    -0.005217171329295     0.000000000000000     0.000000000000000
     0.000000000000000     0.026592451151405    -0.021996841992209
     0.000000000000000     0.006814378085212    -0.012600206358550
26 43
    -0.001349826389846    -0.006928729930082    -0.007119756333089
    -0.006472146373904     0.006387173151637    -0.003182323841399
    -0.006315851456265    -0.004574727932511     0.010781701800960
26 44
    -0.001417285506710     0.001354511378680     0.001827926401006
     0.001354511378680    -0.002981340524912     0.001055353799680
     0.001787820115275     0.001032198424817    -0.000169841948264
26 45
    -0.001417285506710    -0.001354511378680    -0.001827926401006
    -0.001354511378680    -0.002981340524912     0.001055353799680
    -0.001787820115275     0.001032198424817    -0.000169841948264
26 46
    -0.118226441416808    -0.359138684862848     0.022280487825967
    -0.400572201019502    -0.556845725887273     0.082006002497717
    -0.059879037512850    -0.060298469714856     0.288729802564732
26 47
    -0.118226441416808     0.359138684862848    -0.022280487825967
     0.400572201019503    -0.556845725887273     0.082006002497717
     0.059879037512850    -0.060298469714856     0.288729802564732
26 48
     0.018640045531230    -0.013773970576539     0.005901424532786
    -0.013773970576539     0.002735234290880    -0.003407189042606
    -0.019049823968286     0.010998420996105    -0.012600206358550
26 49
    -0.003763368034014     0.000000000000000     0.000000000000000
     0.000000000000000    -0.000635257997609    -0.002110707599360
     0.000000000000000    -0.002064396849633    -0.000169841948264
26 50
     0.018640045531230     0.013773970576539    -0.005901424532786
     0.013773970576539     0.002735234290880    -0.003407189042606
     0.019049823968285     0.010998420996105    -0.012600206358550
26 51
     0.262107144318693     0.000000000000000     0.000000000000000
     0.000000000000000     0.262107144318693     0.000000000000000
     0.000000000000000     0.000000000000000    -1.397106278897766
26 52
    -0.099900482566302    -0.104907617814340    -0.149984940648133
     0.099812444457060     0.165985331086440     0.115982310546079
    -0.154069680937830    -0.126050794489095    -0.032084517248687
26 53
     0.005773486770957    -0.015334057178422    -0.000102826445916
     0.019447938199226     0.004080816508558    -0.003486714797448
     0.002592508131001     0.006648569587558     0.018770188220153
26 54
     0.005773486770957     0.015334057178422     0.000102826445916
    -0.019447938199226     0.004080816508558    -0.003486714797448
    -0.002592508131001     0.006648569587558     0.018770188220153
26 55
    -0.099900482566302     0.104907617814340     0.149984940648133
    -0.099812444457060     0.165985331086440     0.115982310546079
     0.154069680937830    -0.126050794489095    -0.032084517248687
26 56
     0.097307602891210    -0.014045696768205     0.025451156998454
    -0.218765759039605    -0.031222754371072    -0.187881924059424
    -0.186198030663683    -0.070402860400577    -0.032084517248687
26 57
    -0.009889981930364    -0.009000163912246    -0.024734459326043
    -0.009000163912246     0.000502512184608    -0.014280446750151
     0.004215181413899     0.002433636123998     0.039921934190420
26 58
     0.006524223238357     0.000000000000000     0.000000000000000
     0.000000000000000     0.005681144621502     0.002245971244220
     0.000000000000000     0.000055876657193     0.009132965768880
26 59
    -0.009889981930364     0.009000163912246     0.024734459326043
     0.009000163912246     0.000502512184608    -0.014280446750151
    -0.004215181413899     0.002433636123998     0.039921934190420
26 60
     0.097307602891210     0.014045696768205    -0.025451156998454
     0.218765759039605    -0.031222754371071    -0.187881924059424
     0.186198030663683    -0.070402860400577    -0.032084517248687
26 61
     0.006285346810239     0.019152415667759    -0.003070996813300
    -0.015629579709889     0.003568956469276     0.001654307084380
     0.007054084227154    -0.001079106892814     0.018770188220153
26 62
     0.005891914275716     0.000365063749792     0.001945068153664
     0.000365063749792     0.006313453584143    -0.001122985622110
     0.000048390604608    -0.000027938328596     0.009132965768880
26 63
     0.005891914275716    -0.000365063749792    -0.001945068153664
    -0.000365063749792     0.006313453584143    -0.001122985622110
    -0.000048390604608    -0.000027938328596     0.009132965768880
26 64
     0.006285346810239    -0.019152415667759     0.003070996813300
     0.015629579709889     0.003568956469276     0.001654307084380
    -0.007054084227154    -0.001079106892814     0.018770188220153
26 65
    -0.007604094801206     0.000000000000000     0.000000000000000
     0.000000000000000    -0.003951229475656    -0.004474414202775
     0.000000000000000    -0.012086868794001     0.034727166314815
26 66
     0.002722621338076    -0.017686520220291    -0.002968170367383
     0.017095475157357     0.007131681941439     0.001832407713069
     0.004461576096153    -0.005569462694743     0.018770188220153
26 67
     0.005698759242094     0.000000000000000     0.000000000000000
     0.000000000000000    -0.015086228987850     0.028560893500302
     0.000000000000000    -0.004867272247995     0.039921934190420
26 68
     0.002722621338076     0.017686520220291     0.002968170367383
    -0.017095475157357     0.007131681941439     0.001832407713069
    -0.004461576096153    -0.005569462694743     0.018770188220153
26 69
     0.004272210733485     0.001683664115181    -0.002239391758869
     0.001683664115181     0.002328082873236    -0.001292913434804
     0.001369059730150     0.000790427003739     0.006324545398393
26 70
     0.004272210733485    -0.001683664115181     0.002239391758869
    -0.001683664115181     0.002328082873236    -0.001292913434804
    -0.001369059730150     0.000790427003739     0.006324545398393
26 71
     0.101720152455299    -0.216218172360965     0.175436097646587
    -0.011498110089565    -0.035635303935161     0.071899613513345
    -0.032128349725853     0.196453654889672    -0.032084517248687
26 72
     0.101720152455299     0.216218172360965    -0.175436097646587
     0.011498110089565    -0.035635303935161     0.071899613513345
     0.032128349725853     0.196453654889672    -0.032084517248687
26 73
    -0.004864445807043    -0.001581737084265    -0.003874956366657
    -0.001581737084265    -0.006690878469818     0.002237207101387
    -0.010467535427815     0.006043434397001     0.034727166314815
26 74
     0.001356018943112     0.000000000000000     0.000000000000000
     0.000000000000000     0.005244274663610     0.002585826869608
     0.000000000000000    -0.001580854007478     0.006324545398393
26 75
    -0.004864445807043     0.001581737084265     0.003874956366657
     0.001581737084265    -0.006690878469818     0.002237207101387
     0.010467535427815     0.006043434397001     0.034727166314815
26 76
     0.002237156331418     0.000000000000000     0.000000000000000
     0.000000000000000     0.002237156331418     0.000000000000000
     0.000000000000000     0.000000000000000     0.001725482246261
26 77
    -0.003361354654193     0.003988122977449     0.003539034535882
    -0.002385830645410    -0.003545503445505    -0.000430804022796
     0.006119567544269    -0.001754089126044     0.000591154672171
26 78
     0.001624846973480    -0.001452824650207     0.003718115769085
     0.002113087681515    -0.000072328336214    -0.003222234715405
     0.000018367824219    -0.001393408924924    -0.011345657661469
26 79
     0.001624846973480     0.001452824650207    -0.003718115769085
    -0.002113087681515    -0.000072328336214    -0.003222234715405
    -0.000018367824219    -0.001393408924924    -0.011345657661469
26 80
    -0.003361354654193    -0.003988122977449    -0.003539034535882
     0.002385830645410    -0.003545503445505    -0.000430804022796
    -0.006119567544269    -0.001754089126044     0.000591154672171
26 81
    -0.002805653315760    -0.002706664962744     0.001396430040147
     0.003667288660116    -0.004101204783938     0.003280295824342
     0.001540698028478     0.006176745516533     0.000591154672171
26 82
    -0.000375779731450     0.001977238934569     0.000254276253054
     0.001977238934569    -0.002658898593702     0.000146806463149
     0.000008620655045     0.000004977137511    -0.005243524903768
26 83
     0.002459771564127     0.000000000000000     0.000000000000000
     0.000000000000000    -0.002110961297566    -0.000386625801600
     0.000000000000000    -0.000530926013372    -0.002017242678849
26 84
    -0.000375779731450    -0.001977238934569    -0.000254276253054
    -0.001977238934569    -0.002658898593702     0.000146806463149
    -0.000008620655045     0.000004977137511    -0.005243524903768
26 85
    -0.002805653315760     0.002706664962744    -0.001396430040147
    -0.003667288660116    -0.004101204783938     0.003280295824342
    -0.001540698028478     0.006176745516533     0.000591154672171
26 86
     0.000637867770356     0.002682920390124    -0.000931479235955
    -0.000882991941599     0.000914650866910     0.004831100067942
    -0.001197543614735     0.000712611464848    -0.011345657661469
26 87
    -0.000968278082143     0.001979185386069    -0.000334827765944
     0.001979185386069     0.001317088348704     0.000193312900800
    -0.000459795415110     0.000265463006686    -0.002017242678849
26 88
    -0.000968278082143    -0.001979185386069     0.000334827765944
    -0.001979185386069     0.001317088348704     0.000193312900800
     0.000459795415110     0.000265463006686    -0.002017242678849
26 89
     0.000637867770356    -0.002682920390124     0.000931479235955
     0.000882991941599     0.000914650866910     0.004831100067942
     0.001197543614735     0.000712611464848    -0.011345657661469
26 90
     0.001007136067002     0.000000000000000     0.000000000000000
     0.000000000000000     0.005500048043452     0.000939247221133
     0.000000000000000     0.004727723271502     0.003235399603469
26 91
     0.000066063212063    -0.001213123457253    -0.004649595005040
     0.002352788874470     0.001486455425203    -0.001608865352536
    -0.001215911438953     0.000680797460076    -0.011345657661469
26 92
    -0.003800458024828     0.000000000000000     0.000000000000000
     0.000000000000000     0.000765779699676    -0.000293612926299
     0.000000000000000    -0.000009954275021    -0.005243524903768
26 93
     0.000066063212063     0.001213123457253     0.004649595005040
    -0.002352788874470     0.001486455425203    -0.001608865352536
     0.001215911438953     0.000680797460076    -0.011345657661469
26 94
     0.000097470516147     0.000655301372261     0.001663755341070
     0.000655301372261    -0.000659206331203     0.000960569594033
    -0.002194219682408    -0.001266833324299    -0.003219756237715
26 95
     0.000097470516147    -0.000655301372261    -0.001663755341070
    -0.000655301372261    -0.000659206331203     0.000960569594033
     0.002194219682408    -0.001266833324299    -0.003219756237715
26 96
    -0.004193279179594     0.002866142494096    -0.002142604495735
    -0.003507811128763    -0.002713578920104    -0.002849491801546
    -0.004578869515791    -0.004422656390489     0.000591154672171
26 97
    -0.004193279179594    -0.002866142494096     0.002142604495735
     0.003507811128763    -0.002713578920104    -0.002849491801546
     0.004578869515791    -0.004422656390489     0.000591154672171
26 98
     0.004376820049339    -0.001945487954286     0.000813411953935
    -0.001945487954286     0.002130364061114    -0.000469623610566
     0.004094328455183    -0.002363861635751     0.003235399603469
26 99
    -0.001037544754878     0.000000000000000     0.000000000000000
     0.000000000000000     0.000475808939822    -0.001921139188065
     0.000000000000000     0.002533666648599    -0.003219756237715
26 100
     0.004376820049339     0.001945487954286    -0.000813411953935
     0.001945487954286     0.002130364061114    -0.000469623610566
    -0.004094328455183    -0.002363861635751     0.003235399603469
26 101
     0.000244325977639     0.000193856083657     0.004975907487641
     0.000193856083657     0.000020480253471     0.002872841527452
    -0.005268773013942    -0.003041927517898    -0.009456272072107
26 102
    -0.001406641400381     0.000032952551852    -0.001707387120669
     0.002000560333863     0.000800479114158    -0.002550104393038
     0.000983117804827    -0.001919761028840     0.004939824635560
26 103
     0.000371279814317     0.000000000000000     0.000000000000000
     0.000000000000000     0.000438700812234     0.001512530499634
     0.000000000000000    -0.000249432249169     0.002577501487705
26 104
    -0.001406641400381    -0.000032952551852     0.001707387120669
    -0.002000560333863     0.000800479114158    -0.002550104393038
    -0.000983117804827    -0.001919761028840     0.004939824635560
26 105
     0.000244325977639    -0.000193856083657    -0.004975907487641
    -0.000193856083657     0.000020480253471     0.002872841527452
     0.005268773013942    -0.003041927517898    -0.009456272072107
26 106
     0.001129235894499     0.000536470895032    -0.003062148747008
    -0.001431136886979    -0.001735398180723    -0.000203588424075
    -0.001171002917758     0.001811285508313     0.004939824635560
26 107
    -0.000685360950261    -0.000611736730198    -0.001405664644222
    -0.000611736730198     0.000021011781445    -0.000811560860732
     0.001665179735591     0.000961391968593     0.003320259032057
26 108
    -0.000685360950261     0.000611736730198     0.001405664644222
     0.000611736730198     0.000021011781445    -0.000811560860732
    -0.001665179735591     0.000961391968593     0.003320259032057
26 109
     0.001129235894499    -0.000536470895032     0.003062148747008
     0.001431136886979    -0.001735398180723    -0.000203588424075
     0.001171002917758     0.001811285508313     0.004939824635560
26 110
     0.000568325920871     0.000000000000000     0.000000000000000
     0.000000000000000    -0.001558207108502    -0.005860457994391
     0.000000000000000    -0.002701013726476    -0.001520136077076
26 111
     0.000421845562755    -0.000029194148472     0.001309889836682
    -0.000029194148472     0.000388135063796    -0.000756265249817
    -0.000216014664303     0.000124716124585     0.002577501487705
26 112
     0.000374198147299     0.000000000000000     0.000000000000000
     0.000000000000000    -0.001038547316114     0.001623121721464
     0.000000000000000    -0.001922783937185     0.003320259032057
26 113
     0.000421845562755     0.000029194148472    -0.001309889836682
     0.000029194148472     0.000388135063796    -0.000756265249817
     0.000216014664303     0.000124716124585     0.002577501487705
26 114
    -0.000040908402107    -0.001356531103671    -0.002175741420598
     0.000073503272064    -0.000182452343471     0.000924675054916
    -0.002000625569525     0.000106712832865     0.004063556449604
26 115
    -0.000040908402107     0.001356531103671     0.002175741420598
    -0.000073503272064    -0.000182452343471     0.000924675054916
     0.002000625569525     0.000106712832865     0.004063556449604
26 116
    -0.000631837923453    -0.002447893329837    -0.001354761626339
    -0.000480285547826     0.000025675637230     0.002753692817113
    -0.002154120722585     0.000108475520527     0.004939824635560
26 117
    -0.000631837923453     0.002447893329837     0.001354761626339
     0.000480285547826     0.000025675637230     0.002753692817113
     0.002154120722585     0.000108475520527     0.004939824635560
26 118
    -0.000702633706097     0.000455550554452    -0.000287078622496
    -0.000974483821283     0.000479272960519    -0.002346584869762
    -0.000907896760592    -0.001785948983102     0.004063556449604
26 119
    -0.000037046522260     0.000000000000000     0.000000000000000
     0.000000000000000    -0.000037046522260     0.000000000000000
     0.000000000000000     0.000000000000000    -0.000256292923036
26 120
    -0.000702633706097    -0.000455550554452     0.000287078622496
     0.000974483821283     0.000479272960519    -0.002346584869762
     0.000907896760592    -0.001785948983102     0.004063556449604
26 121
    -0.000091442608612     0.000000000000000     0.000000000000000
     0.000000000000000     0.000356248839722    -0.005745683054904
     0.000000000000000     0.006083855035797    -0.009456272072107
26 122
    -0.001026573851159     0.000920815812712    -0.005075305500954
     0.000920815812712     0.000036692663528     0.002930228997195
    -0.002339146503099     0.001350506863238    -0.001520136077076
26 123
     0.000408500989837    -0.000332969905480     0.001888662798102
     0.001097064470256    -0.000631861735415     0.001421909814846
     0.001092728808933     0.001679236150237     0.004063556449604
26 124
     0.000408500989837     0.000332969905480    -0.001888662798102
    -0.001097064470256    -0.000631861735415     0.001421909814846
    -0.001092728808933     0.001679236150237     0.004063556449604
26 125
    -0.001026573851159    -0.000920815812712     0.005075305500954
    -0.000920815812712     0.000036692663528     0.002930228997195
     0.002339146503099     0.001350506863238    -0.001520136077076
26 126
     0.000024583959675    -0.000215439529241     0.000971687836259
    -0.000215439529241     0.000273352100078     0.000561004233833
     0.001956692716010     0.001129697066310    -0.001658179494041
26 127
    -0.000100300799610    -0.000501557276165    -0.003395468619156
    -0.001073859339843     0.001033836815589    -0.000982712315054
    -0.002706339246315     0.000671028562439     0.007459522979814
26 128
    -0.000855904995293     0.000000000000000     0.000000000000000
     0.000000000000000    -0.000354300036956     0.001378555870100
     0.000000000000000     0.001347894232934     0.005640690179321
26 129
    -0.000100300799610     0.000501557276165     0.003395468619156
     0.001073859339843     0.001033836815589    -0.000982712315054
     0.002706339246315     0.000671028562439     0.007459522979814
26 130
     0.000024583959675     0.000215439529241    -0.000971687836259
     0.000215439529241     0.000273352100078     0.000561004233833
    -0.001956692716010     0.001129697066310    -0.001658179494041
26 131
     0.000068127006286    -0.001171101178916    -0.002548788139026
    -0.000598799115238     0.000865409009693    -0.002449205924415
    -0.000772041841421    -0.002679272819787     0.007459522979814
26 132
    -0.000154237325649    -0.000214193628954    -0.001921872021767
    -0.000214193628954     0.000093092173022    -0.001109593329115
    -0.000447892287749    -0.000258590732900     0.001867516405904
26 133
    -0.000154237325649     0.000214193628954     0.001921872021767
     0.000214193628954     0.000093092173022    -0.001109593329115
     0.000447892287749    -0.000258590732900     0.001867516405904
26 134
     0.000068127006286     0.001171101178916     0.002548788139026
     0.000598799115238     0.000865409009693    -0.002449205924415
     0.000772041841421    -0.002679272819787     0.007459522979814
26 135
    -0.000889784742881     0.000000000000000     0.000000000000000
     0.000000000000000    -0.000753938774974    -0.007538228452149
     0.000000000000000     0.000153858300966    -0.004614741069768
26 136
    -0.000479701276540    -0.000217201318292     0.001193864404042
    -0.000217201318292    -0.000730503755709    -0.000689277935050
     0.001167310647336    -0.000673947116467     0.005640690179321
26 137
     0.000216756922357     0.000000000000000     0.000000000000000
     0.000000000000000    -0.000277902074984     0.002219186658231
     0.000000000000000     0.000517181465800     0.001867516405904
26 138
    -0.000479701276540     0.000217201318292    -0.001193864404042
     0.000217201318292    -0.000730503755709    -0.000689277935050
    -0.001167310647336    -0.000673947116467     0.005640690179321
26 139
    -0.001212981489228     0.000734214410231    -0.001214470923340
     0.000042262292941    -0.000219093795782    -0.001078162390678
     0.002058961897963    -0.000210482398176     0.003962980232508
26 140
    -0.001212981489228    -0.000734214410231     0.001214470923340
    -0.000042262292941    -0.000219093795782    -0.001078162390678
    -0.002058961897963    -0.000210482398176     0.003962980232508
26 141
     0.001432477817292     0.000188909192766     0.000846680480129
    -0.000383392870912    -0.000498941801313     0.003431918239469
     0.001934297404895     0.002008244257348     0.007459522979814
26 142
     0.001432477817292    -0.000188909192766    -0.000846680480129
     0.000383392870912    -0.000498941801313     0.003431918239469
    -0.001934297404895     0.002008244257348     0.007459522979814
26 143
    -0.000131341443946    -0.000582222878369    -0.001540951481402
     0.000109729238921    -0.001300733841063    -0.000512681476431
     0.000847197845112     0.001888354508148     0.003962980232508
26 144
    -0.000631312823598     0.000000000000000     0.000000000000000
     0.000000000000000    -0.000631312823598     0.000000000000000
     0.000000000000000     0.000000000000000     0.004032947798831
26 145
    -0.000131341443946     0.000582222878369     0.001540951481402
    -0.000109729238921    -0.001300733841063    -0.000512681476431
    -0.000847197845112     0.001888354508148     0.003962980232508
26 146
     0.000397736170280     0.000000000000000     0.000000000000000
     0.000000000000000    -0.000099800110526    -0.001122008467665
     0.000000000000000    -0.002259394132620    -0.001658179494041
26 147
    -0.000787900266950    -0.000058823029605    -0.006528297339092
    -0.000058823029605    -0.000855823250904     0.003769114226075
     0.000133245197219    -0.000076929150483    -0.004614741069768
26 148
    -0.000803789994340    -0.000278509112664    -0.000326480558062
    -0.000970461229954    -0.000628285290669     0.001590843867109
    -0.001211764052851    -0.001677872109972     0.003962980232508
26 149
    -0.000803789994340     0.000278509112664     0.000326480558062
     0.000970461229954    -0.000628285290669     0.001590843867109
     0.001211764052851    -0.001677872109972     0.003962980232508
26 150
    -0.000787900266950     0.000058823029605     0.006528297339092
     0.000058823029605    -0.000855823250904     0.003769114226075
    -0.000133245197219    -0.000076929150483    -0.004614741069768
51 1
    -3.655933653092510    -1.416025428580431    -2.741757453718833
    -1.416025428580432    -2.020848328351978    -1.582954403957231
    -2.858862691844503    -1.650565144712602    -3.964023993113682
51 2
    -3.655933653092511     1.416025428580431     2.741757453718834
     1.416025428580430    -2.020848328351978    -1.582954403957231
     2.858862691844504    -1.650565144712602    -3.964023993113682
51 3
    -0.050254862499199     0.038158382810174     0.053369814386746
    -0.063721344441081    -0.019434016876498    -0.022834472428386
    -0.036385409399766     0.027921881342339    -0.010736374047345
51 4
    -0.031795184873890     0.000000000000000     0.000000000000000
     0.000000000000000    -0.027204475856564    -0.014310461123897
     0.000000000000000    -0.017815779585600     0.016454501478543
51 5
    -0.050254862499199    -0.038158382810174    -0.053369814386746
     0.063721344441081    -0.019434016876498    -0.022834472428386
     0.036385409399766     0.027921881342339    -0.010736374047345
51 6
    -1.203305665981711     0.000000000000000     0.000000000000000
     0.000000000000000    -4.473476315462778     3.165908807914463
     0.000000000000000     3.301130289425205    -3.964023993113683
51 7
    -0.126576514820504    -0.224177803819798     0.182447939648809
    -0.224177803819798     0.132281715942895     0.105336367069332
     0.016077898553149     0.009282579057664    -0.108223058800511
51 8
     0.039147292489746     0.017542521925411     0.022733112268349
    -0.011578440192645     0.032237924975028    -0.002645996785841
    -0.014302016692595    -0.007790940181682     0.030313856253810
51 9
     0.039147292489746    -0.017542521925411    -0.022733112268349
     0.011578440192645     0.032237924975028    -0.002645996785841
     0.014302016692595    -0.007790940181682     0.030313856253810
51 10
    -0.126576514820504     0.224177803819798    -0.182447939648808
     0.224177803819798     0.132281715942895     0.105336367069332
    -0.016077898553149     0.009282579057664    -0.108223058800511
51 11
    -0.038208315366340    -0.070676421671043     0.006909673988375
     0.031203305580212    -0.031480564009358     0.057636851268375
     0.005988353864037    -0.045471629538464    -0.010736374047345
51 12
     0.036547789999119    -0.010077616729922     0.009075055699305
     0.019043345388134     0.034837427465655     0.021010451124394
    -0.013898160462999    -0.008490439690296     0.030313856253810
51 13
    -0.030224414315321     0.000000000000000     0.000000000000000
     0.000000000000000    -0.030224414315321     0.000000000000000
     0.000000000000000     0.000000000000000     0.012730456166046
51 14
     0.036547789999119     0.010077616729922    -0.009075055699305
    -0.019043345388134     0.034837427465655     0.021010451124394
     0.013898160462999    -0.008490439690296     0.030313856253810
51 15
    -0.038208315366340     0.070676421671043    -0.006909673988375
    -0.031203305580212    -0.031480564009358     0.057636851268375
    -0.005988353864037    -0.045471629538464    -0.010736374047345
51 16
    -0.028352153110895    -0.001987835315193    -0.012393222873164
    -0.001987835315193    -0.030647507619559     0.007155230561948
    -0.015428917709354     0.008907889792800     0.016454501478543
51 17
     0.031382743708296     0.016061304521750    -0.013658056569045
    -0.013059657596305     0.040002473756478    -0.018364454338554
     0.000403856229596     0.016281379871978     0.030313856253810
51 18
     0.031382743708296    -0.016061304521750     0.013658056569045
     0.013059657596305     0.040002473756478    -0.018364454338554
    -0.000403856229596     0.016281379871978     0.030313856253810
51 19
    -0.028352153110895     0.001987835315193     0.012393222873164
     0.001987835315193    -0.030647507619559     0.007155230561948
     0.015428917709354     0.008907889792800     0.016454501478543
51 20
     0.010373593657986     0.000000000000000     0.000000000000000
     0.000000000000000     0.028379659951168     0.022028822366669
     0.000000000000000    -0.033214941150618     0.007059196206818
51 21
    -0.016070141198007     0.043984786395665    -0.046460140398371
    -0.057894940855589    -0.053618738177690    -0.034802378839989
     0.042373763263803     0.017549748196125    -0.010736374047345
51 22
     0.261710831324594     0.000000000000000     0.000000000000000
     0.000000000000000    -0.256005630202203    -0.210672734138664
     0.000000000000000    -0.018565158115328    -0.108223058800511
51 23
    -0.016070141198007    -0.043984786395665     0.046460140398371
     0.057894940855589    -0.053618738177690    -0.034802378839989
    -0.042373763263803     0.017549748196125    -0.010736374047345
51 24
     0.023878143377872    -0.007796855416061     0.019077519784990
    -0.007796855416061     0.014875110231281    -0.011014411183335
    -0.028764982821640     0.016607470575309     0.007059196206818
51 25
     0.023878143377872     0.007796855416061    -0.019077519784990
     0.007796855416061     0.014875110231281    -0.011014411183335
     0.028764982821640     0.016607470575309     0.007059196206818
51 26
     0.262107144318693     0.000000000000000     0.000000000000000
     0.000000000000000     0.262107144318693     0.000000000000000
     0.000000000000000     0.000000000000000    -1.397106278897766
51 27
    -0.099900482566302    -0.099812444457060     0.154069680937830
     0.104907617814340     0.165985331086440    -0.126050794489095
     0.149984940648133     0.115982310546079    -0.032084517248687
51 28
     0.005773486770957    -0.019447938199226    -0.002592508131001
     0.015334057178422     0.004080816508558     0.006648569587558
     0.000102826445916    -0.003486714797448     0.018770188220153
51 29
     0.005773486770957     0.019447938199226     0.002592508131001
    -0.015334057178422     0.004080816508558     0.006648569587558
    -0.000102826445916    -0.003486714797448     0.018770188220153
51 30
    -0.099900482566302     0.099812444457060    -0.154069680937830
    -0.104907617814340     0.165985331086440    -0.126050794489095
    -0.149984940648133     0.115982310546079    -0.032084517248687
51 31
     0.101720152455299    -0.011498110089565    -0.032128349725853
    -0.216218172360965    -0.035635303935161     0.196453654889672
     0.175436097646587     0.071899613513345    -0.032084517248687
51 32
    -0.004864445807043     0.001581737084265     0.010467535427815
     0.001581737084265    -0.006690878469818     0.006043434397001
     0.003874956366657     0.002237207101387     0.034727166314815
51 33
     0.001356018943112     0.000000000000000     0.000000000000000
     0.000000000000000     0.005244274663610    -0.001580854007478
     0.000000000000000     0.002585826869608     0.006324545398393
51 34
    -0.004864445807043    -0.001581737084265    -0.010467535427815
    -0.001581737084265    -0.006690878469818     0.006043434397001
    -0.003874956366657     0.002237207101387     0.034727166314815
51 35
     0.101720152455299     0.011498110089565     0.032128349725853
     0.216218172360965    -0.035635303935161     0.196453654889672
    -0.175436097646587     0.071899613513345    -0.032084517248687
51 36
     0.002722621338076     0.017095475157357     0.004461576096153
    -0.017686520220291     0.007131681941439    -0.005569462694743
    -0.002968170367383     0.001832407713069     0.018770188220153
51 37
     0.004272210733485    -0.001683664115181    -0.001369059730150
    -0.001683664115181     0.002328082873236     0.000790427003739
     0.002239391758869    -0.001292913434804     0.006324545398393
51 38
     0.004272210733485     0.001683664115181     0.001369059730150
     0.001683664115181     0.002328082873236     0.000790427003739
    -0.002239391758869    -0.001292913434804     0.006324545398393
51 39
     0.002722621338076    -0.017095475157357    -0.004461576096153
     0.017686520220291     0.007131681941439    -0.005569462694743
     0.002968170367383     0.001832407713069     0.018770188220153
51 40
     0.005698759242094     0.000000000000000     0.000000000000000
     0.000000000000000    -0.015086228987850    -0.004867272247995
     0.000000000000000     0.028560893500302     0.039921934190420
51 41
     0.006285346810239    -0.015629579709889     0.007054084227154
     0.019152415667759     0.003568956469276    -0.001079106892814
    -0.003070996813300     0.001654307084380     0.018770188220153
51 42
    -0.007604094801206     0.000000000000000     0.000000000000000
     0.000000000000000    -0.003951229475656    -0.012086868794001
     0.000000000000000    -0.004474414202775     0.034727166314815
51 43
     0.006285346810239     0.015629579709889    -0.007054084227154
    -0.019152415667759     0.003568956469276    -0.001079106892814
     0.003070996813300     0.001654307084380     0.018770188220153
51 44
     0.005891914275716    -0.000365063749792    -0.000048390604608
    -0.000365063749792     0.006313453584143    -0.000027938328596
    -0.001945068153664    -0.001122985622110     0.009132965768880
51 45
     0.005891914275716     0.000365063749792     0.000048390604608
     0.000365063749792     0.006313453584143    -0.000027938328596
     0.001945068153664    -0.001122985622110     0.009132965768880
51 46
     0.097307602891210    -0.218765759039605    -0.186198030663683
    -0.014045696768205    -0.031222754371072    -0.070402860400577
     0.025451156998454    -0.187881924059424    -0.032084517248687
51 47
     0.097307602891210     0.218765759039605     0.186198030663683
     0.014045696768205    -0.031222754371071    -0.070402860400577
    -0.025451156998454    -0.187881924059424    -0.032084517248687
51 48
    -0.009889981930364     0.009000163912246    -0.004215181413899
     0.009000163912246     0.000502512184608     0.002433636123998
     0.024734459326043    -0.014280446750151     0.039921934190420
51 49
     0.006524223238357     0.000000000000000     0.000000000000000
     0.000000000000000     0.005681144621502     0.000055876657193
     0.000000000000000     0.002245971244220     0.009132965768880
51 50
    -0.009889981930364    -0.009000163912246     0.004215181413899
    -0.009000163912246     0.000502512184608     0.002433636123998
    -0.024734459326043    -0.014280446750151     0.039921934190420
51 51
    10.222704547858910     0.000000000000000     0.000000000000000
     0.000000000000000    10.222704547858910     0.000000000000000
     0.000000000000000     0.000000000000000    12.925935796242157
51 52
    -0.865651663429965     0.018508408622175     0.062029884031347
    -0.018508408622175     0.106166894401505     0.012733330151284
    -0.062029884031347     0.012733330151284     0.228150812533388
51 53
     0.015898677921526    -0.002178993911780    -0.006531213862232
     0.002178993911780    -0.011905497388848    -0.000314930254307
     0.006531213862232    -0.000314930254307    -0.019399403952709
51 54
     0.015898677921526     0.002178993911780     0.006531213862232
    -0.002178993911780    -0.011905497388848    -0.000314930254307
    -0.006531213862232    -0.000314930254307    -0.019399403952709
51 55
    -0.865651663429965    -0.018508408622175    -0.062029884031347
     0.018508408622175     0.106166894401505     0.012733330151284
     0.062029884031347     0.012733330151284     0.228150812533388
51 56
    -0.136787745056362    -0.439318188097780     0.042042329401460
    -0.402301370853429    -0.622697023972097     0.047352790289307
    -0.019987554629887    -0.060086120440591     0.228150812533388
51 57
     0.024172545660356     0.011900189128249    -0.027462905591881
     0.011900189128249     0.010431390867151    -0.015855715936202
     0.024276975820193     0.014016318524898    -0.036313415263588
51 58
    -0.000976615568073     0.000000000000000     0.000000000000000
     0.000000000000000     0.005798828126124     0.002556177814421
     0.000000000000000     0.007286558480965    -0.011258548041397
51 59
     0.024172545660356    -0.011900189128249     0.027462905591881
    -0.011900189128249     0.010431390867151    -0.015855715936202
    -0.024276975820193     0.014016318524898    -0.036313415263588
51 60
    -0.136787745056362     0.439318188097780    -0.042042329401460
     0.402301370853429    -0.622697023972097     0.047352790289307
     0.019987554629887    -0.060086120440591     0.228150812533388
51 61
    -0.004954453561255     0.014218554986810    -0.003538344531767
     0.009860567163250     0.008947634093932    -0.005498731995089
     0.002992869330466     0.005813662249396    -0.019399403952709
51 62
     0.004104967202575    -0.002933853180543     0.002213714923879
    -0.002933853180543     0.000717245355476    -0.001278088907211
     0.006310344750677    -0.003643279240483    -0.011258548041397
51 63
     0.004104967202575     0.002933853180543    -0.002213714923879
     0.002933853180543     0.000717245355476    -0.001278088907211
    -0.006310344750677    -0.003643279240483    -0.011258548041397
51 64
    -0.004954453561255    -0.014218554986810     0.003538344531767
    -0.009860567163250     0.008947634093932    -0.005498731995089
    -0.002992869330466     0.005813662249396    -0.019399403952709
51 65
     0.003560813470549     0.000000000000000     0.000000000000000
     0.000000000000000     0.031043123056958    -0.028032637049797
     0.000000000000000     0.031711431872403    -0.036313415263588
51 66
    -0.004954453561255     0.009860567163250     0.002992869330466
     0.014218554986810     0.008947634093932     0.005813662249396
    -0.003538344531767    -0.005498731995089    -0.019399403952709
51 67
     0.003560813470549     0.000000000000000     0.000000000000000
     0.000000000000000     0.031043123056958     0.031711431872403
     0.000000000000000    -0.028032637049797    -0.036313415263588
51 68
    -0.004954453561255    -0.009860567163250    -0.002992869330466
    -0.014218554986810     0.008947634093932     0.005813662249396
     0.003538344531767    -0.005498731995089    -0.019399403952709
51 69
     0.004104967202575     0.002933853180543    -0.006310344750677
     0.002933853180543     0.000717245355476    -0.003643279240483
    -0.002213714923879    -0.001278088907211    -0.011258548041397
51 70
     0.004104967202575    -0.002933853180543     0.006310344750677
    -0.002933853180543     0.000717245355476    -0.003643279240483
     0.002213714923879    -0.001278088907211    -0.011258548041397
51 71
    -0.136787745056362    -0.402301370853429    -0.019987554629887
    -0.439318188097780    -0.622697023972097    -0.060086120440591
     0.042042329401460     0.047352790289307     0.228150812533388
51 72
    -0.136787745056362     0.402301370853429     0.019987554629887
     0.439318188097780    -0.622697023972097    -0.060086120440591
    -0.042042329401460     0.047352790289307     0.228150812533388
51 73
     0.024172545660356    -0.011900189128249    -0.024276975820193
    -0.011900189128249     0.010431390867151     0.014016318524898
     0.027462905591881    -0.015855715936202    -0.036313415263588
51 74
    -0.000976615568073     0.000000000000000     0.000000000000000
     0.000000000000000     0.005798828126124     0.007286558480965
     0.000000000000000     0.002556177814421    -0.011258548041397
51 75
     0.024172545660356     0.011900189128249     0.024276975820193
     0.011900189128249     0.010431390867151     0.014016318524898
    -0.027462905591881    -0.015855715936202    -0.036313415263588
51 76
     0.046036690048825     0.000000000000000     0.000000000000000
     0.000000000000000     0.046036690048825     0.000000000000000
     0.000000000000000     0.000000000000000    -0.088502516675339
51 77
    -0.010756023394980    -0.008607712417130     0.025631923280479
    -0.001857116675881    -0.003906569527256     0.067002595524800
    -0.022923895705997     0.010223507174784    -0.001021409855713
51 78
    -0.003968352719682     0.010713382448114    -0.007228690432568
     0.007684519316514     0.002745619160459     0.009127321692132
     0.003742114570284     0.004560750546847     0.017641520676657
51 79
    -0.003968352719682    -0.010713382448114     0.007228690432568
    -0.007684519316514     0.002745619160459     0.009127321692132
    -0.003742114570284     0.004560750546847     0.017641520676657
51 80
    -0.010756023394980     0.008607712417130    -0.025631923280479
     0.001857116675881    -0.003906569527256     0.067002595524800
     0.022923895705997     0.010223507174784    -0.001021409855713
51 81
    -0.010150336914592    -0.002206809928378     0.070841911484210
    -0.008957405669627    -0.004512256007644    -0.011303401053652
    -0.002608130923863    -0.024964429622490    -0.001021409855713
51 82
     0.005977902269503    -0.000196121460342    -0.010366888849679
    -0.000196121460342     0.006204363825347    -0.005985326068021
     0.006339289324449     0.003659990397941     0.019099610206954
51 83
     0.003202389031568     0.000000000000000     0.000000000000000
     0.000000000000000    -0.003119062969402    -0.011435255335116
     0.000000000000000    -0.000388092749170     0.014930493430899
51 84
     0.005977902269503     0.000196121460342     0.010366888849679
     0.000196121460342     0.006204363825347    -0.005985326068021
    -0.006339289324449     0.003659990397941     0.019099610206954
51 85
    -0.010150336914592     0.002206809928378    -0.070841911484210
     0.008957405669627    -0.004512256007644    -0.011303401053652
     0.002608130923863    -0.024964429622490    -0.001021409855713
51 86
     0.009033651342673     0.000177808771109     0.004290147237615
     0.003206671902709    -0.010256384901895    -0.010823890396763
     0.005820783119035     0.000960391008315     0.017641520676657
51 87
    -0.001538699969160     0.002737269010822    -0.009903221618972
     0.002737269010822     0.001622026031325     0.005717627667558
    -0.000336098179806     0.000194046374585     0.014930493430899
51 88
    -0.001538699969160    -0.002737269010822     0.009903221618972
    -0.002737269010822     0.001622026031325     0.005717627667558
     0.000336098179806     0.000194046374585     0.014930493430899
51 89
     0.009033651342673    -0.000177808771109    -0.004290147237615
    -0.003206671902709    -0.010256384901895    -0.010823890396763
    -0.005820783119035     0.000960391008315     0.017641520676657
51 90
    -0.004991882386325     0.000000000000000     0.000000000000000
     0.000000000000000     0.009270168159569     0.026713080308676
     0.000000000000000    -0.001882036945443     0.016119078261283
51 91
    -0.006899398961825    -0.005992278979605     0.011518837670182
    -0.009021142111205     0.005676665402602     0.001696568704631
     0.002078668548751    -0.005521141555161     0.017641520676657
51 92
     0.006317594603270     0.000000000000000     0.000000000000000
     0.000000000000000     0.005864671491580     0.011970652136042
     0.000000000000000    -0.007319980795883     0.019099610206954
51 93
    -0.006899398961825     0.005992278979605    -0.011518837670183
     0.009021142111205     0.005676665402602     0.001696568704631
    -0.002078668548751    -0.005521141555161     0.017641520676657
51 94
     0.002676173111832    -0.000129415980558     0.018052197868554
    -0.000129415980558     0.002825609814258     0.010422441298874
     0.003671441235205     0.002119707585459     0.009666621786085
51 95
     0.002676173111832     0.000129415980558    -0.018052197868554
     0.000129415980558     0.002825609814258     0.010422441298874
    -0.003671441235205     0.002119707585459     0.009666621786085
51 96
    -0.001087529073782    -0.003724991123121     0.045209988203731
     0.003025604618128    -0.013575063848454    -0.055699194471148
     0.020315764782134     0.014740922447707    -0.001021409855713
51 97
    -0.001087529073782     0.003724991123121    -0.045209988203731
    -0.003025604618128    -0.013575063848454    -0.055699194471148
    -0.020315764782134     0.014740922447707    -0.001021409855713
51 98
     0.005704655523096    -0.006175649041401     0.023134206160648
    -0.006175649041401    -0.001426369749852    -0.013356540154338
    -0.001629891805614     0.000941018472721     0.016119078261283
51 99
     0.002900328165471     0.000000000000000     0.000000000000000
     0.000000000000000     0.002601454760620    -0.020844882597748
     0.000000000000000    -0.004239415170919     0.009666621786085
51 100
     0.005704655523096     0.006175649041401    -0.023134206160648
     0.006175649041401    -0.001426369749852    -0.013356540154338
     0.001629891805614     0.000941018472721     0.016119078261283
51 101
    -0.073687002998607    -0.072544071185575    -0.147706273824856
    -0.072544071185575     0.010079675055599    -0.085278256953777
    -0.112309036116987    -0.064841652234570    -0.174994098550255
51 102
     0.009721795945414     0.001815960187883     0.007142587517557
     0.006800243308516     0.009469499522372    -0.006321758410700
    -0.000120251040671    -0.005289297535528    -0.005251486953676
51 103
     0.003248548193733     0.000000000000000     0.000000000000000
     0.000000000000000     0.007048541536113     0.004554805695974
     0.000000000000000    -0.003058044373720    -0.003032176215691
51 104
     0.009721795945414    -0.001815960187883    -0.007142587517557
    -0.006800243308516     0.009469499522372    -0.006321758410700
     0.000120251040671    -0.005289297535528    -0.005251486953676
51 105
    -0.073687002998607     0.072544071185575     0.147706273824856
     0.072544071185575     0.010079675055599    -0.085278256953777
     0.112309036116987    -0.064841652234570    -0.174994098550255
51 106
     0.013263499184162     0.004755439990236    -0.001903509621475
    -0.000228843130397     0.005927796283625     0.009346541444308
    -0.004640791554278     0.002540508311711    -0.005251486953676
51 107
    -0.002473018902379     0.000655995942984    -0.004838069895457
     0.000655995942984    -0.003230497770917    -0.002793260956500
    -0.002445600220577    -0.001411967945680    -0.003761005031560
51 108
    -0.002473018902379    -0.000655995942984     0.004838069895457
    -0.000655995942984    -0.003230497770917    -0.002793260956500
     0.002445600220577    -0.001411967945680    -0.003761005031560
51 109
     0.013263499184162    -0.004755439990236     0.001903509621475
     0.000228843130397     0.005927796283625     0.009346541444308
     0.004640791554278     0.002540508311711    -0.005251486953676
51 110
    -0.005520368423488     0.000000000000000     0.000000000000000
     0.000000000000000    -0.010124979977453    -0.007984765310554
     0.000000000000000     0.015709217243535     0.010270407331570
51 111
     0.006098543200518    -0.001645445384357     0.003944577442016
    -0.001645445384357     0.004198546529328    -0.002277402847987
    -0.002648344113541     0.001529022186860    -0.003032176215691
51 112
    -0.003609237205187     0.000000000000000     0.000000000000000
     0.000000000000000    -0.002094279468110     0.005586521913001
     0.000000000000000     0.002823935891361    -0.003761005031560
51 113
     0.006098543200518     0.001645445384357    -0.003944577442016
     0.001645445384357     0.004198546529328    -0.002277402847987
     0.002648344113541     0.001529022186860    -0.003032176215691
51 114
    -0.001586067693213    -0.006927301169453     0.000432637240343
    -0.002495662381891     0.001685513094475    -0.003096798736818
     0.001067981862874     0.001308604076114    -0.005613795856142
51 115
    -0.001586067693213     0.006927301169453    -0.000432637240343
     0.002495662381891     0.001685513094475    -0.003096798736818
    -0.001067981862874     0.001308604076114    -0.005613795856142
51 116
     0.005801648072104    -0.004536944878597    -0.009046097139033
     0.000447338242036     0.013389647395683    -0.003024783033608
    -0.004520540513606     0.002748789223817    -0.005251486953676
51 117
     0.005801648072104     0.004536944878597     0.009046097139033
    -0.000447338242036     0.013389647395683    -0.003024783033608
     0.004520540513606     0.002748789223817    -0.005251486953676
51 118
    -0.003212645009647    -0.001556557530390    -0.002465587756320
    -0.005988196317952     0.003312090410908     0.001923074209169
     0.001667275304848     0.000270597385973    -0.005613795856142
51 119
     0.003999222882224     0.000000000000000     0.000000000000000
     0.000000000000000     0.003999222882224     0.000000000000000
     0.000000000000000     0.000000000000000     0.005198298646316
51 120
    -0.003212645009647     0.001556557530390     0.002465587756320
     0.005988196317952     0.003312090410908     0.001923074209169
    -0.001667275304848     0.000270597385973    -0.005613795856142
51 121
     0.051963014082702     0.000000000000000     0.000000000000000
     0.000000000000000    -0.115570342025710     0.170556513907554
     0.000000000000000     0.129683304469140    -0.174994098550255
51 122
    -0.008973827088962     0.001993855290147    -0.006915009602197
     0.001993855290147    -0.006671521311979     0.003992382655277
     0.013604581206470    -0.007854608621768     0.010270407331570
51 123
     0.004947880804752    -0.001276714542281    -0.002898224996664
     0.003154924245282    -0.004848435403490     0.001173724527649
     0.000599293441974    -0.001579201462087    -0.005613795856142
51 124
     0.004947880804752     0.001276714542281     0.002898224996664
    -0.003154924245282    -0.004848435403490     0.001173724527649
    -0.000599293441974    -0.001579201462087    -0.005613795856142
51 125
    -0.008973827088962    -0.001993855290147     0.006915009602197
    -0.001993855290147    -0.006671521311979     0.003992382655277
    -0.013604581206470    -0.007854608621768     0.010270407331570
51 126
    -0.000606593139406     0.017993905804629    -0.041465381972111
     0.017993905804629    -0.021384165859557    -0.023940049443649
     0.012327281591212     0.007117159345062     0.005920165257434
51 127
     0.003890381788315     0.000401098084882     0.014449610748896
    -0.006956004171296    -0.006801478513729    -0.019820001359882
     0.005943726843996     0.005005914389571    -0.014544160171167
51 128
    -0.000709169182904     0.000000000000000     0.000000000000000
     0.000000000000000    -0.005472056554397    -0.004170482536878
     0.000000000000000    -0.001753381863388    -0.012178435822171
51 129
     0.003890381788315    -0.000401098084882    -0.014449610748896
     0.006956004171296    -0.006801478513729    -0.019820001359882
    -0.005943726843996     0.005005914389571    -0.014544160171167
51 130
    -0.000606593139406    -0.017993905804629     0.041465381972111
    -0.017993905804629    -0.021384165859557    -0.023940049443649
    -0.012327281591212     0.007117159345062     0.005920165257434
51 131
    -0.006966871033346    -0.000687566332051    -0.009939819306252
     0.006669535924128     0.004055774307932     0.022423730663281
     0.007307112452536     0.002644461245270    -0.014544160171167
51 132
     0.003816357423893    -0.000979173813797     0.001174884708285
    -0.000979173813797     0.004947009953851     0.000678320002595
    -0.000829154411042    -0.000478712522415    -0.013634905732879
51 133
     0.003816357423893     0.000979173813797    -0.001174884708285
     0.000979173813797     0.004947009953851     0.000678320002595
     0.000829154411042    -0.000478712522415    -0.013634905732879
51 134
    -0.006966871033346     0.000687566332051     0.009939819306252
    -0.006669535924128     0.004055774307932     0.022423730663281
    -0.007307112452536     0.002644461245270    -0.014544160171167
51 135
     0.019227010170684     0.000000000000000     0.000000000000000
     0.000000000000000     0.009947896254861    -0.023298717203927
     0.000000000000000    -0.002329381982740    -0.020281176685780
51 136
    -0.004281334711524     0.002062390729538    -0.003611743822976
     0.002062390729538    -0.001899891025777     0.002085241268439
    -0.001518473236229     0.000876690931694    -0.012178435822171
51 137
     0.005512336218830     0.000000000000000     0.000000000000000
     0.000000000000000     0.003251031158914    -0.001356640005190
     0.000000000000000     0.000957425044829    -0.013634905732879
51 138
    -0.004281334711524    -0.002062390729538     0.003611743822976
    -0.002062390729538    -0.001899891025777     0.002085241268439
     0.001518473236229     0.000876690931694    -0.012178435822171
51 139
     0.003253177159659     0.004098966655235    -0.013922496665647
     0.004914631423799     0.001637224134313    -0.008203478779442
     0.000035448267096     0.001459629462204    -0.013344831864162
51 140
     0.003253177159659    -0.004098966655235     0.013922496665647
    -0.004914631423799     0.001637224134313    -0.008203478779442
    -0.000035448267096     0.001459629462204    -0.013344831864162
51 141
    -0.001290155843090     0.009946988967335    -0.024389430055148
     0.002589886711157    -0.001620940882324    -0.002603729303399
     0.001363385608541    -0.007650375634841    -0.014544160171167
51 142
    -0.001290155843090    -0.009946988967335     0.024389430055148
    -0.002589886711157    -0.001620940882324    -0.002603729303399
    -0.001363385608541    -0.007650375634841    -0.014544160171167
51 143
     0.005944214848623     0.003360960089677    -0.014065669355227
     0.002545295321113    -0.001053813554650    -0.007955496406833
     0.001281800327929    -0.000699115631277    -0.013344831864162
51 144
    -0.001026289052066     0.000000000000000     0.000000000000000
     0.000000000000000    -0.001026289052066     0.000000000000000
     0.000000000000000     0.000000000000000     0.001400130903366
51 145
     0.005944214848623    -0.003360960089677     0.014065669355227
    -0.002545295321113    -0.001053813554650    -0.007955496406833
    -0.001281800327929    -0.000699115631277    -0.013344831864162
51 146
    -0.031772952219632     0.000000000000000     0.000000000000000
     0.000000000000000     0.009782193220670     0.047880098887298
     0.000000000000000    -0.014234318690125     0.005920165257434
51 147
     0.012267674733817     0.004017974187856    -0.020177280974191
     0.004017974187856     0.016907231691728     0.011649358601964
    -0.002017303972170     0.001164690991370    -0.020281176685780
51 148
    -0.001861790067323    -0.001961503718404    -0.000143172689580
    -0.001145838949840     0.006752191361296     0.016158975186275
     0.001246352060833    -0.000760513830928    -0.013344831864162
51 149
    -0.001861790067323     0.001961503718404     0.000143172689580
     0.001145838949840     0.006752191361296     0.016158975186275
    -0.001246352060833    -0.000760513830928    -0.013344831864162
51 150
     0.012267674733817    -0.004017974187856     0.020177280974191
    -0.004017974187856     0.016907231691728     0.011649358601964
     0.002017303972170     0.001164690991370    -0.020281176685780
76 1
    -0.012011826629810    -0.036309906492403    -0.039223116177284
    -0.036309906492403     0.029915241945468    -0.022645476683411
    -0.031218997764271    -0.018024296763032    -0.053182869759778
76 2
    -0.012011826629810     0.036309906492403     0.039223116177284
     0.036309906492403     0.029915241945468    -0.022645476683411
     0.031218997764271    -0.018024296763032    -0.053182869759778
76 3
     0.017195132359423    -0.004461994115872    -0.004851046936907
     0.005088910875811    -0.010686910320792    -0.021354078693916
     0.003061139853135     0.013555234497801     0.011600078304260
76 4
    -0.008228354542635     0.000000000000000     0.000000000000000
     0.000000000000000     0.005914449188874     0.000088135076581
     0.000000000000000    -0.004243882171267     0.000798727278424
76 5
     0.017195132359423     0.004461994115872     0.004851046936907
    -0.005088910875811    -0.010686910320792    -0.021354078693916
    -0.003061139853135     0.013555234497801     0.011600078304260
76 6
     0.050878776233107     0.000000000000000     0.000000000000000
     0.000000000000000    -0.032975360917449     0.045290953366822
     0.000000000000000     0.036048593526065    -0.053182869759778
76 7
    -0.027786904722197    -0.027347762122014     0.033258395578542
    -0.027347762122014     0.003791570923560     0.019201743640086
    -0.001313367486487    -0.000758273071868    -0.056459144242733
76 8
     0.000343526665354     0.013736822349972     0.004495230179816
     0.000046654550589     0.001194958973289     0.007014102403883
    -0.004699144561799     0.002214095008284    -0.010218896950107
76 9
     0.000343526665354    -0.013736822349972    -0.004495230179816
    -0.000046654550589     0.001194958973289     0.007014102403883
     0.004699144561799     0.002214095008284    -0.010218896950107
76 10
    -0.027786904722197     0.027347762122014    -0.033258395578542
     0.027347762122014     0.003791570923560     0.019201743640086
     0.001313367486487    -0.000758273071868    -0.056459144242732
76 11
    -0.003444936730655     0.017005460321061    -0.020918698091797
     0.007454555329377     0.009953158769286     0.006475909464646
     0.013269747355918    -0.004126592371548     0.011600078304260
76 12
     0.006950521470486    -0.003767895678688     0.008322005956417
     0.009922272120695    -0.005412035831843     0.000385932329638
    -0.000432109757333    -0.005176626070715    -0.010218896950107
76 13
     0.002352083287626     0.000000000000000     0.000000000000000
     0.000000000000000     0.002352083287626     0.000000000000000
     0.000000000000000     0.000000000000000     0.008825561970538
76 14
     0.006950521470486     0.003767895678688    -0.008322005956417
    -0.009922272120695    -0.005412035831843     0.000385932329638
     0.000432109757333    -0.005176626070715    -0.010218896950107
76 15
    -0.003444936730655    -0.017005460321061     0.020918698091797
    -0.007454555329377     0.009953158769286     0.006475909464646
    -0.013269747355918    -0.004126592371548     0.011600078304260
76 16
     0.002378748255997    -0.006124013656112     0.000076327215283
    -0.006124013656112    -0.004692653609758    -0.000044067538290
    -0.003675309770985     0.002121941085633     0.000798727278424
76 17
    -0.004986319677876     0.003030533670414     0.003826775776600
    -0.010659634128969     0.006524805316519    -0.007400034733521
     0.004267034804466     0.002962531062431    -0.010218896950107
76 18
    -0.004986319677876    -0.003030533670414    -0.003826775776600
     0.010659634128969     0.006524805316519    -0.007400034733521
    -0.004267034804466     0.002962531062431    -0.010218896950107
76 19
     0.002378748255997     0.006124013656112    -0.000076327215283
     0.006124013656112    -0.004692653609758    -0.000044067538290
     0.003675309770985     0.002121941085633     0.000798727278424
76 20
    -0.000750649951399     0.000000000000000     0.000000000000000
     0.000000000000000    -0.007643522529986    -0.002939491994823
     0.000000000000000     0.000692492124234    -0.007714749113415
76 21
    -0.003987862570821     0.007141096949408    -0.016067651154890
     0.016692001941091     0.010496084609452     0.014878169229270
     0.010208607502783    -0.009428642126252     0.011600078304260
76 22
     0.019580808746439     0.000000000000000     0.000000000000000
     0.000000000000000    -0.043576142545075    -0.038403487280173
     0.000000000000000     0.001516546143736    -0.056459144242732
76 23
    -0.003987862570821    -0.007141096949408     0.016067651154890
    -0.016692001941091     0.010496084609452     0.014878169229270
    -0.010208607502783    -0.009428642126252     0.011600078304260
76 24
    -0.005920304385339     0.002984701379053    -0.002545674741738
     0.002984701379053    -0.002473868096046     0.001469745997412
     0.000599715771508    -0.000346246062117    -0.007714749113414
76 25
    -0.005920304385339    -0.002984701379053     0.002545674741738
    -0.002984701379053    -0.002473868096046     0.001469745997412
    -0.000599715771508    -0.000346246062117    -0.007714749113414
76 26
     0.002237156331418     0.000000000000000     0.000000000000000
     0.000000000000000     0.002237156331418     0.000000000000000
     0.000000000000000     0.000000000000000     0.001725482246261
76 27
    -0.003361354654193     0.002385830645410    -0.006119567544269
    -0.003988122977449    -0.003545503445505    -0.001754089126044
    -0.003539034535882    -0.000430804022796     0.000591154672171
76 28
     0.001624846973480    -0.002113087681515    -0.000018367824219
     0.001452824650207    -0.000072328336214    -0.001393408924924
    -0.003718115769085    -0.003222234715405    -0.011345657661469
76 29
     0.001624846973480     0.002113087681515     0.000018367824219
    -0.001452824650207    -0.000072328336214    -0.001393408924924
     0.003718115769085    -0.003222234715405    -0.011345657661469
76 30
    -0.003361354654193    -0.002385830645410     0.006119567544269
     0.003988122977449    -0.003545503445505    -0.001754089126044
     0.003539034535882    -0.000430804022796     0.000591154672171
76 31
    -0.004193279179594    -0.003507811128763    -0.004578869515791
     0.002866142494096    -0.002713578920104    -0.004422656390489
    -0.002142604495735    -0.002849491801546     0.000591154672171
76 32
     0.004376820049339     0.001945487954286    -0.004094328455183
     0.001945487954286     0.002130364061114    -0.002363861635751
    -0.000813411953935    -0.000469623610566     0.003235399603469
76 33
    -0.001037544754878     0.000000000000000     0.000000000000000
     0.000000000000000     0.000475808939822     0.002533666648599
     0.000000000000000    -0.001921139188065    -0.003219756237715
76 34
     0.004376820049339    -0.001945487954286     0.004094328455183
    -0.001945487954286     0.002130364061114    -0.002363861635751
     0.000813411953935    -0.000469623610566     0.003235399603469
76 35
    -0.004193279179594     0.003507811128763     0.004578869515791
    -0.002866142494096    -0.002713578920104    -0.004422656390489
     0.002142604495735    -0.002849491801546     0.000591154672171
76 36
     0.000066063212063     0.002352788874470    -0.001215911438953
    -0.001213123457253     0.001486455425203     0.000680797460076
    -0.004649595005040    -0.001608865352536    -0.011345657661469
76 37
     0.000097470516147    -0.000655301372261     0.002194219682408
    -0.000655301372261    -0.000659206331203    -0.001266833324299
    -0.001663755341070     0.000960569594033    -0.003219756237715
76 38
     0.000097470516147     0.000655301372261    -0.002194219682408
     0.000655301372261    -0.000659206331203    -0.001266833324299
     0.001663755341070     0.000960569594033    -0.003219756237715
76 39
     0.000066063212063    -0.002352788874470     0.001215911438953
     0.001213123457253     0.001486455425203     0.000680797460076
     0.004649595005040    -0.001608865352536    -0.011345657661469
76 40
    -0.003800458024828     0.000000000000000     0.000000000000000
     0.000000000000000     0.000765779699676    -0.000009954275021
     0.000000000000000    -0.000293612926299    -0.005243524903768
76 41
     0.000637867770356    -0.000882991941599    -0.001197543614735
     0.002682920390124     0.000914650866910     0.000712611464848
    -0.000931479235955     0.004831100067942    -0.011345657661469
76 42
     0.001007136067002     0.000000000000000     0.000000000000000
     0.000000000000000     0.005500048043452     0.004727723271502
     0.000000000000000     0.000939247221133     0.003235399603469
76 43
     0.000637867770356     0.000882991941599     0.001197543614735
    -0.002682920390124     0.000914650866910     0.000712611464848
     0.000931479235955     0.004831100067942    -0.011345657661469
76 44
    -0.000968278082143    -0.001979185386069     0.000459795415110
    -0.001979185386069     0.001317088348704     0.000265463006686
     0.000334827765944     0.000193312900800    -0.002017242678849
76 45
    -0.000968278082143     0.001979185386069    -0.000459795415110
     0.001979185386069     0.001317088348704     0.000265463006686
    -0.000334827765944     0.000193312900800    -0.002017242678849
76 46
    -0.002805653315760     0.003667288660116     0.001540698028478
    -0.002706664962744    -0.004101204783938     0.006176745516533
     0.001396430040147     0.003280295824342     0.000591154672171
76 47
    -0.002805653315760    -0.003667288660116    -0.001540698028478
     0.002706664962744    -0.004101204783938     0.006176745516533
    -0.001396430040147     0.003280295824342     0.000591154672171
76 48
    -0.000375779731450    -0.001977238934569    -0.000008620655045
    -0.001977238934569    -0.002658898593702     0.000004977137511
    -0.000254276253054     0.000146806463149    -0.005243524903768
76 49
     0.002459771564127     0.000000000000000     0.000000000000000
     0.000000000000000    -0.002110961297566    -0.000530926013372
     0.000000000000000    -0.000386625801600    -0.002017242678849
76 50
    -0.000375779731450     0.001977238934569     0.000008620655045
     0.001977238934569    -0.002658898593702     0.000004977137511
     0.000254276253054     0.000146806463149    -0.005243524903768
76 51
     0.046036690048825     0.000000000000000     0.000000000000000
     0.000000000000000     0.046036690048825     0.000000000000000
     0.000000000000000     0.000000000000000    -0.088502516675339
76 52
    -0.010756023394980     0.001857116675881     0.022923895705997
     0.008607712417130    -0.003906569527256     0.010223507174784
    -0.025631923280479     0.067002595524800    -0.001021409855713
76 53
    -0.003968352719682    -0.007684519316514    -0.003742114570284
    -0.010713382448114     0.002745619160459     0.004560750546847
     0.007228690432568     0.009127321692132     0.017641520676657
76 54
    -0.003968352719682     0.007684519316514     0.003742114570284
     0.010713382448114     0.002745619160459     0.004560750546847
    -0.007228690432568     0.009127321692132     0.017641520676657
76 55
    -0.010756023394980    -0.001857116675881    -0.022923895705997
    -0.008607712417130    -0.003906569527256     0.010223507174784
     0.025631923280479     0.067002595524800    -0.001021409855713
76 56
    -0.001087529073782     0.003025604618128     0.020315764782134
    -0.003724991123121    -0.013575063848454     0.014740922447707
     0.045209988203731    -0.055699194471148    -0.001021409855713
76 57
     0.005704655523096     0.006175649041401     0.001629891805614
     0.006175649041401    -0.001426369749852     0.000941018472721
    -0.023134206160648    -0.013356540154338     0.016119078261283
76 58
     0.002900328165471     0.000000000000000     0.000000000000000
     0.000000000000000     0.002601454760620    -0.004239415170919
     0.000000000000000    -0.020844882597748     0.009666621786085
76 59
     0.005704655523096    -0.006175649041401    -0.001629891805614
    -0.006175649041401    -0.001426369749852     0.000941018472721
     0.023134206160648    -0.013356540154338     0.016119078261283
76 60
    -0.001087529073782    -0.003025604618128    -0.020315764782134
     0.003724991123121    -0.013575063848454     0.014740922447707
    -0.045209988203731    -0.055699194471148    -0.001021409855713
76 61
    -0.006899398961825    -0.009021142111205     0.002078668548751
    -0.005992278979605     0.005676665402602    -0.005521141555161
     0.011518837670182     0.001696568704631     0.017641520676657
76 62
     0.002676173111832     0.000129415980558    -0.003671441235205
     0.000129415980558     0.002825609814258     0.002119707585459
    -0.018052197868554     0.010422441298874     0.009666621786085
76 63
     0.002676173111832    -0.000129415980558     0.003671441235205
    -0.000129415980558     0.002825609814258     0.002119707585459
     0.018052197868554     0.010422441298874     0.009666621786085
76 64
    -0.006899398961825     0.009021142111205    -0.002078668548751
     0.005992278979605     0.005676665402602    -0.005521141555161
    -0.011518837670183     0.001696568704631     0.017641520676657
76 65
     0.006317594603270     0.000000000000000     0.000000000000000
     0.000000000000000     0.005864671491580    -0.007319980795883
     0.000000000000000     0.011970652136042     0.019099610206954
76 66
     0.009033651342673     0.003206671902709     0.005820783119035
     0.000177808771109    -0.010256384901895     0.000960391008315
     0.004290147237615    -0.010823890396763     0.017641520676657
76 67
    -0.004991882386325     0.000000000000000     0.000000000000000
     0.000000000000000     0.009270168159569    -0.001882036945443
     0.000000000000000     0.026713080308676     0.016119078261283
76 68
     0.009033651342673    -0.003206671902709    -0.005820783119035
    -0.000177808771109    -0.010256384901895     0.000960391008315
    -0.004290147237615    -0.010823890396763     0.017641520676657
76 69
    -0.001538699969160    -0.002737269010822     0.000336098179806
    -0.002737269010822     0.001622026031325     0.000194046374585
     0.009903221618972     0.005717627667558     0.014930493430899
76 70
    -0.001538699969160     0.002737269010822    -0.000336098179806
     0.002737269010822     0.001622026031325     0.000194046374585
    -0.009903221618972     0.005717627667558     0.014930493430899
76 71
    -0.010150336914592    -0.008957405669627    -0.002608130923863
    -0.002206809928378    -0.004512256007644    -0.024964429622490
     0.070841911484210    -0.011303401053652    -0.001021409855713
76 72
    -0.010150336914592     0.008957405669627     0.002608130923863
     0.002206809928378    -0.004512256007644    -0.024964429622490
    -0.070841911484210    -0.011303401053652    -0.001021409855713
76 73
     0.005977902269503     0.000196121460342    -0.006339289324449
     0.000196121460342     0.006204363825347     0.003659990397941
     0.010366888849679    -0.005985326068021     0.019099610206954
76 74
     0.003202389031568     0.000000000000000     0.000000000000000
     0.000000000000000    -0.003119062969402    -0.000388092749170
     0.000000000000000    -0.011435255335116     0.014930493430899
76 75
     0.005977902269503    -0.000196121460342     0.006339289324449
    -0.000196121460342     0.006204363825347     0.003659990397941
    -0.010366888849679    -0.005985326068021     0.019099610206954
76 76
    14.436556323557323     0.000000000000000     0.000000000000000
     0.000000000000000    14.436556323557323     0.000000000000000
     0.000000000000000     0.000000000000000     4.354908291036605
76 77
    -2.285332676215424     0.434536231845280     0.093473418335002
    -0.434536231845280     0.277230145641863    -0.047701475863693
    -0.093473418335002    -0.047701475863693     1.612321137931435
76 78
    -0.038408195740025     0.048287511560881     0.019723114147830
    -0.048287511560881    -0.089691360315422     0.013660841336526
    -0.019723114147830     0.013660841336526    -0.030487086446258
76 79
    -0.038408195740025    -0.048287511560881    -0.019723114147830
     0.048287511560881    -0.089691360315422     0.013660841336526
     0.019723114147830     0.013660841336526    -0.030487086446258
76 80
    -2.285332676215424    -0.434536231845280    -0.093473418335002
     0.434536231845280     0.277230145641863    -0.047701475863693
     0.093473418335002    -0.047701475863693     1.612321137931435
76 81
    -0.363410559822459    -1.544158483106253     0.005426019271533
    -0.675086019415693    -1.644691970751103     0.104801092788529
    -0.088047399063469    -0.057099616924836     1.612321137931435
76 82
    -0.177201549463251    -0.036620256463733    -0.016085543676258
    -0.036620256463733    -0.134916119608992    -0.009286992971549
     0.000945881042853     0.000546104674712     0.180006881649651
76 83
    -0.002745138491970     0.000000000000000     0.000000000000000
     0.000000000000000    -0.081731292320519     0.020016509241996
     0.000000000000000     0.014716208269007     0.029555343050081
76 84
    -0.177201549463252     0.036620256463733     0.016085543676258
     0.036620256463733    -0.134916119608992    -0.009286992971549
    -0.000945881042853     0.000546104674712     0.180006881649651
76 85
    -0.363410559822459     1.544158483106253    -0.005426019271533
     0.675086019415694    -1.644691970751103     0.104801092788529
     0.088047399063469    -0.057099616924836     1.612321137931436
76 86
    -0.076870569171573    -0.026081249906505     0.021692192708415
     0.070493773215257    -0.051228986883874     0.010250297225498
     0.001969078560585    -0.023911138562024    -0.030487086446258
76 87
    -0.061984753863381     0.034202007881374     0.017334805498655
     0.034202007881374    -0.022491676949107    -0.010008254620998
     0.012744610208343    -0.007358104134504     0.029555343050081
76 88
    -0.061984753863381    -0.034202007881374    -0.017334805498655
    -0.034202007881374    -0.022491676949107    -0.010008254620998
    -0.012744610208343    -0.007358104134504     0.029555343050081
76 89
    -0.076870569171573     0.026081249906505    -0.021692192708415
    -0.070493773215257    -0.051228986883874     0.010250297225498
    -0.001969078560585    -0.023911138562024    -0.030487086446258
76 90
    -0.113773404681863     0.000000000000000     0.000000000000000
     0.000000000000000    -0.198344264390381    -0.001092209349425
     0.000000000000000     0.018573985943098     0.180006881649651
76 91
    -0.076870569171573     0.070493773215257     0.001969078560585
    -0.026081249906505    -0.051228986883874    -0.023911138562024
     0.021692192708415     0.010250297225498    -0.030487086446258
76 92
    -0.113773404681863     0.000000000000000     0.000000000000000
     0.000000000000000    -0.198344264390381     0.018573985943098
     0.000000000000000    -0.001092209349425     0.180006881649651
76 93
    -0.076870569171573    -0.070493773215257    -0.001969078560585
     0.026081249906505    -0.051228986883874    -0.023911138562024
    -0.021692192708415     0.010250297225498    -0.030487086446258
76 94
    -0.061984753863381    -0.034202007881374    -0.012744610208343
    -0.034202007881374    -0.022491676949107    -0.007358104134504
    -0.017334805498655    -0.010008254620998     0.029555343050081
76 95
    -0.061984753863381     0.034202007881374     0.012744610208343
     0.034202007881374    -0.022491676949107    -0.007358104134504
     0.017334805498655    -0.010008254620998     0.029555343050081
76 96
    -0.363410559822459    -0.675086019415693    -0.088047399063469
    -1.544158483106253    -1.644691970751103    -0.057099616924836
     0.005426019271533     0.104801092788529     1.612321137931435
76 97
    -0.363410559822459     0.675086019415694     0.088047399063469
     1.544158483106253    -1.644691970751103    -0.057099616924836
    -0.005426019271533     0.104801092788529     1.612321137931436
76 98
    -0.177201549463252     0.036620256463733    -0.000945881042853
     0.036620256463733    -0.134916119608992     0.000546104674712
     0.016085543676258    -0.009286992971549     0.180006881649651
76 99
    -0.002745138491970     0.000000000000000     0.000000000000000
     0.000000000000000    -0.081731292320519     0.014716208269007
     0.000000000000000     0.020016509241996     0.029555343050081
76 100
    -0.177201549463251    -0.036620256463733     0.000945881042853
    -0.036620256463733    -0.134916119608992     0.000546104674712
    -0.016085543676258    -0.009286992971549     0.180006881649651
76 101
    -1.874207989639685    -0.579823630416732     1.965810624994778
    -0.579823630416731    -1.204685331432475     1.134961293516561
     0.497574359353908     0.287274690314835    -2.297940161608957
76 102
     0.121117767349969     0.051259079528604     0.033121331922729
     0.100447832511950     0.093928284136296    -0.023237597911724
    -0.027118879198075     0.030612101111553    -0.037034569242090
76 103
     0.023771720348992     0.000000000000000     0.000000000000000
     0.000000000000000     0.047487074318716    -0.015682655620127
     0.000000000000000    -0.034959039642111    -0.006509274889935
76 104
     0.121117767349969    -0.051259079528604    -0.033121331922729
    -0.100447832511950     0.093928284136296    -0.023237597911724
     0.027118879198075     0.030612101111553    -0.037034569242090
76 105
    -1.874207989639686     0.579823630416731    -1.965810624994778
     0.579823630416731    -1.204685331432475     1.134961293516561
    -0.497574359353909     0.287274690314835    -2.297940161608956
76 106
     0.166416674818120     0.074294496091217    -0.003563684153117
     0.025105743107872     0.048629376668145     0.040302713808122
     0.012951417626785    -0.038791688863471    -0.037034569242090
76 107
     0.028645305424195    -0.004196941413257    -0.019639073700202
    -0.004196941413257     0.033491515933630    -0.011338624487446
     0.033754180287508     0.019487985075268     0.017799163650162
76 108
     0.028645305424195     0.004196941413257     0.019639073700202
     0.004196941413257     0.033491515933630    -0.011338624487446
    -0.033754180287508     0.019487985075268     0.017799163650162
76 109
     0.166416674818120    -0.074294496091217     0.003563684153117
    -0.025105743107872     0.048629376668145     0.040302713808122
    -0.012951417626785    -0.038791688863471    -0.037034569242090
76 110
    -0.217783306369697     0.000000000000000     0.000000000000000
     0.000000000000000     0.184267183222667    -0.036479707048495
     0.000000000000000    -0.136359915274975    -0.135141730260502
76 111
     0.041558235826285    -0.010269049498761    -0.013581578165833
    -0.010269049498761     0.029700558841423     0.007841327810063
    -0.030275416421975     0.017479519821055    -0.006509274889935
76 112
     0.035914621188347     0.000000000000000     0.000000000000000
     0.000000000000000     0.026222200169478     0.022677248974893
     0.000000000000000    -0.038975970150536     0.017799163650162
76 113
     0.041558235826285     0.010269049498761     0.013581578165833
     0.010269049498761     0.029700558841423     0.007841327810063
     0.030275416421975     0.017479519821055    -0.006509274889935
76 114
     0.029254578185733     0.009117612419827     0.011884658031980
     0.000862938184228     0.058155007946938     0.009974943226550
    -0.037001804905441     0.003344249178596    -0.006195554575194
76 115
     0.029254578185733    -0.009117612419827    -0.011884658031980
    -0.000862938184228     0.058155007946938     0.009974943226550
     0.037001804905441     0.003344249178596    -0.006195554575194
76 116
     0.035034635061309    -0.050747712912405    -0.036685016075846
    -0.001558959929060     0.180011416424956    -0.017065115896398
     0.040070296824860     0.008179587751918    -0.037034569242090
76 117
     0.035034635061309     0.050747712912405     0.036685016075846
     0.001558959929060     0.180011416424956    -0.017065115896398
    -0.040070296824860     0.008179587751918    -0.037034569242090
76 118
     0.055251605690071    -0.014146452643531     0.014580883251490
    -0.005891778407933     0.032157980442601     0.005304944157710
    -0.015604697707471    -0.033716627623286    -0.006195554575194
76 119
    -0.005713169055863     0.000000000000000     0.000000000000000
     0.000000000000000    -0.005713169055863     0.000000000000000
     0.000000000000000     0.000000000000000     0.004332134727117
76 120
     0.055251605690071     0.014146452643531    -0.014580883251490
     0.005891778407933     0.032157980442601     0.005304944157710
     0.015604697707471    -0.033716627623286    -0.006195554575194
76 121
    -0.869924002328869     0.000000000000000     0.000000000000000
     0.000000000000000    -2.208969318743293    -2.269922587033123
     0.000000000000000    -0.574549380629669    -2.297940161608957
76 122
     0.083754560824576    -0.174092968795479    -0.031592353026611
    -0.174092968795479    -0.117270683971606     0.018239853524247
    -0.118091150686022     0.068179957637487    -0.135141730260502
76 123
     0.046608195323203    -0.010882053709960     0.002696225219510
    -0.019136727945558     0.040801390809468    -0.015279887384260
     0.021397107197970     0.030372378444690    -0.006195554575194
76 124
     0.046608195323203     0.010882053709960    -0.002696225219510
     0.019136727945558     0.040801390809468    -0.015279887384260
    -0.021397107197970     0.030372378444690    -0.006195554575194
76 125
     0.083754560824576     0.174092968795479     0.031592353026611
     0.174092968795479    -0.117270683971606     0.018239853524247
     0.118091150686022     0.068179957637487    -0.135141730260502
76 126
    -1.872465471937876    -0.637393434914578    -2.175762248893605
    -0.637393434914577    -1.136466929482614    -1.256176920091348
    -0.619228023372716    -0.357511465983997    -2.123361849640563
76 127
     0.143609517616011     0.017618493183226    -0.074021806817293
     0.131624026032325     0.110891145602372     0.037612474437905
     0.062731830323626    -0.019440422296164     0.000443970122236
76 128
     0.048668727840112     0.000000000000000     0.000000000000000
     0.000000000000000     0.073522565356820     0.000399456491422
     0.000000000000000     0.030963593525183     0.041219566928108
76 129
     0.143609517616011    -0.017618493183226     0.074021806817293
    -0.131624026032325     0.110891145602372     0.037612474437905
    -0.062731830323626    -0.019440422296164     0.000443970122236
76 130
    -1.872465471937877     0.637393434914577     2.175762248893605
     0.637393434914577    -1.136466929482614    -1.256176920091348
     0.619228023372716    -0.357511465983997    -2.123361849640563
76 131
     0.183694645088509     0.108480866895578    -0.004437545046228
    -0.005524665953521     0.070806018129874    -0.082911002356753
     0.014530015593038     0.064047569834237     0.000443970122236
76 132
     0.031428051636022    -0.000106486575552     0.019037352703414
    -0.000106486575552     0.031551011742143     0.010991220707974
    -0.022641203581658    -0.013071904982647    -0.027539547231400
76 133
     0.031428051636022     0.000106486575552    -0.019037352703414
     0.000106486575552     0.031551011742143     0.010991220707974
     0.022641203581658    -0.013071904982647    -0.027539547231400
76 134
     0.183694645088509    -0.108480866895578     0.004437545046228
     0.005524665953521     0.070806018129874    -0.082911002356753
    -0.014530015593038     0.064047569834237     0.000443970122236
76 135
    -0.278478082646164     0.000000000000000     0.000000000000000
     0.000000000000000     0.154610416625030     0.004920329407798
     0.000000000000000     0.124915527800708    -0.299151156282676
76 136
     0.067309105977643    -0.010762027335500     0.000345939469278
    -0.010762027335500     0.054882187219289    -0.000199728245711
     0.026815258585264    -0.015481796762592     0.041219566928108
76 137
     0.031612491795203     0.000000000000000     0.000000000000000
     0.000000000000000     0.031366571582962    -0.021982441415947
     0.000000000000000     0.026143809965294    -0.027539547231400
76 138
     0.067309105977643     0.010762027335500    -0.000345939469278
     0.010762027335500     0.054882187219289    -0.000199728245711
    -0.026815258585264    -0.015481796762592     0.041219566928108
76 139
     0.043901717317130     0.010651181918852     0.009830176948318
     0.000114376211566     0.075206064257126    -0.008280198844131
     0.026758310348368     0.009532315327937    -0.028810678673597
76 140
     0.043901717317130    -0.010651181918852    -0.009830176948318
    -0.000114376211566     0.075206064257126    -0.008280198844131
    -0.026758310348368     0.009532315327937    -0.028810678673597
76 141
     0.054446832123055    -0.080145925561297     0.069584261771065
     0.033859607287803     0.200053831095329     0.045298527918848
    -0.048201814730589    -0.044607147538073     0.000443970122236
76 142
     0.054446832123055     0.080145925561297    -0.069584261771065
    -0.033859607287803     0.200053831095329     0.045298527918848
     0.048201814730589    -0.044607147538073     0.000443970122236
76 143
     0.072041600935557    -0.016132193170497    -0.002255774073245
    -0.005595387463212     0.047066180638699     0.012653282383005
     0.021634382405061     0.018407218860066    -0.028810678673597
76 144
     0.005513544364731     0.000000000000000     0.000000000000000
     0.000000000000000     0.005513544364731     0.000000000000000
     0.000000000000000     0.000000000000000     0.040270685797166
76 145
     0.072041600935557     0.016132193170497     0.002255774073245
     0.005595387463212     0.047066180638699     0.012653282383005
    -0.021634382405061     0.018407218860066    -0.028810678673597
76 146
    -0.768467658254983     0.000000000000000     0.000000000000000
     0.000000000000000    -2.240464743165508     2.512353840182697
     0.000000000000000     0.715022931967995    -2.123361849640564
76 147
     0.046338291807231    -0.187532821227866     0.004261130262141
    -0.187532821227866    -0.170205957828366    -0.002460164703899
     0.108180020402554    -0.062457763900354    -0.299151156282676
76 148
     0.062718354108697    -0.010978166528421    -0.012085951021563
    -0.021514972235706     0.056389427465559    -0.004373083538874
    -0.005123927943306    -0.027939534188003    -0.028810678673597
76 149
     0.062718354108697     0.010978166528421     0.012085951021563
     0.021514972235706     0.056389427465559    -0.004373083538874
     0.005123927943306    -0.027939534188003    -0.028810678673597
76 150
     0.046338291807231     0.187532821227866    -0.004261130262141
     0.187532821227866    -0.170205957828366    -0.002460164703899
    -0.108180020402554    -0.062457763900354    -0.299151156282676
101 1
    -0.016253697710899    -0.011310015529763    -0.027339849841571
    -0.011310015529763    -0.003194016689604    -0.015784669665635
    -0.042916492760973    -0.024777848648222    -0.050757444073172
101 2
    -0.026021593525404     0.000000000000000     0.000000000000000
     0.000000000000000     0.023487390537333     0.062558626325580
     0.000000000000000     0.076331387632430     0.105854155678134
101 3
    -0.016253697710899     0.011310015529763     0.027339849841571
     0.011310015529763    -0.003194016689604    -0.015784669665635
     0.042916492760973    -0.024777848648222    -0.050757444073172
101 4
    -0.001616507721182    -0.003491162209067    -0.000048920530863
     0.001287107894828    -0.000098361055282     0.002286023014488
    -0.011698399494037     0.001837501624058     0.005000119833686
101 5
    -0.001616507721182     0.003491162209067     0.000048920530863
    -0.001287107894828    -0.000098361055282     0.002286023014488
     0.011698399494037     0.001837501624058     0.005000119833686
101 6
     0.011110144521649    -0.021438018956944     0.054177359623810
    -0.021438018956944    -0.013644347509720    -0.031279313162790
     0.066104920795801    -0.038165693816215     0.105854155678134
101 7
     0.011110144521649     0.021438018956944    -0.054177359623810
     0.021438018956944    -0.013644347509720    -0.031279313162790
    -0.066104920795801    -0.038165693816215     0.105854155678134
101 8
     0.001865330678434     0.007990783393353    -0.000376627428894
    -0.005239917716025     0.000436923319978     0.001326196350828
    -0.000782320037882     0.019071868739960     0.012353894611179
101 9
     0.000187452181700     0.000000000000000     0.000000000000000
     0.000000000000000     0.006849038604052    -0.000952878188249
     0.000000000000000    -0.011786922902443     0.009063421463141
101 10
     0.001865330678434    -0.007990783393353     0.000376627428894
     0.005239917716025     0.000436923319978     0.001326196350828
     0.000782320037882     0.019071868739960     0.012353894611179
101 11
     0.003335823821043     0.000000000000000     0.000000000000000
     0.000000000000000    -0.022783538221546     0.031569339331270
     0.000000000000000     0.049555697296444    -0.050757444073172
101 12
     0.001985184939074    -0.005309115605670     0.000960206015776
     0.007921585503709     0.000317069059338    -0.000989267096598
     0.016125562807507    -0.010213443396675     0.012353894611179
101 13
    -0.002495279520462     0.000339184008465     0.002140002005283
     0.000339184008465    -0.002886935477646     0.001235530733817
    -0.003118568833458    -0.001800506555483    -0.000010443307121
101 14
    -0.002495279520462    -0.000339184008465    -0.002140002005283
    -0.000339184008465    -0.002886935477646     0.001235530733817
     0.003118568833458    -0.001800506555483    -0.000010443307121
101 15
     0.001985184939074     0.005309115605670    -0.000960206015776
    -0.007921585503709     0.000317069059338    -0.000989267096598
    -0.016125562807507    -0.010213443396675     0.012353894611179
101 16
    -0.001432281235483     0.001180744683718     0.001955293738751
    -0.003597525420177    -0.000282587540981    -0.001185377929738
    -0.004257876661089    -0.011049861957484     0.005000119833686
101 17
     0.005183641998464    -0.002884551535631    -0.000825216717736
    -0.002884551535631     0.001852848787288     0.000476439094125
    -0.010207774665964     0.005893461451221     0.009063421463141
101 18
    -0.003082763456238     0.000000000000000     0.000000000000000
     0.000000000000000    -0.002299451541870    -0.002471061467633
     0.000000000000000     0.003601013110967    -0.000010443307121
101 19
     0.005183641998464     0.002884551535631     0.000825216717736
     0.002884551535631     0.001852848787288     0.000476439094125
     0.010207774665964     0.005893461451221     0.009063421463141
101 20
    -0.001432281235483    -0.001180744683718    -0.001955293738751
     0.003597525420177    -0.000282587540981    -0.001185377929738
     0.004257876661089    -0.011049861957484     0.005000119833686
101 21
     0.000476485791969    -0.002495498263057     0.002004214269614
     0.002282771840837    -0.002191354568433    -0.001100645084750
     0.007440522832948     0.009212360333426     0.005000119833686
101 22
    -0.000397134619890     0.006546152665045     0.001336833444670
    -0.006684548444333     0.002699388618302    -0.000336929254229
     0.016907882845388    -0.008858425343285     0.012353894611179
101 23
    -0.000397134619890    -0.006546152665045    -0.001336833444670
     0.006684548444333     0.002699388618302    -0.000336929254229
    -0.016907882845388    -0.008858425343285     0.012353894611179
101 24
     0.000476485791969     0.002495498263057    -0.002004214269614
    -0.002282771840837    -0.002191354568433    -0.001100645084750
    -0.007440522832948     0.009212360333426     0.005000119833686
101 25
     0.006598349675584     0.000000000000000     0.000000000000000
     0.000000000000000     0.006598349675584     0.000000000000000
     0.000000000000000     0.000000000000000     0.006230274900233
101 26
     0.000244325977639     0.000193856083657    -0.005268773013942
     0.000193856083657     0.000020480253471    -0.003041927517898
     0.004975907487641     0.002872841527452    -0.009456272072107
101 27
     0.000244325977639    -0.000193856083657     0.005268773013942
    -0.000193856083657     0.000020480253471    -0.003041927517898
    -0.004975907487641     0.002872841527452    -0.009456272072107
101 28
    -0.001406641400381    -0.002000560333863    -0.000983117804827
    -0.000032952551852     0.000800479114158    -0.001919761028840
     0.001707387120669    -0.002550104393038     0.004939824635560
101 29
     0.000371279814317     0.000000000000000     0.000000000000000
     0.000000000000000     0.000438700812234    -0.000249432249169
     0.000000000000000     0.001512530499634     0.002577501487705
101 30
    -0.001406641400381     0.002000560333863     0.000983117804827
     0.000032952551852     0.000800479114158    -0.001919761028840
    -0.001707387120669    -0.002550104393038     0.004939824635560
101 31
    -0.000091442608612     0.000000000000000     0.000000000000000
     0.000000000000000     0.000356248839722     0.006083855035797
     0.000000000000000    -0.005745683054904    -0.009456272072107
101 32
    -0.001026573851159    -0.000920815812712     0.002339146503099
    -0.000920815812712     0.000036692663528     0.001350506863238
     0.005075305500954     0.002930228997195    -0.001520136077076
101 33
     0.000408500989837    -0.001097064470256    -0.001092728808933
     0.000332969905480    -0.000631861735415     0.001679236150237
    -0.001888662798102     0.001421909814846     0.004063556449604
101 34
     0.000408500989837     0.001097064470256     0.001092728808933
    -0.000332969905480    -0.000631861735415     0.001679236150237
     0.001888662798102     0.001421909814846     0.004063556449604
101 35
    -0.001026573851159     0.000920815812712    -0.002339146503099
     0.000920815812712     0.000036692663528     0.001350506863238
    -0.005075305500954     0.002930228997195    -0.001520136077076
101 36
    -0.000631837923453    -0.000480285547826    -0.002154120722585
    -0.002447893329837     0.000025675637230     0.000108475520527
    -0.001354761626339     0.002753692817113     0.004939824635560
101 37
    -0.000702633706097     0.000974483821283     0.000907896760592
    -0.000455550554452     0.000479272960519    -0.001785948983102
     0.000287078622496    -0.002346584869762     0.004063556449604
101 38
    -0.000037046522260     0.000000000000000     0.000000000000000
     0.000000000000000    -0.000037046522260     0.000000000000000
     0.000000000000000     0.000000000000000    -0.000256292923036
101 39
    -0.000702633706097    -0.000974483821283    -0.000907896760592
     0.000455550554452     0.000479272960519    -0.001785948983102
    -0.000287078622496    -0.002346584869762     0.004063556449604
101 40
    -0.000631837923453     0.000480285547826     0.002154120722585
     0.002447893329837     0.000025675637230     0.000108475520527
     0.001354761626339     0.002753692817113     0.004939824635560
101 41
     0.000421845562755    -0.000029194148472    -0.000216014664303
    -0.000029194148472     0.000388135063796     0.000124716124585
     0.001309889836682    -0.000756265249817     0.002577501487705
101 42
    -0.000040908402107    -0.000073503272064     0.002000625569525
     0.001356531103671    -0.000182452343471     0.000106712832865
     0.002175741420598     0.000924675054916     0.004063556449604
101 43
    -0.000040908402107     0.000073503272064    -0.002000625569525
    -0.001356531103671    -0.000182452343471     0.000106712832865
    -0.002175741420598     0.000924675054916     0.004063556449604
101 44
     0.000421845562755     0.000029194148472     0.000216014664303
     0.000029194148472     0.000388135063796     0.000124716124585
    -0.001309889836682    -0.000756265249817     0.002577501487705
101 45
     0.000374198147299     0.000000000000000     0.000000000000000
     0.000000000000000    -0.001038547316114    -0.001922783937185
     0.000000000000000     0.001623121721464     0.003320259032057
101 46
     0.001129235894499    -0.001431136886979    -0.001171002917758
     0.000536470895032    -0.001735398180723     0.001811285508313
    -0.003062148747008    -0.000203588424075     0.004939824635560
101 47
     0.000568325920871     0.000000000000000     0.000000000000000
     0.000000000000000    -0.001558207108502    -0.002701013726476
     0.000000000000000    -0.005860457994391    -0.001520136077076
101 48
     0.001129235894499     0.001431136886979     0.001171002917758
    -0.000536470895032    -0.001735398180723     0.001811285508313
     0.003062148747008    -0.000203588424075     0.004939824635560
101 49
    -0.000685360950261     0.000611736730198    -0.001665179735591
     0.000611736730198     0.000021011781445     0.000961391968593
     0.001405664644222    -0.000811560860732     0.003320259032057
101 50
    -0.000685360950261    -0.000611736730198     0.001665179735591
    -0.000611736730198     0.000021011781445     0.000961391968593
    -0.001405664644222    -0.000811560860732     0.003320259032057
101 51
    -0.073687002998607    -0.072544071185575    -0.112309036116987
    -0.072544071185575     0.010079675055599    -0.064841652234570
    -0.147706273824856    -0.085278256953777    -0.174994098550255
101 52
    -0.073687002998607     0.072544071185575     0.112309036116987
     0.072544071185575     0.010079675055599    -0.064841652234570
     0.147706273824856    -0.085278256953777    -0.174994098550255
101 53
     0.009721795945414    -0.006800243308516     0.000120251040671
    -0.001815960187883     0.009469499522372    -0.005289297535528
    -0.007142587517557    -0.006321758410700    -0.005251486953676
101 54
     0.003248548193733     0.000000000000000     0.000000000000000
     0.000000000000000     0.007048541536113    -0.003058044373720
     0.000000000000000     0.004554805695974    -0.003032176215691
101 55
     0.009721795945414     0.006800243308516    -0.000120251040671
     0.001815960187883     0.009469499522372    -0.005289297535528
     0.007142587517557    -0.006321758410700    -0.005251486953676
101 56
     0.051963014082702     0.000000000000000     0.000000000000000
     0.000000000000000    -0.115570342025710     0.129683304469140
     0.000000000000000     0.170556513907554    -0.174994098550255
101 57
    -0.008973827088962    -0.001993855290147    -0.013604581206470
    -0.001993855290147    -0.006671521311979    -0.007854608621768
     0.006915009602197     0.003992382655277     0.010270407331570
101 58
     0.004947880804752    -0.003154924245282    -0.000599293441974
     0.001276714542281    -0.004848435403490    -0.001579201462087
     0.002898224996664     0.001173724527649    -0.005613795856142
101 59
     0.004947880804752     0.003154924245282     0.000599293441974
    -0.001276714542281    -0.004848435403490    -0.001579201462087
    -0.002898224996664     0.001173724527649    -0.005613795856142
101 60
    -0.008973827088962     0.001993855290147     0.013604581206470
     0.001993855290147    -0.006671521311979    -0.007854608621768
    -0.006915009602197     0.003992382655277     0.010270407331570
101 61
     0.005801648072104     0.000447338242036    -0.004520540513606
    -0.004536944878597     0.013389647395683     0.002748789223817
    -0.009046097139033    -0.003024783033608    -0.005251486953676
101 62
    -0.003212645009647     0.005988196317952    -0.001667275304848
     0.001556557530390     0.003312090410908     0.000270597385973
     0.002465587756320     0.001923074209169    -0.005613795856142
101 63
     0.003999222882224     0.000000000000000     0.000000000000000
     0.000000000000000     0.003999222882224     0.000000000000000
     0.000000000000000     0.000000000000000     0.005198298646316
101 64
    -0.003212645009647    -0.005988196317952     0.001667275304848
    -0.001556557530390     0.003312090410908     0.000270597385973
    -0.002465587756320     0.001923074209169    -0.005613795856142
101 65
     0.005801648072104    -0.000447338242036     0.004520540513606
     0.004536944878597     0.013389647395683     0.002748789223817
     0.009046097139033    -0.003024783033608    -0.005251486953676
101 66
     0.006098543200518    -0.001645445384357    -0.002648344113541
    -0.001645445384357     0.004198546529328     0.001529022186860
     0.003944577442016    -0.002277402847987    -0.003032176215691
101 67
    -0.001586067693213     0.002495662381891    -0.001067981862874
     0.006927301169453     0.001685513094475     0.001308604076114
    -0.000432637240343    -0.003096798736818    -0.005613795856142
101 68
    -0.001586067693213    -0.002495662381891     0.001067981862874
    -0.006927301169453     0.001685513094475     0.001308604076114
     0.000432637240343    -0.003096798736818    -0.005613795856142
101 69
     0.006098543200518     0.001645445384357     0.002648344113541
     0.001645445384357     0.004198546529328     0.001529022186860
    -0.003944577442016    -0.002277402847987    -0.003032176215691
101 70
    -0.003609237205187     0.000000000000000     0.000000000000000
     0.000000000000000    -0.002094279468110     0.002823935891361
     0.000000000000000     0.005586521913001    -0.003761005031560
101 71
     0.013263499184162    -0.000228843130397    -0.004640791554278
     0.004755439990236     0.005927796283625     0.002540508311711
    -0.001903509621475     0.009346541444308    -0.005251486953676
101 72
    -0.005520368423488     0.000000000000000     0.000000000000000
     0.000000000000000    -0.010124979977453     0.015709217243535
     0.000000000000000    -0.007984765310554     0.010270407331570
101 73
     0.013263499184162     0.000228843130397     0.004640791554278
    -0.004755439990236     0.005927796283625     0.002540508311711
     0.001903509621475     0.009346541444308    -0.005251486953676
101 74
    -0.002473018902379    -0.000655995942984     0.002445600220577
    -0.000655995942984    -0.003230497770917    -0.001411967945680
     0.004838069895457    -0.002793260956500    -0.003761005031560
101 75
    -0.002473018902379     0.000655995942984    -0.002445600220577
     0.000655995942984    -0.003230497770917    -0.001411967945680
    -0.004838069895457    -0.002793260956500    -0.003761005031560
101 76
    -1.874207989639685    -0.579823630416731     0.497574359353908
    -0.579823630416732    -1.204685331432475     0.287274690314835
     1.965810624994778     1.134961293516561    -2.297940161608957
101 77
    -1.874207989639686     0.579823630416731    -0.497574359353909
     0.579823630416731    -1.204685331432475     0.287274690314835
    -1.965810624994778     1.134961293516561    -2.297940161608956
101 78
     0.121117767349969    -0.100447832511950     0.027118879198075
    -0.051259079528604     0.093928284136296     0.030612101111553
    -0.033121331922729    -0.023237597911724    -0.037034569242090
101 79
     0.023771720348992     0.000000000000000     0.000000000000000
     0.000000000000000     0.047487074318716    -0.034959039642111
     0.000000000000000    -0.015682655620127    -0.006509274889935
101 80
     0.121117767349969     0.100447832511950    -0.027118879198075
     0.051259079528604     0.093928284136296     0.030612101111553
     0.033121331922729    -0.023237597911724    -0.037034569242090
101 81
    -0.869924002328869     0.000000000000000     0.000000000000000
     0.000000000000000    -2.208969318743293    -0.574549380629669
     0.000000000000000    -2.269922587033123    -2.297940161608957
101 82
     0.083754560824576     0.174092968795479     0.118091150686022
     0.174092968795479    -0.117270683971606     0.068179957637487
     0.031592353026611     0.018239853524247    -0.135141730260502
101 83
     0.046608195323203     0.019136727945558    -0.021397107197970
     0.010882053709960     0.040801390809468     0.030372378444690
    -0.002696225219510    -0.015279887384260    -0.006195554575194
101 84
     0.046608195323203    -0.019136727945558     0.021397107197970
    -0.010882053709960     0.040801390809468     0.030372378444690
     0.002696225219510    -0.015279887384260    -0.006195554575194
101 85
     0.083754560824576    -0.174092968795479    -0.118091150686022
    -0.174092968795479    -0.117270683971606     0.068179957637487
    -0.031592353026611     0.018239853524247    -0.135141730260502
101 86
     0.035034635061309    -0.001558959929060     0.040070296824860
    -0.050747712912405     0.180011416424956     0.008179587751918
    -0.036685016075846    -0.017065115896398    -0.037034569242090
101 87
     0.055251605690071     0.005891778407933     0.015604697707471
     0.014146452643531     0.032157980442601    -0.033716627623286
    -0.014580883251490     0.005304944157710    -0.006195554575194
101 88
    -0.005713169055863     0.000000000000000     0.000000000000000
     0.000000000000000    -0.005713169055863     0.000000000000000
     0.000000000000000     0.000000000000000     0.004332134727117
101 89
     0.055251605690071    -0.005891778407933    -0.015604697707471
    -0.014146452643531     0.032157980442601    -0.033716627623286
     0.014580883251490     0.005304944157710    -0.006195554575194
101 90
     0.035034635061309     0.001558959929060    -0.040070296824860
     0.050747712912405     0.180011416424956     0.008179587751918
     0.036685016075846    -0.017065115896398    -0.037034569242090
101 91
     0.041558235826285    -0.010269049498761    -0.030275416421975
    -0.010269049498761     0.029700558841423     0.017479519821055
    -0.013581578165833     0.007841327810063    -0.006509274889935
101 92
     0.029254578185733    -0.000862938184228     0.037001804905441
    -0.009117612419827     0.058155007946938     0.003344249178596
    -0.011884658031980     0.009974943226550    -0.006195554575194
101 93
     0.029254578185733     0.000862938184228    -0.037001804905441
     0.009117612419827     0.058155007946938     0.003344249178596
     0.011884658031980     0.009974943226550    -0.006195554575194
101 94
     0.041558235826285     0.010269049498761     0.030275416421975
     0.010269049498761     0.029700558841423     0.017479519821055
     0.013581578165833     0.007841327810063    -0.006509274889935
101 95
     0.035914621188347     0.000000000000000     0.000000000000000
     0.000000000000000     0.026222200169478    -0.038975970150536
     0.000000000000000     0.022677248974893     0.017799163650162
101 96
     0.166416674818120     0.025105743107872     0.012951417626785
     0.074294496091217     0.048629376668145    -0.038791688863471
    -0.003563684153117     0.040302713808122    -0.037034569242090
101 97
    -0.217783306369697     0.000000000000000     0.000000000000000
     0.000000000000000     0.184267183222667    -0.136359915274975
     0.000000000000000    -0.036479707048495    -0.135141730260502
101 98
     0.166416674818120    -0.025105743107872    -0.012951417626785
    -0.074294496091217     0.048629376668145    -0.038791688863471
     0.003563684153117     0.040302713808122    -0.037034569242090
101 99
     0.028645305424195     0.004196941413257    -0.033754180287508
     0.004196941413257     0.033491515933630     0.019487985075268
     0.019639073700202    -0.011338624487446     0.017799163650162
101 100
     0.028645305424195    -0.004196941413257     0.033754180287508
    -0.004196941413257     0.033491515933630     0.019487985075268
    -0.019639073700202    -0.011338624487446     0.017799163650162
101 101
     6.049532485116283     0.000000000000000     0.000000000000000
     0.000000000000000     6.049532485116283     0.000000000000000
     0.000000000000000     0.000000000000000    10.964531770255189
101 102
    -1.001834970870935    -0.024474660912288    -0.095810978347713
     0.024474660912288    -0.003914109892593    -0.001682743039103
     0.095810978347713    -0.001682743039103     0.202500357200333
101 103
    -0.069300844353706     0.000176133266220    -0.020405019780607
    -0.000176133266220    -0.023768111557715     0.011035560043397
     0.020405019780607     0.011035560043397    -0.007373296592292
101 104
    -0.069300844353706    -0.000176133266220     0.020405019780607
     0.000176133266220    -0.023768111557715     0.011035560043397
    -0.020405019780607     0.011035560043397    -0.007373296592292
101 105
    -1.001834970870935     0.024474660912288     0.095810978347713
    -0.024474660912288    -0.003914109892593    -0.001682743039103
    -0.095810978347713    -0.001682743039103     0.202500357200333
101 106
    -0.253394325137178    -0.407637747374553    -0.049362787393761
    -0.456587069199130    -0.752354755626349    -0.082133369691009
     0.046448190953952     0.083816112730112     0.202500357200333
101 107
     0.008078043439831     0.004198942919635     0.005586484312374
     0.004198942919635     0.003229521789905     0.003225358221572
    -0.001804640667571    -0.001041909775212    -0.028626916634822
101 108
    -0.009026308928366     0.000000000000000     0.000000000000000
     0.000000000000000    -0.000174643027350     0.016051281682638
     0.000000000000000     0.004240787681217     0.006933343126642
101 109
     0.008078043439831    -0.004198942919635    -0.005586484312374
    -0.004198942919635     0.003229521789905     0.003225358221572
     0.001804640667571    -0.001041909775212    -0.028626916634822
101 110
    -0.253394325137178     0.407637747374553     0.049362787393761
     0.456587069199130    -0.752354755626349    -0.082133369691009
    -0.046448190953952     0.083816112730112     0.202500357200333
101 111
    -0.035151294756712    -0.019892384918749    -0.000645434547733
    -0.019540118386309    -0.057917661154708    -0.023189045516428
     0.019759585232874     0.012153485473031    -0.007373296592292
101 112
    -0.002387559502604    -0.003832883768046     0.013900817700465
    -0.003832883768046    -0.006813392453112    -0.008025640841319
     0.003672629863990    -0.002120393840608     0.006933343126642
101 113
    -0.002387559502604     0.003832883768046    -0.013900817700465
     0.003832883768046    -0.006813392453112    -0.008025640841319
    -0.003672629863990    -0.002120393840608     0.006933343126642
101 114
    -0.035151294756712     0.019892384918749     0.000645434547733
     0.019540118386309    -0.057917661154708    -0.023189045516428
    -0.019759585232874     0.012153485473031    -0.007373296592292
101 115
     0.000805260964942     0.000000000000000     0.000000000000000
     0.000000000000000     0.010502304264794     0.002083819550425
     0.000000000000000    -0.006450716443145    -0.028626916634823
101 116
    -0.035151294756712    -0.019540118386309     0.019759585232874
    -0.019892384918749    -0.057917661154708     0.012153485473031
    -0.000645434547733    -0.023189045516428    -0.007373296592292
101 117
     0.000805260964942     0.000000000000000     0.000000000000000
     0.000000000000000     0.010502304264794    -0.006450716443145
     0.000000000000000     0.002083819550425    -0.028626916634823
101 118
    -0.035151294756712     0.019540118386309    -0.019759585232874
     0.019892384918749    -0.057917661154708     0.012153485473031
     0.000645434547733    -0.023189045516428    -0.007373296592292
101 119
    -0.002387559502604     0.003832883768046    -0.003672629863990
     0.003832883768046    -0.006813392453112    -0.002120393840608
    -0.013900817700465    -0.008025640841319     0.006933343126642
101 120
    -0.002387559502604    -0.003832883768046     0.003672629863990
    -0.003832883768046    -0.006813392453112    -0.002120393840608
     0.013900817700465    -0.008025640841319     0.006933343126642
101 121
    -0.253394325137178    -0.456587069199130     0.046448190953952
    -0.407637747374553    -0.752354755626349     0.083816112730112
    -0.049362787393761    -0.082133369691009     0.202500357200333
101 122
    -0.253394325137178     0.456587069199130    -0.046448190953952
     0.407637747374553    -0.752354755626349     0.083816112730112
     0.049362787393761    -0.082133369691009     0.202500357200333
101 123
     0.008078043439831    -0.004198942919635     0.001804640667571
    -0.004198942919635     0.003229521789905    -0.001041909775212
    -0.005586484312374     0.003225358221572    -0.028626916634822
101 124
    -0.009026308928366     0.000000000000000     0.000000000000000
     0.000000000000000    -0.000174643027350     0.004240787681217
     0.000000000000000     0.016051281682638     0.006933343126642
101 125
     0.008078043439831     0.004198942919635    -0.001804640667571
     0.004198942919635     0.003229521789905    -0.001041909775212
     0.005586484312374     0.003225358221572    -0.028626916634822
101 126
     1.286797151829926     0.000000000000000     0.000000000000000
     0.000000000000000     1.286797151829926     0.000000000000000
     0.000000000000000     0.000000000000000    -3.127038930990316
101 127
    -0.167380812763357    -0.230494981615650    -0.114839093594668
     0.240025774514147     0.240477054826163     0.163304345237287
    -0.115830367194090    -0.098730667973784    -0.174286160667616
101 128
    -0.021587087661374    -0.011126141731407     0.023527604582690
     0.007937008048435    -0.017539902216746     0.010244090976993
     0.013311331260387     0.011832155762338    -0.004603259046616
101 129
    -0.021587087661374     0.011126141731407    -0.023527604582690
    -0.007937008048435    -0.017539902216746     0.010244090976993
    -0.013311331260387     0.011832155762338    -0.004603259046616
101 130
    -0.167380812763357     0.230494981615650     0.114839093594668
    -0.240025774514147     0.240477054826163     0.163304345237287
     0.115830367194090    -0.098730667973784    -0.174286160667616
101 131
     0.142639542312936     0.061035439056586     0.084006164726541
    -0.409485317073211    -0.069543300250130    -0.181105745019205
    -0.143418450194949    -0.050946706532870    -0.174286160667616
101 132
    -0.086787472355102    -0.034110230197290     0.001867383125363
    -0.034110230197290    -0.047400371182051     0.001078134150108
     0.004484474528578     0.002589112576249     0.009542606434268
101 133
    -0.011523778753268     0.000000000000000     0.000000000000000
     0.000000000000000    -0.027332720751727    -0.028828720849066
     0.000000000000000     0.003766109976359    -0.013252351585528
101 134
    -0.086787472355102     0.034110230197290    -0.001867383125363
     0.034110230197290    -0.047400371182051     0.001078134150108
    -0.004484474528578     0.002589112576249     0.009542606434268
101 135
     0.142639542312936    -0.061035439056586    -0.084006164726541
     0.409485317073211    -0.069543300250130    -0.181105745019205
     0.143418450194949    -0.050946706532870    -0.174286160667616
101 136
    -0.019932633970662     0.006981808764741     0.020635445316100
    -0.012081341015101    -0.019194355907458     0.015253457770308
     0.016902613101913     0.005611873148516    -0.004603259046616
101 137
    -0.023380485252113     0.006845472688810    -0.024966404613901
     0.006845472688810    -0.015476014252883     0.014414360424533
     0.003261546912973    -0.001883054988180    -0.013252351585528
101 138
    -0.023380485252113    -0.006845472688810     0.024966404613901
    -0.006845472688810    -0.015476014252883     0.014414360424533
    -0.003261546912973    -0.001883054988180    -0.013252351585528
101 139
    -0.019932633970662    -0.006981808764741    -0.020635445316100
     0.012081341015101    -0.019194355907458     0.015253457770308
    -0.016902613101913     0.005611873148516    -0.004603259046616
101 140
    -0.024109406792078     0.000000000000000     0.000000000000000
     0.000000000000000    -0.101004166194797     0.032831998612812
     0.000000000000000     0.026593551739345    -0.001134357806990
101 141
    -0.017170763185144    -0.010486774173615    -0.002892159266590
     0.008576375606227    -0.021956226692976    -0.025497548747302
     0.003591281841526    -0.017444028910855    -0.004603259046616
101 142
    -0.027706820595526     0.000000000000000     0.000000000000000
     0.000000000000000    -0.106481022941628    -0.002156268300217
     0.000000000000000    -0.005178225152498     0.009542606434268
101 143
    -0.017170763185144     0.010486774173615     0.002892159266590
    -0.008576375606227    -0.021956226692976    -0.025497548747302
    -0.003591281841526    -0.017444028910855    -0.004603259046616
101 144
    -0.022889675685601    -0.005954053781129     0.016525418078269
    -0.005954053781129    -0.016014526578992     0.009540954575959
    -0.010650095835613    -0.006148835697587    -0.012195927713752
101 145
    -0.022889675685601     0.005954053781129    -0.016525418078269
     0.005954053781129    -0.016014526578992     0.009540954575959
     0.010650095835613    -0.006148835697587    -0.012195927713752
101 146
     0.134385633544630    -0.414250713522459     0.198845258321209
     0.056270042607337    -0.061289391481824     0.017801399781918
    -0.027588083000858     0.149677374506654    -0.174286160667616
101 147
     0.134385633544630     0.414250713522459    -0.198845258321209
    -0.056270042607337    -0.061289391481824     0.017801399781918
     0.027588083000858     0.149677374506654    -0.174286160667616
101 148
    -0.081780476344117     0.033296407530323     0.028433344855711
     0.033296407530323    -0.043333096642758    -0.016415999306406
     0.023030691383128    -0.013296775869672    -0.001134357806990
101 149
    -0.012576952025688     0.000000000000000     0.000000000000000
     0.000000000000000    -0.026327250238906    -0.019081909151919
     0.000000000000000     0.012297671395173    -0.012195927713752
101 150
    -0.081780476344117    -0.033296407530323    -0.028433344855711
    -0.033296407530323    -0.043333096642758    -0.016415999306406
    -0.023030691383128    -0.013296775869672    -0.001134357806990
126 1
     0.003028775790702     0.001166640785111     0.005373780180677
     0.001166640785111     0.001681655048039     0.003102553433880
    -0.014829960745667    -0.008562081828583    -0.008475598888340
126 2
    -0.000178728638434     0.000000000000000     0.000000000000000
     0.000000000000000    -0.001394761739516    -0.014821076793387
     0.000000000000000     0.044384905134803     0.084595408999725
126 3
     0.003028775790702    -0.001166640785111    -0.005373780180677
    -0.001166640785111     0.001681655048039     0.003102553433880
     0.014829960745667    -0.008562081828583    -0.008475598888340
126 4
    -0.001058312213755    -0.001288834297209    -0.000103558102511
     0.002801415235515    -0.001217090198329    -0.002933842521110
    -0.006331476092883     0.002521174969443     0.003565300997670
126 5
    -0.001058312213755     0.001288834297209     0.000103558102511
    -0.002801415235515    -0.001217090198329    -0.002933842521110
     0.006331476092883     0.002521174969443     0.003565300997670
126 6
    -0.001090753464246     0.000526557778690    -0.012835429014513
     0.000526557778690    -0.000482736913705     0.007410538396694
     0.038438455391301    -0.022192452567401     0.084595408999725
126 7
    -0.001090753464246    -0.000526557778690     0.012835429014513
    -0.000526557778690    -0.000482736913705     0.007410538396694
    -0.038438455391301    -0.022192452567401     0.084595408999725
126 8
     0.000793588060817    -0.003785690577440    -0.005864373234525
    -0.000742673879805    -0.003240405883776     0.009302312922692
     0.000337016182589     0.008283894302057     0.021874722560683
126 9
     0.000752417300067     0.000000000000000     0.000000000000000
     0.000000000000000     0.000704790175102     0.001754029408958
     0.000000000000000    -0.007207852233831     0.012721334468509
126 10
     0.000793588060817     0.003785690577440     0.005864373234525
     0.000742673879805    -0.003240405883776     0.009302312922692
    -0.000337016182589     0.008283894302057     0.021874722560683
126 11
     0.001008094676707     0.000000000000000     0.000000000000000
     0.000000000000000     0.003702336162034    -0.006205106867760
     0.000000000000000     0.017124163657165    -0.008475598888340
126 12
    -0.004192746726412     0.002136187851871     0.005123852687742
    -0.000906828845763     0.001745928903453    -0.009729852659718
     0.007342570999141    -0.003850082575419     0.021874722560683
126 13
    -0.001324021117632    -0.000068262093752    -0.002351889737343
    -0.000068262093752    -0.001245198841226    -0.001357864172960
    -0.000426156439018    -0.000246041534784     0.001192558297115
126 14
    -0.001324021117632     0.000068262093752     0.002351889737343
     0.000068262093752    -0.001245198841226    -0.001357864172960
     0.000426156439018    -0.000246041534784     0.001192558297115
126 15
    -0.004192746726412    -0.002136187851871    -0.005123852687742
     0.000906828845763     0.001745928903453    -0.009729852659718
    -0.007342570999141    -0.003850082575419     0.021874722560683
126 16
    -0.000522428943259     0.002492022885039    -0.002592561205240
    -0.001598226647684    -0.001752973468825     0.001377237313013
    -0.000982336475518    -0.006743806624612     0.003565300997670
126 17
     0.000716696956343     0.000020623150065     0.001519034027143
     0.000020623150065     0.000740510518826    -0.000877014704479
    -0.006242183141222     0.003603926116916     0.012721334468509
126 18
    -0.001205787703022     0.000000000000000     0.000000000000000
     0.000000000000000    -0.001363432255835     0.002715728345919
     0.000000000000000     0.000492083069568     0.001192558297115
126 19
     0.000716696956343    -0.000020623150065    -0.001519034027143
    -0.000020623150065     0.000740510518826    -0.000877014704479
     0.006242183141222     0.003603926116916     0.012721334468509
126 20
    -0.000522428943259    -0.002492022885039     0.002592561205240
     0.001598226647684    -0.001752973468825     0.001377237313013
     0.000982336475518    -0.006743806624612     0.003565300997670
126 21
    -0.001832362461112    -0.002354517116837    -0.002489003102729
     0.001735732415887    -0.000443039950972     0.001556605208098
     0.005349139617365     0.004222631655169     0.003565300997670
126 22
    -0.000271068068843     0.001357353382859     0.010988225922266
     0.004400370080494    -0.002175749754116     0.000427539737026
     0.007005554816551    -0.004433811726637     0.021874722560683
126 23
    -0.000271068068843    -0.001357353382859    -0.010988225922266
    -0.004400370080494    -0.002175749754116     0.000427539737026
    -0.007005554816551    -0.004433811726637     0.021874722560683
126 24
    -0.001832362461112     0.002354517116837     0.002489003102729
    -0.001735732415887    -0.000443039950972     0.001556605208098
    -0.005349139617365     0.004222631655169     0.003565300997670
126 25
     0.000909979065299     0.000000000000000     0.000000000000000
     0.000000000000000     0.000909979065299     0.000000000000000
     0.000000000000000     0.000000000000000     0.007770373328639
126 26
     0.000024583959675    -0.000215439529241     0.001956692716010
    -0.000215439529241     0.000273352100078     0.001129697066310
     0.000971687836259     0.000561004233833    -0.001658179494041
126 27
     0.000024583959675     0.000215439529241    -0.001956692716010
     0.000215439529241     0.000273352100078     0.001129697066310
    -0.000971687836259     0.000561004233833    -0.001658179494041
126 28
    -0.000100300799610     0.001073859339843     0.002706339246315
     0.000501557276165     0.001033836815589     0.000671028562439
     0.003395468619156    -0.000982712315054     0.007459522979814
126 29
    -0.000855904995293     0.000000000000000     0.000000000000000
     0.000000000000000    -0.000354300036956     0.001347894232934
     0.000000000000000     0.001378555870100     0.005640690179321
126 30
    -0.000100300799610    -0.001073859339843    -0.002706339246315
    -0.000501557276165     0.001033836815589     0.000671028562439
    -0.003395468619156    -0.000982712315054     0.007459522979814
126 31
     0.000397736170280     0.000000000000000     0.000000000000000
     0.000000000000000    -0.000099800110526    -0.002259394132620
     0.000000000000000    -0.001122008467665    -0.001658179494041
126 32
    -0.000787900266950     0.000058823029605    -0.000133245197219
     0.000058823029605    -0.000855823250904    -0.000076929150483
     0.006528297339092     0.003769114226075    -0.004614741069768
126 33
    -0.000803789994340     0.000970461229954     0.001211764052851
     0.000278509112664    -0.000628285290669    -0.001677872109972
     0.000326480558062     0.001590843867109     0.003962980232508
126 34
    -0.000803789994340    -0.000970461229954    -0.001211764052851
    -0.000278509112664    -0.000628285290669    -0.001677872109972
    -0.000326480558062     0.001590843867109     0.003962980232508
126 35
    -0.000787900266950    -0.000058823029605     0.000133245197219
    -0.000058823029605    -0.000855823250904    -0.000076929150483
    -0.006528297339092     0.003769114226075    -0.004614741069768
126 36
     0.001432477817292    -0.000383392870912     0.001934297404895
     0.000188909192766    -0.000498941801313     0.002008244257348
     0.000846680480129     0.003431918239469     0.007459522979814
126 37
    -0.000131341443946    -0.000109729238921    -0.000847197845112
     0.000582222878369    -0.001300733841063     0.001888354508148
     0.001540951481402    -0.000512681476431     0.003962980232508
126 38
    -0.000631312823598     0.000000000000000     0.000000000000000
     0.000000000000000    -0.000631312823598     0.000000000000000
     0.000000000000000     0.000000000000000     0.004032947798831
126 39
    -0.000131341443946     0.000109729238921     0.000847197845112
    -0.000582222878369    -0.001300733841063     0.001888354508148
    -0.001540951481402    -0.000512681476431     0.003962980232508
126 40
     0.001432477817292     0.000383392870912    -0.001934297404895
    -0.000188909192766    -0.000498941801313     0.002008244257348
    -0.000846680480129     0.003431918239469     0.007459522979814
126 41
    -0.000479701276540    -0.000217201318292     0.001167310647336
    -0.000217201318292    -0.000730503755709    -0.000673947116467
     0.001193864404042    -0.000689277935050     0.005640690179321
126 42
    -0.001212981489228    -0.000042262292941    -0.002058961897963
    -0.000734214410231    -0.000219093795782    -0.000210482398176
     0.001214470923340    -0.001078162390678     0.003962980232508
126 43
    -0.001212981489228     0.000042262292941     0.002058961897963
     0.000734214410231    -0.000219093795782    -0.000210482398176
    -0.001214470923340    -0.001078162390678     0.003962980232508
126 44
    -0.000479701276540     0.000217201318292    -0.001167310647336
     0.000217201318292    -0.000730503755709    -0.000673947116467
    -0.001193864404042    -0.000689277935050     0.005640690179321
126 45
     0.000216756922357     0.000000000000000     0.000000000000000
     0.000000000000000    -0.000277902074984     0.000517181465800
     0.000000000000000     0.002219186658231     0.001867516405904
126 46
     0.000068127006286    -0.000598799115238    -0.000772041841421
    -0.001171101178916     0.000865409009693    -0.002679272819787
    -0.002548788139026    -0.002449205924415     0.007459522979814
126 47
    -0.000889784742881     0.000000000000000     0.000000000000000
     0.000000000000000    -0.000753938774974     0.000153858300966
     0.000000000000000    -0.007538228452149    -0.004614741069768
126 48
     0.000068127006286     0.000598799115238     0.000772041841421
     0.001171101178916     0.000865409009693    -0.002679272819787
     0.002548788139026    -0.002449205924415     0.007459522979814
126 49
    -0.000154237325649     0.000214193628954     0.000447892287749
     0.000214193628954     0.000093092173022    -0.000258590732900
     0.001921872021767    -0.001109593329115     0.001867516405904
126 50
    -0.000154237325649    -0.000214193628954    -0.000447892287749
    -0.000214193628954     0.000093092173022    -0.000258590732900
    -0.001921872021767    -0.001109593329115     0.001867516405904
126 51
    -0.000606593139406     0.017993905804629     0.012327281591212
     0.017993905804629    -0.021384165859557     0.007117159345062
    -0.041465381972111    -0.023940049443649     0.005920165257434
126 52
    -0.000606593139406    -0.017993905804629    -0.012327281591212
    -0.017993905804629    -0.021384165859557     0.007117159345062
     0.041465381972111    -0.023940049443649     0.005920165257434
126 53
     0.003890381788315     0.006956004171296    -0.005943726843996
    -0.000401098084882    -0.006801478513729     0.005005914389571
    -0.014449610748896    -0.019820001359882    -0.014544160171167
126 54
    -0.000709169182904     0.000000000000000     0.000000000000000
     0.000000000000000    -0.005472056554397    -0.001753381863388
     0.000000000000000    -0.004170482536878    -0.012178435822171
126 55
     0.003890381788315    -0.006956004171296     0.005943726843996
     0.000401098084882    -0.006801478513729     0.005005914389571
     0.014449610748896    -0.019820001359882    -0.014544160171167
126 56
    -0.031772952219632     0.000000000000000     0.000000000000000
     0.000000000000000     0.009782193220670    -0.014234318690125
     0.000000000000000     0.047880098887298     0.005920165257434
126 57
     0.012267674733817    -0.004017974187856     0.002017303972170
    -0.004017974187856     0.016907231691728     0.001164690991370
     0.020177280974191     0.011649358601964    -0.020281176685780
126 58
    -0.001861790067323     0.001145838949840    -0.001246352060833
     0.001961503718404     0.006752191361296    -0.000760513830928
     0.000143172689580     0.016158975186275    -0.013344831864162
126 59
    -0.001861790067323    -0.001145838949840     0.001246352060833
    -0.001961503718404     0.006752191361296    -0.000760513830928
    -0.000143172689580     0.016158975186275    -0.013344831864162
126 60
     0.012267674733817     0.004017974187856    -0.002017303972170
     0.004017974187856     0.016907231691728     0.001164690991370
    -0.020177280974191     0.011649358601964    -0.020281176685780
126 61
    -0.001290155843090     0.002589886711157     0.001363385608541
     0.009946988967335    -0.001620940882324    -0.007650375634841
    -0.024389430055148    -0.002603729303399    -0.014544160171167
126 62
     0.005944214848623    -0.002545295321113    -0.001281800327929
    -0.003360960089677    -0.001053813554650    -0.000699115631277
     0.014065669355227    -0.007955496406833    -0.013344831864162
126 63
    -0.001026289052066     0.000000000000000     0.000000000000000
     0.000000000000000    -0.001026289052066     0.000000000000000
     0.000000000000000     0.000000000000000     0.001400130903366
126 64
     0.005944214848623     0.002545295321113     0.001281800327929
     0.003360960089677    -0.001053813554650    -0.000699115631277
    -0.014065669355227    -0.007955496406833    -0.013344831864162
126 65
    -0.001290155843090    -0.002589886711157    -0.001363385608541
    -0.009946988967335    -0.001620940882324    -0.007650375634841
     0.024389430055148    -0.002603729303399    -0.014544160171167
126 66
    -0.004281334711524     0.002062390729538    -0.001518473236229
     0.002062390729538    -0.001899891025777     0.000876690931694
    -0.003611743822976     0.002085241268439    -0.012178435822171
126 67
     0.003253177159659    -0.004914631423799    -0.000035448267096
    -0.004098966655235     0.001637224134313     0.001459629462204
     0.013922496665647    -0.008203478779442    -0.013344831864162
126 68
     0.003253177159659     0.004914631423799     0.000035448267096
     0.004098966655235     0.001637224134313     0.001459629462204
    -0.013922496665647    -0.008203478779442    -0.013344831864162
126 69
    -0.004281334711524    -0.002062390729538     0.001518473236229
    -0.002062390729538    -0.001899891025777     0.000876690931694
     0.003611743822976     0.002085241268439    -0.012178435822171
126 70
     0.005512336218830     0.000000000000000     0.000000000000000
     0.000000000000000     0.003251031158914     0.000957425044829
     0.000000000000000    -0.001356640005190    -0.013634905732879
126 71
    -0.006966871033346     0.006669535924128     0.007307112452536
    -0.000687566332051     0.004055774307932     0.002644461245270
    -0.009939819306252     0.022423730663281    -0.014544160171167
126 72
     0.019227010170684     0.000000000000000     0.000000000000000
     0.000000000000000     0.009947896254861    -0.002329381982740
     0.000000000000000    -0.023298717203927    -0.020281176685780
126 73
    -0.006966871033346    -0.006669535924128    -0.007307112452536
     0.000687566332051     0.004055774307932     0.002644461245270
     0.009939819306252     0.022423730663281    -0.014544160171167
126 74
     0.003816357423893     0.000979173813797     0.000829154411042
     0.000979173813797     0.004947009953851    -0.000478712522415
    -0.001174884708285     0.000678320002595    -0.013634905732879
126 75
     0.003816357423893    -0.000979173813797    -0.000829154411042
    -0.000979173813797     0.004947009953851    -0.000478712522415
     0.001174884708285     0.000678320002595    -0.013634905732879
126 76
    -1.872465471937876    -0.637393434914577    -0.619228023372716
    -0.637393434914578    -1.136466929482614    -0.357511465983997
    -2.175762248893605    -1.256176920091348    -2.123361849640563
126 77
    -1.872465471937877     0.637393434914577     0.619228023372716
     0.637393434914577    -1.136466929482614    -0.357511465983997
     2.175762248893605    -1.256176920091348    -2.123361849640563
126 78
     0.143609517616011    -0.131624026032325    -0.062731830323626
    -0.017618493183226     0.110891145602372    -0.019440422296164
     0.074021806817293     0.037612474437905     0.000443970122236
126 79
     0.048668727840112     0.000000000000000     0.000000000000000
     0.000000000000000     0.073522565356820     0.030963593525183
     0.000000000000000     0.000399456491422     0.041219566928108
126 80
     0.143609517616011     0.131624026032325     0.062731830323626
     0.017618493183226     0.110891145602372    -0.019440422296164
    -0.074021806817293     0.037612474437905     0.000443970122236
126 81
    -0.768467658254983     0.000000000000000     0.000000000000000
     0.000000000000000    -2.240464743165508     0.715022931967995
     0.000000000000000     2.512353840182697    -2.123361849640564
126 82
     0.046338291807231     0.187532821227866    -0.108180020402554
     0.187532821227866    -0.170205957828366    -0.062457763900354
    -0.004261130262141    -0.002460164703899    -0.299151156282676
126 83
     0.062718354108697     0.021514972235706     0.005123927943306
     0.010978166528421     0.056389427465559    -0.027939534188003
     0.012085951021563    -0.004373083538874    -0.028810678673597
126 84
     0.062718354108697    -0.021514972235706    -0.005123927943306
    -0.010978166528421     0.056389427465559    -0.027939534188003
    -0.012085951021563    -0.004373083538874    -0.028810678673597
126 85
     0.046338291807231    -0.187532821227866     0.108180020402554
    -0.187532821227866    -0.170205957828366    -0.062457763900354
     0.004261130262141    -0.002460164703899    -0.299151156282676
126 86
     0.054446832123055     0.033859607287803    -0.048201814730589
    -0.080145925561297     0.200053831095329    -0.044607147538073
     0.069584261771065     0.045298527918848     0.000443970122236
126 87
     0.072041600935557     0.005595387463212    -0.021634382405061
     0.016132193170497     0.047066180638699     0.018407218860066
     0.002255774073245     0.012653282383005    -0.028810678673597
126 88
     0.005513544364731     0.000000000000000     0.000000000000000
     0.000000000000000     0.005513544364731     0.000000000000000
     0.000000000000000     0.000000000000000     0.040270685797166
126 89
     0.072041600935557    -0.005595387463212     0.021634382405061
    -0.016132193170497     0.047066180638699     0.018407218860066
    -0.002255774073245     0.012653282383005    -0.028810678673597
126 90
     0.054446832123055    -0.033859607287803     0.048201814730589
     0.080145925561297     0.200053831095329    -0.044607147538073
    -0.069584261771065     0.045298527918848     0.000443970122236
126 91
     0.067309105977643    -0.010762027335500     0.026815258585264
    -0.010762027335500     0.054882187219289    -0.015481796762592
     0.000345939469278    -0.000199728245711     0.041219566928108
126 92
     0.043901717317130    -0.000114376211566    -0.026758310348368
    -0.010651181918852     0.075206064257126     0.009532315327937
    -0.009830176948318    -0.008280198844131    -0.028810678673597
126 93
     0.043901717317130     0.000114376211566     0.026758310348368
     0.010651181918852     0.075206064257126     0.009532315327937
     0.009830176948318    -0.008280198844131    -0.028810678673597
126 94
     0.067309105977643     0.010762027335500    -0.026815258585264
     0.010762027335500     0.054882187219289    -0.015481796762592
    -0.000345939469278    -0.000199728245711     0.041219566928108
126 95
     0.031612491795203     0.000000000000000     0.000000000000000
     0.000000000000000     0.031366571582962     0.026143809965294
     0.000000000000000    -0.021982441415947    -0.027539547231400
126 96
     0.183694645088509    -0.005524665953521     0.014530015593038
     0.108480866895578     0.070806018129874     0.064047569834237
    -0.004437545046228    -0.082911002356753     0.000443970122236
126 97
    -0.278478082646164     0.000000000000000     0.000000000000000
     0.000000000000000     0.154610416625030     0.124915527800708
     0.000000000000000     0.004920329407798    -0.299151156282676
126 98
     0.183694645088509     0.005524665953521    -0.014530015593038
    -0.108480866895578     0.070806018129874     0.064047569834237
     0.004437545046228    -0.082911002356753     0.000443970122236
126 99
     0.031428051636022     0.000106486575552     0.022641203581658
     0.000106486575552     0.031551011742143    -0.013071904982647
    -0.019037352703414     0.010991220707974    -0.027539547231400
126 100
     0.031428051636022    -0.000106486575552    -0.022641203581658
    -0.000106486575552     0.031551011742143    -0.013071904982647
     0.019037352703414     0.010991220707974    -0.027539547231400
126 101
     1.286797151829926     0.000000000000000     0.000000000000000
     0.000000000000000     1.286797151829926     0.000000000000000
     0.000000000000000     0.000000000000000    -3.127038930990316
126 102
    -0.167380812763357    -0.240025774514147     0.115830367194090
     0.230494981615650     0.240477054826163    -0.098730667973784
     0.114839093594668     0.163304345237287    -0.174286160667616
126 103
    -0.021587087661374    -0.007937008048435    -0.013311331260387
     0.011126141731407    -0.017539902216746     0.011832155762338
    -0.023527604582690     0.010244090976993    -0.004603259046616
126 104
    -0.021587087661374     0.007937008048435     0.013311331260387
    -0.011126141731407    -0.017539902216746     0.011832155762338
     0.023527604582690     0.010244090976993    -0.004603259046616
126 105
    -0.167380812763357     0.240025774514147    -0.115830367194090
    -0.230494981615650     0.240477054826163    -0.098730667973784
    -0.114839093594668     0.163304345237287    -0.174286160667616
126 106
     0.134385633544630     0.056270042607337    -0.027588083000858
    -0.414250713522459    -0.061289391481824     0.149677374506654
     0.198845258321209     0.017801399781918    -0.174286160667616
126 107
    -0.081780476344117    -0.033296407530323    -0.023030691383128
    -0.033296407530323    -0.043333096642758    -0.013296775869672
    -0.028433344855711    -0.016415999306406    -0.001134357806990
126 108
    -0.012576952025688     0.000000000000000     0.000000000000000
     0.000000000000000    -0.026327250238906     0.012297671395173
     0.000000000000000    -0.019081909151919    -0.012195927713752
126 109
    -0.081780476344117     0.033296407530323     0.023030691383128
     0.033296407530323    -0.043333096642758    -0.013296775869672
     0.028433344855711    -0.016415999306406    -0.001134357806990
126 110
     0.134385633544630    -0.056270042607337     0.027588083000858
     0.414250713522459    -0.061289391481824     0.149677374506654
    -0.198845258321209     0.017801399781918    -0.174286160667616
126 111
    -0.017170763185144     0.008576375606227     0.003591281841526
    -0.010486774173615    -0.021956226692976    -0.017444028910855
    -0.002892159266590    -0.025497548747302    -0.004603259046616
126 112
    -0.022889675685601     0.005954053781129     0.010650095835613
     0.005954053781129    -0.016014526578992    -0.006148835697587
    -0.016525418078269     0.009540954575959    -0.012195927713752
126 113
    -0.022889675685601    -0.005954053781129    -0.010650095835613
    -0.005954053781129    -0.016014526578992    -0.006148835697587
     0.016525418078269     0.009540954575959    -0.012195927713752
126 114
    -0.017170763185144    -0.008576375606227    -0.003591281841526
     0.010486774173615    -0.021956226692976    -0.017444028910855
     0.002892159266590    -0.025497548747302    -0.004603259046616
126 115
    -0.027706820595526     0.000000000000000     0.000000000000000
     0.000000000000000    -0.106481022941628    -0.005178225152498
     0.000000000000000    -0.002156268300217     0.009542606434268
126 116
    -0.019932633970662    -0.012081341015101     0.016902613101913
     0.006981808764741    -0.019194355907458     0.005611873148516
     0.020635445316100     0.015253457770308    -0.004603259046616
126 117
    -0.024109406792078     0.000000000000000     0.000000000000000
     0.000000000000000    -0.101004166194797     0.026593551739345
     0.000000000000000     0.032831998612812    -0.001134357806990
126 118
    -0.019932633970662     0.012081341015101    -0.016902613101913
    -0.006981808764741    -0.019194355907458     0.005611873148516
    -0.020635445316100     0.015253457770308    -0.004603259046616
126 119
    -0.023380485252113    -0.006845472688810    -0.003261546912973
    -0.006845472688810    -0.015476014252883    -0.001883054988180
     0.024966404613901     0.014414360424533    -0.013252351585528
126 120
    -0.023380485252113     0.006845472688810     0.003261546912973
     0.006845472688810    -0.015476014252883    -0.001883054988180
    -0.024966404613901     0.014414360424533    -0.013252351585528
126 121
     0.142639542312936    -0.409485317073211    -0.143418450194949
     0.061035439056586    -0.069543300250130    -0.050946706532870
     0.084006164726541    -0.181105745019205    -0.174286160667616
126 122
     0.142639542312936     0.409485317073211     0.143418450194949
    -0.061035439056586    -0.069543300250130    -0.050946706532870
    -0.084006164726541    -0.181105745019205    -0.174286160667616
126 123
    -0.086787472355102     0.034110230197290    -0.004484474528578
     0.034110230197290    -0.047400371182051     0.002589112576249
    -0.001867383125363     0.001078134150108     0.009542606434268
126 124
    -0.011523778753268     0.000000000000000     0.000000000000000
     0.000000000000000    -0.027332720751727     0.003766109976359
     0.000000000000000    -0.028828720849066    -0.013252351585528
126 125
    -0.086787472355102    -0.034110230197290     0.004484474528578
    -0.034110230197290    -0.047400371182051     0.002589112576249
     0.001867383125363     0.001078134150108     0.009542606434268
126 126
     6.082672640623501     0.000000000000000     0.000000000000000
     0.000000000000000     6.082672640623501     0.000000000000000
     0.000000000000000     0.000000000000000    10.332117293326041
126 127
    -1.067181710078615    -0.066899975103723     0.102715014747374
     0.066899975103723     0.023605599046131    -0.074092443313160
    -0.102715014747374    -0.074092443313160     0.183495529291325
126 128
    -0.083199171245886    -0.000277042949992     0.028604335589895
     0.000277042949992    -0.040558699797244    -0.029617657949694
    -0.028604335589895    -0.029617657949694    -0.043331222631637
126 129
    -0.083199171245886     0.000277042949992    -0.028604335589895
    -0.000277042949992    -0.040558699797244    -0.029617657949694
     0.028604335589895    -0.029617657949694    -0.043331222631637
126 130
    -1.067181710078615     0.066899975103723    -0.102715014747374
    -0.066899975103723     0.023605599046131    -0.074092443313160
     0.102715014747374    -0.074092443313160     0.183495529291325
126 131
    -0.249091228235056    -0.405424784810126    -0.012808430763968
    -0.539224735017573    -0.794484882797429     0.126000033777899
    -0.115523445511342    -0.051907590464739     0.183495529291325
126 132
    -0.012048398977752     0.002865310412827     0.009751684022912
     0.002865310412827    -0.015356974454067     0.005630137395681
     0.005156917183713     0.002977347524205     0.012738064059136
126 133
    -0.012094043530118     0.000000000000000     0.000000000000000
     0.000000000000000    -0.017822539460703    -0.005261033496875
     0.000000000000000     0.005949151092394     0.023010663275887
126 134
    -0.012048398977752    -0.002865310412827    -0.009751684022912
    -0.002865310412827    -0.015356974454067     0.005630137395681
    -0.005156917183713     0.002977347524205     0.012738064059136
126 135
    -0.249091228235056     0.405424784810126     0.012808430763968
     0.539224735017573    -0.794484882797429     0.126000033777899
     0.115523445511342    -0.051907590464739     0.183495529291325
126 136
    -0.051218817659405    -0.018186822801943    -0.011347476390086
    -0.018740908701926    -0.072539053383726     0.039580910254071
    -0.039951811979981    -0.009963252304377    -0.043331222631637
126 137
    -0.016390415478056     0.002480511500681    -0.004556188658454
     0.002480511500681    -0.013526167512764     0.002630516748437
     0.005152115976965    -0.002974575546197     0.023010663275887
126 138
    -0.016390415478056    -0.002480511500681     0.004556188658454
    -0.002480511500681    -0.013526167512764     0.002630516748437
    -0.005152115976965    -0.002974575546197     0.023010663275887
126 139
    -0.051218817659405     0.018186822801943     0.011347476390086
     0.018740908701926    -0.072539053383726     0.039580910254071
     0.039951811979981    -0.009963252304377    -0.043331222631637
126 140
    -0.017011262192224     0.000000000000000     0.000000000000000
     0.000000000000000    -0.010394111239595    -0.005954695048411
     0.000000000000000    -0.011260274791361     0.012738064059136
126 141
    -0.051218817659405    -0.018740908701926    -0.039951811979981
    -0.018186822801943    -0.072539053383726    -0.009963252304377
    -0.011347476390086     0.039580910254071    -0.043331222631637
126 142
    -0.017011262192224     0.000000000000000     0.000000000000000
     0.000000000000000    -0.010394111239595    -0.011260274791361
     0.000000000000000    -0.005954695048411     0.012738064059136
126 143
    -0.051218817659405     0.018740908701926     0.039951811979981
     0.018186822801943    -0.072539053383726    -0.009963252304377
     0.011347476390086     0.039580910254071    -0.043331222631637
126 144
    -0.016390415478056    -0.002480511500681    -0.005152115976965
    -0.002480511500681    -0.013526167512764    -0.002974575546197
     0.004556188658454     0.002630516748437     0.023010663275887
126 145
    -0.016390415478056     0.002480511500681     0.005152115976965
     0.002480511500681    -0.013526167512764    -0.002974575546197
    -0.004556188658454     0.002630516748437     0.023010663275887
126 146
    -0.249091228235056    -0.539224735017573    -0.115523445511342
    -0.405424784810126    -0.794484882797429    -0.051907590464739
    -0.012808430763968     0.126000033777899     0.183495529291325
126 147
    -0.249091228235056     0.539224735017573     0.115523445511342
     0.405424784810126    -0.794484882797429    -0.051907590464739
     0.012808430763968     0.126000033777899     0.183495529291325
126 148
    -0.012048398977752    -0.002865310412827    -0.005156917183713
    -0.002865310412827    -0.015356974454067     0.002977347524205
    -0.009751684022912     0.005630137395681     0.012738064059136
126 149
    -0.012094043530118     0.000000000000000     0.000000000000000
     0.000000000000000    -0.017822539460703     0.005949151092394
     0.000000000000000    -0.005261033496875     0.023010663275887
126 150
    -0.012048398977752     0.002865310412827     0.005156917183713
     0.002865310412827    -0.015356974454067     0.002977347524205
     0.009751684022912     0.005630137395681     0.012738064059136