  32   32
1 1
    16.803870706844737     0.000000000000002     0.000000000000000
     0.000000000000002    16.803870706844727     0.000000000000000
     0.000000000000000     0.000000000000000     2.105513877233339
1 2
    -0.506700787434032     0.088142728143623     0.149022033690276
    -0.088142728143623     0.537292745447520    -0.200290622332363
    -0.149022033690276    -0.200290622332363    -0.052984840014418
1 3
     0.000000000000000     0.000000000000000     0.000000000000000
     0.000000000000000     0.000000000000000     0.000000000000000
     0.000000000000000     0.000000000000000     0.000000000000000
1 4
    -0.506700787434032    -0.088142728143623    -0.149022033690276
     0.088142728143623     0.537292745447520    -0.200290622332363
     0.149022033690276    -0.200290622332363    -0.052984840014418
1 5
     0.276294362227132    -0.540205188574667    -0.098945750234483
    -0.363919732287421    -0.245702404213643     0.229202178065581
    -0.247967783924759    -0.028911555733218    -0.052984840014418
1 6
    -0.088449447419557    -0.027570943832111    -0.023471582074948
    -0.027570943832111    -0.056613263732994    -0.013551324229278
    -0.000062686311588    -0.000036191958870     0.016340312462333
1 7
    -0.088449447419557     0.027570943832111     0.023471582074948
     0.027570943832111    -0.056613263732994    -0.013551324229278
     0.000062686311588    -0.000036191958870     0.016340312462333
1 8
     0.276294362227133     0.540205188574667     0.098945750234483
     0.363919732287421    -0.245702404213643     0.229202178065581
     0.247967783924759    -0.028911555733218    -0.052984840014418
1 9
     0.000000000000000     0.000000000000000     0.000000000000000
     0.000000000000000     0.000000000000000     0.000000000000000
     0.000000000000000     0.000000000000000     0.000000000000000
1 10
    -0.040695171889713    -0.000000000000000     0.000000000000000
    -0.000000000000000    -0.104367539262838     0.027102648458555
     0.000000000000000     0.000072383917740     0.016340312462333
1 11
     0.000000000000000     0.000000000000000     0.000000000000000
     0.000000000000000     0.000000000000000     0.000000000000000
     0.000000000000000     0.000000000000000     0.000000000000000
1 12
    -0.040695171889713    -0.000000000000000     0.000000000000000
    -0.000000000000000    -0.104367539262838     0.000072383917740
     0.000000000000000     0.027102648458555     0.016340312462333
1 13
     0.276294362227132    -0.363919732287421    -0.247967783924759
    -0.540205188574667    -0.245702404213643    -0.028911555733218
    -0.098945750234483     0.229202178065581    -0.052984840014418
1 14
     0.276294362227133     0.363919732287421     0.247967783924759
     0.540205188574667    -0.245702404213643    -0.028911555733218
     0.098945750234483     0.229202178065581    -0.052984840014418
1 15
    -0.088449447419557     0.027570943832111     0.000062686311588
     0.027570943832111    -0.056613263732994    -0.000036191958870
     0.023471582074948    -0.013551324229278     0.016340312462333
1 16
    -0.088449447419557    -0.027570943832111    -0.000062686311588
    -0.027570943832111    -0.056613263732994    -0.000036191958870
    -0.023471582074948    -0.013551324229278     0.016340312462333
1 17
    -7.374452127286790    -3.502806025260735     1.910763312151941
    -3.502806025260735    -3.329760124080128     1.103179712628583
     1.910763312151941     1.103179712628583    -0.648920282033516
1 18
     0.018982172166983     0.111092335957692    -0.052078120069419
     0.111092335957692    -0.117670664107709     0.081827026882550
    -0.052078120069419     0.081827026882550     0.010117126041146
1 19
     0.018982172166983    -0.111092335957692     0.052078120069419
    -0.111092335957692    -0.117670664107709     0.081827026882550
     0.052078120069419     0.081827026882550     0.010117126041146
1 20
    -7.374452127286795     3.502806025260734    -1.910763312151941
     3.502806025260733    -3.329760124080124     1.103179712628583
    -1.910763312151941     1.103179712628583    -0.648920282033516
1 21
     0.012701330066081     0.114718581835385     0.044825223961731
     0.114718581835385    -0.111389822006807    -0.086014488402728
     0.044825223961731    -0.086014488402728     0.010117126041146
1 22
     0.000000000000000     0.000000000000000     0.000000000000000
     0.000000000000000     0.000000000000000     0.000000000000000
     0.000000000000000     0.000000000000000     0.000000000000000
1 23
     0.012701330066081    -0.114718581835385    -0.044825223961731
    -0.114718581835385    -0.111389822006807    -0.086014488402728
    -0.044825223961731    -0.086014488402728     0.010117126041146
1 24
    -0.193199625031365     0.000000000000000    -0.000000000000000
     0.000000000000000     0.121149895328034    -0.019950250995687
    -0.000000000000000    -0.019950250995687     0.000137125977613
1 25
    -0.179716240144153     0.003626245877693     0.096903344031150
     0.003626245877693     0.081027748203426     0.004187461520178
     0.096903344031150     0.004187461520178     0.010117126041146
1 26
    -0.179716240144153    -0.003626245877693    -0.096903344031150
    -0.003626245877693     0.081027748203426     0.004187461520178
    -0.096903344031150     0.004187461520178     0.010117126041146
1 27
     0.000000000000000     0.000000000000000     0.000000000000000
     0.000000000000000     0.000000000000000     0.000000000000000
     0.000000000000000     0.000000000000000     0.000000000000000
1 28
     0.000000000000000     0.000000000000000     0.000000000000000
     0.000000000000000     0.000000000000000     0.000000000000000
     0.000000000000000     0.000000000000000     0.000000000000000
1 29
    -1.307414122476802     0.000000000000004     0.000000000000001
     0.000000000000005    -9.396798128890106    -2.206359425257166
     0.000000000000001    -2.206359425257166    -0.648920282033516
1 30
     0.042562515238184    -0.136117335149347    -0.017277424174141
    -0.136117335149347    -0.114612244941515     0.009975125497844
    -0.017277424174141     0.009975125497844     0.000137125977613
1 31
     0.000000000000000     0.000000000000000     0.000000000000000
     0.000000000000000     0.000000000000000     0.000000000000000
     0.000000000000000     0.000000000000000     0.000000000000000
1 32
     0.042562515238184     0.136117335149347     0.017277424174141
     0.136117335149347    -0.114612244941515     0.009975125497844
     0.017277424174141     0.009975125497844     0.000137125977613
2 1
    -0.506700787434032    -0.088142728143623    -0.149022033690276
     0.088142728143623     0.537292745447520    -0.200290622332363
     0.149022033690276    -0.200290622332363    -0.052984840014418
2 2
    16.803870706844737     0.000000000000002     0.000000000000000
     0.000000000000002    16.803870706844727     0.000000000000000
     0.000000000000000     0.000000000000000     2.105513877233339
2 3
    -0.506700787434032     0.088142728143623     0.149022033690276
    -0.088142728143623     0.537292745447520    -0.200290622332363
    -0.149022033690276    -0.200290622332363    -0.052984840014418
2 4
     0.000000000000000     0.000000000000000     0.000000000000000
     0.000000000000000     0.000000000000000     0.000000000000000
     0.000000000000000     0.000000000000000     0.000000000000000
2 5
     0.276294362227133     0.540205188574667     0.098945750234483
     0.363919732287421    -0.245702404213643     0.229202178065581
     0.247967783924759    -0.028911555733218    -0.052984840014418
2 6
     0.276294362227132    -0.540205188574667    -0.098945750234483
    -0.363919732287421    -0.245702404213643     0.229202178065581
    -0.247967783924759    -0.028911555733218    -0.052984840014418
2 7
    -0.088449447419557    -0.027570943832111    -0.023471582074948
    -0.027570943832111    -0.056613263732994    -0.013551324229278
    -0.000062686311588    -0.000036191958870     0.016340312462333
2 8
    -0.088449447419557     0.027570943832111     0.023471582074948
     0.027570943832111    -0.056613263732994    -0.013551324229278
     0.000062686311588    -0.000036191958870     0.016340312462333
2 9
    -0.040695171889713    -0.000000000000000     0.000000000000000
    -0.000000000000000    -0.104367539262838     0.000072383917740
     0.000000000000000     0.027102648458555     0.016340312462333
2 10
     0.000000000000000     0.000000000000000     0.000000000000000
     0.000000000000000     0.000000000000000     0.000000000000000
     0.000000000000000     0.000000000000000     0.000000000000000
2 11
    -0.040695171889713    -0.000000000000000     0.000000000000000
    -0.000000000000000    -0.104367539262838     0.027102648458555
     0.000000000000000     0.000072383917740     0.016340312462333
2 12
     0.000000000000000     0.000000000000000     0.000000000000000
     0.000000000000000     0.000000000000000     0.000000000000000
     0.000000000000000     0.000000000000000     0.000000000000000
2 13
    -0.088449447419557    -0.027570943832111    -0.000062686311588
    -0.027570943832111    -0.056613263732994    -0.000036191958870
    -0.023471582074948    -0.013551324229278     0.016340312462333
2 14
     0.276294362227132    -0.363919732287421    -0.247967783924759
    -0.540205188574667    -0.245702404213643    -0.028911555733218
    -0.098945750234483     0.229202178065581    -0.052984840014418
2 15
     0.276294362227133     0.363919732287421     0.247967783924759
     0.540205188574667    -0.245702404213643    -0.028911555733218
     0.098945750234483     0.229202178065581    -0.052984840014418
2 16
    -0.088449447419557     0.027570943832111     0.000062686311588
     0.027570943832111    -0.056613263732994    -0.000036191958870
     0.023471582074948    -0.013551324229278     0.016340312462333
2 17
    -7.374452127286795     3.502806025260734    -1.910763312151941
     3.502806025260733    -3.329760124080124     1.103179712628583
    -1.910763312151941     1.103179712628583    -0.648920282033516
2 18
    -7.374452127286790    -3.502806025260735     1.910763312151941
    -3.502806025260735    -3.329760124080128     1.103179712628583
     1.910763312151941     1.103179712628583    -0.648920282033516
2 19
     0.018982172166983     0.111092335957692    -0.052078120069419
     0.111092335957692    -0.117670664107709     0.081827026882550
    -0.052078120069419     0.081827026882550     0.010117126041146
2 20
     0.018982172166983    -0.111092335957692     0.052078120069419
    -0.111092335957692    -0.117670664107709     0.081827026882550
     0.052078120069419     0.081827026882550     0.010117126041146
2 21
    -0.193199625031365     0.000000000000000    -0.000000000000000
     0.000000000000000     0.121149895328034    -0.019950250995687
    -0.000000000000000    -0.019950250995687     0.000137125977613
2 22
     0.012701330066081     0.114718581835385     0.044825223961731
     0.114718581835385    -0.111389822006807    -0.086014488402728
     0.044825223961731    -0.086014488402728     0.010117126041146
2 23
     0.000000000000000     0.000000000000000     0.000000000000000
     0.000000000000000     0.000000000000000     0.000000000000000
     0.000000000000000     0.000000000000000     0.000000000000000
2 24
     0.012701330066081    -0.114718581835385    -0.044825223961731
    -0.114718581835385    -0.111389822006807    -0.086014488402728
    -0.044825223961731    -0.086014488402728     0.010117126041146
2 25
     0.000000000000000     0.000000000000000     0.000000000000000
     0.000000000000000     0.000000000000000     0.000000000000000
     0.000000000000000     0.000000000000000     0.000000000000000
2 26
    -0.179716240144153     0.003626245877693     0.096903344031150
     0.003626245877693     0.081027748203426     0.004187461520178
     0.096903344031150     0.004187461520178     0.010117126041146
2 27
    -0.179716240144153    -0.003626245877693    -0.096903344031150
    -0.003626245877693     0.081027748203426     0.004187461520178
    -0.096903344031150     0.004187461520178     0.010117126041146
2 28
     0.000000000000000     0.000000000000000     0.000000000000000
     0.000000000000000     0.000000000000000     0.000000000000000
     0.000000000000000     0.000000000000000     0.000000000000000
2 29
     0.042562515238184     0.136117335149347     0.017277424174141
     0.136117335149347    -0.114612244941515     0.009975125497844
     0.017277424174141     0.009975125497844     0.000137125977613
2 30
    -1.307414122476802     0.000000000000004     0.000000000000001
     0.000000000000005    -9.396798128890106    -2.206359425257166
     0.000000000000001    -2.206359425257166    -0.648920282033516
2 31
     0.042562515238184    -0.136117335149347    -0.017277424174141
    -0.136117335149347    -0.114612244941515     0.009975125497844
    -0.017277424174141     0.009975125497844     0.000137125977613
2 32
     0.000000000000000     0.000000000000000     0.000000000000000
     0.000000000000000     0.000000000000000     0.000000000000000
     0.000000000000000     0.000000000000000     0.000000000000000
3 1
     0.000000000000000     0.000000000000000     0.000000000000000
     0.000000000000000     0.000000000000000     0.000000000000000
     0.000000000000000     0.000000000000000     0.000000000000000
3 2
    -0.506700787434032    -0.088142728143623    -0.149022033690276
     0.088142728143623     0.537292745447520    -0.200290622332363
     0.149022033690276    -0.200290622332363    -0.052984840014418
3 3
    16.803870706844737     0.000000000000002     0.000000000000000
     0.000000000000002    16.803870706844727     0.000000000000000
     0.000000000000000     0.000000000000000     2.105513877233339
3 4
    -0.506700787434032     0.088142728143623     0.149022033690276
    -0.088142728143623     0.537292745447520    -0.200290622332363
    -0.149022033690276    -0.200290622332363    -0.052984840014418
3 5
    -0.088449447419557     0.027570943832111     0.023471582074948
     0.027570943832111    -0.056613263732994    -0.013551324229278
     0.000062686311588    -0.000036191958870     0.016340312462333
3 6
     0.276294362227133     0.540205188574667     0.098945750234483
     0.363919732287421    -0.245702404213643     0.229202178065581
     0.247967783924759    -0.028911555733218    -0.052984840014418
3 7
     0.276294362227132    -0.540205188574667    -0.098945750234483
    -0.363919732287421    -0.245702404213643     0.229202178065581
    -0.247967783924759    -0.028911555733218    -0.052984840014418
3 8
    -0.088449447419557    -0.027570943832111    -0.023471582074948
    -0.027570943832111    -0.056613263732994    -0.013551324229278
    -0.000062686311588    -0.000036191958870     0.016340312462333
3 9
     0.000000000000000     0.000000000000000     0.000000000000000
     0.000000000000000     0.000000000000000     0.000000000000000
     0.000000000000000     0.000000000000000     0.000000000000000
3 10
    -0.040695171889713    -0.000000000000000     0.000000000000000
    -0.000000000000000    -0.104367539262838     0.000072383917740
     0.000000000000000     0.027102648458555     0.016340312462333
3 11
     0.000000000000000     0.000000000000000     0.000000000000000
     0.000000000000000     0.000000000000000     0.000000000000000
     0.000000000000000     0.000000000000000     0.000000000000000
3 12
    -0.040695171889713    -0.000000000000000     0.000000000000000
    -0.000000000000000    -0.104367539262838     0.027102648458555
     0.000000000000000     0.000072383917740     0.016340312462333
3 13
    -0.088449447419557     0.027570943832111     0.000062686311588
     0.027570943832111    -0.056613263732994    -0.000036191958870
     0.023471582074948    -0.013551324229278     0.016340312462333
3 14
    -0.088449447419557    -0.027570943832111    -0.000062686311588
    -0.027570943832111    -0.056613263732994    -0.000036191958870
    -0.023471582074948    -0.013551324229278     0.016340312462333
3 15
     0.276294362227132    -0.363919732287421    -0.247967783924759
    -0.540205188574667    -0.245702404213643    -0.028911555733218
    -0.098945750234483     0.229202178065581    -0.052984840014418
3 16
     0.276294362227133     0.363919732287421     0.247967783924759
     0.540205188574667    -0.245702404213643    -0.028911555733218
     0.098945750234483     0.229202178065581    -0.052984840014418
3 17
     0.018982172166983    -0.111092335957692     0.052078120069419
    -0.111092335957692    -0.117670664107709     0.081827026882550
     0.052078120069419     0.081827026882550     0.010117126041146
3 18
    -7.374452127286795     3.502806025260734    -1.910763312151941
     3.502806025260733    -3.329760124080124     1.103179712628583
    -1.910763312151941     1.103179712628583    -0.648920282033516
3 19
    -7.374452127286790    -3.502806025260735     1.910763312151941
    -3.502806025260735    -3.329760124080128     1.103179712628583
     1.910763312151941     1.103179712628583    -0.648920282033516
3 20
     0.018982172166983     0.111092335957692    -0.052078120069419
     0.111092335957692    -0.117670664107709     0.081827026882550
    -0.052078120069419     0.081827026882550     0.010117126041146
3 21
     0.012701330066081    -0.114718581835385    -0.044825223961731
    -0.114718581835385    -0.111389822006807    -0.086014488402728
    -0.044825223961731    -0.086014488402728     0.010117126041146
3 22
    -0.193199625031365     0.000000000000000    -0.000000000000000
     0.000000000000000     0.121149895328034    -0.019950250995687
    -0.000000000000000    -0.019950250995687     0.000137125977613
3 23
     0.012701330066081     0.114718581835385     0.044825223961731
     0.114718581835385    -0.111389822006807    -0.086014488402728
     0.044825223961731    -0.086014488402728     0.010117126041146
3 24
     0.000000000000000     0.000000000000000     0.000000000000000
     0.000000000000000     0.000000000000000     0.000000000000000
     0.000000000000000     0.000000000000000     0.000000000000000
3 25
     0.000000000000000     0.000000000000000     0.000000000000000
     0.000000000000000     0.000000000000000     0.000000000000000
     0.000000000000000     0.000000000000000     0.000000000000000
3 26
     0.000000000000000     0.000000000000000     0.000000000000000
     0.000000000000000     0.000000000000000     0.000000000000000
     0.000000000000000     0.000000000000000     0.000000000000000
3 27
    -0.179716240144153     0.003626245877693     0.096903344031150
     0.003626245877693     0.081027748203426     0.004187461520178
     0.096903344031150     0.004187461520178     0.010117126041146
3 28
    -0.179716240144153    -0.003626245877693    -0.096903344031150
    -0.003626245877693     0.081027748203426     0.004187461520178
    -0.096903344031150     0.004187461520178     0.010117126041146
3 29
     0.000000000000000     0.000000000000000     0.000000000000000
     0.000000000000000     0.000000000000000     0.000000000000000
     0.000000000000000     0.000000000000000     0.000000000000000
3 30
     0.042562515238184     0.136117335149347     0.017277424174141
     0.136117335149347    -0.114612244941515     0.009975125497844
     0.017277424174141     0.009975125497844     0.000137125977613
3 31
    -1.307414122476802     0.000000000000004     0.000000000000001
     0.000000000000005    -9.396798128890106    -2.206359425257166
     0.000000000000001    -2.206359425257166    -0.648920282033516
3 32
     0.042562515238184    -0.136117335149347    -0.017277424174141
    -0.136117335149347    -0.114612244941515     0.009975125497844
    -0.017277424174141     0.009975125497844     0.000137125977613
4 1
    -0.506700787434032     0.088142728143623     0.149022033690276
    -0.088142728143623     0.537292745447520    -0.200290622332363
    -0.149022033690276    -0.200290622332363    -0.052984840014418
4 2
     0.000000000000000     0.000000000000000     0.000000000000000
     0.000000000000000     0.000000000000000     0.000000000000000
     0.000000000000000     0.000000000000000     0.000000000000000
4 3
    -0.506700787434032    -0.088142728143623    -0.149022033690276
     0.088142728143623     0.537292745447520    -0.200290622332363
     0.149022033690276    -0.200290622332363    -0.052984840014418
4 4
    16.803870706844737     0.000000000000002     0.000000000000000
     0.000000000000002    16.803870706844727     0.000000000000000
     0.000000000000000     0.000000000000000     2.105513877233339
4 5
    -0.088449447419557    -0.027570943832111    -0.023471582074948
    -0.027570943832111    -0.056613263732994    -0.013551324229278
    -0.000062686311588    -0.000036191958870     0.016340312462333
4 6
    -0.088449447419557     0.027570943832111     0.023471582074948
     0.027570943832111    -0.056613263732994    -0.013551324229278
     0.000062686311588    -0.000036191958870     0.016340312462333
4 7
     0.276294362227133     0.540205188574667     0.098945750234483
     0.363919732287421    -0.245702404213643     0.229202178065581
     0.247967783924759    -0.028911555733218    -0.052984840014418
4 8
     0.276294362227132    -0.540205188574667    -0.098945750234483
    -0.363919732287421    -0.245702404213643     0.229202178065581
    -0.247967783924759    -0.028911555733218    -0.052984840014418
4 9
    -0.040695171889713    -0.000000000000000     0.000000000000000
    -0.000000000000000    -0.104367539262838     0.027102648458555
     0.000000000000000     0.000072383917740     0.016340312462333
4 10
     0.000000000000000     0.000000000000000     0.000000000000000
     0.000000000000000     0.000000000000000     0.000000000000000
     0.000000000000000     0.000000000000000     0.000000000000000
4 11
    -0.040695171889713    -0.000000000000000     0.000000000000000
    -0.000000000000000    -0.104367539262838     0.000072383917740
     0.000000000000000     0.027102648458555     0.016340312462333
4 12
     0.000000000000000     0.000000000000000     0.000000000000000
     0.000000000000000     0.000000000000000     0.000000000000000
     0.000000000000000     0.000000000000000     0.000000000000000
4 13
     0.276294362227133     0.363919732287421     0.247967783924759
     0.540205188574667    -0.245702404213643    -0.028911555733218
     0.098945750234483     0.229202178065581    -0.052984840014418
4 14
    -0.088449447419557     0.027570943832111     0.000062686311588
     0.027570943832111    -0.056613263732994    -0.000036191958870
     0.023471582074948    -0.013551324229278     0.016340312462333
4 15
    -0.088449447419557    -0.027570943832111    -0.000062686311588
    -0.027570943832111    -0.056613263732994    -0.000036191958870
    -0.023471582074948    -0.013551324229278     0.016340312462333
4 16
     0.276294362227132    -0.363919732287421    -0.247967783924759
    -0.540205188574667    -0.245702404213643    -0.028911555733218
    -0.098945750234483     0.229202178065581    -0.052984840014418
4 17
     0.018982172166983     0.111092335957692    -0.052078120069419
     0.111092335957692    -0.117670664107709     0.081827026882550
    -0.052078120069419     0.081827026882550     0.010117126041146
4 18
     0.018982172166983    -0.111092335957692     0.052078120069419
    -0.111092335957692    -0.117670664107709     0.081827026882550
     0.052078120069419     0.081827026882550     0.010117126041146
4 19
    -7.374452127286795     3.502806025260734    -1.910763312151941
     3.502806025260733    -3.329760124080124     1.103179712628583
    -1.910763312151941     1.103179712628583    -0.648920282033516
4 20
    -7.374452127286790    -3.502806025260735     1.910763312151941
    -3.502806025260735    -3.329760124080128     1.103179712628583
     1.910763312151941     1.103179712628583    -0.648920282033516
4 21
     0.000000000000000     0.000000000000000     0.000000000000000
     0.000000000000000     0.000000000000000     0.000000000000000
     0.000000000000000     0.000000000000000     0.000000000000000
4 22
     0.012701330066081    -0.114718581835385    -0.044825223961731
    -0.114718581835385    -0.111389822006807    -0.086014488402728
    -0.044825223961731    -0.086014488402728     0.010117126041146
4 23
    -0.193199625031365     0.000000000000000    -0.000000000000000
     0.000000000000000     0.121149895328034    -0.019950250995687
    -0.000000000000000    -0.019950250995687     0.000137125977613
4 24
     0.012701330066081     0.114718581835385     0.044825223961731
     0.114718581835385    -0.111389822006807    -0.086014488402728
     0.044825223961731    -0.086014488402728     0.010117126041146
4 25
    -0.179716240144153    -0.003626245877693    -0.096903344031150
    -0.003626245877693     0.081027748203426     0.004187461520178
    -0.096903344031150     0.004187461520178     0.010117126041146
4 26
     0.000000000000000     0.000000000000000     0.000000000000000
     0.000000000000000     0.000000000000000     0.000000000000000
     0.000000000000000     0.000000000000000     0.000000000000000
4 27
     0.000000000000000     0.000000000000000     0.000000000000000
     0.000000000000000     0.000000000000000     0.000000000000000
     0.000000000000000     0.000000000000000     0.000000000000000
4 28
    -0.179716240144153     0.003626245877693     0.096903344031150
     0.003626245877693     0.081027748203426     0.004187461520178
     0.096903344031150     0.004187461520178     0.010117126041146
4 29
     0.042562515238184    -0.136117335149347    -0.017277424174141
    -0.136117335149347    -0.114612244941515     0.009975125497844
    -0.017277424174141     0.009975125497844     0.000137125977613
4 30
     0.000000000000000     0.000000000000000     0.000000000000000
     0.000000000000000     0.000000000000000     0.000000000000000
     0.000000000000000     0.000000000000000     0.000000000000000
4 31
     0.042562515238184     0.136117335149347     0.017277424174141
     0.136117335149347    -0.114612244941515     0.009975125497844
     0.017277424174141     0.009975125497844     0.000137125977613
4 32
    -1.307414122476802     0.000000000000004     0.000000000000001
     0.000000000000005    -9.396798128890106    -2.206359425257166
     0.000000000000001    -2.206359425257166    -0.648920282033516
5 1
     0.276294362227132    -0.363919732287421    -0.247967783924759
    -0.540205188574667    -0.245702404213643    -0.028911555733218
    -0.098945750234483     0.229202178065581    -0.052984840014418
5 2
     0.276294362227133     0.363919732287421     0.247967783924759
     0.540205188574667    -0.245702404213643    -0.028911555733218
     0.098945750234483     0.229202178065581    -0.052984840014418
5 3
    -0.088449447419557     0.027570943832111     0.000062686311588
     0.027570943832111    -0.056613263732994    -0.000036191958870
     0.023471582074948    -0.013551324229278     0.016340312462333
5 4
    -0.088449447419557    -0.027570943832111    -0.000062686311588
    -0.027570943832111    -0.056613263732994    -0.000036191958870
    -0.023471582074948    -0.013551324229278     0.016340312462333
5 5
    16.803870706844737     0.000000000000002     0.000000000000000
     0.000000000000002    16.803870706844727     0.000000000000000
     0.000000000000000     0.000000000000000     2.105513877233339
5 6
    -0.506700787434032     0.088142728143623     0.149022033690276
    -0.088142728143623     0.537292745447520    -0.200290622332363
    -0.149022033690276    -0.200290622332363    -0.052984840014418
5 7
     0.000000000000000     0.000000000000000     0.000000000000000
     0.000000000000000     0.000000000000000     0.000000000000000
     0.000000000000000     0.000000000000000     0.000000000000000
5 8
    -0.506700787434032    -0.088142728143623    -0.149022033690276
     0.088142728143623     0.537292745447520    -0.200290622332363
     0.149022033690276    -0.200290622332363    -0.052984840014418
5 9
     0.276294362227132    -0.540205188574667    -0.098945750234483
    -0.363919732287421    -0.245702404213643     0.229202178065581
    -0.247967783924759    -0.028911555733218    -0.052984840014418
5 10
    -0.088449447419557    -0.027570943832111    -0.023471582074948
    -0.027570943832111    -0.056613263732994    -0.013551324229278
    -0.000062686311588    -0.000036191958870     0.016340312462333
5 11
    -0.088449447419557     0.027570943832111     0.023471582074948
     0.027570943832111    -0.056613263732994    -0.013551324229278
     0.000062686311588    -0.000036191958870     0.016340312462333
5 12
     0.276294362227133     0.540205188574667     0.098945750234483
     0.363919732287421    -0.245702404213643     0.229202178065581
     0.247967783924759    -0.028911555733218    -0.052984840014418
5 13
     0.000000000000000     0.000000000000000     0.000000000000000
     0.000000000000000     0.000000000000000     0.000000000000000
     0.000000000000000     0.000000000000000     0.000000000000000
5 14
    -0.040695171889713    -0.000000000000000     0.000000000000000
    -0.000000000000000    -0.104367539262838     0.027102648458555
     0.000000000000000     0.000072383917740     0.016340312462333
5 15
     0.000000000000000     0.000000000000000     0.000000000000000
     0.000000000000000     0.000000000000000     0.000000000000000
     0.000000000000000     0.000000000000000     0.000000000000000
5 16
    -0.040695171889713    -0.000000000000000     0.000000000000000
    -0.000000000000000    -0.104367539262838     0.000072383917740
     0.000000000000000     0.027102648458555     0.016340312462333
5 17
    -1.307414122476802     0.000000000000004     0.000000000000001
     0.000000000000005    -9.396798128890106    -2.206359425257166
     0.000000000000001    -2.206359425257166    -0.648920282033516
5 18
     0.042562515238184    -0.136117335149347    -0.017277424174141
    -0.136117335149347    -0.114612244941515     0.009975125497844
    -0.017277424174141     0.009975125497844     0.000137125977613
5 19
     0.000000000000000     0.000000000000000     0.000000000000000
     0.000000000000000     0.000000000000000     0.000000000000000
     0.000000000000000     0.000000000000000     0.000000000000000
5 20
     0.042562515238184     0.136117335149347     0.017277424174141
     0.136117335149347    -0.114612244941515     0.009975125497844
     0.017277424174141     0.009975125497844     0.000137125977613
5 21
    -7.374452127286790    -3.502806025260735     1.910763312151941
    -3.502806025260735    -3.329760124080128     1.103179712628583
     1.910763312151941     1.103179712628583    -0.648920282033516
5 22
     0.018982172166983     0.111092335957692    -0.052078120069419
     0.111092335957692    -0.117670664107709     0.081827026882550
    -0.052078120069419     0.081827026882550     0.010117126041146
5 23
     0.018982172166983    -0.111092335957692     0.052078120069419
    -0.111092335957692    -0.117670664107709     0.081827026882550
     0.052078120069419     0.081827026882550     0.010117126041146
5 24
    -7.374452127286795     3.502806025260734    -1.910763312151941
     3.502806025260733    -3.329760124080124     1.103179712628583
    -1.910763312151941     1.103179712628583    -0.648920282033516
5 25
     0.012701330066081     0.114718581835385     0.044825223961731
     0.114718581835385    -0.111389822006807    -0.086014488402728
     0.044825223961731    -0.086014488402728     0.010117126041146
5 26
     0.000000000000000     0.000000000000000     0.000000000000000
     0.000000000000000     0.000000000000000     0.000000000000000
     0.000000000000000     0.000000000000000     0.000000000000000
5 27
     0.012701330066081    -0.114718581835385    -0.044825223961731
    -0.114718581835385    -0.111389822006807    -0.086014488402728
    -0.044825223961731    -0.086014488402728     0.010117126041146
5 28
    -0.193199625031365     0.000000000000000    -0.000000000000000
     0.000000000000000     0.121149895328034    -0.019950250995687
    -0.000000000000000    -0.019950250995687     0.000137125977613
5 29
    -0.179716240144153     0.003626245877693     0.096903344031150
     0.003626245877693     0.081027748203426     0.004187461520178
     0.096903344031150     0.004187461520178     0.010117126041146
5 30
    -0.179716240144153    -0.003626245877693    -0.096903344031150
    -0.003626245877693     0.081027748203426     0.004187461520178
    -0.096903344031150     0.004187461520178     0.010117126041146
5 31
     0.000000000000000     0.000000000000000     0.000000000000000
     0.000000000000000     0.000000000000000     0.000000000000000
     0.000000000000000     0.000000000000000     0.000000000000000
5 32
     0.000000000000000     0.000000000000000     0.000000000000000
     0.000000000000000     0.000000000000000     0.000000000000000
     0.000000000000000     0.000000000000000     0.000000000000000
6 1
    -0.088449447419557    -0.027570943832111    -0.000062686311588
    -0.027570943832111    -0.056613263732994    -0.000036191958870
    -0.023471582074948    -0.013551324229278     0.016340312462333
6 2
     0.276294362227132    -0.363919732287421    -0.247967783924759
    -0.540205188574667    -0.245702404213643    -0.028911555733218
    -0.098945750234483     0.229202178065581    -0.052984840014418
6 3
     0.276294362227133     0.363919732287421     0.247967783924759
     0.540205188574667    -0.245702404213643    -0.028911555733218
     0.098945750234483     0.229202178065581    -0.052984840014418
6 4
    -0.088449447419557     0.027570943832111     0.000062686311588
     0.027570943832111    -0.056613263732994    -0.000036191958870
     0.023471582074948    -0.013551324229278     0.016340312462333
6 5
    -0.506700787434032    -0.088142728143623    -0.149022033690276
     0.088142728143623     0.537292745447520    -0.200290622332363
     0.149022033690276    -0.200290622332363    -0.052984840014418
6 6
    16.803870706844737     0.000000000000002     0.000000000000000
     0.000000000000002    16.803870706844727     0.000000000000000
     0.000000000000000     0.000000000000000     2.105513877233339
6 7
    -0.506700787434032     0.088142728143623     0.149022033690276
    -0.088142728143623     0.537292745447520    -0.200290622332363
    -0.149022033690276    -0.200290622332363    -0.052984840014418
6 8
     0.000000000000000     0.000000000000000     0.000000000000000
     0.000000000000000     0.000000000000000     0.000000000000000
     0.000000000000000     0.000000000000000     0.000000000000000
6 9
     0.276294362227133     0.540205188574667     0.098945750234483
     0.363919732287421    -0.245702404213643     0.229202178065581
     0.247967783924759    -0.028911555733218    -0.052984840014418
6 10
     0.276294362227132    -0.540205188574667    -0.098945750234483
    -0.363919732287421    -0.245702404213643     0.229202178065581
    -0.247967783924759    -0.028911555733218    -0.052984840014418
6 11
    -0.088449447419557    -0.027570943832111    -0.023471582074948
    -0.027570943832111    -0.056613263732994    -0.013551324229278
    -0.000062686311588    -0.000036191958870     0.016340312462333
6 12
    -0.088449447419557     0.027570943832111     0.023471582074948
     0.027570943832111    -0.056613263732994    -0.013551324229278
     0.000062686311588    -0.000036191958870     0.016340312462333
6 13
    -0.040695171889713    -0.000000000000000     0.000000000000000
    -0.000000000000000    -0.104367539262838     0.000072383917740
     0.000000000000000     0.027102648458555     0.016340312462333
6 14
     0.000000000000000     0.000000000000000     0.000000000000000
     0.000000000000000     0.000000000000000     0.000000000000000
     0.000000000000000     0.000000000000000     0.000000000000000
6 15
    -0.040695171889713    -0.000000000000000     0.000000000000000
    -0.000000000000000    -0.104367539262838     0.027102648458555
     0.000000000000000     0.000072383917740     0.016340312462333
6 16
     0.000000000000000     0.000000000000000     0.000000000000000
     0.000000000000000     0.000000000000000     0.000000000000000
     0.000000000000000     0.000000000000000     0.000000000000000
6 17
     0.042562515238184     0.136117335149347     0.017277424174141
     0.136117335149347    -0.114612244941515     0.009975125497844
     0.017277424174141     0.009975125497844     0.000137125977613
6 18
    -1.307414122476802     0.000000000000004     0.000000000000001
     0.000000000000005    -9.396798128890106    -2.206359425257166
     0.000000000000001    -2.206359425257166    -0.648920282033516
6 19
     0.042562515238184    -0.136117335149347    -0.017277424174141
    -0.136117335149347    -0.114612244941515     0.009975125497844
    -0.017277424174141     0.009975125497844     0.000137125977613
6 20
     0.000000000000000     0.000000000000000     0.000000000000000
     0.000000000000000     0.000000000000000     0.000000000000000
     0.000000000000000     0.000000000000000     0.000000000000000
6 21
    -7.374452127286795     3.502806025260734    -1.910763312151941
     3.502806025260733    -3.329760124080124     1.103179712628583
    -1.910763312151941     1.103179712628583    -0.648920282033516
6 22
    -7.374452127286790    -3.502806025260735     1.910763312151941
    -3.502806025260735    -3.329760124080128     1.103179712628583
     1.910763312151941     1.103179712628583    -0.648920282033516
6 23
     0.018982172166983     0.111092335957692    -0.052078120069419
     0.111092335957692    -0.117670664107709     0.081827026882550
    -0.052078120069419     0.081827026882550     0.010117126041146
6 24
     0.018982172166983    -0.111092335957692     0.052078120069419
    -0.111092335957692    -0.117670664107709     0.081827026882550
     0.052078120069419     0.081827026882550     0.010117126041146
6 25
    -0.193199625031365     0.000000000000000    -0.000000000000000
     0.000000000000000     0.121149895328034    -0.019950250995687
    -0.000000000000000    -0.019950250995687     0.000137125977613
6 26
     0.012701330066081     0.114718581835385     0.044825223961731
     0.114718581835385    -0.111389822006807    -0.086014488402728
     0.044825223961731    -0.086014488402728     0.010117126041146
6 27
     0.000000000000000     0.000000000000000     0.000000000000000
     0.000000000000000     0.000000000000000     0.000000000000000
     0.000000000000000     0.000000000000000     0.000000000000000
6 28
     0.012701330066081    -0.114718581835385    -0.044825223961731
    -0.114718581835385    -0.111389822006807    -0.086014488402728
    -0.044825223961731    -0.086014488402728     0.010117126041146
6 29
     0.000000000000000     0.000000000000000     0.000000000000000
     0.000000000000000     0.000000000000000     0.000000000000000
     0.000000000000000     0.000000000000000     0.000000000000000
6 30
    -0.179716240144153     0.003626245877693     0.096903344031150
     0.003626245877693     0.081027748203426     0.004187461520178
     0.096903344031150     0.004187461520178     0.010117126041146
6 31
    -0.179716240144153    -0.003626245877693    -0.096903344031150
    -0.003626245877693     0.081027748203426     0.004187461520178
    -0.096903344031150     0.004187461520178     0.010117126041146
6 32
     0.000000000000000     0.000000000000000     0.000000000000000
     0.000000000000000     0.000000000000000     0.000000000000000
     0.000000000000000     0.000000000000000     0.000000000000000
7 1
    -0.088449447419557     0.027570943832111     0.000062686311588
     0.027570943832111    -0.056613263732994    -0.000036191958870
     0.023471582074948    -0.013551324229278     0.016340312462333
7 2
    -0.088449447419557    -0.027570943832111    -0.000062686311588
    -0.027570943832111    -0.056613263732994    -0.000036191958870
    -0.023471582074948    -0.013551324229278     0.016340312462333
7 3
     0.276294362227132    -0.363919732287421    -0.247967783924759
    -0.540205188574667    -0.245702404213643    -0.028911555733218
    -0.098945750234483     0.229202178065581    -0.052984840014418
7 4
     0.276294362227133     0.363919732287421     0.247967783924759
     0.540205188574667    -0.245702404213643    -0.028911555733218
     0.098945750234483     0.229202178065581    -0.052984840014418
7 5
     0.000000000000000     0.000000000000000     0.000000000000000
     0.000000000000000     0.000000000000000     0.000000000000000
     0.000000000000000     0.000000000000000     0.000000000000000
7 6
    -0.506700787434032    -0.088142728143623    -0.149022033690276
     0.088142728143623     0.537292745447520    -0.200290622332363
     0.149022033690276    -0.200290622332363    -0.052984840014418
7 7
    16.803870706844737     0.000000000000002     0.000000000000000
     0.000000000000002    16.803870706844727     0.000000000000000
     0.000000000000000     0.000000000000000     2.105513877233339
7 8
    -0.506700787434032     0.088142728143623     0.149022033690276
    -0.088142728143623     0.537292745447520    -0.200290622332363
    -0.149022033690276    -0.200290622332363    -0.052984840014418
7 9
    -0.088449447419557     0.027570943832111     0.023471582074948
     0.027570943832111    -0.056613263732994    -0.013551324229278
     0.000062686311588    -0.000036191958870     0.016340312462333
7 10
     0.276294362227133     0.540205188574667     0.098945750234483
     0.363919732287421    -0.245702404213643     0.229202178065581
     0.247967783924759    -0.028911555733218    -0.052984840014418
7 11
     0.276294362227132    -0.540205188574667    -0.098945750234483
    -0.363919732287421    -0.245702404213643     0.229202178065581
    -0.247967783924759    -0.028911555733218    -0.052984840014418
7 12
    -0.088449447419557    -0.027570943832111    -0.023471582074948
    -0.027570943832111    -0.056613263732994    -0.013551324229278
    -0.000062686311588    -0.000036191958870     0.016340312462333
7 13
     0.000000000000000     0.000000000000000     0.000000000000000
     0.000000000000000     0.000000000000000     0.000000000000000
     0.000000000000000     0.000000000000000     0.000000000000000
7 14
    -0.040695171889713    -0.000000000000000     0.000000000000000
    -0.000000000000000    -0.104367539262838     0.000072383917740
     0.000000000000000     0.027102648458555     0.016340312462333
7 15
     0.000000000000000     0.000000000000000     0.000000000000000
     0.000000000000000     0.000000000000000     0.000000000000000
     0.000000000000000     0.000000000000000     0.000000000000000
7 16
    -0.040695171889713    -0.000000000000000     0.000000000000000
    -0.000000000000000    -0.104367539262838     0.027102648458555
     0.000000000000000     0.000072383917740     0.016340312462333
7 17
     0.000000000000000     0.000000000000000     0.000000000000000
     0.000000000000000     0.000000000000000     0.000000000000000
     0.000000000000000     0.000000000000000     0.000000000000000
7 18
     0.042562515238184     0.136117335149347     0.017277424174141
     0.136117335149347    -0.114612244941515     0.009975125497844
     0.017277424174141     0.009975125497844     0.000137125977613
7 19
    -1.307414122476802     0.000000000000004     0.000000000000001
     0.000000000000005    -9.396798128890106    -2.206359425257166
     0.000000000000001    -2.206359425257166    -0.648920282033516
7 20
     0.042562515238184    -0.136117335149347    -0.017277424174141
    -0.136117335149347    -0.114612244941515     0.009975125497844
    -0.017277424174141     0.009975125497844     0.000137125977613
7 21
     0.018982172166983    -0.111092335957692     0.052078120069419
    -0.111092335957692    -0.117670664107709     0.081827026882550
     0.052078120069419     0.081827026882550     0.010117126041146
7 22
    -7.374452127286795     3.502806025260734    -1.910763312151941
     3.502806025260733    -3.329760124080124     1.103179712628583
    -1.910763312151941     1.103179712628583    -0.648920282033516
7 23
    -7.374452127286790    -3.502806025260735     1.910763312151941
    -3.502806025260735    -3.329760124080128     1.103179712628583
     1.910763312151941     1.103179712628583    -0.648920282033516
7 24
     0.018982172166983     0.111092335957692    -0.052078120069419
     0.111092335957692    -0.117670664107709     0.081827026882550
    -0.052078120069419     0.081827026882550     0.010117126041146
7 25
     0.012701330066081    -0.114718581835385    -0.044825223961731
    -0.114718581835385    -0.111389822006807    -0.086014488402728
    -0.044825223961731    -0.086014488402728     0.010117126041146
7 26
    -0.193199625031365     0.000000000000000    -0.000000000000000
     0.000000000000000     0.121149895328034    -0.019950250995687
    -0.000000000000000    -0.019950250995687     0.000137125977613
7 27
     0.012701330066081     0.114718581835385     0.044825223961731
     0.114718581835385    -0.111389822006807    -0.086014488402728
     0.044825223961731    -0.086014488402728     0.010117126041146
7 28
     0.000000000000000     0.000000000000000     0.000000000000000
     0.000000000000000     0.000000000000000     0.000000000000000
     0.000000000000000     0.000000000000000     0.000000000000000
7 29
     0.000000000000000     0.000000000000000     0.000000000000000
     0.000000000000000     0.000000000000000     0.000000000000000
     0.000000000000000     0.000000000000000     0.000000000000000
7 30
     0.000000000000000     0.000000000000000     0.000000000000000
     0.000000000000000     0.000000000000000     0.000000000000000
     0.000000000000000     0.000000000000000     0.000000000000000
7 31
    -0.179716240144153     0.003626245877693     0.096903344031150
     0.003626245877693     0.081027748203426     0.004187461520178
     0.096903344031150     0.004187461520178     0.010117126041146
7 32
    -0.179716240144153    -0.003626245877693    -0.096903344031150
    -0.003626245877693     0.081027748203426     0.004187461520178
    -0.096903344031150     0.004187461520178     0.010117126041146
8 1
     0.276294362227133     0.363919732287421     0.247967783924759
     0.540205188574667    -0.245702404213643    -0.028911555733218
     0.098945750234483     0.229202178065581    -0.052984840014418
8 2
    -0.088449447419557     0.027570943832111     0.000062686311588
     0.027570943832111    -0.056613263732994    -0.000036191958870
     0.023471582074948    -0.013551324229278     0.016340312462333
8 3
    -0.088449447419557    -0.027570943832111    -0.000062686311588
    -0.027570943832111    -0.056613263732994    -0.000036191958870
    -0.023471582074948    -0.013551324229278     0.016340312462333
8 4
     0.276294362227132    -0.363919732287421    -0.247967783924759
    -0.540205188574667    -0.245702404213643    -0.028911555733218
    -0.098945750234483     0.229202178065581    -0.052984840014418
8 5
    -0.506700787434032     0.088142728143623     0.149022033690276
    -0.088142728143623     0.537292745447520    -0.200290622332363
    -0.149022033690276    -0.200290622332363    -0.052984840014418
8 6
     0.000000000000000     0.000000000000000     0.000000000000000
     0.000000000000000     0.000000000000000     0.000000000000000
     0.000000000000000     0.000000000000000     0.000000000000000
8 7
    -0.506700787434032    -0.088142728143623    -0.149022033690276
     0.088142728143623     0.537292745447520    -0.200290622332363
     0.149022033690276    -0.200290622332363    -0.052984840014418
8 8
    16.803870706844737     0.000000000000002     0.000000000000000
     0.000000000000002    16.803870706844727     0.000000000000000
     0.000000000000000     0.000000000000000     2.105513877233339
8 9
    -0.088449447419557    -0.027570943832111    -0.023471582074948
    -0.027570943832111    -0.056613263732994    -0.013551324229278
    -0.000062686311588    -0.000036191958870     0.016340312462333
8 10
    -0.088449447419557     0.027570943832111     0.023471582074948
     0.027570943832111    -0.056613263732994    -0.013551324229278
     0.000062686311588    -0.000036191958870     0.016340312462333
8 11
     0.276294362227133     0.540205188574667     0.098945750234483
     0.363919732287421    -0.245702404213643     0.229202178065581
     0.247967783924759    -0.028911555733218    -0.052984840014418
8 12
     0.276294362227132    -0.540205188574667    -0.098945750234483
    -0.363919732287421    -0.245702404213643     0.229202178065581
    -0.247967783924759    -0.028911555733218    -0.052984840014418
8 13
    -0.040695171889713    -0.000000000000000     0.000000000000000
    -0.000000000000000    -0.104367539262838     0.027102648458555
     0.000000000000000     0.000072383917740     0.016340312462333
8 14
     0.000000000000000     0.000000000000000     0.000000000000000
     0.000000000000000     0.000000000000000     0.000000000000000
     0.000000000000000     0.000000000000000     0.000000000000000
8 15
    -0.040695171889713    -0.000000000000000     0.000000000000000
    -0.000000000000000    -0.104367539262838     0.000072383917740
     0.000000000000000     0.027102648458555     0.016340312462333
8 16
     0.000000000000000     0.000000000000000     0.000000000000000
     0.000000000000000     0.000000000000000     0.000000000000000
     0.000000000000000     0.000000000000000     0.000000000000000
8 17
     0.042562515238184    -0.136117335149347    -0.017277424174141
    -0.136117335149347    -0.114612244941515     0.009975125497844
    -0.017277424174141     0.009975125497844     0.000137125977613
8 18
     0.000000000000000     0.000000000000000     0.000000000000000
     0.000000000000000     0.000000000000000     0.000000000000000
     0.000000000000000     0.000000000000000     0.000000000000000
8 19
     0.042562515238184     0.136117335149347     0.017277424174141
     0.136117335149347    -0.114612244941515     0.009975125497844
     0.017277424174141     0.009975125497844     0.000137125977613
8 20
    -1.307414122476802     0.000000000000004     0.000000000000001
     0.000000000000005    -9.396798128890106    -2.206359425257166
     0.000000000000001    -2.206359425257166    -0.648920282033516
8 21
     0.018982172166983     0.111092335957692    -0.052078120069419
     0.111092335957692    -0.117670664107709     0.081827026882550
    -0.052078120069419     0.081827026882550     0.010117126041146
8 22
     0.018982172166983    -0.111092335957692     0.052078120069419
    -0.111092335957692    -0.117670664107709     0.081827026882550
     0.052078120069419     0.081827026882550     0.010117126041146
8 23
    -7.374452127286795     3.502806025260734    -1.910763312151941
     3.502806025260733    -3.329760124080124     1.103179712628583
    -1.910763312151941     1.103179712628583    -0.648920282033516
8 24
    -7.374452127286790    -3.502806025260735     1.910763312151941
    -3.502806025260735    -3.329760124080128     1.103179712628583
     1.910763312151941     1.103179712628583    -0.648920282033516
8 25
     0.000000000000000     0.000000000000000     0.000000000000000
     0.000000000000000     0.000000000000000     0.000000000000000
     0.000000000000000     0.000000000000000     0.000000000000000
8 26
     0.012701330066081    -0.114718581835385    -0.044825223961731
    -0.114718581835385    -0.111389822006807    -0.086014488402728
    -0.044825223961731    -0.086014488402728     0.010117126041146
8 27
    -0.193199625031365     0.000000000000000    -0.000000000000000
     0.000000000000000     0.121149895328034    -0.019950250995687
    -0.000000000000000    -0.019950250995687     0.000137125977613
8 28
     0.012701330066081     0.114718581835385     0.044825223961731
     0.114718581835385    -0.111389822006807    -0.086014488402728
     0.044825223961731    -0.086014488402728     0.010117126041146
8 29
    -0.179716240144153    -0.003626245877693    -0.096903344031150
    -0.003626245877693     0.081027748203426     0.004187461520178
    -0.096903344031150     0.004187461520178     0.010117126041146
8 30
     0.000000000000000     0.000000000000000     0.000000000000000
     0.000000000000000     0.000000000000000     0.000000000000000
     0.000000000000000     0.000000000000000     0.000000000000000
8 31
     0.000000000000000     0.000000000000000     0.000000000000000
     0.000000000000000     0.000000000000000     0.000000000000000
     0.000000000000000     0.000000000000000     0.000000000000000
8 32
    -0.179716240144153     0.003626245877693     0.096903344031150
     0.003626245877693     0.081027748203426     0.004187461520178
     0.096903344031150     0.004187461520178     0.010117126041146
9 1
     0.000000000000000     0.000000000000000     0.000000000000000
     0.000000000000000     0.000000000000000     0.000000000000000
     0.000000000000000     0.000000000000000     0.000000000000000
9 2
    -0.040695171889713    -0.000000000000000     0.000000000000000
    -0.000000000000000    -0.104367539262838     0.027102648458555
     0.000000000000000     0.000072383917740     0.016340312462333
9 3
     0.000000000000000     0.000000000000000     0.000000000000000
     0.000000000000000     0.000000000000000     0.000000000000000
     0.000000000000000     0.000000000000000     0.000000000000000
9 4
    -0.040695171889713    -0.000000000000000     0.000000000000000
    -0.000000000000000    -0.104367539262838     0.000072383917740
     0.000000000000000     0.027102648458555     0.016340312462333
9 5
     0.276294362227132    -0.363919732287421    -0.247967783924759
    -0.540205188574667    -0.245702404213643    -0.028911555733218
    -0.098945750234483     0.229202178065581    -0.052984840014418
9 6
     0.276294362227133     0.363919732287421     0.247967783924759
     0.540205188574667    -0.245702404213643    -0.028911555733218
     0.098945750234483     0.229202178065581    -0.052984840014418
9 7
    -0.088449447419557     0.027570943832111     0.000062686311588
     0.027570943832111    -0.056613263732994    -0.000036191958870
     0.023471582074948    -0.013551324229278     0.016340312462333
9 8
    -0.088449447419557    -0.027570943832111    -0.000062686311588
    -0.027570943832111    -0.056613263732994    -0.000036191958870
    -0.023471582074948    -0.013551324229278     0.016340312462333
9 9
    16.803870706844737     0.000000000000002     0.000000000000000
     0.000000000000002    16.803870706844727     0.000000000000000
     0.000000000000000     0.000000000000000     2.105513877233339
9 10
    -0.506700787434032     0.088142728143623     0.149022033690276
    -0.088142728143623     0.537292745447520    -0.200290622332363
    -0.149022033690276    -0.200290622332363    -0.052984840014418
9 11
     0.000000000000000     0.000000000000000     0.000000000000000
     0.000000000000000     0.000000000000000     0.000000000000000
     0.000000000000000     0.000000000000000     0.000000000000000
9 12
    -0.506700787434032    -0.088142728143623    -0.149022033690276
     0.088142728143623     0.537292745447520    -0.200290622332363
     0.149022033690276    -0.200290622332363    -0.052984840014418
9 13
     0.276294362227132    -0.540205188574667    -0.098945750234483
    -0.363919732287421    -0.245702404213643     0.229202178065581
    -0.247967783924759    -0.028911555733218    -0.052984840014418
9 14
    -0.088449447419557    -0.027570943832111    -0.023471582074948
    -0.027570943832111    -0.056613263732994    -0.013551324229278
    -0.000062686311588    -0.000036191958870     0.016340312462333
9 15
    -0.088449447419557     0.027570943832111     0.023471582074948
     0.027570943832111    -0.056613263732994    -0.013551324229278
     0.000062686311588    -0.000036191958870     0.016340312462333
9 16
     0.276294362227133     0.540205188574667     0.098945750234483
     0.363919732287421    -0.245702404213643     0.229202178065581
     0.247967783924759    -0.028911555733218    -0.052984840014418
9 17
    -0.179716240144153     0.003626245877693     0.096903344031150
     0.003626245877693     0.081027748203426     0.004187461520178
     0.096903344031150     0.004187461520178     0.010117126041146
9 18
    -0.179716240144153    -0.003626245877693    -0.096903344031150
    -0.003626245877693     0.081027748203426     0.004187461520178
    -0.096903344031150     0.004187461520178     0.010117126041146
9 19
     0.000000000000000     0.000000000000000     0.000000000000000
     0.000000000000000     0.000000000000000     0.000000000000000
     0.000000000000000     0.000000000000000     0.000000000000000
9 20
     0.000000000000000     0.000000000000000     0.000000000000000
     0.000000000000000     0.000000000000000     0.000000000000000
     0.000000000000000     0.000000000000000     0.000000000000000
9 21
    -1.307414122476802     0.000000000000004     0.000000000000001
     0.000000000000005    -9.396798128890106    -2.206359425257166
     0.000000000000001    -2.206359425257166    -0.648920282033516
9 22
     0.042562515238184    -0.136117335149347    -0.017277424174141
    -0.136117335149347    -0.114612244941515     0.009975125497844
    -0.017277424174141     0.009975125497844     0.000137125977613
9 23
     0.000000000000000     0.000000000000000     0.000000000000000
     0.000000000000000     0.000000000000000     0.000000000000000
     0.000000000000000     0.000000000000000     0.000000000000000
9 24
     0.042562515238184     0.136117335149347     0.017277424174141
     0.136117335149347    -0.114612244941515     0.009975125497844
     0.017277424174141     0.009975125497844     0.000137125977613
9 25
    -7.374452127286790    -3.502806025260735     1.910763312151941
    -3.502806025260735    -3.329760124080128     1.103179712628583
     1.910763312151941     1.103179712628583    -0.648920282033516
9 26
     0.018982172166983     0.111092335957692    -0.052078120069419
     0.111092335957692    -0.117670664107709     0.081827026882550
    -0.052078120069419     0.081827026882550     0.010117126041146
9 27
     0.018982172166983    -0.111092335957692     0.052078120069419
    -0.111092335957692    -0.117670664107709     0.081827026882550
     0.052078120069419     0.081827026882550     0.010117126041146
9 28
    -7.374452127286795     3.502806025260734    -1.910763312151941
     3.502806025260733    -3.329760124080124     1.103179712628583
    -1.910763312151941     1.103179712628583    -0.648920282033516
9 29
     0.012701330066081     0.114718581835385     0.044825223961731
     0.114718581835385    -0.111389822006807    -0.086014488402728
     0.044825223961731    -0.086014488402728     0.010117126041146
9 30
     0.000000000000000     0.000000000000000     0.000000000000000
     0.000000000000000     0.000000000000000     0.000000000000000
     0.000000000000000     0.000000000000000     0.000000000000000
9 31
     0.012701330066081    -0.114718581835385    -0.044825223961731
    -0.114718581835385    -0.111389822006807    -0.086014488402728
    -0.044825223961731    -0.086014488402728     0.010117126041146
9 32
    -0.193199625031365     0.000000000000000    -0.000000000000000
     0.000000000000000     0.121149895328034    -0.019950250995687
    -0.000000000000000    -0.019950250995687     0.000137125977613
10 1
    -0.040695171889713    -0.000000000000000     0.000000000000000
    -0.000000000000000    -0.104367539262838     0.000072383917740
     0.000000000000000     0.027102648458555     0.016340312462333
10 2
     0.000000000000000     0.000000000000000     0.000000000000000
     0.000000000000000     0.000000000000000     0.000000000000000
     0.000000000000000     0.000000000000000     0.000000000000000
10 3
    -0.040695171889713    -0.000000000000000     0.000000000000000
    -0.000000000000000    -0.104367539262838     0.027102648458555
     0.000000000000000     0.000072383917740     0.016340312462333
10 4
     0.000000000000000     0.000000000000000     0.000000000000000
     0.000000000000000     0.000000000000000     0.000000000000000
     0.000000000000000     0.000000000000000     0.000000000000000
10 5
    -0.088449447419557    -0.027570943832111    -0.000062686311588
    -0.027570943832111    -0.056613263732994    -0.000036191958870
    -0.023471582074948    -0.013551324229278     0.016340312462333
10 6
     0.276294362227132    -0.363919732287421    -0.247967783924759
    -0.540205188574667    -0.245702404213643    -0.028911555733218
    -0.098945750234483     0.229202178065581    -0.052984840014418
10 7
     0.276294362227133     0.363919732287421     0.247967783924759
     0.540205188574667    -0.245702404213643    -0.028911555733218
     0.098945750234483     0.229202178065581    -0.052984840014418
10 8
    -0.088449447419557     0.027570943832111     0.000062686311588
     0.027570943832111    -0.056613263732994    -0.000036191958870
     0.023471582074948    -0.013551324229278     0.016340312462333
10 9
    -0.506700787434032    -0.088142728143623    -0.149022033690276
     0.088142728143623     0.537292745447520    -0.200290622332363
     0.149022033690276    -0.200290622332363    -0.052984840014418
10 10
    16.803870706844737     0.000000000000002     0.000000000000000
     0.000000000000002    16.803870706844727     0.000000000000000
     0.000000000000000     0.000000000000000     2.105513877233339
10 11
    -0.506700787434032     0.088142728143623     0.149022033690276
    -0.088142728143623     0.537292745447520    -0.200290622332363
    -0.149022033690276    -0.200290622332363    -0.052984840014418
10 12
     0.000000000000000     0.000000000000000     0.000000000000000
     0.000000000000000     0.000000000000000     0.000000000000000
     0.000000000000000     0.000000000000000     0.000000000000000
10 13
     0.276294362227133     0.540205188574667     0.098945750234483
     0.363919732287421    -0.245702404213643     0.229202178065581
     0.247967783924759    -0.028911555733218    -0.052984840014418
10 14
     0.276294362227132    -0.540205188574667    -0.098945750234483
    -0.363919732287421    -0.245702404213643     0.229202178065581
    -0.247967783924759    -0.028911555733218    -0.052984840014418
10 15
    -0.088449447419557    -0.027570943832111    -0.023471582074948
    -0.027570943832111    -0.056613263732994    -0.013551324229278
    -0.000062686311588    -0.000036191958870     0.016340312462333
10 16
    -0.088449447419557     0.027570943832111     0.023471582074948
     0.027570943832111    -0.056613263732994    -0.013551324229278
     0.000062686311588    -0.000036191958870     0.016340312462333
10 17
     0.000000000000000     0.000000000000000     0.000000000000000
     0.000000000000000     0.000000000000000     0.000000000000000
     0.000000000000000     0.000000000000000     0.000000000000000
10 18
    -0.179716240144153     0.003626245877693     0.096903344031150
     0.003626245877693     0.081027748203426     0.004187461520178
     0.096903344031150     0.004187461520178     0.010117126041146
10 19
    -0.179716240144153    -0.003626245877693    -0.096903344031150
    -0.003626245877693     0.081027748203426     0.004187461520178
    -0.096903344031150     0.004187461520178     0.010117126041146
10 20
     0.000000000000000     0.000000000000000     0.000000000000000
     0.000000000000000     0.000000000000000     0.000000000000000
     0.000000000000000     0.000000000000000     0.000000000000000
10 21
     0.042562515238184     0.136117335149347     0.017277424174141
     0.136117335149347    -0.114612244941515     0.009975125497844
     0.017277424174141     0.009975125497844     0.000137125977613
10 22
    -1.307414122476802     0.000000000000004     0.000000000000001
     0.000000000000005    -9.396798128890106    -2.206359425257166
     0.000000000000001    -2.206359425257166    -0.648920282033516
10 23
     0.042562515238184    -0.136117335149347    -0.017277424174141
    -0.136117335149347    -0.114612244941515     0.009975125497844
    -0.017277424174141     0.009975125497844     0.000137125977613
10 24
     0.000000000000000     0.000000000000000     0.000000000000000
     0.000000000000000     0.000000000000000     0.000000000000000
     0.000000000000000     0.000000000000000     0.000000000000000
10 25
    -7.374452127286795     3.502806025260734    -1.910763312151941
     3.502806025260733    -3.329760124080124     1.103179712628583
    -1.910763312151941     1.103179712628583    -0.648920282033516
10 26
    -7.374452127286790    -3.502806025260735     1.910763312151941
    -3.502806025260735    -3.329760124080128     1.103179712628583
     1.910763312151941     1.103179712628583    -0.648920282033516
10 27
     0.018982172166983     0.111092335957692    -0.052078120069419
     0.111092335957692    -0.117670664107709     0.081827026882550
    -0.052078120069419     0.081827026882550     0.010117126041146
10 28
     0.018982172166983    -0.111092335957692     0.052078120069419
    -0.111092335957692    -0.117670664107709     0.081827026882550
     0.052078120069419     0.081827026882550     0.010117126041146
10 29
    -0.193199625031365     0.000000000000000    -0.000000000000000
     0.000000000000000     0.121149895328034    -0.019950250995687
    -0.000000000000000    -0.019950250995687     0.000137125977613
10 30
     0.012701330066081     0.114718581835385     0.044825223961731
     0.114718581835385    -0.111389822006807    -0.086014488402728
     0.044825223961731    -0.086014488402728     0.010117126041146
10 31
     0.000000000000000     0.000000000000000     0.000000000000000
     0.000000000000000     0.000000000000000     0.000000000000000
     0.000000000000000     0.000000000000000     0.000000000000000
10 32
     0.012701330066081    -0.114718581835385    -0.044825223961731
    -0.114718581835385    -0.111389822006807    -0.086014488402728
    -0.044825223961731    -0.086014488402728     0.010117126041146
11 1
     0.000000000000000     0.000000000000000     0.000000000000000
     0.000000000000000     0.000000000000000     0.000000000000000
     0.000000000000000     0.000000000000000     0.000000000000000
11 2
    -0.040695171889713    -0.000000000000000     0.000000000000000
    -0.000000000000000    -0.104367539262838     0.000072383917740
     0.000000000000000     0.027102648458555     0.016340312462333
11 3
     0.000000000000000     0.000000000000000     0.000000000000000
     0.000000000000000     0.000000000000000     0.000000000000000
     0.000000000000000     0.000000000000000     0.000000000000000
11 4
    -0.040695171889713    -0.000000000000000     0.000000000000000
    -0.000000000000000    -0.104367539262838     0.027102648458555
     0.000000000000000     0.000072383917740     0.016340312462333
11 5
    -0.088449447419557     0.027570943832111     0.000062686311588
     0.027570943832111    -0.056613263732994    -0.000036191958870
     0.023471582074948    -0.013551324229278     0.016340312462333
11 6
    -0.088449447419557    -0.027570943832111    -0.000062686311588
    -0.027570943832111    -0.056613263732994    -0.000036191958870
    -0.023471582074948    -0.013551324229278     0.016340312462333
11 7
     0.276294362227132    -0.363919732287421    -0.247967783924759
    -0.540205188574667    -0.245702404213643    -0.028911555733218
    -0.098945750234483     0.229202178065581    -0.052984840014418
11 8
     0.276294362227133     0.363919732287421     0.247967783924759
     0.540205188574667    -0.245702404213643    -0.028911555733218
     0.098945750234483     0.229202178065581    -0.052984840014418
11 9
     0.000000000000000     0.000000000000000     0.000000000000000
     0.000000000000000     0.000000000000000     0.000000000000000
     0.000000000000000     0.000000000000000     0.000000000000000
11 10
    -0.506700787434032    -0.088142728143623    -0.149022033690276
     0.088142728143623     0.537292745447520    -0.200290622332363
     0.149022033690276    -0.200290622332363    -0.052984840014418
11 11
    16.803870706844737     0.000000000000002     0.000000000000000
     0.000000000000002    16.803870706844727     0.000000000000000
     0.000000000000000     0.000000000000000     2.105513877233339
11 12
    -0.506700787434032     0.088142728143623     0.149022033690276
    -0.088142728143623     0.537292745447520    -0.200290622332363
    -0.149022033690276    -0.200290622332363    -0.052984840014418
11 13
    -0.088449447419557     0.027570943832111     0.023471582074948
     0.027570943832111    -0.056613263732994    -0.013551324229278
     0.000062686311588    -0.000036191958870     0.016340312462333
11 14
     0.276294362227133     0.540205188574667     0.098945750234483
     0.363919732287421    -0.245702404213643     0.229202178065581
     0.247967783924759    -0.028911555733218    -0.052984840014418
11 15
     0.276294362227132    -0.540205188574667    -0.098945750234483
    -0.363919732287421    -0.245702404213643     0.229202178065581
    -0.247967783924759    -0.028911555733218    -0.052984840014418
11 16
    -0.088449447419557    -0.027570943832111    -0.023471582074948
    -0.027570943832111    -0.056613263732994    -0.013551324229278
    -0.000062686311588    -0.000036191958870     0.016340312462333
11 17
     0.000000000000000     0.000000000000000     0.000000000000000
     0.000000000000000     0.000000000000000     0.000000000000000
     0.000000000000000     0.000000000000000     0.000000000000000
11 18
     0.000000000000000     0.000000000000000     0.000000000000000
     0.000000000000000     0.000000000000000     0.000000000000000
     0.000000000000000     0.000000000000000     0.000000000000000
11 19
    -0.179716240144153     0.003626245877693     0.096903344031150
     0.003626245877693     0.081027748203426     0.004187461520178
     0.096903344031150     0.004187461520178     0.010117126041146
11 20
    -0.179716240144153    -0.003626245877693    -0.096903344031150
    -0.003626245877693     0.081027748203426     0.004187461520178
    -0.096903344031150     0.004187461520178     0.010117126041146
11 21
     0.000000000000000     0.000000000000000     0.000000000000000
     0.000000000000000     0.000000000000000     0.000000000000000
     0.000000000000000     0.000000000000000     0.000000000000000
11 22
     0.042562515238184     0.136117335149347     0.017277424174141
     0.136117335149347    -0.114612244941515     0.009975125497844
     0.017277424174141     0.009975125497844     0.000137125977613
11 23
    -1.307414122476802     0.000000000000004     0.000000000000001
     0.000000000000005    -9.396798128890106    -2.206359425257166
     0.000000000000001    -2.206359425257166    -0.648920282033516
11 24
     0.042562515238184    -0.136117335149347    -0.017277424174141
    -0.136117335149347    -0.114612244941515     0.009975125497844
    -0.017277424174141     0.009975125497844     0.000137125977613
11 25
     0.018982172166983    -0.111092335957692     0.052078120069419
    -0.111092335957692    -0.117670664107709     0.081827026882550
     0.052078120069419     0.081827026882550     0.010117126041146
11 26
    -7.374452127286795     3.502806025260734    -1.910763312151941
     3.502806025260733    -3.329760124080124     1.103179712628583
    -1.910763312151941     1.103179712628583    -0.648920282033516
11 27
    -7.374452127286790    -3.502806025260735     1.910763312151941
    -3.502806025260735    -3.329760124080128     1.103179712628583
     1.910763312151941     1.103179712628583    -0.648920282033516
11 28
     0.018982172166983     0.111092335957692    -0.052078120069419
     0.111092335957692    -0.117670664107709     0.081827026882550
    -0.052078120069419     0.081827026882550     0.010117126041146
11 29
     0.012701330066081    -0.114718581835385    -0.044825223961731
    -0.114718581835385    -0.111389822006807    -0.086014488402728
    -0.044825223961731    -0.086014488402728     0.010117126041146
11 30
    -0.193199625031365     0.000000000000000    -0.000000000000000
     0.000000000000000     0.121149895328034    -0.019950250995687
    -0.000000000000000    -0.019950250995687     0.000137125977613
11 31
     0.012701330066081     0.114718581835385     0.044825223961731
     0.114718581835385    -0.111389822006807    -0.086014488402728
     0.044825223961731    -0.086014488402728     0.010117126041146
11 32
     0.000000000000000     0.000000000000000     0.000000000000000
     0.000000000000000     0.000000000000000     0.000000000000000
     0.000000000000000     0.000000000000000     0.000000000000000
12 1
    -0.040695171889713    -0.000000000000000     0.000000000000000
    -0.000000000000000    -0.104367539262838     0.027102648458555
     0.000000000000000     0.000072383917740     0.016340312462333
12 2
     0.000000000000000     0.000000000000000     0.000000000000000
     0.000000000000000     0.000000000000000     0.000000000000000
     0.000000000000000     0.000000000000000     0.000000000000000
12 3
    -0.040695171889713    -0.000000000000000     0.000000000000000
    -0.000000000000000    -0.104367539262838     0.000072383917740
     0.000000000000000     0.027102648458555     0.016340312462333
12 4
     0.000000000000000     0.000000000000000     0.000000000000000
     0.000000000000000     0.000000000000000     0.000000000000000
     0.000000000000000     0.000000000000000     0.000000000000000
12 5
     0.276294362227133     0.363919732287421     0.247967783924759
     0.540205188574667    -0.245702404213643    -0.028911555733218
     0.098945750234483     0.229202178065581    -0.052984840014418
12 6
    -0.088449447419557     0.027570943832111     0.000062686311588
     0.027570943832111    -0.056613263732994    -0.000036191958870
     0.023471582074948    -0.013551324229278     0.016340312462333
12 7
    -0.088449447419557    -0.027570943832111    -0.000062686311588
    -0.027570943832111    -0.056613263732994    -0.000036191958870
    -0.023471582074948    -0.013551324229278     0.016340312462333
12 8
     0.276294362227132    -0.363919732287421    -0.247967783924759
    -0.540205188574667    -0.245702404213643    -0.028911555733218
    -0.098945750234483     0.229202178065581    -0.052984840014418
12 9
    -0.506700787434032     0.088142728143623     0.149022033690276
    -0.088142728143623     0.537292745447520    -0.200290622332363
    -0.149022033690276    -0.200290622332363    -0.052984840014418
12 10
     0.000000000000000     0.000000000000000     0.000000000000000
     0.000000000000000     0.000000000000000     0.000000000000000
     0.000000000000000     0.000000000000000     0.000000000000000
12 11
    -0.506700787434032    -0.088142728143623    -0.149022033690276
     0.088142728143623     0.537292745447520    -0.200290622332363
     0.149022033690276    -0.200290622332363    -0.052984840014418
12 12
    16.803870706844737     0.000000000000002     0.000000000000000
     0.000000000000002    16.803870706844727     0.000000000000000
     0.000000000000000     0.000000000000000     2.105513877233339
12 13
    -0.088449447419557    -0.027570943832111    -0.023471582074948
    -0.027570943832111    -0.056613263732994    -0.013551324229278
    -0.000062686311588    -0.000036191958870     0.016340312462333
12 14
    -0.088449447419557     0.027570943832111     0.023471582074948
     0.027570943832111    -0.056613263732994    -0.013551324229278
     0.000062686311588    -0.000036191958870     0.016340312462333
12 15
     0.276294362227133     0.540205188574667     0.098945750234483
     0.363919732287421    -0.245702404213643     0.229202178065581
     0.247967783924759    -0.028911555733218    -0.052984840014418
12 16
     0.276294362227132    -0.540205188574667    -0.098945750234483
    -0.363919732287421    -0.245702404213643     0.229202178065581
    -0.247967783924759    -0.028911555733218    -0.052984840014418
12 17
    -0.179716240144153    -0.003626245877693    -0.096903344031150
    -0.003626245877693     0.081027748203426     0.004187461520178
    -0.096903344031150     0.004187461520178     0.010117126041146
12 18
     0.000000000000000     0.000000000000000     0.000000000000000
     0.000000000000000     0.000000000000000     0.000000000000000
     0.000000000000000     0.000000000000000     0.000000000000000
12 19
     0.000000000000000     0.000000000000000     0.000000000000000
     0.000000000000000     0.000000000000000     0.000000000000000
     0.000000000000000     0.000000000000000     0.000000000000000
12 20
    -0.179716240144153     0.003626245877693     0.096903344031150
     0.003626245877693     0.081027748203426     0.004187461520178
     0.096903344031150     0.004187461520178     0.010117126041146
12 21
     0.042562515238184    -0.136117335149347    -0.017277424174141
    -0.136117335149347    -0.114612244941515     0.009975125497844
    -0.017277424174141     0.009975125497844     0.000137125977613
12 22
     0.000000000000000     0.000000000000000     0.000000000000000
     0.000000000000000     0.000000000000000     0.000000000000000
     0.000000000000000     0.000000000000000     0.000000000000000
12 23
     0.042562515238184     0.136117335149347     0.017277424174141
     0.136117335149347    -0.114612244941515     0.009975125497844
     0.017277424174141     0.009975125497844     0.000137125977613
12 24
    -1.307414122476802     0.000000000000004     0.000000000000001
     0.000000000000005    -9.396798128890106    -2.206359425257166
     0.000000000000001    -2.206359425257166    -0.648920282033516
12 25
     0.018982172166983     0.111092335957692    -0.052078120069419
     0.111092335957692    -0.117670664107709     0.081827026882550
    -0.052078120069419     0.081827026882550     0.010117126041146
12 26
     0.018982172166983    -0.111092335957692     0.052078120069419
    -0.111092335957692    -0.117670664107709     0.081827026882550
     0.052078120069419     0.081827026882550     0.010117126041146
12 27
    -7.374452127286795     3.502806025260734    -1.910763312151941
     3.502806025260733    -3.329760124080124     1.103179712628583
    -1.910763312151941     1.103179712628583    -0.648920282033516
12 28
    -7.374452127286790    -3.502806025260735     1.910763312151941
    -3.502806025260735    -3.329760124080128     1.103179712628583
     1.910763312151941     1.103179712628583    -0.648920282033516
12 29
     0.000000000000000     0.000000000000000     0.000000000000000
     0.000000000000000     0.000000000000000     0.000000000000000
     0.000000000000000     0.000000000000000     0.000000000000000
12 30
     0.012701330066081    -0.114718581835385    -0.044825223961731
    -0.114718581835385    -0.111389822006807    -0.086014488402728
    -0.044825223961731    -0.086014488402728     0.010117126041146
12 31
    -0.193199625031365     0.000000000000000    -0.000000000000000
     0.000000000000000     0.121149895328034    -0.019950250995687
    -0.000000000000000    -0.019950250995687     0.000137125977613
12 32
     0.012701330066081     0.114718581835385     0.044825223961731
     0.114718581835385    -0.111389822006807    -0.086014488402728
     0.044825223961731    -0.086014488402728     0.010117126041146
13 1
     0.276294362227132    -0.540205188574667    -0.098945750234483
    -0.363919732287421    -0.245702404213643     0.229202178065581
    -0.247967783924759    -0.028911555733218    -0.052984840014418
13 2
    -0.088449447419557    -0.027570943832111    -0.023471582074948
    -0.027570943832111    -0.056613263732994    -0.013551324229278
    -0.000062686311588    -0.000036191958870     0.016340312462333
13 3
    -0.088449447419557     0.027570943832111     0.023471582074948
     0.027570943832111    -0.056613263732994    -0.013551324229278
     0.000062686311588    -0.000036191958870     0.016340312462333
13 4
     0.276294362227133     0.540205188574667     0.098945750234483
     0.363919732287421    -0.245702404213643     0.229202178065581
     0.247967783924759    -0.028911555733218    -0.052984840014418
13 5
     0.000000000000000     0.000000000000000     0.000000000000000
     0.000000000000000     0.000000000000000     0.000000000000000
     0.000000000000000     0.000000000000000     0.000000000000000
13 6
    -0.040695171889713    -0.000000000000000     0.000000000000000
    -0.000000000000000    -0.104367539262838     0.027102648458555
     0.000000000000000     0.000072383917740     0.016340312462333
13 7
     0.000000000000000     0.000000000000000     0.000000000000000
     0.000000000000000     0.000000000000000     0.000000000000000
     0.000000000000000     0.000000000000000     0.000000000000000
13 8
    -0.040695171889713    -0.000000000000000     0.000000000000000
    -0.000000000000000    -0.104367539262838     0.000072383917740
     0.000000000000000     0.027102648458555     0.016340312462333
13 9
     0.276294362227132    -0.363919732287421    -0.247967783924759
    -0.540205188574667    -0.245702404213643    -0.028911555733218
    -0.098945750234483     0.229202178065581    -0.052984840014418
13 10
     0.276294362227133     0.363919732287421     0.247967783924759
     0.540205188574667    -0.245702404213643    -0.028911555733218
     0.098945750234483     0.229202178065581    -0.052984840014418
13 11
    -0.088449447419557     0.027570943832111     0.000062686311588
     0.027570943832111    -0.056613263732994    -0.000036191958870
     0.023471582074948    -0.013551324229278     0.016340312462333
13 12
    -0.088449447419557    -0.027570943832111    -0.000062686311588
    -0.027570943832111    -0.056613263732994    -0.000036191958870
    -0.023471582074948    -0.013551324229278     0.016340312462333
13 13
    16.803870706844737     0.000000000000002     0.000000000000000
     0.000000000000002    16.803870706844727     0.000000000000000
     0.000000000000000     0.000000000000000     2.105513877233339
13 14
    -0.506700787434032     0.088142728143623     0.149022033690276
    -0.088142728143623     0.537292745447520    -0.200290622332363
    -0.149022033690276    -0.200290622332363    -0.052984840014418
13 15
     0.000000000000000     0.000000000000000     0.000000000000000
     0.000000000000000     0.000000000000000     0.000000000000000
     0.000000000000000     0.000000000000000     0.000000000000000
13 16
    -0.506700787434032    -0.088142728143623    -0.149022033690276
     0.088142728143623     0.537292745447520    -0.200290622332363
     0.149022033690276    -0.200290622332363    -0.052984840014418
13 17
     0.012701330066081     0.114718581835385     0.044825223961731
     0.114718581835385    -0.111389822006807    -0.086014488402728
     0.044825223961731    -0.086014488402728     0.010117126041146
13 18
     0.000000000000000     0.000000000000000     0.000000000000000
     0.000000000000000     0.000000000000000     0.000000000000000
     0.000000000000000     0.000000000000000     0.000000000000000
13 19
     0.012701330066081    -0.114718581835385    -0.044825223961731
    -0.114718581835385    -0.111389822006807    -0.086014488402728
    -0.044825223961731    -0.086014488402728     0.010117126041146
13 20
    -0.193199625031365     0.000000000000000    -0.000000000000000
     0.000000000000000     0.121149895328034    -0.019950250995687
    -0.000000000000000    -0.019950250995687     0.000137125977613
13 21
    -0.179716240144153     0.003626245877693     0.096903344031150
     0.003626245877693     0.081027748203426     0.004187461520178
     0.096903344031150     0.004187461520178     0.010117126041146
13 22
    -0.179716240144153    -0.003626245877693    -0.096903344031150
    -0.003626245877693     0.081027748203426     0.004187461520178
    -0.096903344031150     0.004187461520178     0.010117126041146
13 23
     0.000000000000000     0.000000000000000     0.000000000000000
     0.000000000000000     0.000000000000000     0.000000000000000
     0.000000000000000     0.000000000000000     0.000000000000000
13 24
     0.000000000000000     0.000000000000000     0.000000000000000
     0.000000000000000     0.000000000000000     0.000000000000000
     0.000000000000000     0.000000000000000     0.000000000000000
13 25
    -1.307414122476802     0.000000000000004     0.000000000000001
     0.000000000000005    -9.396798128890106    -2.206359425257166
     0.000000000000001    -2.206359425257166    -0.648920282033516
13 26
     0.042562515238184    -0.136117335149347    -0.017277424174141
    -0.136117335149347    -0.114612244941515     0.009975125497844
    -0.017277424174141     0.009975125497844     0.000137125977613
13 27
     0.000000000000000     0.000000000000000     0.000000000000000
     0.000000000000000     0.000000000000000     0.000000000000000
     0.000000000000000     0.000000000000000     0.000000000000000
13 28
     0.042562515238184     0.136117335149347     0.017277424174141
     0.136117335149347    -0.114612244941515     0.009975125497844
     0.017277424174141     0.009975125497844     0.000137125977613
13 29
    -7.374452127286790    -3.502806025260735     1.910763312151941
    -3.502806025260735    -3.329760124080128     1.103179712628583
     1.910763312151941     1.103179712628583    -0.648920282033516
13 30
     0.018982172166983     0.111092335957692    -0.052078120069419
     0.111092335957692    -0.117670664107709     0.081827026882550
    -0.052078120069419     0.081827026882550     0.010117126041146
13 31
     0.018982172166983    -0.111092335957692     0.052078120069419
    -0.111092335957692    -0.117670664107709     0.081827026882550
     0.052078120069419     0.081827026882550     0.010117126041146
13 32
    -7.374452127286795     3.502806025260734    -1.910763312151941
     3.502806025260733    -3.329760124080124     1.103179712628583
    -1.910763312151941     1.103179712628583    -0.648920282033516
14 1
     0.276294362227133     0.540205188574667     0.098945750234483
     0.363919732287421    -0.245702404213643     0.229202178065581
     0.247967783924759    -0.028911555733218    -0.052984840014418
14 2
     0.276294362227132    -0.540205188574667    -0.098945750234483
    -0.363919732287421    -0.245702404213643     0.229202178065581
    -0.247967783924759    -0.028911555733218    -0.052984840014418
14 3
    -0.088449447419557    -0.027570943832111    -0.023471582074948
    -0.027570943832111    -0.056613263732994    -0.013551324229278
    -0.000062686311588    -0.000036191958870     0.016340312462333
14 4
    -0.088449447419557     0.027570943832111     0.023471582074948
     0.027570943832111    -0.056613263732994    -0.013551324229278
     0.000062686311588    -0.000036191958870     0.016340312462333
14 5
    -0.040695171889713    -0.000000000000000     0.000000000000000
    -0.000000000000000    -0.104367539262838     0.000072383917740
     0.000000000000000     0.027102648458555     0.016340312462333
14 6
     0.000000000000000     0.000000000000000     0.000000000000000
     0.000000000000000     0.000000000000000     0.000000000000000
     0.000000000000000     0.000000000000000     0.000000000000000
14 7
    -0.040695171889713    -0.000000000000000     0.000000000000000
    -0.000000000000000    -0.104367539262838     0.027102648458555
     0.000000000000000     0.000072383917740     0.016340312462333
14 8
     0.000000000000000     0.000000000000000     0.000000000000000
     0.000000000000000     0.000000000000000     0.000000000000000
     0.000000000000000     0.000000000000000     0.000000000000000
14 9
    -0.088449447419557    -0.027570943832111    -0.000062686311588
    -0.027570943832111    -0.056613263732994    -0.000036191958870
    -0.023471582074948    -0.013551324229278     0.016340312462333
14 10
     0.276294362227132    -0.363919732287421    -0.247967783924759
    -0.540205188574667    -0.245702404213643    -0.028911555733218
    -0.098945750234483     0.229202178065581    -0.052984840014418
14 11
     0.276294362227133     0.363919732287421     0.247967783924759
     0.540205188574667    -0.245702404213643    -0.028911555733218
     0.098945750234483     0.229202178065581    -0.052984840014418
14 12
    -0.088449447419557     0.027570943832111     0.000062686311588
     0.027570943832111    -0.056613263732994    -0.000036191958870
     0.023471582074948    -0.013551324229278     0.016340312462333
14 13
    -0.506700787434032    -0.088142728143623    -0.149022033690276
     0.088142728143623     0.537292745447520    -0.200290622332363
     0.149022033690276    -0.200290622332363    -0.052984840014418
14 14
    16.803870706844737     0.000000000000002     0.000000000000000
     0.000000000000002    16.803870706844727     0.000000000000000
     0.000000000000000     0.000000000000000     2.105513877233339
14 15
    -0.506700787434032     0.088142728143623     0.149022033690276
    -0.088142728143623     0.537292745447520    -0.200290622332363
    -0.149022033690276    -0.200290622332363    -0.052984840014418
14 16
     0.000000000000000     0.000000000000000     0.000000000000000
     0.000000000000000     0.000000000000000     0.000000000000000
     0.000000000000000     0.000000000000000     0.000000000000000
14 17
    -0.193199625031365     0.000000000000000    -0.000000000000000
     0.000000000000000     0.121149895328034    -0.019950250995687
    -0.000000000000000    -0.019950250995687     0.000137125977613
14 18
     0.012701330066081     0.114718581835385     0.044825223961731
     0.114718581835385    -0.111389822006807    -0.086014488402728
     0.044825223961731    -0.086014488402728     0.010117126041146
14 19
     0.000000000000000     0.000000000000000     0.000000000000000
     0.000000000000000     0.000000000000000     0.000000000000000
     0.000000000000000     0.000000000000000     0.000000000000000
14 20
     0.012701330066081    -0.114718581835385    -0.044825223961731
    -0.114718581835385    -0.111389822006807    -0.086014488402728
    -0.044825223961731    -0.086014488402728     0.010117126041146
14 21
     0.000000000000000     0.000000000000000     0.000000000000000
     0.000000000000000     0.000000000000000     0.000000000000000
     0.000000000000000     0.000000000000000     0.000000000000000
14 22
    -0.179716240144153     0.003626245877693     0.096903344031150
     0.003626245877693     0.081027748203426     0.004187461520178
     0.096903344031150     0.004187461520178     0.010117126041146
14 23
    -0.179716240144153    -0.003626245877693    -0.096903344031150
    -0.003626245877693     0.081027748203426     0.004187461520178
    -0.096903344031150     0.004187461520178     0.010117126041146
14 24
     0.000000000000000     0.000000000000000     0.000000000000000
     0.000000000000000     0.000000000000000     0.000000000000000
     0.000000000000000     0.000000000000000     0.000000000000000
14 25
     0.042562515238184     0.136117335149347     0.017277424174141
     0.136117335149347    -0.114612244941515     0.009975125497844
     0.017277424174141     0.009975125497844     0.000137125977613
14 26
    -1.307414122476802     0.000000000000004     0.000000000000001
     0.000000000000005    -9.396798128890106    -2.206359425257166
     0.000000000000001    -2.206359425257166    -0.648920282033516
14 27
     0.042562515238184    -0.136117335149347    -0.017277424174141
    -0.136117335149347    -0.114612244941515     0.009975125497844
    -0.017277424174141     0.009975125497844     0.000137125977613
14 28
     0.000000000000000     0.000000000000000     0.000000000000000
     0.000000000000000     0.000000000000000     0.000000000000000
     0.000000000000000     0.000000000000000     0.000000000000000
14 29
    -7.374452127286795     3.502806025260734    -1.910763312151941
     3.502806025260733    -3.329760124080124     1.103179712628583
    -1.910763312151941     1.103179712628583    -0.648920282033516
14 30
    -7.374452127286790    -3.502806025260735     1.910763312151941
    -3.502806025260735    -3.329760124080128     1.103179712628583
     1.910763312151941     1.103179712628583    -0.648920282033516
14 31
     0.018982172166983     0.111092335957692    -0.052078120069419
     0.111092335957692    -0.117670664107709     0.081827026882550
    -0.052078120069419     0.081827026882550     0.010117126041146
14 32
     0.018982172166983    -0.111092335957692     0.052078120069419
    -0.111092335957692    -0.117670664107709     0.081827026882550
     0.052078120069419     0.081827026882550     0.010117126041146
15 1
    -0.088449447419557     0.027570943832111     0.023471582074948
     0.027570943832111    -0.056613263732994    -0.013551324229278
     0.000062686311588    -0.000036191958870     0.016340312462333
15 2
     0.276294362227133     0.540205188574667     0.098945750234483
     0.363919732287421    -0.245702404213643     0.229202178065581
     0.247967783924759    -0.028911555733218    -0.052984840014418
15 3
     0.276294362227132    -0.540205188574667    -0.098945750234483
    -0.363919732287421    -0.245702404213643     0.229202178065581
    -0.247967783924759    -0.028911555733218    -0.052984840014418
15 4
    -0.088449447419557    -0.027570943832111    -0.023471582074948
    -0.027570943832111    -0.056613263732994    -0.013551324229278
    -0.000062686311588    -0.000036191958870     0.016340312462333
15 5
     0.000000000000000     0.000000000000000     0.000000000000000
     0.000000000000000     0.000000000000000     0.000000000000000
     0.000000000000000     0.000000000000000     0.000000000000000
15 6
    -0.040695171889713    -0.000000000000000     0.000000000000000
    -0.000000000000000    -0.104367539262838     0.000072383917740
     0.000000000000000     0.027102648458555     0.016340312462333
15 7
     0.000000000000000     0.000000000000000     0.000000000000000
     0.000000000000000     0.000000000000000     0.000000000000000
     0.000000000000000     0.000000000000000     0.000000000000000
15 8
    -0.040695171889713    -0.000000000000000     0.000000000000000
    -0.000000000000000    -0.104367539262838     0.027102648458555
     0.000000000000000     0.000072383917740     0.016340312462333
15 9
    -0.088449447419557     0.027570943832111     0.000062686311588
     0.027570943832111    -0.056613263732994    -0.000036191958870
     0.023471582074948    -0.013551324229278     0.016340312462333
15 10
    -0.088449447419557    -0.027570943832111    -0.000062686311588
    -0.027570943832111    -0.056613263732994    -0.000036191958870
    -0.023471582074948    -0.013551324229278     0.016340312462333
15 11
     0.276294362227132    -0.363919732287421    -0.247967783924759
    -0.540205188574667    -0.245702404213643    -0.028911555733218
    -0.098945750234483     0.229202178065581    -0.052984840014418
15 12
     0.276294362227133     0.363919732287421     0.247967783924759
     0.540205188574667    -0.245702404213643    -0.028911555733218
     0.098945750234483     0.229202178065581    -0.052984840014418
15 13
     0.000000000000000     0.000000000000000     0.000000000000000
     0.000000000000000     0.000000000000000     0.000000000000000
     0.000000000000000     0.000000000000000     0.000000000000000
15 14
    -0.506700787434032    -0.088142728143623    -0.149022033690276
     0.088142728143623     0.537292745447520    -0.200290622332363
     0.149022033690276    -0.200290622332363    -0.052984840014418
15 15
    16.803870706844737     0.000000000000002     0.000000000000000
     0.000000000000002    16.803870706844727     0.000000000000000
     0.000000000000000     0.000000000000000     2.105513877233339
15 16
    -0.506700787434032     0.088142728143623     0.149022033690276
    -0.088142728143623     0.537292745447520    -0.200290622332363
    -0.149022033690276    -0.200290622332363    -0.052984840014418
15 17
     0.012701330066081    -0.114718581835385    -0.044825223961731
    -0.114718581835385    -0.111389822006807    -0.086014488402728
    -0.044825223961731    -0.086014488402728     0.010117126041146
15 18
    -0.193199625031365     0.000000000000000    -0.000000000000000
     0.000000000000000     0.121149895328034    -0.019950250995687
    -0.000000000000000    -0.019950250995687     0.000137125977613
15 19
     0.012701330066081     0.114718581835385     0.044825223961731
     0.114718581835385    -0.111389822006807    -0.086014488402728
     0.044825223961731    -0.086014488402728     0.010117126041146
15 20
     0.000000000000000     0.000000000000000     0.000000000000000
     0.000000000000000     0.000000000000000     0.000000000000000
     0.000000000000000     0.000000000000000     0.000000000000000
15 21
     0.000000000000000     0.000000000000000     0.000000000000000
     0.000000000000000     0.000000000000000     0.000000000000000
     0.000000000000000     0.000000000000000     0.000000000000000
15 22
     0.000000000000000     0.000000000000000     0.000000000000000
     0.000000000000000     0.000000000000000     0.000000000000000
     0.000000000000000     0.000000000000000     0.000000000000000
15 23
    -0.179716240144153     0.003626245877693     0.096903344031150
     0.003626245877693     0.081027748203426     0.004187461520178
     0.096903344031150     0.004187461520178     0.010117126041146
15 24
    -0.179716240144153    -0.003626245877693    -0.096903344031150
    -0.003626245877693     0.081027748203426     0.004187461520178
    -0.096903344031150     0.004187461520178     0.010117126041146
15 25
     0.000000000000000     0.000000000000000     0.000000000000000
     0.000000000000000     0.000000000000000     0.000000000000000
     0.000000000000000     0.000000000000000     0.000000000000000
15 26
     0.042562515238184     0.136117335149347     0.017277424174141
     0.136117335149347    -0.114612244941515     0.009975125497844
     0.017277424174141     0.009975125497844     0.000137125977613
15 27
    -1.307414122476802     0.000000000000004     0.000000000000001
     0.000000000000005    -9.396798128890106    -2.206359425257166
     0.000000000000001    -2.206359425257166    -0.648920282033516
15 28
     0.042562515238184    -0.136117335149347    -0.017277424174141
    -0.136117335149347    -0.114612244941515     0.009975125497844
    -0.017277424174141     0.009975125497844     0.000137125977613
15 29
     0.018982172166983    -0.111092335957692     0.052078120069419
    -0.111092335957692    -0.117670664107709     0.081827026882550
     0.052078120069419     0.081827026882550     0.010117126041146
15 30
    -7.374452127286795     3.502806025260734    -1.910763312151941
     3.502806025260733    -3.329760124080124     1.103179712628583
    -1.910763312151941     1.103179712628583    -0.648920282033516
15 31
    -7.374452127286790    -3.502806025260735     1.910763312151941
    -3.502806025260735    -3.329760124080128     1.103179712628583
     1.910763312151941     1.103179712628583    -0.648920282033516
15 32
     0.018982172166983     0.111092335957692    -0.052078120069419
     0.111092335957692    -0.117670664107709     0.081827026882550
    -0.052078120069419     0.081827026882550     0.010117126041146
16 1
    -0.088449447419557    -0.027570943832111    -0.023471582074948
    -0.027570943832111    -0.056613263732994    -0.013551324229278
    -0.000062686311588    -0.000036191958870     0.016340312462333
16 2
    -0.088449447419557     0.027570943832111     0.023471582074948
     0.027570943832111    -0.056613263732994    -0.013551324229278
     0.000062686311588    -0.000036191958870     0.016340312462333
16 3
     0.276294362227133     0.540205188574667     0.098945750234483
     0.363919732287421    -0.245702404213643     0.229202178065581
     0.247967783924759    -0.028911555733218    -0.052984840014418
16 4
     0.276294362227132    -0.540205188574667    -0.098945750234483
    -0.363919732287421    -0.245702404213643     0.229202178065581
    -0.247967783924759    -0.028911555733218    -0.052984840014418
16 5
    -0.040695171889713    -0.000000000000000     0.000000000000000
    -0.000000000000000    -0.104367539262838     0.027102648458555
     0.000000000000000     0.000072383917740     0.016340312462333
16 6
     0.000000000000000     0.000000000000000     0.000000000000000
     0.000000000000000     0.000000000000000     0.000000000000000
     0.000000000000000     0.000000000000000     0.000000000000000
16 7
    -0.040695171889713    -0.000000000000000     0.000000000000000
    -0.000000000000000    -0.104367539262838     0.000072383917740
     0.000000000000000     0.027102648458555     0.016340312462333
16 8
     0.000000000000000     0.000000000000000     0.000000000000000
     0.000000000000000     0.000000000000000     0.000000000000000
     0.000000000000000     0.000000000000000     0.000000000000000
16 9
     0.276294362227133     0.363919732287421     0.247967783924759
     0.540205188574667    -0.245702404213643    -0.028911555733218
     0.098945750234483     0.229202178065581    -0.052984840014418
16 10
    -0.088449447419557     0.027570943832111     0.000062686311588
     0.027570943832111    -0.056613263732994    -0.000036191958870
     0.023471582074948    -0.013551324229278     0.016340312462333
16 11
    -0.088449447419557    -0.027570943832111    -0.000062686311588
    -0.027570943832111    -0.056613263732994    -0.000036191958870
    -0.023471582074948    -0.013551324229278     0.016340312462333
16 12
     0.276294362227132    -0.363919732287421    -0.247967783924759
    -0.540205188574667    -0.245702404213643    -0.028911555733218
    -0.098945750234483     0.229202178065581    -0.052984840014418
16 13
    -0.506700787434032     0.088142728143623     0.149022033690276
    -0.088142728143623     0.537292745447520    -0.200290622332363
    -0.149022033690276    -0.200290622332363    -0.052984840014418
16 14
     0.000000000000000     0.000000000000000     0.000000000000000
     0.000000000000000     0.000000000000000     0.000000000000000
     0.000000000000000     0.000000000000000     0.000000000000000
16 15
    -0.506700787434032    -0.088142728143623    -0.149022033690276
     0.088142728143623     0.537292745447520    -0.200290622332363
     0.149022033690276    -0.200290622332363    -0.052984840014418
16 16
    16.803870706844737     0.000000000000002     0.000000000000000
     0.000000000000002    16.803870706844727     0.000000000000000
     0.000000000000000     0.000000000000000     2.105513877233339
16 17
     0.000000000000000     0.000000000000000     0.000000000000000
     0.000000000000000     0.000000000000000     0.000000000000000
     0.000000000000000     0.000000000000000     0.000000000000000
16 18
     0.012701330066081    -0.114718581835385    -0.044825223961731
    -0.114718581835385    -0.111389822006807    -0.086014488402728
    -0.044825223961731    -0.086014488402728     0.010117126041146
16 19
    -0.193199625031365     0.000000000000000    -0.000000000000000
     0.000000000000000     0.121149895328034    -0.019950250995687
    -0.000000000000000    -0.019950250995687     0.000137125977613
16 20
     0.012701330066081     0.114718581835385     0.044825223961731
     0.114718581835385    -0.111389822006807    -0.086014488402728
     0.044825223961731    -0.086014488402728     0.010117126041146
16 21
    -0.179716240144153    -0.003626245877693    -0.096903344031150
    -0.003626245877693     0.081027748203426     0.004187461520178
    -0.096903344031150     0.004187461520178     0.010117126041146
16 22
     0.000000000000000     0.000000000000000     0.000000000000000
     0.000000000000000     0.000000000000000     0.000000000000000
     0.000000000000000     0.000000000000000     0.000000000000000
16 23
     0.000000000000000     0.000000000000000     0.000000000000000
     0.000000000000000     0.000000000000000     0.000000000000000
     0.000000000000000     0.000000000000000     0.000000000000000
16 24
    -0.179716240144153     0.003626245877693     0.096903344031150
     0.003626245877693     0.081027748203426     0.004187461520178
     0.096903344031150     0.004187461520178     0.010117126041146
16 25
     0.042562515238184    -0.136117335149347    -0.017277424174141
    -0.136117335149347    -0.114612244941515     0.009975125497844
    -0.017277424174141     0.009975125497844     0.000137125977613
16 26
     0.000000000000000     0.000000000000000     0.000000000000000
     0.000000000000000     0.000000000000000     0.000000000000000
     0.000000000000000     0.000000000000000     0.000000000000000
16 27
     0.042562515238184     0.136117335149347     0.017277424174141
     0.136117335149347    -0.114612244941515     0.009975125497844
     0.017277424174141     0.009975125497844     0.000137125977613
16 28
    -1.307414122476802     0.000000000000004     0.000000000000001
     0.000000000000005    -9.396798128890106    -2.206359425257166
     0.000000000000001    -2.206359425257166    -0.648920282033516
16 29
     0.018982172166983     0.111092335957692    -0.052078120069419
     0.111092335957692    -0.117670664107709     0.081827026882550
    -0.052078120069419     0.081827026882550     0.010117126041146
16 30
     0.018982172166983    -0.111092335957692     0.052078120069419
    -0.111092335957692    -0.117670664107709     0.081827026882550
     0.052078120069419     0.081827026882550     0.010117126041146
16 31
    -7.374452127286795     3.502806025260734    -1.910763312151941
     3.502806025260733    -3.329760124080124     1.103179712628583
    -1.910763312151941     1.103179712628583    -0.648920282033516
16 32
    -7.374452127286790    -3.502806025260735     1.910763312151941
    -3.502806025260735    -3.329760124080128     1.103179712628583
     1.910763312151941     1.103179712628583    -0.648920282033516
17 1
    -7.374452127286790    -3.502806025260735     1.910763312151941
    -3.502806025260735    -3.329760124080128     1.103179712628583
     1.910763312151941     1.103179712628583    -0.648920282033516
17 2
    -7.374452127286795     3.502806025260733    -1.910763312151941
     3.502806025260734    -3.329760124080124     1.103179712628583
    -1.910763312151941     1.103179712628583    -0.648920282033516
17 3
     0.018982172166983    -0.111092335957692     0.052078120069419
    -0.111092335957692    -0.117670664107709     0.081827026882550
     0.052078120069419     0.081827026882550     0.010117126041146
17 4
     0.018982172166983     0.111092335957692    -0.052078120069419
     0.111092335957692    -0.117670664107709     0.081827026882550
    -0.052078120069419     0.081827026882550     0.010117126041146
17 5
    -1.307414122476802     0.000000000000005     0.000000000000001
     0.000000000000004    -9.396798128890106    -2.206359425257166
     0.000000000000001    -2.206359425257166    -0.648920282033516
17 6
     0.042562515238184     0.136117335149347     0.017277424174141
     0.136117335149347    -0.114612244941515     0.009975125497844
     0.017277424174141     0.009975125497844     0.000137125977613
17 7
     0.000000000000000     0.000000000000000     0.000000000000000
     0.000000000000000     0.000000000000000     0.000000000000000
     0.000000000000000     0.000000000000000     0.000000000000000
17 8
     0.042562515238184    -0.136117335149347    -0.017277424174141
    -0.136117335149347    -0.114612244941515     0.009975125497844
    -0.017277424174141     0.009975125497844     0.000137125977613
17 9
    -0.179716240144153     0.003626245877693     0.096903344031150
     0.003626245877693     0.081027748203426     0.004187461520178
     0.096903344031150     0.004187461520178     0.010117126041146
17 10
     0.000000000000000     0.000000000000000     0.000000000000000
     0.000000000000000     0.000000000000000     0.000000000000000
     0.000000000000000     0.000000000000000     0.000000000000000
17 11
     0.000000000000000     0.000000000000000     0.000000000000000
     0.000000000000000     0.000000000000000     0.000000000000000
     0.000000000000000     0.000000000000000     0.000000000000000
17 12
    -0.179716240144153    -0.003626245877693    -0.096903344031150
    -0.003626245877693     0.081027748203426     0.004187461520178
    -0.096903344031150     0.004187461520178     0.010117126041146
17 13
     0.012701330066081     0.114718581835385     0.044825223961731
     0.114718581835385    -0.111389822006807    -0.086014488402728
     0.044825223961731    -0.086014488402728     0.010117126041146
17 14
    -0.193199625031365     0.000000000000000    -0.000000000000000
     0.000000000000000     0.121149895328034    -0.019950250995687
    -0.000000000000000    -0.019950250995687     0.000137125977613
17 15
     0.012701330066081    -0.114718581835385    -0.044825223961731
    -0.114718581835385    -0.111389822006807    -0.086014488402728
    -0.044825223961731    -0.086014488402728     0.010117126041146
17 16
     0.000000000000000     0.000000000000000     0.000000000000000
     0.000000000000000     0.000000000000000     0.000000000000000
     0.000000000000000     0.000000000000000     0.000000000000000
17 17
    16.803870706844737     0.000000000000002     0.000000000000000
     0.000000000000002    16.803870706844727     0.000000000000000
     0.000000000000000     0.000000000000000     2.105513877233339
17 18
    -0.506700787434032    -0.088142728143623    -0.149022033690276
     0.088142728143623     0.537292745447520    -0.200290622332363
     0.149022033690276    -0.200290622332363    -0.052984840014418
17 19
     0.000000000000000     0.000000000000000     0.000000000000000
     0.000000000000000     0.000000000000000     0.000000000000000
     0.000000000000000     0.000000000000000     0.000000000000000
17 20
    -0.506700787434032     0.088142728143623     0.149022033690276
    -0.088142728143623     0.537292745447520    -0.200290622332363
    -0.149022033690276    -0.200290622332363    -0.052984840014418
17 21
     0.276294362227132    -0.363919732287421    -0.247967783924759
    -0.540205188574667    -0.245702404213643    -0.028911555733218
    -0.098945750234483     0.229202178065581    -0.052984840014418
17 22
    -0.088449447419557    -0.027570943832111    -0.000062686311588
    -0.027570943832111    -0.056613263732994    -0.000036191958870
    -0.023471582074948    -0.013551324229278     0.016340312462333
17 23
    -0.088449447419557     0.027570943832111     0.000062686311588
     0.027570943832111    -0.056613263732994    -0.000036191958870
     0.023471582074948    -0.013551324229278     0.016340312462333
17 24
     0.276294362227133     0.363919732287421     0.247967783924759
     0.540205188574667    -0.245702404213643    -0.028911555733218
     0.098945750234483     0.229202178065581    -0.052984840014418
17 25
     0.000000000000000     0.000000000000000     0.000000000000000
     0.000000000000000     0.000000000000000     0.000000000000000
     0.000000000000000     0.000000000000000     0.000000000000000
17 26
    -0.040695171889713    -0.000000000000000     0.000000000000000
    -0.000000000000000    -0.104367539262838     0.000072383917740
     0.000000000000000     0.027102648458555     0.016340312462333
17 27
     0.000000000000000     0.000000000000000     0.000000000000000
     0.000000000000000     0.000000000000000     0.000000000000000
     0.000000000000000     0.000000000000000     0.000000000000000
17 28
    -0.040695171889713    -0.000000000000000     0.000000000000000
    -0.000000000000000    -0.104367539262838     0.027102648458555
     0.000000000000000     0.000072383917740     0.016340312462333
17 29
     0.276294362227132    -0.540205188574667    -0.098945750234483
    -0.363919732287421    -0.245702404213643     0.229202178065581
    -0.247967783924759    -0.028911555733218    -0.052984840014418
17 30
     0.276294362227133     0.540205188574667     0.098945750234483
     0.363919732287421    -0.245702404213643     0.229202178065581
     0.247967783924759    -0.028911555733218    -0.052984840014418
17 31
    -0.088449447419557     0.027570943832111     0.023471582074948
     0.027570943832111    -0.056613263732994    -0.013551324229278
     0.000062686311588    -0.000036191958870     0.016340312462333
17 32
    -0.088449447419557    -0.027570943832111    -0.023471582074948
    -0.027570943832111    -0.056613263732994    -0.013551324229278
    -0.000062686311588    -0.000036191958870     0.016340312462333
18 1
     0.018982172166983     0.111092335957692    -0.052078120069419
     0.111092335957692    -0.117670664107709     0.081827026882550
    -0.052078120069419     0.081827026882550     0.010117126041146
18 2
    -7.374452127286790    -3.502806025260735     1.910763312151941
    -3.502806025260735    -3.329760124080128     1.103179712628583
     1.910763312151941     1.103179712628583    -0.648920282033516
18 3
    -7.374452127286795     3.502806025260733    -1.910763312151941
     3.502806025260734    -3.329760124080124     1.103179712628583
    -1.910763312151941     1.103179712628583    -0.648920282033516
18 4
     0.018982172166983    -0.111092335957692     0.052078120069419
    -0.111092335957692    -0.117670664107709     0.081827026882550
     0.052078120069419     0.081827026882550     0.010117126041146
18 5
     0.042562515238184    -0.136117335149347    -0.017277424174141
    -0.136117335149347    -0.114612244941515     0.009975125497844
    -0.017277424174141     0.009975125497844     0.000137125977613
18 6
    -1.307414122476802     0.000000000000005     0.000000000000001
     0.000000000000004    -9.396798128890106    -2.206359425257166
     0.000000000000001    -2.206359425257166    -0.648920282033516
18 7
     0.042562515238184     0.136117335149347     0.017277424174141
     0.136117335149347    -0.114612244941515     0.009975125497844
     0.017277424174141     0.009975125497844     0.000137125977613
18 8
     0.000000000000000     0.000000000000000     0.000000000000000
     0.000000000000000     0.000000000000000     0.000000000000000
     0.000000000000000     0.000000000000000     0.000000000000000
18 9
    -0.179716240144153    -0.003626245877693    -0.096903344031150
    -0.003626245877693     0.081027748203426     0.004187461520178
    -0.096903344031150     0.004187461520178     0.010117126041146
18 10
    -0.179716240144153     0.003626245877693     0.096903344031150
     0.003626245877693     0.081027748203426     0.004187461520178
     0.096903344031150     0.004187461520178     0.010117126041146
18 11
     0.000000000000000     0.000000000000000     0.000000000000000
     0.000000000000000     0.000000000000000     0.000000000000000
     0.000000000000000     0.000000000000000     0.000000000000000
18 12
     0.000000000000000     0.000000000000000     0.000000000000000
     0.000000000000000     0.000000000000000     0.000000000000000
     0.000000000000000     0.000000000000000     0.000000000000000
18 13
     0.000000000000000     0.000000000000000     0.000000000000000
     0.000000000000000     0.000000000000000     0.000000000000000
     0.000000000000000     0.000000000000000     0.000000000000000
18 14
     0.012701330066081     0.114718581835385     0.044825223961731
     0.114718581835385    -0.111389822006807    -0.086014488402728
     0.044825223961731    -0.086014488402728     0.010117126041146
18 15
    -0.193199625031365     0.000000000000000    -0.000000000000000
     0.000000000000000     0.121149895328034    -0.019950250995687
    -0.000000000000000    -0.019950250995687     0.000137125977613
18 16
     0.012701330066081    -0.114718581835385    -0.044825223961731
    -0.114718581835385    -0.111389822006807    -0.086014488402728
    -0.044825223961731    -0.086014488402728     0.010117126041146
18 17
    -0.506700787434032     0.088142728143623     0.149022033690276
    -0.088142728143623     0.537292745447520    -0.200290622332363
    -0.149022033690276    -0.200290622332363    -0.052984840014418
18 18
    16.803870706844737     0.000000000000002     0.000000000000000
     0.000000000000002    16.803870706844727     0.000000000000000
     0.000000000000000     0.000000000000000     2.105513877233339
18 19
    -0.506700787434032    -0.088142728143623    -0.149022033690276
     0.088142728143623     0.537292745447520    -0.200290622332363
     0.149022033690276    -0.200290622332363    -0.052984840014418
18 20
     0.000000000000000     0.000000000000000     0.000000000000000
     0.000000000000000     0.000000000000000     0.000000000000000
     0.000000000000000     0.000000000000000     0.000000000000000
18 21
     0.276294362227133     0.363919732287421     0.247967783924759
     0.540205188574667    -0.245702404213643    -0.028911555733218
     0.098945750234483     0.229202178065581    -0.052984840014418
18 22
     0.276294362227132    -0.363919732287421    -0.247967783924759
    -0.540205188574667    -0.245702404213643    -0.028911555733218
    -0.098945750234483     0.229202178065581    -0.052984840014418
18 23
    -0.088449447419557    -0.027570943832111    -0.000062686311588
    -0.027570943832111    -0.056613263732994    -0.000036191958870
    -0.023471582074948    -0.013551324229278     0.016340312462333
18 24
    -0.088449447419557     0.027570943832111     0.000062686311588
     0.027570943832111    -0.056613263732994    -0.000036191958870
     0.023471582074948    -0.013551324229278     0.016340312462333
18 25
    -0.040695171889713    -0.000000000000000     0.000000000000000
    -0.000000000000000    -0.104367539262838     0.027102648458555
     0.000000000000000     0.000072383917740     0.016340312462333
18 26
     0.000000000000000     0.000000000000000     0.000000000000000
     0.000000000000000     0.000000000000000     0.000000000000000
     0.000000000000000     0.000000000000000     0.000000000000000
18 27
    -0.040695171889713    -0.000000000000000     0.000000000000000
    -0.000000000000000    -0.104367539262838     0.000072383917740
     0.000000000000000     0.027102648458555     0.016340312462333
18 28
     0.000000000000000     0.000000000000000     0.000000000000000
     0.000000000000000     0.000000000000000     0.000000000000000
     0.000000000000000     0.000000000000000     0.000000000000000
18 29
    -0.088449447419557    -0.027570943832111    -0.023471582074948
    -0.027570943832111    -0.056613263732994    -0.013551324229278
    -0.000062686311588    -0.000036191958870     0.016340312462333
18 30
     0.276294362227132    -0.540205188574667    -0.098945750234483
    -0.363919732287421    -0.245702404213643     0.229202178065581
    -0.247967783924759    -0.028911555733218    -0.052984840014418
18 31
     0.276294362227133     0.540205188574667     0.098945750234483
     0.363919732287421    -0.245702404213643     0.229202178065581
     0.247967783924759    -0.028911555733218    -0.052984840014418
18 32
    -0.088449447419557     0.027570943832111     0.023471582074948
     0.027570943832111    -0.056613263732994    -0.013551324229278
     0.000062686311588    -0.000036191958870     0.016340312462333
19 1
     0.018982172166983    -0.111092335957692     0.052078120069419
    -0.111092335957692    -0.117670664107709     0.081827026882550
     0.052078120069419     0.081827026882550     0.010117126041146
19 2
     0.018982172166983     0.111092335957692    -0.052078120069419
     0.111092335957692    -0.117670664107709     0.081827026882550
    -0.052078120069419     0.081827026882550     0.010117126041146
19 3
    -7.374452127286790    -3.502806025260735     1.910763312151941
    -3.502806025260735    -3.329760124080128     1.103179712628583
     1.910763312151941     1.103179712628583    -0.648920282033516
19 4
    -7.374452127286795     3.502806025260733    -1.910763312151941
     3.502806025260734    -3.329760124080124     1.103179712628583
    -1.910763312151941     1.103179712628583    -0.648920282033516
19 5
     0.000000000000000     0.000000000000000     0.000000000000000
     0.000000000000000     0.000000000000000     0.000000000000000
     0.000000000000000     0.000000000000000     0.000000000000000
19 6
     0.042562515238184    -0.136117335149347    -0.017277424174141
    -0.136117335149347    -0.114612244941515     0.009975125497844
    -0.017277424174141     0.009975125497844     0.000137125977613
19 7
    -1.307414122476802     0.000000000000005     0.000000000000001
     0.000000000000004    -9.396798128890106    -2.206359425257166
     0.000000000000001    -2.206359425257166    -0.648920282033516
19 8
     0.042562515238184     0.136117335149347     0.017277424174141
     0.136117335149347    -0.114612244941515     0.009975125497844
     0.017277424174141     0.009975125497844     0.000137125977613
19 9
     0.000000000000000     0.000000000000000     0.000000000000000
     0.000000000000000     0.000000000000000     0.000000000000000
     0.000000000000000     0.000000000000000     0.000000000000000
19 10
    -0.179716240144153    -0.003626245877693    -0.096903344031150
    -0.003626245877693     0.081027748203426     0.004187461520178
    -0.096903344031150     0.004187461520178     0.010117126041146
19 11
    -0.179716240144153     0.003626245877693     0.096903344031150
     0.003626245877693     0.081027748203426     0.004187461520178
     0.096903344031150     0.004187461520178     0.010117126041146
19 12
     0.000000000000000     0.000000000000000     0.000000000000000
     0.000000000000000     0.000000000000000     0.000000000000000
     0.000000000000000     0.000000000000000     0.000000000000000
19 13
     0.012701330066081    -0.114718581835385    -0.044825223961731
    -0.114718581835385    -0.111389822006807    -0.086014488402728
    -0.044825223961731    -0.086014488402728     0.010117126041146
19 14
     0.000000000000000     0.000000000000000     0.000000000000000
     0.000000000000000     0.000000000000000     0.000000000000000
     0.000000000000000     0.000000000000000     0.000000000000000
19 15
     0.012701330066081     0.114718581835385     0.044825223961731
     0.114718581835385    -0.111389822006807    -0.086014488402728
     0.044825223961731    -0.086014488402728     0.010117126041146
19 16
    -0.193199625031365     0.000000000000000    -0.000000000000000
     0.000000000000000     0.121149895328034    -0.019950250995687
    -0.000000000000000    -0.019950250995687     0.000137125977613
19 17
     0.000000000000000     0.000000000000000     0.000000000000000
     0.000000000000000     0.000000000000000     0.000000000000000
     0.000000000000000     0.000000000000000     0.000000000000000
19 18
    -0.506700787434032     0.088142728143623     0.149022033690276
    -0.088142728143623     0.537292745447520    -0.200290622332363
    -0.149022033690276    -0.200290622332363    -0.052984840014418
19 19
    16.803870706844737     0.000000000000002     0.000000000000000
     0.000000000000002    16.803870706844727     0.000000000000000
     0.000000000000000     0.000000000000000     2.105513877233339
19 20
    -0.506700787434032    -0.088142728143623    -0.149022033690276
     0.088142728143623     0.537292745447520    -0.200290622332363
     0.149022033690276    -0.200290622332363    -0.052984840014418
19 21
    -0.088449447419557     0.027570943832111     0.000062686311588
     0.027570943832111    -0.056613263732994    -0.000036191958870
     0.023471582074948    -0.013551324229278     0.016340312462333
19 22
     0.276294362227133     0.363919732287421     0.247967783924759
     0.540205188574667    -0.245702404213643    -0.028911555733218
     0.098945750234483     0.229202178065581    -0.052984840014418
19 23
     0.276294362227132    -0.363919732287421    -0.247967783924759
    -0.540205188574667    -0.245702404213643    -0.028911555733218
    -0.098945750234483     0.229202178065581    -0.052984840014418
19 24
    -0.088449447419557    -0.027570943832111    -0.000062686311588
    -0.027570943832111    -0.056613263732994    -0.000036191958870
    -0.023471582074948    -0.013551324229278     0.016340312462333
19 25
     0.000000000000000     0.000000000000000     0.000000000000000
     0.000000000000000     0.000000000000000     0.000000000000000
     0.000000000000000     0.000000000000000     0.000000000000000
19 26
    -0.040695171889713    -0.000000000000000     0.000000000000000
    -0.000000000000000    -0.104367539262838     0.027102648458555
     0.000000000000000     0.000072383917740     0.016340312462333
19 27
     0.000000000000000     0.000000000000000     0.000000000000000
     0.000000000000000     0.000000000000000     0.000000000000000
     0.000000000000000     0.000000000000000     0.000000000000000
19 28
    -0.040695171889713    -0.000000000000000     0.000000000000000
    -0.000000000000000    -0.104367539262838     0.000072383917740
     0.000000000000000     0.027102648458555     0.016340312462333
19 29
    -0.088449447419557     0.027570943832111     0.023471582074948
     0.027570943832111    -0.056613263732994    -0.013551324229278
     0.000062686311588    -0.000036191958870     0.016340312462333
19 30
    -0.088449447419557    -0.027570943832111    -0.023471582074948
    -0.027570943832111    -0.056613263732994    -0.013551324229278
    -0.000062686311588    -0.000036191958870     0.016340312462333
19 31
     0.276294362227132    -0.540205188574667    -0.098945750234483
    -0.363919732287421    -0.245702404213643     0.229202178065581
    -0.247967783924759    -0.028911555733218    -0.052984840014418
19 32
     0.276294362227133     0.540205188574667     0.098945750234483
     0.363919732287421    -0.245702404213643     0.229202178065581
     0.247967783924759    -0.028911555733218    -0.052984840014418
20 1
    -7.374452127286795     3.502806025260733    -1.910763312151941
     3.502806025260734    -3.329760124080124     1.103179712628583
    -1.910763312151941     1.103179712628583    -0.648920282033516
20 2
     0.018982172166983    -0.111092335957692     0.052078120069419
    -0.111092335957692    -0.117670664107709     0.081827026882550
     0.052078120069419     0.081827026882550     0.010117126041146
20 3
     0.018982172166983     0.111092335957692    -0.052078120069419
     0.111092335957692    -0.117670664107709     0.081827026882550
    -0.052078120069419     0.081827026882550     0.010117126041146
20 4
    -7.374452127286790    -3.502806025260735     1.910763312151941
    -3.502806025260735    -3.329760124080128     1.103179712628583
     1.910763312151941     1.103179712628583    -0.648920282033516
20 5
     0.042562515238184     0.136117335149347     0.017277424174141
     0.136117335149347    -0.114612244941515     0.009975125497844
     0.017277424174141     0.009975125497844     0.000137125977613
20 6
     0.000000000000000     0.000000000000000     0.000000000000000
     0.000000000000000     0.000000000000000     0.000000000000000
     0.000000000000000     0.000000000000000     0.000000000000000
20 7
     0.042562515238184    -0.136117335149347    -0.017277424174141
    -0.136117335149347    -0.114612244941515     0.009975125497844
    -0.017277424174141     0.009975125497844     0.000137125977613
20 8
    -1.307414122476802     0.000000000000005     0.000000000000001
     0.000000000000004    -9.396798128890106    -2.206359425257166
     0.000000000000001    -2.206359425257166    -0.648920282033516
20 9
     0.000000000000000     0.000000000000000     0.000000000000000
     0.000000000000000     0.000000000000000     0.000000000000000
     0.000000000000000     0.000000000000000     0.000000000000000
20 10
     0.000000000000000     0.000000000000000     0.000000000000000
     0.000000000000000     0.000000000000000     0.000000000000000
     0.000000000000000     0.000000000000000     0.000000000000000
20 11
    -0.179716240144153    -0.003626245877693    -0.096903344031150
    -0.003626245877693     0.081027748203426     0.004187461520178
    -0.096903344031150     0.004187461520178     0.010117126041146
20 12
    -0.179716240144153     0.003626245877693     0.096903344031150
     0.003626245877693     0.081027748203426     0.004187461520178
     0.096903344031150     0.004187461520178     0.010117126041146
20 13
    -0.193199625031365     0.000000000000000    -0.000000000000000
     0.000000000000000     0.121149895328034    -0.019950250995687
    -0.000000000000000    -0.019950250995687     0.000137125977613
20 14
     0.012701330066081    -0.114718581835385    -0.044825223961731
    -0.114718581835385    -0.111389822006807    -0.086014488402728
    -0.044825223961731    -0.086014488402728     0.010117126041146
20 15
     0.000000000000000     0.000000000000000     0.000000000000000
     0.000000000000000     0.000000000000000     0.000000000000000
     0.000000000000000     0.000000000000000     0.000000000000000
20 16
     0.012701330066081     0.114718581835385     0.044825223961731
     0.114718581835385    -0.111389822006807    -0.086014488402728
     0.044825223961731    -0.086014488402728     0.010117126041146
20 17
    -0.506700787434032    -0.088142728143623    -0.149022033690276
     0.088142728143623     0.537292745447520    -0.200290622332363
     0.149022033690276    -0.200290622332363    -0.052984840014418
20 18
     0.000000000000000     0.000000000000000     0.000000000000000
     0.000000000000000     0.000000000000000     0.000000000000000
     0.000000000000000     0.000000000000000     0.000000000000000
20 19
    -0.506700787434032     0.088142728143623     0.149022033690276
    -0.088142728143623     0.537292745447520    -0.200290622332363
    -0.149022033690276    -0.200290622332363    -0.052984840014418
20 20
    16.803870706844737     0.000000000000002     0.000000000000000
     0.000000000000002    16.803870706844727     0.000000000000000
     0.000000000000000     0.000000000000000     2.105513877233339
20 21
    -0.088449447419557    -0.027570943832111    -0.000062686311588
    -0.027570943832111    -0.056613263732994    -0.000036191958870
    -0.023471582074948    -0.013551324229278     0.016340312462333
20 22
    -0.088449447419557     0.027570943832111     0.000062686311588
     0.027570943832111    -0.056613263732994    -0.000036191958870
     0.023471582074948    -0.013551324229278     0.016340312462333
20 23
     0.276294362227133     0.363919732287421     0.247967783924759
     0.540205188574667    -0.245702404213643    -0.028911555733218
     0.098945750234483     0.229202178065581    -0.052984840014418
20 24
     0.276294362227132    -0.363919732287421    -0.247967783924759
    -0.540205188574667    -0.245702404213643    -0.028911555733218
    -0.098945750234483     0.229202178065581    -0.052984840014418
20 25
    -0.040695171889713    -0.000000000000000     0.000000000000000
    -0.000000000000000    -0.104367539262838     0.000072383917740
     0.000000000000000     0.027102648458555     0.016340312462333
20 26
     0.000000000000000     0.000000000000000     0.000000000000000
     0.000000000000000     0.000000000000000     0.000000000000000
     0.000000000000000     0.000000000000000     0.000000000000000
20 27
    -0.040695171889713    -0.000000000000000     0.000000000000000
    -0.000000000000000    -0.104367539262838     0.027102648458555
     0.000000000000000     0.000072383917740     0.016340312462333
20 28
     0.000000000000000     0.000000000000000     0.000000000000000
     0.000000000000000     0.000000000000000     0.000000000000000
     0.000000000000000     0.000000000000000     0.000000000000000
20 29
     0.276294362227133     0.540205188574667     0.098945750234483
     0.363919732287421    -0.245702404213643     0.229202178065581
     0.247967783924759    -0.028911555733218    -0.052984840014418
20 30
    -0.088449447419557     0.027570943832111     0.023471582074948
     0.027570943832111    -0.056613263732994    -0.013551324229278
     0.000062686311588    -0.000036191958870     0.016340312462333
20 31
    -0.088449447419557    -0.027570943832111    -0.023471582074948
    -0.027570943832111    -0.056613263732994    -0.013551324229278
    -0.000062686311588    -0.000036191958870     0.016340312462333
20 32
     0.276294362227132    -0.540205188574667    -0.098945750234483
    -0.363919732287421    -0.245702404213643     0.229202178065581
    -0.247967783924759    -0.028911555733218    -0.052984840014418
21 1
     0.012701330066081     0.114718581835385     0.044825223961731
     0.114718581835385    -0.111389822006807    -0.086014488402728
     0.044825223961731    -0.086014488402728     0.010117126041146
21 2
    -0.193199625031365     0.000000000000000    -0.000000000000000
     0.000000000000000     0.121149895328034    -0.019950250995687
    -0.000000000000000    -0.019950250995687     0.000137125977613
21 3
     0.012701330066081    -0.114718581835385    -0.044825223961731
    -0.114718581835385    -0.111389822006807    -0.086014488402728
    -0.044825223961731    -0.086014488402728     0.010117126041146
21 4
     0.000000000000000     0.000000000000000     0.000000000000000
     0.000000000000000     0.000000000000000     0.000000000000000
     0.000000000000000     0.000000000000000     0.000000000000000
21 5
    -7.374452127286790    -3.502806025260735     1.910763312151941
    -3.502806025260735    -3.329760124080128     1.103179712628583
     1.910763312151941     1.103179712628583    -0.648920282033516
21 6
    -7.374452127286795     3.502806025260733    -1.910763312151941
     3.502806025260734    -3.329760124080124     1.103179712628583
    -1.910763312151941     1.103179712628583    -0.648920282033516
21 7
     0.018982172166983    -0.111092335957692     0.052078120069419
    -0.111092335957692    -0.117670664107709     0.081827026882550
     0.052078120069419     0.081827026882550     0.010117126041146
21 8
     0.018982172166983     0.111092335957692    -0.052078120069419
     0.111092335957692    -0.117670664107709     0.081827026882550
    -0.052078120069419     0.081827026882550     0.010117126041146
21 9
    -1.307414122476802     0.000000000000005     0.000000000000001
     0.000000000000004    -9.396798128890106    -2.206359425257166
     0.000000000000001    -2.206359425257166    -0.648920282033516
21 10
     0.042562515238184     0.136117335149347     0.017277424174141
     0.136117335149347    -0.114612244941515     0.009975125497844
     0.017277424174141     0.009975125497844     0.000137125977613
21 11
     0.000000000000000     0.000000000000000     0.000000000000000
     0.000000000000000     0.000000000000000     0.000000000000000
     0.000000000000000     0.000000000000000     0.000000000000000
21 12
     0.042562515238184    -0.136117335149347    -0.017277424174141
    -0.136117335149347    -0.114612244941515     0.009975125497844
    -0.017277424174141     0.009975125497844     0.000137125977613
21 13
    -0.179716240144153     0.003626245877693     0.096903344031150
     0.003626245877693     0.081027748203426     0.004187461520178
     0.096903344031150     0.004187461520178     0.010117126041146
21 14
     0.000000000000000     0.000000000000000     0.000000000000000
     0.000000000000000     0.000000000000000     0.000000000000000
     0.000000000000000     0.000000000000000     0.000000000000000
21 15
     0.000000000000000     0.000000000000000     0.000000000000000
     0.000000000000000     0.000000000000000     0.000000000000000
     0.000000000000000     0.000000000000000     0.000000000000000
21 16
    -0.179716240144153    -0.003626245877693    -0.096903344031150
    -0.003626245877693     0.081027748203426     0.004187461520178
    -0.096903344031150     0.004187461520178     0.010117126041146
21 17
     0.276294362227132    -0.540205188574667    -0.098945750234483
    -0.363919732287421    -0.245702404213643     0.229202178065581
    -0.247967783924759    -0.028911555733218    -0.052984840014418
21 18
     0.276294362227133     0.540205188574667     0.098945750234483
     0.363919732287421    -0.245702404213643     0.229202178065581
     0.247967783924759    -0.028911555733218    -0.052984840014418
21 19
    -0.088449447419557     0.027570943832111     0.023471582074948
     0.027570943832111    -0.056613263732994    -0.013551324229278
     0.000062686311588    -0.000036191958870     0.016340312462333
21 20
    -0.088449447419557    -0.027570943832111    -0.023471582074948
    -0.027570943832111    -0.056613263732994    -0.013551324229278
    -0.000062686311588    -0.000036191958870     0.016340312462333
21 21
    16.803870706844737     0.000000000000002     0.000000000000000
     0.000000000000002    16.803870706844727     0.000000000000000
     0.000000000000000     0.000000000000000     2.105513877233339
21 22
    -0.506700787434032    -0.088142728143623    -0.149022033690276
     0.088142728143623     0.537292745447520    -0.200290622332363
     0.149022033690276    -0.200290622332363    -0.052984840014418
21 23
     0.000000000000000     0.000000000000000     0.000000000000000
     0.000000000000000     0.000000000000000     0.000000000000000
     0.000000000000000     0.000000000000000     0.000000000000000
21 24
    -0.506700787434032     0.088142728143623     0.149022033690276
    -0.088142728143623     0.537292745447520    -0.200290622332363
    -0.149022033690276    -0.200290622332363    -0.052984840014418
21 25
     0.276294362227132    -0.363919732287421    -0.247967783924759
    -0.540205188574667    -0.245702404213643    -0.028911555733218
    -0.098945750234483     0.229202178065581    -0.052984840014418
21 26
    -0.088449447419557    -0.027570943832111    -0.000062686311588
    -0.027570943832111    -0.056613263732994    -0.000036191958870
    -0.023471582074948    -0.013551324229278     0.016340312462333
21 27
    -0.088449447419557     0.027570943832111     0.000062686311588
     0.027570943832111    -0.056613263732994    -0.000036191958870
     0.023471582074948    -0.013551324229278     0.016340312462333
21 28
     0.276294362227133     0.363919732287421     0.247967783924759
     0.540205188574667    -0.245702404213643    -0.028911555733218
     0.098945750234483     0.229202178065581    -0.052984840014418
21 29
     0.000000000000000     0.000000000000000     0.000000000000000
     0.000000000000000     0.000000000000000     0.000000000000000
     0.000000000000000     0.000000000000000     0.000000000000000
21 30
    -0.040695171889713    -0.000000000000000     0.000000000000000
    -0.000000000000000    -0.104367539262838     0.000072383917740
     0.000000000000000     0.027102648458555     0.016340312462333
21 31
     0.000000000000000     0.000000000000000     0.000000000000000
     0.000000000000000     0.000000000000000     0.000000000000000
     0.000000000000000     0.000000000000000     0.000000000000000
21 32
    -0.040695171889713    -0.000000000000000     0.000000000000000
    -0.000000000000000    -0.104367539262838     0.027102648458555
     0.000000000000000     0.000072383917740     0.016340312462333
22 1
     0.000000000000000     0.000000000000000     0.000000000000000
     0.000000000000000     0.000000000000000     0.000000000000000
     0.000000000000000     0.000000000000000     0.000000000000000
22 2
     0.012701330066081     0.114718581835385     0.044825223961731
     0.114718581835385    -0.111389822006807    -0.086014488402728
     0.044825223961731    -0.086014488402728     0.010117126041146
22 3
    -0.193199625031365     0.000000000000000    -0.000000000000000
     0.000000000000000     0.121149895328034    -0.019950250995687
    -0.000000000000000    -0.019950250995687     0.000137125977613
22 4
     0.012701330066081    -0.114718581835385    -0.044825223961731
    -0.114718581835385    -0.111389822006807    -0.086014488402728
    -0.044825223961731    -0.086014488402728     0.010117126041146
22 5
     0.018982172166983     0.111092335957692    -0.052078120069419
     0.111092335957692    -0.117670664107709     0.081827026882550
    -0.052078120069419     0.081827026882550     0.010117126041146
22 6
    -7.374452127286790    -3.502806025260735     1.910763312151941
    -3.502806025260735    -3.329760124080128     1.103179712628583
     1.910763312151941     1.103179712628583    -0.648920282033516
22 7
    -7.374452127286795     3.502806025260733    -1.910763312151941
     3.502806025260734    -3.329760124080124     1.103179712628583
    -1.910763312151941     1.103179712628583    -0.648920282033516
22 8
     0.018982172166983    -0.111092335957692     0.052078120069419
    -0.111092335957692    -0.117670664107709     0.081827026882550
     0.052078120069419     0.081827026882550     0.010117126041146
22 9
     0.042562515238184    -0.136117335149347    -0.017277424174141
    -0.136117335149347    -0.114612244941515     0.009975125497844
    -0.017277424174141     0.009975125497844     0.000137125977613
22 10
    -1.307414122476802     0.000000000000005     0.000000000000001
     0.000000000000004    -9.396798128890106    -2.206359425257166
     0.000000000000001    -2.206359425257166    -0.648920282033516
22 11
     0.042562515238184     0.136117335149347     0.017277424174141
     0.136117335149347    -0.114612244941515     0.009975125497844
     0.017277424174141     0.009975125497844     0.000137125977613
22 12
     0.000000000000000     0.000000000000000     0.000000000000000
     0.000000000000000     0.000000000000000     0.000000000000000
     0.000000000000000     0.000000000000000     0.000000000000000
22 13
    -0.179716240144153    -0.003626245877693    -0.096903344031150
    -0.003626245877693     0.081027748203426     0.004187461520178
    -0.096903344031150     0.004187461520178     0.010117126041146
22 14
    -0.179716240144153     0.003626245877693     0.096903344031150
     0.003626245877693     0.081027748203426     0.004187461520178
     0.096903344031150     0.004187461520178     0.010117126041146
22 15
     0.000000000000000     0.000000000000000     0.000000000000000
     0.000000000000000     0.000000000000000     0.000000000000000
     0.000000000000000     0.000000000000000     0.000000000000000
22 16
     0.000000000000000     0.000000000000000     0.000000000000000
     0.000000000000000     0.000000000000000     0.000000000000000
     0.000000000000000     0.000000000000000     0.000000000000000
22 17
    -0.088449447419557    -0.027570943832111    -0.023471582074948
    -0.027570943832111    -0.056613263732994    -0.013551324229278
    -0.000062686311588    -0.000036191958870     0.016340312462333
22 18
     0.276294362227132    -0.540205188574667    -0.098945750234483
    -0.363919732287421    -0.245702404213643     0.229202178065581
    -0.247967783924759    -0.028911555733218    -0.052984840014418
22 19
     0.276294362227133     0.540205188574667     0.098945750234483
     0.363919732287421    -0.245702404213643     0.229202178065581
     0.247967783924759    -0.028911555733218    -0.052984840014418
22 20
    -0.088449447419557     0.027570943832111     0.023471582074948
     0.027570943832111    -0.056613263732994    -0.013551324229278
     0.000062686311588    -0.000036191958870     0.016340312462333
22 21
    -0.506700787434032     0.088142728143623     0.149022033690276
    -0.088142728143623     0.537292745447520    -0.200290622332363
    -0.149022033690276    -0.200290622332363    -0.052984840014418
22 22
    16.803870706844737     0.000000000000002     0.000000000000000
     0.000000000000002    16.803870706844727     0.000000000000000
     0.000000000000000     0.000000000000000     2.105513877233339
22 23
    -0.506700787434032    -0.088142728143623    -0.149022033690276
     0.088142728143623     0.537292745447520    -0.200290622332363
     0.149022033690276    -0.200290622332363    -0.052984840014418
22 24
     0.000000000000000     0.000000000000000     0.000000000000000
     0.000000000000000     0.000000000000000     0.000000000000000
     0.000000000000000     0.000000000000000     0.000000000000000
22 25
     0.276294362227133     0.363919732287421     0.247967783924759
     0.540205188574667    -0.245702404213643    -0.028911555733218
     0.098945750234483     0.229202178065581    -0.052984840014418
22 26
     0.276294362227132    -0.363919732287421    -0.247967783924759
    -0.540205188574667    -0.245702404213643    -0.028911555733218
    -0.098945750234483     0.229202178065581    -0.052984840014418
22 27
    -0.088449447419557    -0.027570943832111    -0.000062686311588
    -0.027570943832111    -0.056613263732994    -0.000036191958870
    -0.023471582074948    -0.013551324229278     0.016340312462333
22 28
    -0.088449447419557     0.027570943832111     0.000062686311588
     0.027570943832111    -0.056613263732994    -0.000036191958870
     0.023471582074948    -0.013551324229278     0.016340312462333
22 29
    -0.040695171889713    -0.000000000000000     0.000000000000000
    -0.000000000000000    -0.104367539262838     0.027102648458555
     0.000000000000000     0.000072383917740     0.016340312462333
22 30
     0.000000000000000     0.000000000000000     0.000000000000000
     0.000000000000000     0.000000000000000     0.000000000000000
     0.000000000000000     0.000000000000000     0.000000000000000
22 31
    -0.040695171889713    -0.000000000000000     0.000000000000000
    -0.000000000000000    -0.104367539262838     0.000072383917740
     0.000000000000000     0.027102648458555     0.016340312462333
22 32
     0.000000000000000     0.000000000000000     0.000000000000000
     0.000000000000000     0.000000000000000     0.000000000000000
     0.000000000000000     0.000000000000000     0.000000000000000
23 1
     0.012701330066081    -0.114718581835385    -0.044825223961731
    -0.114718581835385    -0.111389822006807    -0.086014488402728
    -0.044825223961731    -0.086014488402728     0.010117126041146
23 2
     0.000000000000000     0.000000000000000     0.000000000000000
     0.000000000000000     0.000000000000000     0.000000000000000
     0.000000000000000     0.000000000000000     0.000000000000000
23 3
     0.012701330066081     0.114718581835385     0.044825223961731
     0.114718581835385    -0.111389822006807    -0.086014488402728
     0.044825223961731    -0.086014488402728     0.010117126041146
23 4
    -0.193199625031365     0.000000000000000    -0.000000000000000
     0.000000000000000     0.121149895328034    -0.019950250995687
    -0.000000000000000    -0.019950250995687     0.000137125977613
23 5
     0.018982172166983    -0.111092335957692     0.052078120069419
    -0.111092335957692    -0.117670664107709     0.081827026882550
     0.052078120069419     0.081827026882550     0.010117126041146
23 6
     0.018982172166983     0.111092335957692    -0.052078120069419
     0.111092335957692    -0.117670664107709     0.081827026882550
    -0.052078120069419     0.081827026882550     0.010117126041146
23 7
    -7.374452127286790    -3.502806025260735     1.910763312151941
    -3.502806025260735    -3.329760124080128     1.103179712628583
     1.910763312151941     1.103179712628583    -0.648920282033516
23 8
    -7.374452127286795     3.502806025260733    -1.910763312151941
     3.502806025260734    -3.329760124080124     1.103179712628583
    -1.910763312151941     1.103179712628583    -0.648920282033516
23 9
     0.000000000000000     0.000000000000000     0.000000000000000
     0.000000000000000     0.000000000000000     0.000000000000000
     0.000000000000000     0.000000000000000     0.000000000000000
23 10
     0.042562515238184    -0.136117335149347    -0.017277424174141
    -0.136117335149347    -0.114612244941515     0.009975125497844
    -0.017277424174141     0.009975125497844     0.000137125977613
23 11
    -1.307414122476802     0.000000000000005     0.000000000000001
     0.000000000000004    -9.396798128890106    -2.206359425257166
     0.000000000000001    -2.206359425257166    -0.648920282033516
23 12
     0.042562515238184     0.136117335149347     0.017277424174141
     0.136117335149347    -0.114612244941515     0.009975125497844
     0.017277424174141     0.009975125497844     0.000137125977613
23 13
     0.000000000000000     0.000000000000000     0.000000000000000
     0.000000000000000     0.000000000000000     0.000000000000000
     0.000000000000000     0.000000000000000     0.000000000000000
23 14
    -0.179716240144153    -0.003626245877693    -0.096903344031150
    -0.003626245877693     0.081027748203426     0.004187461520178
    -0.096903344031150     0.004187461520178     0.010117126041146
23 15
    -0.179716240144153     0.003626245877693     0.096903344031150
     0.003626245877693     0.081027748203426     0.004187461520178
     0.096903344031150     0.004187461520178     0.010117126041146
23 16
     0.000000000000000     0.000000000000000     0.000000000000000
     0.000000000000000     0.000000000000000     0.000000000000000
     0.000000000000000     0.000000000000000     0.000000000000000
23 17
    -0.088449447419557     0.027570943832111     0.023471582074948
     0.027570943832111    -0.056613263732994    -0.013551324229278
     0.000062686311588    -0.000036191958870     0.016340312462333
23 18
    -0.088449447419557    -0.027570943832111    -0.023471582074948
    -0.027570943832111    -0.056613263732994    -0.013551324229278
    -0.000062686311588    -0.000036191958870     0.016340312462333
23 19
     0.276294362227132    -0.540205188574667    -0.098945750234483
    -0.363919732287421    -0.245702404213643     0.229202178065581
    -0.247967783924759    -0.028911555733218    -0.052984840014418
23 20
     0.276294362227133     0.540205188574667     0.098945750234483
     0.363919732287421    -0.245702404213643     0.229202178065581
     0.247967783924759    -0.028911555733218    -0.052984840014418
23 21
     0.000000000000000     0.000000000000000     0.000000000000000
     0.000000000000000     0.000000000000000     0.000000000000000
     0.000000000000000     0.000000000000000     0.000000000000000
23 22
    -0.506700787434032     0.088142728143623     0.149022033690276
    -0.088142728143623     0.537292745447520    -0.200290622332363
    -0.149022033690276    -0.200290622332363    -0.052984840014418
23 23
    16.803870706844737     0.000000000000002     0.000000000000000
     0.000000000000002    16.803870706844727     0.000000000000000
     0.000000000000000     0.000000000000000     2.105513877233339
23 24
    -0.506700787434032    -0.088142728143623    -0.149022033690276
     0.088142728143623     0.537292745447520    -0.200290622332363
     0.149022033690276    -0.200290622332363    -0.052984840014418
23 25
    -0.088449447419557     0.027570943832111     0.000062686311588
     0.027570943832111    -0.056613263732994    -0.000036191958870
     0.023471582074948    -0.013551324229278     0.016340312462333
23 26
     0.276294362227133     0.363919732287421     0.247967783924759
     0.540205188574667    -0.245702404213643    -0.028911555733218
     0.098945750234483     0.229202178065581    -0.052984840014418
23 27
     0.276294362227132    -0.363919732287421    -0.247967783924759
    -0.540205188574667    -0.245702404213643    -0.028911555733218
    -0.098945750234483     0.229202178065581    -0.052984840014418
23 28
    -0.088449447419557    -0.027570943832111    -0.000062686311588
    -0.027570943832111    -0.056613263732994    -0.000036191958870
    -0.023471582074948    -0.013551324229278     0.016340312462333
23 29
     0.000000000000000     0.000000000000000     0.000000000000000
     0.000000000000000     0.000000000000000     0.000000000000000
     0.000000000000000     0.000000000000000     0.000000000000000
23 30
    -0.040695171889713    -0.000000000000000     0.000000000000000
    -0.000000000000000    -0.104367539262838     0.027102648458555
     0.000000000000000     0.000072383917740     0.016340312462333
23 31
     0.000000000000000     0.000000000000000     0.000000000000000
     0.000000000000000     0.000000000000000     0.000000000000000
     0.000000000000000     0.000000000000000     0.000000000000000
23 32
    -0.040695171889713    -0.000000000000000     0.000000000000000
    -0.000000000000000    -0.104367539262838     0.000072383917740
     0.000000000000000     0.027102648458555     0.016340312462333
24 1
    -0.193199625031365     0.000000000000000    -0.000000000000000
     0.000000000000000     0.121149895328034    -0.019950250995687
    -0.000000000000000    -0.019950250995687     0.000137125977613
24 2
     0.012701330066081    -0.114718581835385    -0.044825223961731
    -0.114718581835385    -0.111389822006807    -0.086014488402728
    -0.044825223961731    -0.086014488402728     0.010117126041146
24 3
     0.000000000000000     0.000000000000000     0.000000000000000
     0.000000000000000     0.000000000000000     0.000000000000000
     0.000000000000000     0.000000000000000     0.000000000000000
24 4
     0.012701330066081     0.114718581835385     0.044825223961731
     0.114718581835385    -0.111389822006807    -0.086014488402728
     0.044825223961731    -0.086014488402728     0.010117126041146
24 5
    -7.374452127286795     3.502806025260733    -1.910763312151941
     3.502806025260734    -3.329760124080124     1.103179712628583
    -1.910763312151941     1.103179712628583    -0.648920282033516
24 6
     0.018982172166983    -0.111092335957692     0.052078120069419
    -0.111092335957692    -0.117670664107709     0.081827026882550
     0.052078120069419     0.081827026882550     0.010117126041146
24 7
     0.018982172166983     0.111092335957692    -0.052078120069419
     0.111092335957692    -0.117670664107709     0.081827026882550
    -0.052078120069419     0.081827026882550     0.010117126041146
24 8
    -7.374452127286790    -3.502806025260735     1.910763312151941
    -3.502806025260735    -3.329760124080128     1.103179712628583
     1.910763312151941     1.103179712628583    -0.648920282033516
24 9
     0.042562515238184     0.136117335149347     0.017277424174141
     0.136117335149347    -0.114612244941515     0.009975125497844
     0.017277424174141     0.009975125497844     0.000137125977613
24 10
     0.000000000000000     0.000000000000000     0.000000000000000
     0.000000000000000     0.000000000000000     0.000000000000000
     0.000000000000000     0.000000000000000     0.000000000000000
24 11
     0.042562515238184    -0.136117335149347    -0.017277424174141
    -0.136117335149347    -0.114612244941515     0.009975125497844
    -0.017277424174141     0.009975125497844     0.000137125977613
24 12
    -1.307414122476802     0.000000000000005     0.000000000000001
     0.000000000000004    -9.396798128890106    -2.206359425257166
     0.000000000000001    -2.206359425257166    -0.648920282033516
24 13
     0.000000000000000     0.000000000000000     0.000000000000000
     0.000000000000000     0.000000000000000     0.000000000000000
     0.000000000000000     0.000000000000000     0.000000000000000
24 14
     0.000000000000000     0.000000000000000     0.000000000000000
     0.000000000000000     0.000000000000000     0.000000000000000
     0.000000000000000     0.000000000000000     0.000000000000000
24 15
    -0.179716240144153    -0.003626245877693    -0.096903344031150
    -0.003626245877693     0.081027748203426     0.004187461520178
    -0.096903344031150     0.004187461520178     0.010117126041146
24 16
    -0.179716240144153     0.003626245877693     0.096903344031150
     0.003626245877693     0.081027748203426     0.004187461520178
     0.096903344031150     0.004187461520178     0.010117126041146
24 17
     0.276294362227133     0.540205188574667     0.098945750234483
     0.363919732287421    -0.245702404213643     0.229202178065581
     0.247967783924759    -0.028911555733218    -0.052984840014418
24 18
    -0.088449447419557     0.027570943832111     0.023471582074948
     0.027570943832111    -0.056613263732994    -0.013551324229278
     0.000062686311588    -0.000036191958870     0.016340312462333
24 19
    -0.088449447419557    -0.027570943832111    -0.023471582074948
    -0.027570943832111    -0.056613263732994    -0.013551324229278
    -0.000062686311588    -0.000036191958870     0.016340312462333
24 20
     0.276294362227132    -0.540205188574667    -0.098945750234483
    -0.363919732287421    -0.245702404213643     0.229202178065581
    -0.247967783924759    -0.028911555733218    -0.052984840014418
24 21
    -0.506700787434032    -0.088142728143623    -0.149022033690276
     0.088142728143623     0.537292745447520    -0.200290622332363
     0.149022033690276    -0.200290622332363    -0.052984840014418
24 22
     0.000000000000000     0.000000000000000     0.000000000000000
     0.000000000000000     0.000000000000000     0.000000000000000
     0.000000000000000     0.000000000000000     0.000000000000000
24 23
    -0.506700787434032     0.088142728143623     0.149022033690276
    -0.088142728143623     0.537292745447520    -0.200290622332363
    -0.149022033690276    -0.200290622332363    -0.052984840014418
24 24
    16.803870706844737     0.000000000000002     0.000000000000000
     0.000000000000002    16.803870706844727     0.000000000000000
     0.000000000000000     0.000000000000000     2.105513877233339
24 25
    -0.088449447419557    -0.027570943832111    -0.000062686311588
    -0.027570943832111    -0.056613263732994    -0.000036191958870
    -0.023471582074948    -0.013551324229278     0.016340312462333
24 26
    -0.088449447419557     0.027570943832111     0.000062686311588
     0.027570943832111    -0.056613263732994    -0.000036191958870
     0.023471582074948    -0.013551324229278     0.016340312462333
24 27
     0.276294362227133     0.363919732287421     0.247967783924759
     0.540205188574667    -0.245702404213643    -0.028911555733218
     0.098945750234483     0.229202178065581    -0.052984840014418
24 28
     0.276294362227132    -0.363919732287421    -0.247967783924759
    -0.540205188574667    -0.245702404213643    -0.028911555733218
    -0.098945750234483     0.229202178065581    -0.052984840014418
24 29
    -0.040695171889713    -0.000000000000000     0.000000000000000
    -0.000000000000000    -0.104367539262838     0.000072383917740
     0.000000000000000     0.027102648458555     0.016340312462333
24 30
     0.000000000000000     0.000000000000000     0.000000000000000
     0.000000000000000     0.000000000000000     0.000000000000000
     0.000000000000000     0.000000000000000     0.000000000000000
24 31
    -0.040695171889713    -0.000000000000000     0.000000000000000
    -0.000000000000000    -0.104367539262838     0.027102648458555
     0.000000000000000     0.000072383917740     0.016340312462333
24 32
     0.000000000000000     0.000000000000000     0.000000000000000
     0.000000000000000     0.000000000000000     0.000000000000000
     0.000000000000000     0.000000000000000     0.000000000000000
25 1
    -0.179716240144153     0.003626245877693     0.096903344031150
     0.003626245877693     0.081027748203426     0.004187461520178
     0.096903344031150     0.004187461520178     0.010117126041146
25 2
     0.000000000000000     0.000000000000000     0.000000000000000
     0.000000000000000     0.000000000000000     0.000000000000000
     0.000000000000000     0.000000000000000     0.000000000000000
25 3
     0.000000000000000     0.000000000000000     0.000000000000000
     0.000000000000000     0.000000000000000     0.000000000000000
     0.000000000000000     0.000000000000000     0.000000000000000
25 4
    -0.179716240144153    -0.003626245877693    -0.096903344031150
    -0.003626245877693     0.081027748203426     0.004187461520178
    -0.096903344031150     0.004187461520178     0.010117126041146
25 5
     0.012701330066081     0.114718581835385     0.044825223961731
     0.114718581835385    -0.111389822006807    -0.086014488402728
     0.044825223961731    -0.086014488402728     0.010117126041146
25 6
    -0.193199625031365     0.000000000000000    -0.000000000000000
     0.000000000000000     0.121149895328034    -0.019950250995687
    -0.000000000000000    -0.019950250995687     0.000137125977613
25 7
     0.012701330066081    -0.114718581835385    -0.044825223961731
    -0.114718581835385    -0.111389822006807    -0.086014488402728
    -0.044825223961731    -0.086014488402728     0.010117126041146
25 8
     0.000000000000000     0.000000000000000     0.000000000000000
     0.000000000000000     0.000000000000000     0.000000000000000
     0.000000000000000     0.000000000000000     0.000000000000000
25 9
    -7.374452127286790    -3.502806025260735     1.910763312151941
    -3.502806025260735    -3.329760124080128     1.103179712628583
     1.910763312151941     1.103179712628583    -0.648920282033516
25 10
    -7.374452127286795     3.502806025260733    -1.910763312151941
     3.502806025260734    -3.329760124080124     1.103179712628583
    -1.910763312151941     1.103179712628583    -0.648920282033516
25 11
     0.018982172166983    -0.111092335957692     0.052078120069419
    -0.111092335957692    -0.117670664107709     0.081827026882550
     0.052078120069419     0.081827026882550     0.010117126041146
25 12
     0.018982172166983     0.111092335957692    -0.052078120069419
     0.111092335957692    -0.117670664107709     0.081827026882550
    -0.052078120069419     0.081827026882550     0.010117126041146
25 13
    -1.307414122476802     0.000000000000005     0.000000000000001
     0.000000000000004    -9.396798128890106    -2.206359425257166
     0.000000000000001    -2.206359425257166    -0.648920282033516
25 14
     0.042562515238184     0.136117335149347     0.017277424174141
     0.136117335149347    -0.114612244941515     0.009975125497844
     0.017277424174141     0.009975125497844     0.000137125977613
25 15
     0.000000000000000     0.000000000000000     0.000000000000000
     0.000000000000000     0.000000000000000     0.000000000000000
     0.000000000000000     0.000000000000000     0.000000000000000
25 16
     0.042562515238184    -0.136117335149347    -0.017277424174141
    -0.136117335149347    -0.114612244941515     0.009975125497844
    -0.017277424174141     0.009975125497844     0.000137125977613
25 17
     0.000000000000000     0.000000000000000     0.000000000000000
     0.000000000000000     0.000000000000000     0.000000000000000
     0.000000000000000     0.000000000000000     0.000000000000000
25 18
    -0.040695171889713    -0.000000000000000     0.000000000000000
    -0.000000000000000    -0.104367539262838     0.000072383917740
     0.000000000000000     0.027102648458555     0.016340312462333
25 19
     0.000000000000000     0.000000000000000     0.000000000000000
     0.000000000000000     0.000000000000000     0.000000000000000
     0.000000000000000     0.000000000000000     0.000000000000000
25 20
    -0.040695171889713    -0.000000000000000     0.000000000000000
    -0.000000000000000    -0.104367539262838     0.027102648458555
     0.000000000000000     0.000072383917740     0.016340312462333
25 21
     0.276294362227132    -0.540205188574667    -0.098945750234483
    -0.363919732287421    -0.245702404213643     0.229202178065581
    -0.247967783924759    -0.028911555733218    -0.052984840014418
25 22
     0.276294362227133     0.540205188574667     0.098945750234483
     0.363919732287421    -0.245702404213643     0.229202178065581
     0.247967783924759    -0.028911555733218    -0.052984840014418
25 23
    -0.088449447419557     0.027570943832111     0.023471582074948
     0.027570943832111    -0.056613263732994    -0.013551324229278
     0.000062686311588    -0.000036191958870     0.016340312462333
25 24
    -0.088449447419557    -0.027570943832111    -0.023471582074948
    -0.027570943832111    -0.056613263732994    -0.013551324229278
    -0.000062686311588    -0.000036191958870     0.016340312462333
25 25
    16.803870706844737     0.000000000000002     0.000000000000000
     0.000000000000002    16.803870706844727     0.000000000000000
     0.000000000000000     0.000000000000000     2.105513877233339
25 26
    -0.506700787434032    -0.088142728143623    -0.149022033690276
     0.088142728143623     0.537292745447520    -0.200290622332363
     0.149022033690276    -0.200290622332363    -0.052984840014418
25 27
     0.000000000000000     0.000000000000000     0.000000000000000
     0.000000000000000     0.000000000000000     0.000000000000000
     0.000000000000000     0.000000000000000     0.000000000000000
25 28
    -0.506700787434032     0.088142728143623     0.149022033690276
    -0.088142728143623     0.537292745447520    -0.200290622332363
    -0.149022033690276    -0.200290622332363    -0.052984840014418
25 29
     0.276294362227132    -0.363919732287421    -0.247967783924759
    -0.540205188574667    -0.245702404213643    -0.028911555733218
    -0.098945750234483     0.229202178065581    -0.052984840014418
25 30
    -0.088449447419557    -0.027570943832111    -0.000062686311588
    -0.027570943832111    -0.056613263732994    -0.000036191958870
    -0.023471582074948    -0.013551324229278     0.016340312462333
25 31
    -0.088449447419557     0.027570943832111     0.000062686311588
     0.027570943832111    -0.056613263732994    -0.000036191958870
     0.023471582074948    -0.013551324229278     0.016340312462333
25 32
     0.276294362227133     0.363919732287421     0.247967783924759
     0.540205188574667    -0.245702404213643    -0.028911555733218
     0.098945750234483     0.229202178065581    -0.052984840014418
26 1
    -0.179716240144153    -0.003626245877693    -0.096903344031150
    -0.003626245877693     0.081027748203426     0.004187461520178
    -0.096903344031150     0.004187461520178     0.010117126041146
26 2
    -0.179716240144153     0.003626245877693     0.096903344031150
     0.003626245877693     0.081027748203426     0.004187461520178
     0.096903344031150     0.004187461520178     0.010117126041146
26 3
     0.000000000000000     0.000000000000000     0.000000000000000
     0.000000000000000     0.000000000000000     0.000000000000000
     0.000000000000000     0.000000000000000     0.000000000000000
26 4
     0.000000000000000     0.000000000000000     0.000000000000000
     0.000000000000000     0.000000000000000     0.000000000000000
     0.000000000000000     0.000000000000000     0.000000000000000
26 5
     0.000000000000000     0.000000000000000     0.000000000000000
     0.000000000000000     0.000000000000000     0.000000000000000
     0.000000000000000     0.000000000000000     0.000000000000000
26 6
     0.012701330066081     0.114718581835385     0.044825223961731
     0.114718581835385    -0.111389822006807    -0.086014488402728
     0.044825223961731    -0.086014488402728     0.010117126041146
26 7
    -0.193199625031365     0.000000000000000    -0.000000000000000
     0.000000000000000     0.121149895328034    -0.019950250995687
    -0.000000000000000    -0.019950250995687     0.000137125977613
26 8
     0.012701330066081    -0.114718581835385    -0.044825223961731
    -0.114718581835385    -0.111389822006807    -0.086014488402728
    -0.044825223961731    -0.086014488402728     0.010117126041146
26 9
     0.018982172166983     0.111092335957692    -0.052078120069419
     0.111092335957692    -0.117670664107709     0.081827026882550
    -0.052078120069419     0.081827026882550     0.010117126041146
26 10
    -7.374452127286790    -3.502806025260735     1.910763312151941
    -3.502806025260735    -3.329760124080128     1.103179712628583
     1.910763312151941     1.103179712628583    -0.648920282033516
26 11
    -7.374452127286795     3.502806025260733    -1.910763312151941
     3.502806025260734    -3.329760124080124     1.103179712628583
    -1.910763312151941     1.103179712628583    -0.648920282033516
26 12
     0.018982172166983    -0.111092335957692     0.052078120069419
    -0.111092335957692    -0.117670664107709     0.081827026882550
     0.052078120069419     0.081827026882550     0.010117126041146
26 13
     0.042562515238184    -0.136117335149347    -0.017277424174141
    -0.136117335149347    -0.114612244941515     0.009975125497844
    -0.017277424174141     0.009975125497844     0.000137125977613
26 14
    -1.307414122476802     0.000000000000005     0.000000000000001
     0.000000000000004    -9.396798128890106    -2.206359425257166
     0.000000000000001    -2.206359425257166    -0.648920282033516
26 15
     0.042562515238184     0.136117335149347     0.017277424174141
     0.136117335149347    -0.114612244941515     0.009975125497844
     0.017277424174141     0.009975125497844     0.000137125977613
26 16
     0.000000000000000     0.000000000000000     0.000000000000000
     0.000000000000000     0.000000000000000     0.000000000000000
     0.000000000000000     0.000000000000000     0.000000000000000
26 17
    -0.040695171889713    -0.000000000000000     0.000000000000000
    -0.000000000000000    -0.104367539262838     0.027102648458555
     0.000000000000000     0.000072383917740     0.016340312462333
26 18
     0.000000000000000     0.000000000000000     0.000000000000000
     0.000000000000000     0.000000000000000     0.000000000000000
     0.000000000000000     0.000000000000000     0.000000000000000
26 19
    -0.040695171889713    -0.000000000000000     0.000000000000000
    -0.000000000000000    -0.104367539262838     0.000072383917740
     0.000000000000000     0.027102648458555     0.016340312462333
26 20
     0.000000000000000     0.000000000000000     0.000000000000000
     0.000000000000000     0.000000000000000     0.000000000000000
     0.000000000000000     0.000000000000000     0.000000000000000
26 21
    -0.088449447419557    -0.027570943832111    -0.023471582074948
    -0.027570943832111    -0.056613263732994    -0.013551324229278
    -0.000062686311588    -0.000036191958870     0.016340312462333
26 22
     0.276294362227132    -0.540205188574667    -0.098945750234483
    -0.363919732287421    -0.245702404213643     0.229202178065581
    -0.247967783924759    -0.028911555733218    -0.052984840014418
26 23
     0.276294362227133     0.540205188574667     0.098945750234483
     0.363919732287421    -0.245702404213643     0.229202178065581
     0.247967783924759    -0.028911555733218    -0.052984840014418
26 24
    -0.088449447419557     0.027570943832111     0.023471582074948
     0.027570943832111    -0.056613263732994    -0.013551324229278
     0.000062686311588    -0.000036191958870     0.016340312462333
26 25
    -0.506700787434032     0.088142728143623     0.149022033690276
    -0.088142728143623     0.537292745447520    -0.200290622332363
    -0.149022033690276    -0.200290622332363    -0.052984840014418
26 26
    16.803870706844737     0.000000000000002     0.000000000000000
     0.000000000000002    16.803870706844727     0.000000000000000
     0.000000000000000     0.000000000000000     2.105513877233339
26 27
    -0.506700787434032    -0.088142728143623    -0.149022033690276
     0.088142728143623     0.537292745447520    -0.200290622332363
     0.149022033690276    -0.200290622332363    -0.052984840014418
26 28
     0.000000000000000     0.000000000000000     0.000000000000000
     0.000000000000000     0.000000000000000     0.000000000000000
     0.000000000000000     0.000000000000000     0.000000000000000
26 29
     0.276294362227133     0.363919732287421     0.247967783924759
     0.540205188574667    -0.245702404213643    -0.028911555733218
     0.098945750234483     0.229202178065581    -0.052984840014418
26 30
     0.276294362227132    -0.363919732287421    -0.247967783924759
    -0.540205188574667    -0.245702404213643    -0.028911555733218
    -0.098945750234483     0.229202178065581    -0.052984840014418
26 31
    -0.088449447419557    -0.027570943832111    -0.000062686311588
    -0.027570943832111    -0.056613263732994    -0.000036191958870
    -0.023471582074948    -0.013551324229278     0.016340312462333
26 32
    -0.088449447419557     0.027570943832111     0.000062686311588
     0.027570943832111    -0.056613263732994    -0.000036191958870
     0.023471582074948    -0.013551324229278     0.016340312462333
27 1
     0.000000000000000     0.000000000000000     0.000000000000000
     0.000000000000000     0.000000000000000     0.000000000000000
     0.000000000000000     0.000000000000000     0.000000000000000
27 2
    -0.179716240144153    -0.003626245877693    -0.096903344031150
    -0.003626245877693     0.081027748203426     0.004187461520178
    -0.096903344031150     0.004187461520178     0.010117126041146
27 3
    -0.179716240144153     0.003626245877693     0.096903344031150
     0.003626245877693     0.081027748203426     0.004187461520178
     0.096903344031150     0.004187461520178     0.010117126041146
27 4
     0.000000000000000     0.000000000000000     0.000000000000000
     0.000000000000000     0.000000000000000     0.000000000000000
     0.000000000000000     0.000000000000000     0.000000000000000
27 5
     0.012701330066081    -0.114718581835385    -0.044825223961731
    -0.114718581835385    -0.111389822006807    -0.086014488402728
    -0.044825223961731    -0.086014488402728     0.010117126041146
27 6
     0.000000000000000     0.000000000000000     0.000000000000000
     0.000000000000000     0.000000000000000     0.000000000000000
     0.000000000000000     0.000000000000000     0.000000000000000
27 7
     0.012701330066081     0.114718581835385     0.044825223961731
     0.114718581835385    -0.111389822006807    -0.086014488402728
     0.044825223961731    -0.086014488402728     0.010117126041146
27 8
    -0.193199625031365     0.000000000000000    -0.000000000000000
     0.000000000000000     0.121149895328034    -0.019950250995687
    -0.000000000000000    -0.019950250995687     0.000137125977613
27 9
     0.018982172166983    -0.111092335957692     0.052078120069419
    -0.111092335957692    -0.117670664107709     0.081827026882550
     0.052078120069419     0.081827026882550     0.010117126041146
27 10
     0.018982172166983     0.111092335957692    -0.052078120069419
     0.111092335957692    -0.117670664107709     0.081827026882550
    -0.052078120069419     0.081827026882550     0.010117126041146
27 11
    -7.374452127286790    -3.502806025260735     1.910763312151941
    -3.502806025260735    -3.329760124080128     1.103179712628583
     1.910763312151941     1.103179712628583    -0.648920282033516
27 12
    -7.374452127286795     3.502806025260733    -1.910763312151941
     3.502806025260734    -3.329760124080124     1.103179712628583
    -1.910763312151941     1.103179712628583    -0.648920282033516
27 13
     0.000000000000000     0.000000000000000     0.000000000000000
     0.000000000000000     0.000000000000000     0.000000000000000
     0.000000000000000     0.000000000000000     0.000000000000000
27 14
     0.042562515238184    -0.136117335149347    -0.017277424174141
    -0.136117335149347    -0.114612244941515     0.009975125497844
    -0.017277424174141     0.009975125497844     0.000137125977613
27 15
    -1.307414122476802     0.000000000000005     0.000000000000001
     0.000000000000004    -9.396798128890106    -2.206359425257166
     0.000000000000001    -2.206359425257166    -0.648920282033516
27 16
     0.042562515238184     0.136117335149347     0.017277424174141
     0.136117335149347    -0.114612244941515     0.009975125497844
     0.017277424174141     0.009975125497844     0.000137125977613
27 17
     0.000000000000000     0.000000000000000     0.000000000000000
     0.000000000000000     0.000000000000000     0.000000000000000
     0.000000000000000     0.000000000000000     0.000000000000000
27 18
    -0.040695171889713    -0.000000000000000     0.000000000000000
    -0.000000000000000    -0.104367539262838     0.027102648458555
     0.000000000000000     0.000072383917740     0.016340312462333
27 19
     0.000000000000000     0.000000000000000     0.000000000000000
     0.000000000000000     0.000000000000000     0.000000000000000
     0.000000000000000     0.000000000000000     0.000000000000000
27 20
    -0.040695171889713    -0.000000000000000     0.000000000000000
    -0.000000000000000    -0.104367539262838     0.000072383917740
     0.000000000000000     0.027102648458555     0.016340312462333
27 21
    -0.088449447419557     0.027570943832111     0.023471582074948
     0.027570943832111    -0.056613263732994    -0.013551324229278
     0.000062686311588    -0.000036191958870     0.016340312462333
27 22
    -0.088449447419557    -0.027570943832111    -0.023471582074948
    -0.027570943832111    -0.056613263732994    -0.013551324229278
    -0.000062686311588    -0.000036191958870     0.016340312462333
27 23
     0.276294362227132    -0.540205188574667    -0.098945750234483
    -0.363919732287421    -0.245702404213643     0.229202178065581
    -0.247967783924759    -0.028911555733218    -0.052984840014418
27 24
     0.276294362227133     0.540205188574667     0.098945750234483
     0.363919732287421    -0.245702404213643     0.229202178065581
     0.247967783924759    -0.028911555733218    -0.052984840014418
27 25
     0.000000000000000     0.000000000000000     0.000000000000000
     0.000000000000000     0.000000000000000     0.000000000000000
     0.000000000000000     0.000000000000000     0.000000000000000
27 26
    -0.506700787434032     0.088142728143623     0.149022033690276
    -0.088142728143623     0.537292745447520    -0.200290622332363
    -0.149022033690276    -0.200290622332363    -0.052984840014418
27 27
    16.803870706844737     0.000000000000002     0.000000000000000
     0.000000000000002    16.803870706844727     0.000000000000000
     0.000000000000000     0.000000000000000     2.105513877233339
27 28
    -0.506700787434032    -0.088142728143623    -0.149022033690276
     0.088142728143623     0.537292745447520    -0.200290622332363
     0.149022033690276    -0.200290622332363    -0.052984840014418
27 29
    -0.088449447419557     0.027570943832111     0.000062686311588
     0.027570943832111    -0.056613263732994    -0.000036191958870
     0.023471582074948    -0.013551324229278     0.016340312462333
27 30
     0.276294362227133     0.363919732287421     0.247967783924759
     0.540205188574667    -0.245702404213643    -0.028911555733218
     0.098945750234483     0.229202178065581    -0.052984840014418
27 31
     0.276294362227132    -0.363919732287421    -0.247967783924759
    -0.540205188574667    -0.245702404213643    -0.028911555733218
    -0.098945750234483     0.229202178065581    -0.052984840014418
27 32
    -0.088449447419557    -0.027570943832111    -0.000062686311588
    -0.027570943832111    -0.056613263732994    -0.000036191958870
    -0.023471582074948    -0.013551324229278     0.016340312462333
28 1
     0.000000000000000     0.000000000000000     0.000000000000000
     0.000000000000000     0.000000000000000     0.000000000000000
     0.000000000000000     0.000000000000000     0.000000000000000
28 2
     0.000000000000000     0.000000000000000     0.000000000000000
     0.000000000000000     0.000000000000000     0.000000000000000
     0.000000000000000     0.000000000000000     0.000000000000000
28 3
    -0.179716240144153    -0.003626245877693    -0.096903344031150
    -0.003626245877693     0.081027748203426     0.004187461520178
    -0.096903344031150     0.004187461520178     0.010117126041146
28 4
    -0.179716240144153     0.003626245877693     0.096903344031150
     0.003626245877693     0.081027748203426     0.004187461520178
     0.096903344031150     0.004187461520178     0.010117126041146
28 5
    -0.193199625031365     0.000000000000000    -0.000000000000000
     0.000000000000000     0.121149895328034    -0.019950250995687
    -0.000000000000000    -0.019950250995687     0.000137125977613
28 6
     0.012701330066081    -0.114718581835385    -0.044825223961731
    -0.114718581835385    -0.111389822006807    -0.086014488402728
    -0.044825223961731    -0.086014488402728     0.010117126041146
28 7
     0.000000000000000     0.000000000000000     0.000000000000000
     0.000000000000000     0.000000000000000     0.000000000000000
     0.000000000000000     0.000000000000000     0.000000000000000
28 8
     0.012701330066081     0.114718581835385     0.044825223961731
     0.114718581835385    -0.111389822006807    -0.086014488402728
     0.044825223961731    -0.086014488402728     0.010117126041146
28 9
    -7.374452127286795     3.502806025260733    -1.910763312151941
     3.502806025260734    -3.329760124080124     1.103179712628583
    -1.910763312151941     1.103179712628583    -0.648920282033516
28 10
     0.018982172166983    -0.111092335957692     0.052078120069419
    -0.111092335957692    -0.117670664107709     0.081827026882550
     0.052078120069419     0.081827026882550     0.010117126041146
28 11
     0.018982172166983     0.111092335957692    -0.052078120069419
     0.111092335957692    -0.117670664107709     0.081827026882550
    -0.052078120069419     0.081827026882550     0.010117126041146
28 12
    -7.374452127286790    -3.502806025260735     1.910763312151941
    -3.502806025260735    -3.329760124080128     1.103179712628583
     1.910763312151941     1.103179712628583    -0.648920282033516
28 13
     0.042562515238184     0.136117335149347     0.017277424174141
     0.136117335149347    -0.114612244941515     0.009975125497844
     0.017277424174141     0.009975125497844     0.000137125977613
28 14
     0.000000000000000     0.000000000000000     0.000000000000000
     0.000000000000000     0.000000000000000     0.000000000000000
     0.000000000000000     0.000000000000000     0.000000000000000
28 15
     0.042562515238184    -0.136117335149347    -0.017277424174141
    -0.136117335149347    -0.114612244941515     0.009975125497844
    -0.017277424174141     0.009975125497844     0.000137125977613
28 16
    -1.307414122476802     0.000000000000005     0.000000000000001
     0.000000000000004    -9.396798128890106    -2.206359425257166
     0.000000000000001    -2.206359425257166    -0.648920282033516
28 17
    -0.040695171889713    -0.000000000000000     0.000000000000000
    -0.000000000000000    -0.104367539262838     0.000072383917740
     0.000000000000000     0.027102648458555     0.016340312462333
28 18
     0.000000000000000     0.000000000000000     0.000000000000000
     0.000000000000000     0.000000000000000     0.000000000000000
     0.000000000000000     0.000000000000000     0.000000000000000
28 19
    -0.040695171889713    -0.000000000000000     0.000000000000000
    -0.000000000000000    -0.104367539262838     0.027102648458555
     0.000000000000000     0.000072383917740     0.016340312462333
28 20
     0.000000000000000     0.000000000000000     0.000000000000000
     0.000000000000000     0.000000000000000     0.000000000000000
     0.000000000000000     0.000000000000000     0.000000000000000
28 21
     0.276294362227133     0.540205188574667     0.098945750234483
     0.363919732287421    -0.245702404213643     0.229202178065581
     0.247967783924759    -0.028911555733218    -0.052984840014418
28 22
    -0.088449447419557     0.027570943832111     0.023471582074948
     0.027570943832111    -0.056613263732994    -0.013551324229278
     0.000062686311588    -0.000036191958870     0.016340312462333
28 23
    -0.088449447419557    -0.027570943832111    -0.023471582074948
    -0.027570943832111    -0.056613263732994    -0.013551324229278
    -0.000062686311588    -0.000036191958870     0.016340312462333
28 24
     0.276294362227132    -0.540205188574667    -0.098945750234483
    -0.363919732287421    -0.245702404213643     0.229202178065581
    -0.247967783924759    -0.028911555733218    -0.052984840014418
28 25
    -0.506700787434032    -0.088142728143623    -0.149022033690276
     0.088142728143623     0.537292745447520    -0.200290622332363
     0.149022033690276    -0.200290622332363    -0.052984840014418
28 26
     0.000000000000000     0.000000000000000     0.000000000000000
     0.000000000000000     0.000000000000000     0.000000000000000
     0.000000000000000     0.000000000000000     0.000000000000000
28 27
    -0.506700787434032     0.088142728143623     0.149022033690276
    -0.088142728143623     0.537292745447520    -0.200290622332363
    -0.149022033690276    -0.200290622332363    -0.052984840014418
28 28
    16.803870706844737     0.000000000000002     0.000000000000000
     0.000000000000002    16.803870706844727     0.000000000000000
     0.000000000000000     0.000000000000000     2.105513877233339
28 29
    -0.088449447419557    -0.027570943832111    -0.000062686311588
    -0.027570943832111    -0.056613263732994    -0.000036191958870
    -0.023471582074948    -0.013551324229278     0.016340312462333
28 30
    -0.088449447419557     0.027570943832111     0.000062686311588
     0.027570943832111    -0.056613263732994    -0.000036191958870
     0.023471582074948    -0.013551324229278     0.016340312462333
28 31
     0.276294362227133     0.363919732287421     0.247967783924759
     0.540205188574667    -0.245702404213643    -0.028911555733218
     0.098945750234483     0.229202178065581    -0.052984840014418
28 32
     0.276294362227132    -0.363919732287421    -0.247967783924759
    -0.540205188574667    -0.245702404213643    -0.028911555733218
    -0.098945750234483     0.229202178065581    -0.052984840014418
29 1
    -1.307414122476802     0.000000000000005     0.000000000000001
     0.000000000000004    -9.396798128890106    -2.206359425257166
     0.000000000000001    -2.206359425257166    -0.648920282033516
29 2
     0.042562515238184     0.136117335149347     0.017277424174141
     0.136117335149347    -0.114612244941515     0.009975125497844
     0.017277424174141     0.009975125497844     0.000137125977613
29 3
     0.000000000000000     0.000000000000000     0.000000000000000
     0.000000000000000     0.000000000000000     0.000000000000000
     0.000000000000000     0.000000000000000     0.000000000000000
29 4
     0.042562515238184    -0.136117335149347    -0.017277424174141
    -0.136117335149347    -0.114612244941515     0.009975125497844
    -0.017277424174141     0.009975125497844     0.000137125977613
29 5
    -0.179716240144153     0.003626245877693     0.096903344031150
     0.003626245877693     0.081027748203426     0.004187461520178
     0.096903344031150     0.004187461520178     0.010117126041146
29 6
     0.000000000000000     0.000000000000000     0.000000000000000
     0.000000000000000     0.000000000000000     0.000000000000000
     0.000000000000000     0.000000000000000     0.000000000000000
29 7
     0.000000000000000     0.000000000000000     0.000000000000000
     0.000000000000000     0.000000000000000     0.000000000000000
     0.000000000000000     0.000000000000000     0.000000000000000
29 8
    -0.179716240144153    -0.003626245877693    -0.096903344031150
    -0.003626245877693     0.081027748203426     0.004187461520178
    -0.096903344031150     0.004187461520178     0.010117126041146
29 9
     0.012701330066081     0.114718581835385     0.044825223961731
     0.114718581835385    -0.111389822006807    -0.086014488402728
     0.044825223961731    -0.086014488402728     0.010117126041146
29 10
    -0.193199625031365     0.000000000000000    -0.000000000000000
     0.000000000000000     0.121149895328034    -0.019950250995687
    -0.000000000000000    -0.019950250995687     0.000137125977613
29 11
     0.012701330066081    -0.114718581835385    -0.044825223961731
    -0.114718581835385    -0.111389822006807    -0.086014488402728
    -0.044825223961731    -0.086014488402728     0.010117126041146
29 12
     0.000000000000000     0.000000000000000     0.000000000000000
     0.000000000000000     0.000000000000000     0.000000000000000
     0.000000000000000     0.000000000000000     0.000000000000000
29 13
    -7.374452127286790    -3.502806025260735     1.910763312151941
    -3.502806025260735    -3.329760124080128     1.103179712628583
     1.910763312151941     1.103179712628583    -0.648920282033516
29 14
    -7.374452127286795     3.502806025260733    -1.910763312151941
     3.502806025260734    -3.329760124080124     1.103179712628583
    -1.910763312151941     1.103179712628583    -0.648920282033516
29 15
     0.018982172166983    -0.111092335957692     0.052078120069419
    -0.111092335957692    -0.117670664107709     0.081827026882550
     0.052078120069419     0.081827026882550     0.010117126041146
29 16
     0.018982172166983     0.111092335957692    -0.052078120069419
     0.111092335957692    -0.117670664107709     0.081827026882550
    -0.052078120069419     0.081827026882550     0.010117126041146
29 17
     0.276294362227132    -0.363919732287421    -0.247967783924759
    -0.540205188574667    -0.245702404213643    -0.028911555733218
    -0.098945750234483     0.229202178065581    -0.052984840014418
29 18
    -0.088449447419557    -0.027570943832111    -0.000062686311588
    -0.027570943832111    -0.056613263732994    -0.000036191958870
    -0.023471582074948    -0.013551324229278     0.016340312462333
29 19
    -0.088449447419557     0.027570943832111     0.000062686311588
     0.027570943832111    -0.056613263732994    -0.000036191958870
     0.023471582074948    -0.013551324229278     0.016340312462333
29 20
     0.276294362227133     0.363919732287421     0.247967783924759
     0.540205188574667    -0.245702404213643    -0.028911555733218
     0.098945750234483     0.229202178065581    -0.052984840014418
29 21
     0.000000000000000     0.000000000000000     0.000000000000000
     0.000000000000000     0.000000000000000     0.000000000000000
     0.000000000000000     0.000000000000000     0.000000000000000
29 22
    -0.040695171889713    -0.000000000000000     0.000000000000000
    -0.000000000000000    -0.104367539262838     0.000072383917740
     0.000000000000000     0.027102648458555     0.016340312462333
29 23
     0.000000000000000     0.000000000000000     0.000000000000000
     0.000000000000000     0.000000000000000     0.000000000000000
     0.000000000000000     0.000000000000000     0.000000000000000
29 24
    -0.040695171889713    -0.000000000000000     0.000000000000000
    -0.000000000000000    -0.104367539262838     0.027102648458555
     0.000000000000000     0.000072383917740     0.016340312462333
29 25
     0.276294362227132    -0.540205188574667    -0.098945750234483
    -0.363919732287421    -0.245702404213643     0.229202178065581
    -0.247967783924759    -0.028911555733218    -0.052984840014418
29 26
     0.276294362227133     0.540205188574667     0.098945750234483
     0.363919732287421    -0.245702404213643     0.229202178065581
     0.247967783924759    -0.028911555733218    -0.052984840014418
29 27
    -0.088449447419557     0.027570943832111     0.023471582074948
     0.027570943832111    -0.056613263732994    -0.013551324229278
     0.000062686311588    -0.000036191958870     0.016340312462333
29 28
    -0.088449447419557    -0.027570943832111    -0.023471582074948
    -0.027570943832111    -0.056613263732994    -0.013551324229278
    -0.000062686311588    -0.000036191958870     0.016340312462333
29 29
    16.803870706844737     0.000000000000002     0.000000000000000
     0.000000000000002    16.803870706844727     0.000000000000000
     0.000000000000000     0.000000000000000     2.105513877233339
29 30
    -0.506700787434032    -0.088142728143623    -0.149022033690276
     0.088142728143623     0.537292745447520    -0.200290622332363
     0.149022033690276    -0.200290622332363    -0.052984840014418
29 31
     0.000000000000000     0.000000000000000     0.000000000000000
     0.000000000000000     0.000000000000000     0.000000000000000
     0.000000000000000     0.000000000000000     0.000000000000000
29 32
    -0.506700787434032     0.088142728143623     0.149022033690276
    -0.088142728143623     0.537292745447520    -0.200290622332363
    -0.149022033690276    -0.200290622332363    -0.052984840014418
30 1
     0.042562515238184    -0.136117335149347    -0.017277424174141
    -0.136117335149347    -0.114612244941515     0.009975125497844
    -0.017277424174141     0.009975125497844     0.000137125977613
30 2
    -1.307414122476802     0.000000000000005     0.000000000000001
     0.000000000000004    -9.396798128890106    -2.206359425257166
     0.000000000000001    -2.206359425257166    -0.648920282033516
30 3
     0.042562515238184     0.136117335149347     0.017277424174141
     0.136117335149347    -0.114612244941515     0.009975125497844
     0.017277424174141     0.009975125497844     0.000137125977613
30 4
     0.000000000000000     0.000000000000000     0.000000000000000
     0.000000000000000     0.000000000000000     0.000000000000000
     0.000000000000000     0.000000000000000     0.000000000000000
30 5
    -0.179716240144153    -0.003626245877693    -0.096903344031150
    -0.003626245877693     0.081027748203426     0.004187461520178
    -0.096903344031150     0.004187461520178     0.010117126041146
30 6
    -0.179716240144153     0.003626245877693     0.096903344031150
     0.003626245877693     0.081027748203426     0.004187461520178
     0.096903344031150     0.004187461520178     0.010117126041146
30 7
     0.000000000000000     0.000000000000000     0.000000000000000
     0.000000000000000     0.000000000000000     0.000000000000000
     0.000000000000000     0.000000000000000     0.000000000000000
30 8
     0.000000000000000     0.000000000000000     0.000000000000000
     0.000000000000000     0.000000000000000     0.000000000000000
     0.000000000000000     0.000000000000000     0.000000000000000
30 9
     0.000000000000000     0.000000000000000     0.000000000000000
     0.000000000000000     0.000000000000000     0.000000000000000
     0.000000000000000     0.000000000000000     0.000000000000000
30 10
     0.012701330066081     0.114718581835385     0.044825223961731
     0.114718581835385    -0.111389822006807    -0.086014488402728
     0.044825223961731    -0.086014488402728     0.010117126041146
30 11
    -0.193199625031365     0.000000000000000    -0.000000000000000
     0.000000000000000     0.121149895328034    -0.019950250995687
    -0.000000000000000    -0.019950250995687     0.000137125977613
30 12
     0.012701330066081    -0.114718581835385    -0.044825223961731
    -0.114718581835385    -0.111389822006807    -0.086014488402728
    -0.044825223961731    -0.086014488402728     0.010117126041146
30 13
     0.018982172166983     0.111092335957692    -0.052078120069419
     0.111092335957692    -0.117670664107709     0.081827026882550
    -0.052078120069419     0.081827026882550     0.010117126041146
30 14
    -7.374452127286790    -3.502806025260735     1.910763312151941
    -3.502806025260735    -3.329760124080128     1.103179712628583
     1.910763312151941     1.103179712628583    -0.648920282033516
30 15
    -7.374452127286795     3.502806025260733    -1.910763312151941
     3.502806025260734    -3.329760124080124     1.103179712628583
    -1.910763312151941     1.103179712628583    -0.648920282033516
30 16
     0.018982172166983    -0.111092335957692     0.052078120069419
    -0.111092335957692    -0.117670664107709     0.081827026882550
     0.052078120069419     0.081827026882550     0.010117126041146
30 17
     0.276294362227133     0.363919732287421     0.247967783924759
     0.540205188574667    -0.245702404213643    -0.028911555733218
     0.098945750234483     0.229202178065581    -0.052984840014418
30 18
     0.276294362227132    -0.363919732287421    -0.247967783924759
    -0.540205188574667    -0.245702404213643    -0.028911555733218
    -0.098945750234483     0.229202178065581    -0.052984840014418
30 19
    -0.088449447419557    -0.027570943832111    -0.000062686311588
    -0.027570943832111    -0.056613263732994    -0.000036191958870
    -0.023471582074948    -0.013551324229278     0.016340312462333
30 20
    -0.088449447419557     0.027570943832111     0.000062686311588
     0.027570943832111    -0.056613263732994    -0.000036191958870
     0.023471582074948    -0.013551324229278     0.016340312462333
30 21
    -0.040695171889713    -0.000000000000000     0.000000000000000
    -0.000000000000000    -0.104367539262838     0.027102648458555
     0.000000000000000     0.000072383917740     0.016340312462333
30 22
     0.000000000000000     0.000000000000000     0.000000000000000
     0.000000000000000     0.000000000000000     0.000000000000000
     0.000000000000000     0.000000000000000     0.000000000000000
30 23
    -0.040695171889713    -0.000000000000000     0.000000000000000
    -0.000000000000000    -0.104367539262838     0.000072383917740
     0.000000000000000     0.027102648458555     0.016340312462333
30 24
     0.000000000000000     0.000000000000000     0.000000000000000
     0.000000000000000     0.000000000000000     0.000000000000000
     0.000000000000000     0.000000000000000     0.000000000000000
30 25
    -0.088449447419557    -0.027570943832111    -0.023471582074948
    -0.027570943832111    -0.056613263732994    -0.013551324229278
    -0.000062686311588    -0.000036191958870     0.016340312462333
30 26
     0.276294362227132    -0.540205188574667    -0.098945750234483
    -0.363919732287421    -0.245702404213643     0.229202178065581
    -0.247967783924759    -0.028911555733218    -0.052984840014418
30 27
     0.276294362227133     0.540205188574667     0.098945750234483
     0.363919732287421    -0.245702404213643     0.229202178065581
     0.247967783924759    -0.028911555733218    -0.052984840014418
30 28
    -0.088449447419557     0.027570943832111     0.023471582074948
     0.027570943832111    -0.056613263732994    -0.013551324229278
     0.000062686311588    -0.000036191958870     0.016340312462333
30 29
    -0.506700787434032     0.088142728143623     0.149022033690276
    -0.088142728143623     0.537292745447520    -0.200290622332363
    -0.149022033690276    -0.200290622332363    -0.052984840014418
30 30
    16.803870706844737     0.000000000000002     0.000000000000000
     0.000000000000002    16.803870706844727     0.000000000000000
     0.000000000000000     0.000000000000000     2.105513877233339
30 31
    -0.506700787434032    -0.088142728143623    -0.149022033690276
     0.088142728143623     0.537292745447520    -0.200290622332363
     0.149022033690276    -0.200290622332363    -0.052984840014418
30 32
     0.000000000000000     0.000000000000000     0.000000000000000
     0.000000000000000     0.000000000000000     0.000000000000000
     0.000000000000000     0.000000000000000     0.000000000000000
31 1
     0.000000000000000     0.000000000000000     0.000000000000000
     0.000000000000000     0.000000000000000     0.000000000000000
     0.000000000000000     0.000000000000000     0.000000000000000
31 2
     0.042562515238184    -0.136117335149347    -0.017277424174141
    -0.136117335149347    -0.114612244941515     0.009975125497844
    -0.017277424174141     0.009975125497844     0.000137125977613
31 3
    -1.307414122476802     0.000000000000005     0.000000000000001
     0.000000000000004    -9.396798128890106    -2.206359425257166
     0.000000000000001    -2.206359425257166    -0.648920282033516
31 4
     0.042562515238184     0.136117335149347     0.017277424174141
     0.136117335149347    -0.114612244941515     0.009975125497844
     0.017277424174141     0.009975125497844     0.000137125977613
31 5
     0.000000000000000     0.000000000000000     0.000000000000000
     0.000000000000000     0.000000000000000     0.000000000000000
     0.000000000000000     0.000000000000000     0.000000000000000
31 6
    -0.179716240144153    -0.003626245877693    -0.096903344031150
    -0.003626245877693     0.081027748203426     0.004187461520178
    -0.096903344031150     0.004187461520178     0.010117126041146
31 7
    -0.179716240144153     0.003626245877693     0.096903344031150
     0.003626245877693     0.081027748203426     0.004187461520178
     0.096903344031150     0.004187461520178     0.010117126041146
31 8
     0.000000000000000     0.000000000000000     0.000000000000000
     0.000000000000000     0.000000000000000     0.000000000000000
     0.000000000000000     0.000000000000000     0.000000000000000
31 9
     0.012701330066081    -0.114718581835385    -0.044825223961731
    -0.114718581835385    -0.111389822006807    -0.086014488402728
    -0.044825223961731    -0.086014488402728     0.010117126041146
31 10
     0.000000000000000     0.000000000000000     0.000000000000000
     0.000000000000000     0.000000000000000     0.000000000000000
     0.000000000000000     0.000000000000000     0.000000000000000
31 11
     0.012701330066081     0.114718581835385     0.044825223961731
     0.114718581835385    -0.111389822006807    -0.086014488402728
     0.044825223961731    -0.086014488402728     0.010117126041146
31 12
    -0.193199625031365     0.000000000000000    -0.000000000000000
     0.000000000000000     0.121149895328034    -0.019950250995687
    -0.000000000000000    -0.019950250995687     0.000137125977613
31 13
     0.018982172166983    -0.111092335957692     0.052078120069419
    -0.111092335957692    -0.117670664107709     0.081827026882550
     0.052078120069419     0.081827026882550     0.010117126041146
31 14
     0.018982172166983     0.111092335957692    -0.052078120069419
     0.111092335957692    -0.117670664107709     0.081827026882550
    -0.052078120069419     0.081827026882550     0.010117126041146
31 15
    -7.374452127286790    -3.502806025260735     1.910763312151941
    -3.502806025260735    -3.329760124080128     1.103179712628583
     1.910763312151941     1.103179712628583    -0.648920282033516
31 16
    -7.374452127286795     3.502806025260733    -1.910763312151941
     3.502806025260734    -3.329760124080124     1.103179712628583
    -1.910763312151941     1.103179712628583    -0.648920282033516
31 17
    -0.088449447419557     0.027570943832111     0.000062686311588
     0.027570943832111    -0.056613263732994    -0.000036191958870
     0.023471582074948    -0.013551324229278     0.016340312462333
31 18
     0.276294362227133     0.363919732287421     0.247967783924759
     0.540205188574667    -0.245702404213643    -0.028911555733218
     0.098945750234483     0.229202178065581    -0.052984840014418
31 19
     0.276294362227132    -0.363919732287421    -0.247967783924759
    -0.540205188574667    -0.245702404213643    -0.028911555733218
    -0.098945750234483     0.229202178065581    -0.052984840014418
31 20
    -0.088449447419557    -0.027570943832111    -0.000062686311588
    -0.027570943832111    -0.056613263732994    -0.000036191958870
    -0.023471582074948    -0.013551324229278     0.016340312462333
31 21
     0.000000000000000     0.000000000000000     0.000000000000000
     0.000000000000000     0.000000000000000     0.000000000000000
     0.000000000000000     0.000000000000000     0.000000000000000
31 22
    -0.040695171889713    -0.000000000000000     0.000000000000000
    -0.000000000000000    -0.104367539262838     0.027102648458555
     0.000000000000000     0.000072383917740     0.016340312462333
31 23
     0.000000000000000     0.000000000000000     0.000000000000000
     0.000000000000000     0.000000000000000     0.000000000000000
     0.000000000000000     0.000000000000000     0.000000000000000
31 24
    -0.040695171889713    -0.000000000000000     0.000000000000000
    -0.000000000000000    -0.104367539262838     0.000072383917740
     0.000000000000000     0.027102648458555     0.016340312462333
31 25
    -0.088449447419557     0.027570943832111     0.023471582074948
     0.027570943832111    -0.056613263732994    -0.013551324229278
     0.000062686311588    -0.000036191958870     0.016340312462333
31 26
    -0.088449447419557    -0.027570943832111    -0.023471582074948
    -0.027570943832111    -0.056613263732994    -0.013551324229278
    -0.000062686311588    -0.000036191958870     0.016340312462333
31 27
     0.276294362227132    -0.540205188574667    -0.098945750234483
    -0.363919732287421    -0.245702404213643     0.229202178065581
    -0.247967783924759    -0.028911555733218    -0.052984840014418
31 28
     0.276294362227133     0.540205188574667     0.098945750234483
     0.363919732287421    -0.245702404213643     0.229202178065581
     0.247967783924759    -0.028911555733218    -0.052984840014418
31 29
     0.000000000000000     0.000000000000000     0.000000000000000
     0.000000000000000     0.000000000000000     0.000000000000000
     0.000000000000000     0.000000000000000     0.000000000000000
31 30
    -0.506700787434032     0.088142728143623     0.149022033690276
    -0.088142728143623     0.537292745447520    -0.200290622332363
    -0.149022033690276    -0.200290622332363    -0.052984840014418
31 31
    16.803870706844737     0.000000000000002     0.000000000000000
     0.000000000000002    16.803870706844727     0.000000000000000
     0.000000000000000     0.000000000000000     2.105513877233339
31 32
    -0.506700787434032    -0.088142728143623    -0.149022033690276
     0.088142728143623     0.537292745447520    -0.200290622332363
     0.149022033690276    -0.200290622332363    -0.052984840014418
32 1
     0.042562515238184     0.136117335149347     0.017277424174141
     0.136117335149347    -0.114612244941515     0.009975125497844
     0.017277424174141     0.009975125497844     0.000137125977613
32 2
     0.000000000000000     0.000000000000000     0.000000000000000
     0.000000000000000     0.000000000000000     0.000000000000000
     0.000000000000000     0.000000000000000     0.000000000000000
32 3
     0.042562515238184    -0.136117335149347    -0.017277424174141
    -0.136117335149347    -0.114612244941515     0.009975125497844
    -0.017277424174141     0.009975125497844     0.000137125977613
32 4
    -1.307414122476802     0.000000000000005     0.000000000000001
     0.000000000000004    -9.396798128890106    -2.206359425257166
     0.000000000000001    -2.206359425257166    -0.648920282033516
32 5
     0.000000000000000     0.000000000000000     0.000000000000000
     0.000000000000000     0.000000000000000     0.000000000000000
     0.000000000000000     0.000000000000000     0.000000000000000
32 6
     0.000000000000000     0.000000000000000     0.000000000000000
     0.000000000000000     0.000000000000000     0.000000000000000
     0.000000000000000     0.000000000000000     0.000000000000000
32 7
    -0.179716240144153    -0.003626245877693    -0.096903344031150
    -0.003626245877693     0.081027748203426     0.004187461520178
    -0.096903344031150     0.004187461520178     0.010117126041146
32 8
    -0.179716240144153     0.003626245877693     0.096903344031150
     0.003626245877693     0.081027748203426     0.004187461520178
     0.096903344031150     0.004187461520178     0.010117126041146
32 9
    -0.193199625031365     0.000000000000000    -0.000000000000000
     0.000000000000000     0.121149895328034    -0.019950250995687
    -0.000000000000000    -0.019950250995687     0.000137125977613
32 10
     0.012701330066081    -0.114718581835385    -0.044825223961731
    -0.114718581835385    -0.111389822006807    -0.086014488402728
    -0.044825223961731    -0.086014488402728     0.010117126041146
32 11
     0.000000000000000     0.000000000000000     0.000000000000000
     0.000000000000000     0.000000000000000     0.000000000000000
     0.000000000000000     0.000000000000000     0.000000000000000
32 12
     0.012701330066081     0.114718581835385     0.044825223961731
     0.114718581835385    -0.111389822006807    -0.086014488402728
     0.044825223961731    -0.086014488402728     0.010117126041146
32 13
    -7.374452127286795     3.502806025260733    -1.910763312151941
     3.502806025260734    -3.329760124080124     1.103179712628583
    -1.910763312151941     1.103179712628583    -0.648920282033516
32 14
     0.018982172166983    -0.111092335957692     0.052078120069419
    -0.111092335957692    -0.117670664107709     0.081827026882550
     0.052078120069419     0.081827026882550     0.010117126041146
32 15
     0.018982172166983     0.111092335957692    -0.052078120069419
     0.111092335957692    -0.117670664107709     0.081827026882550
    -0.052078120069419     0.081827026882550     0.010117126041146
32 16
    -7.374452127286790    -3.502806025260735     1.910763312151941
    -3.502806025260735    -3.329760124080128     1.103179712628583
     1.910763312151941     1.103179712628583    -0.648920282033516
32 17
    -0.088449447419557    -0.027570943832111    -0.000062686311588
    -0.027570943832111    -0.056613263732994    -0.000036191958870
    -0.023471582074948    -0.013551324229278     0.016340312462333
32 18
    -0.088449447419557     0.027570943832111     0.000062686311588
     0.027570943832111    -0.056613263732994    -0.000036191958870
     0.023471582074948    -0.013551324229278     0.016340312462333
32 19
     0.276294362227133     0.363919732287421     0.247967783924759
     0.540205188574667    -0.245702404213643    -0.028911555733218
     0.098945750234483     0.229202178065581    -0.052984840014418
32 20
     0.276294362227132    -0.363919732287421    -0.247967783924759
    -0.540205188574667    -0.245702404213643    -0.028911555733218
    -0.098945750234483     0.229202178065581    -0.052984840014418
32 21
    -0.040695171889713    -0.000000000000000     0.000000000000000
    -0.000000000000000    -0.104367539262838     0.000072383917740
     0.000000000000000     0.027102648458555     0.016340312462333
32 22
     0.000000000000000     0.000000000000000     0.000000000000000
     0.000000000000000     0.000000000000000     0.000000000000000
     0.000000000000000     0.000000000000000     0.000000000000000
32 23
    -0.040695171889713    -0.000000000000000     0.000000000000000
    -0.000000000000000    -0.104367539262838     0.027102648458555
     0.000000000000000     0.000072383917740     0.016340312462333
32 24
     0.000000000000000     0.000000000000000     0.000000000000000
     0.000000000000000     0.000000000000000     0.000000000000000
     0.000000000000000     0.000000000000000     0.000000000000000
32 25
     0.276294362227133     0.540205188574667     0.098945750234483
     0.363919732287421    -0.245702404213643     0.229202178065581
     0.247967783924759    -0.028911555733218    -0.052984840014418
32 26
    -0.088449447419557     0.027570943832111     0.023471582074948
     0.027570943832111    -0.056613263732994    -0.013551324229278
     0.000062686311588    -0.000036191958870     0.016340312462333
32 27
    -0.088449447419557    -0.027570943832111    -0.023471582074948
    -0.027570943832111    -0.056613263732994    -0.013551324229278
    -0.000062686311588    -0.000036191958870     0.016340312462333
32 28
     0.276294362227132    -0.540205188574667    -0.098945750234483
    -0.363919732287421    -0.245702404213643     0.229202178065581
    -0.247967783924759    -0.028911555733218    -0.052984840014418
32 29
    -0.506700787434032    -0.088142728143623    -0.149022033690276
     0.088142728143623     0.537292745447520    -0.200290622332363
     0.149022033690276    -0.200290622332363    -0.052984840014418
32 30
     0.000000000000000     0.000000000000000     0.000000000000000
     0.000000000000000     0.000000000000000     0.000000000000000
     0.000000000000000     0.000000000000000     0.000000000000000
32 31
    -0.506700787434032     0.088142728143623     0.149022033690276
    -0.088142728143623     0.537292745447520    -0.200290622332363
    -0.149022033690276    -0.200290622332363    -0.052984840014418
32 32
    16.803870706844737     0.000000000000002     0.000000000000000
     0.000000000000002    16.803870706844727     0.000000000000000
     0.000000000000000     0.000000000000000     2.105513877233339