   6   96
1 1
    24.279907838468812     0.000000000000000     0.000000000000000
     0.000000000000000    24.279907838468819     0.000000000000000
     0.000000000000000     0.000000000000000    26.208327075113090
1 2
    -1.013631644931779    -1.029868320482318     0.016157030344206
     1.029868320482317    -0.292482010298463     0.012161167788448
    -0.016157030344206     0.012161167788448     0.714086404905679
1 3
    -0.178921934070488     0.000000000000000     0.000000000000000
     0.000000000000000     0.092995917320977     0.002514600754269
     0.000000000000000     0.002514600754269    -0.123390024849546
1 4
    -1.013631644931779     1.029868320482317    -0.016157030344206
    -1.029868320482318    -0.292482010298463     0.012161167788448
     0.016157030344206     0.012161167788448     0.714086404905679
1 5
    -0.472769418956792     0.717601368721158     0.018610395416584
    -1.342135272243476    -0.833344236273451     0.007911814833574
     0.002453365072378    -0.020072982622022     0.714086404905678
1 6
    -0.036200634144289     0.078441439429912     0.000539656362430
     0.078441439429912    -0.126777006485251     0.000311570746119
     0.006251277679599     0.003609176851096    -0.046289981018830
1 7
    -0.036200634144289    -0.078441439429912    -0.000539656362430
    -0.078441439429912    -0.126777006485251     0.000311570746119
    -0.006251277679599     0.003609176851096    -0.046289981018830
1 8
    -0.472769418956792    -0.717601368721159    -0.018610395416584
     1.342135272243476    -0.833344236273451     0.007911814833574
    -0.002453365072378    -0.020072982622022     0.714086404905678
1 9
     0.025016454473111    -0.117743883523745     0.002177708133573
    -0.117743883523745    -0.110942471222622    -0.001257300377135
     0.002177708133573    -0.001257300377135    -0.123390024849546
1 10
    -0.172065192655732     0.000000000000000     0.000000000000000
     0.000000000000000     0.009087552026193    -0.000623141492238
     0.000000000000000    -0.007218353702192    -0.046289981018830
1 11
     0.025016454473111     0.117743883523745    -0.002177708133573
     0.117743883523745    -0.110942471222622    -0.001257300377135
    -0.002177708133573    -0.001257300377135    -0.123390024849546
1 12
    -0.172065192655732     0.000000000000000     0.000000000000000
     0.000000000000000     0.009087552026193    -0.007218353702192
     0.000000000000000    -0.000623141492238    -0.046289981018830
1 13
    -0.472769418956792    -1.342135272243476     0.002453365072378
     0.717601368721158    -0.833344236273451    -0.020072982622022
     0.018610395416584     0.007911814833574     0.714086404905678
1 14
    -0.472769418956792     1.342135272243476    -0.002453365072378
    -0.717601368721159    -0.833344236273451    -0.020072982622022
    -0.018610395416584     0.007911814833574     0.714086404905678
1 15
    -0.036200634144289    -0.078441439429912    -0.006251277679599
    -0.078441439429912    -0.126777006485251     0.003609176851096
    -0.000539656362430     0.000311570746119    -0.046289981018830
1 16
    -0.036200634144289     0.078441439429912     0.006251277679599
     0.078441439429912    -0.126777006485251     0.003609176851096
     0.000539656362430     0.000311570746119    -0.046289981018830
1 17
     0.004166501187982     0.005025778359176    -0.023925426661447
     0.005025778359176    -0.001636767789133    -0.013813351523463
    -0.023925426661447    -0.013813351523463     0.001340494914568
1 18
    -0.000037332402269    -0.002367599501815     0.005782250000582
    -0.002367599501815    -0.006087269298147     0.003146739123643
     0.005782250000582     0.003146739123643     0.000729624038752
1 19
    -0.000037332402269     0.002367599501815    -0.005782250000582
     0.002367599501815    -0.006087269298147     0.003146739123643
    -0.005782250000582     0.003146739123643     0.000729624038752
1 20
     0.004166501187982    -0.005025778359176     0.023925426661447
    -0.005025778359176    -0.001636767789133    -0.013813351523463
     0.023925426661447    -0.013813351523463     0.001340494914568
1 21
    -0.006625186388737     0.001435899770654     0.005616281020448
     0.001435899770654     0.000500584688321     0.003434205829715
     0.005616281020448     0.003434205829715     0.000729624038752
1 22
     0.009425744676387     0.000000000000000     0.000000000000000
     0.000000000000000     0.009425744676387     0.000000000000000
     0.000000000000000     0.000000000000000    -0.017340136539435
1 23
    -0.006625186388737    -0.001435899770654    -0.005616281020448
    -0.001435899770654     0.000500584688321     0.003434205829715
    -0.005616281020448     0.003434205829715     0.000729624038752
1 24
     0.016059589454326     0.000000000000000     0.000000000000000
     0.000000000000000    -0.003862890882401    -0.003244606292100
     0.000000000000000    -0.003244606292100    -0.011247869718860
1 25
    -0.002524383759618     0.003803499272469    -0.000165968980134
     0.003803499272469    -0.003600217940798    -0.006580944953358
    -0.000165968980134    -0.006580944953358     0.000729624038752
1 26
    -0.002524383759618    -0.003803499272469     0.000165968980134
    -0.003803499272469    -0.003600217940798    -0.006580944953358
     0.000165968980134    -0.006580944953358     0.000729624038752
1 27
     0.001494530068537    -0.000398377909747    -0.000396681609867
    -0.000398377909747     0.001954537255400    -0.000229024234239
    -0.000396681609867    -0.000229024234239    -0.006738717279768
1 28
     0.001494530068537     0.000398377909747     0.000396681609867
     0.000398377909747     0.001954537255400    -0.000229024234239
     0.000396681609867    -0.000229024234239    -0.006738717279768
1 29
    -0.004538402277691     0.000000000000000     0.000000000000000
     0.000000000000000     0.007068135676540     0.027626703046926
     0.000000000000000     0.027626703046926     0.001340494914568
1 30
     0.001117729201780     0.008626687039001    -0.002809911474237
     0.008626687039001     0.011078969370144     0.001622303146050
    -0.002809911474237     0.001622303146050    -0.011247869718860
1 31
     0.002184540848832     0.000000000000000     0.000000000000000
     0.000000000000000     0.001264526475106     0.000458048468478
     0.000000000000000     0.000458048468478    -0.006738717279768
1 32
     0.001117729201780    -0.008626687039001     0.002809911474237
    -0.008626687039001     0.011078969370144     0.001622303146050
     0.002809911474237     0.001622303146050    -0.011247869718860
1 33
    -4.194881550744302    -1.474168876040905     2.833815647650175
    -1.474168876040906    -2.492657955917930     1.636104227004601
     3.009829948826011     1.737726131169694    -4.592620169449662
1 34
    -0.076568011101409     0.086279493961599     0.007037348873446
    -0.030636626842347    -0.014173152291709    -0.001600775769963
     0.057554381062240     0.002942205776261    -0.091470235918907
1 35
    -0.076568011101409    -0.086279493961599    -0.007037348873446
     0.030636626842347    -0.014173152291709    -0.001600775769963
    -0.057554381062240     0.002942205776261    -0.091470235918907
1 36
    -4.194881550744300     1.474168876040906    -2.833815647650174
     1.474168876040906    -2.492657955917930     1.636104227004601
    -3.009829948826010     1.737726131169694    -4.592620169449656
1 37
    -0.005677798761797    -0.071565110019532     0.002132361954172
     0.045351010784414    -0.085063364631321     0.006894910784679
     0.031325215476523     0.048372453210860    -0.091470235918907
1 38
     0.016592701393087     0.000000000000000     0.000000000000000
     0.000000000000000     0.016592701393087     0.000000000000000
     0.000000000000000     0.000000000000000    -0.015749551018882
1 39
    -0.005677798761797     0.071565110019532    -0.002132361954172
    -0.045351010784414    -0.085063364631321     0.006894910784679
    -0.031325215476523     0.048372453210860    -0.091470235918907
1 40
     0.414372226574139     0.000000000000000     0.000000000000000
     0.000000000000000    -0.196348145816310     0.048653662892773
     0.000000000000000     0.217314261215989    -0.222367320683074
1 41
    -0.053865935226471     0.017529577224788    -0.004904986919274
    -0.099386543579158    -0.036875228166647    -0.005294135014716
    -0.026229165585717    -0.051314658987120    -0.091470235918907
1 42
    -0.053865935226471    -0.017529577224788     0.004904986919274
     0.099386543579158    -0.036875228166647    -0.005294135014716
     0.026229165585717    -0.051314658987120    -0.091470235918907
1 43
     0.001120959330390    -0.002603655863868    -0.017685714437227
    -0.002603655863868     0.004127402158152    -0.010210851991144
    -0.001211826220298    -0.000699648194500     0.016451597138947
1 44
     0.001120959330390     0.002603655863868     0.017685714437227
     0.002603655863868     0.004127402158152    -0.010210851991144
     0.001211826220298    -0.000699648194500     0.016451597138947
1 45
    -1.641546158504746     0.000000000000000     0.000000000000000
     0.000000000000000    -5.045993348157486    -3.272208454009204
     0.000000000000000    -3.475452262339389    -4.592620169449658
1 46
    -0.043668052718698     0.264449678549411     0.042135308052306
     0.264449678549411     0.261692133476527    -0.024326831446386
     0.188199670817694    -0.108657130607994    -0.222367320683074
1 47
     0.005630623572034     0.000000000000000     0.000000000000000
     0.000000000000000    -0.000382262083491     0.020421703982288
     0.000000000000000     0.001399296389000     0.016451597138947
1 48
    -0.043668052718698    -0.264449678549411    -0.042135308052306
    -0.264449678549411     0.261692133476527    -0.024326831446386
    -0.188199670817694    -0.108657130607994    -0.222367320683074
1 49
    -4.152305449578155    -1.462808291570900    -2.839427960142733
    -1.462808291570901    -2.463199927755601    -1.639344497132956
    -2.953416651236919    -1.705155898620758    -4.524986934675002
1 50
    -0.066486552186932     0.081733114363262    -0.005655727218658
    -0.036702169902108    -0.005836703519809     0.000505186443677
    -0.056156960154617    -0.010238757764292    -0.098524490209649
1 51
    -0.066486552186932    -0.081733114363262     0.005655727218658
     0.036702169902108    -0.005836703519809     0.000505186443677
     0.056156960154617    -0.010238757764292    -0.098524490209649
1 52
    -4.152305449578154     1.462808291570901     2.839427960142732
     1.462808291570901    -2.463199927755601    -1.639344497132956
     2.953416651236919    -1.705155898620758    -4.524986934674997
1 53
    -0.001500194756707    -0.074222060858102    -0.002390359315458
     0.044213223407268    -0.070823060950033    -0.005150596670072
    -0.036945504404380    -0.043513975211063    -0.098524490209649
1 54
     0.016272271143122     0.000000000000000     0.000000000000000
     0.000000000000000     0.016272271143122     0.000000000000000
     0.000000000000000     0.000000000000000    -0.015987026932205
1 55
    -0.001500194756707     0.074222060858102     0.002390359315458
    -0.044213223407268    -0.070823060950033    -0.005150596670072
     0.036945504404380    -0.043513975211063    -0.098524490209649
1 56
     0.421905664298375     0.000000000000000     0.000000000000000
     0.000000000000000    -0.188476169255244    -0.063303815226796
     0.000000000000000    -0.230791605846451    -0.205224284414116
1 57
    -0.040498136616472     0.021697751176692     0.003265367903201
    -0.096737533088679    -0.031825119090268     0.004645410226395
     0.019211455750237     0.053752732975354    -0.098524490209649
1 58
    -0.040498136616472    -0.021697751176692    -0.003265367903201
     0.096737533088679    -0.031825119090268     0.004645410226395
    -0.019211455750237     0.053752732975354    -0.098524490209649
1 59
     0.004246334742200    -0.005057104479525     0.019376659036492
    -0.005057104479525     0.010085776007347     0.011187119310714
     0.006717269413194     0.003878217303927     0.016028140468383
1 60
     0.004246334742200     0.005057104479525    -0.019376659036492
     0.005057104479525     0.010085776007347     0.011187119310714
    -0.006717269413194     0.003878217303927     0.016028140468383
1 61
    -1.618647166844325     0.000000000000000     0.000000000000000
     0.000000000000000    -4.996858210489431     3.278688994265913
     0.000000000000000     3.410311797241516    -4.524986934674999
1 62
    -0.035880710866839     0.264303086932980    -0.054822712142881
     0.264303086932980     0.269310205909971     0.031651907613398
    -0.199871393643232     0.115395802923226    -0.205224284414116
1 63
     0.013005496639921     0.000000000000000     0.000000000000000
     0.000000000000000     0.001326614109626    -0.022374238621429
     0.000000000000000    -0.007756434607854     0.016028140468383
1 64
    -0.035880710866839    -0.264303086932980     0.054822712142881
    -0.264303086932980     0.269310205909971     0.031651907613398
     0.199871393643232     0.115395802923226    -0.205224284414116
1 65
    -0.024245277141642     0.000000000000000     0.000000000000000
     0.000000000000000    -0.024245277141642     0.000000000000000
     0.000000000000000     0.000000000000000     0.055810125226809
1 66
    -0.001761126136625     0.007938077678245    -0.007587961225621
     0.005110668251264    -0.005908437413435    -0.009550664309488
    -0.002072358076404     0.014692899515178    -0.028771725898961
1 67
    -0.000768283548256     0.000000000000000     0.000000000000000
     0.000000000000000     0.001351714100882    -0.000312904908412
     0.000000000000000     0.003400490018236     0.002578376496765
1 68
    -0.001761126136625    -0.007938077678245     0.007587961225621
    -0.005110668251264    -0.005908437413435    -0.009550664309488
     0.002072358076404     0.014692899515178    -0.028771725898961
1 69
     0.000778663137010     0.003644320230446    -0.012065098527845
     0.006471729657427    -0.008448226687069    -0.001796035029575
     0.011688245197194    -0.009141164497493    -0.028771725898961
1 70
     0.001053048410357    -0.002110113644029    -0.007005335017057
    -0.002110113644029     0.003489597771159    -0.004044532057862
    -0.007233489903713    -0.004176257343089     0.004759012443113
1 71
     0.001053048410357     0.002110113644029     0.007005335017057
     0.002110113644029     0.003489597771159    -0.004044532057862
     0.007233489903713    -0.004176257343089     0.004759012443113
1 72
     0.000778663137010    -0.003644320230446     0.012065098527845
    -0.006471729657427    -0.008448226687069    -0.001796035029575
    -0.011688245197194    -0.009141164497493    -0.028771725898961
1 73
     0.000821714688598    -0.000917985910058    -0.000270983599653
    -0.000917985910058    -0.000238284135971     0.000156452454206
     0.002944910741108    -0.001700245009118     0.002578376496765
1 74
     0.004707872451560     0.000000000000000     0.000000000000000
     0.000000000000000    -0.000165226270044     0.008089064115723
     0.000000000000000     0.008352514686178     0.004759012443113
1 75
     0.000821714688598     0.000917985910058     0.000270983599653
     0.000917985910058    -0.000238284135971     0.000156452454206
    -0.002944910741108    -0.001700245009118     0.002578376496765
1 76
     0.007343244319513     0.000000000000000     0.000000000000000
     0.000000000000000     0.008123441504794     0.003481181113115
     0.000000000000000    -0.004265343926030     0.008624301375190
1 77
    -0.010521882325474    -0.000052643307327    -0.004477137302223
    -0.002880052734308     0.002852318775414     0.011346699339063
     0.013760603273599    -0.005551735017685    -0.028771725898961
1 78
    -0.010521882325474     0.000052643307327     0.004477137302223
     0.002880052734308     0.002852318775414     0.011346699339063
    -0.013760603273599    -0.005551735017685    -0.028771725898961
1 79
     0.007928392208474    -0.000337835291207     0.003014791279132
    -0.000337835291207     0.007538293615833    -0.001740590556557
    -0.003693896195820     0.002132671963015     0.008624301375190
1 80
     0.007928392208474     0.000337835291207    -0.003014791279132
     0.000337835291207     0.007538293615833    -0.001740590556557
     0.003693896195820     0.002132671963015     0.008624301375190
1 81
    -0.004574393126431     0.000000000000000     0.000000000000000
     0.000000000000000    -0.004574393126431     0.000000000000000
     0.000000000000000     0.000000000000000     0.007739045068600
1 82
    -0.002940887644604    -0.001645884770349     0.000304011246680
    -0.000206628377843    -0.002312140961352     0.001825410120598
    -0.000265019422234    -0.002173250274761    -0.001901200074043
1 83
    -0.002597257918390     0.000000000000000     0.000000000000000
     0.000000000000000    -0.002264817609945     0.000542752174941
     0.000000000000000    -0.001691333811626     0.000698045823257
1 84
    -0.002940887644604     0.001645884770349    -0.000304011246680
     0.000206628377843    -0.002312140961352     0.001825410120598
     0.000265019422234    -0.002173250274761    -0.001901200074043
1 85
    -0.003271489355755    -0.000015755390916     0.001732857160103
    -0.001455011783421    -0.001981539250201    -0.000649423597638
    -0.002014599657841     0.000857111585230    -0.001901200074043
1 86
    -0.002461853009178    -0.000608407565270    -0.000687608345459
    -0.000608407565270    -0.001759324466007    -0.000396990863348
     0.000222447828868     0.000128430313877    -0.000718561066311
1 87
    -0.002461853009178     0.000608407565270     0.000687608345459
     0.000608407565270    -0.001759324466007    -0.000396990863348
    -0.000222447828868     0.000128430313877    -0.000718561066311
1 88
    -0.003271489355755     0.000015755390916    -0.001732857160103
     0.001455011783421    -0.001981539250201    -0.000649423597638
     0.002014599657841     0.000857111585230    -0.001901200074043
1 89
    -0.002347927687057    -0.000143950876178     0.000470037171458
    -0.000143950876178    -0.002514147841279    -0.000271376087471
    -0.001464738047148     0.000845666905813     0.000698045823257
1 90
    -0.001408060194421     0.000000000000000     0.000000000000000
     0.000000000000000    -0.002813117280764     0.000793981726696
     0.000000000000000    -0.000256860627755    -0.000718561066311
1 91
    -0.002347927687057     0.000143950876178    -0.000470037171458
     0.000143950876178    -0.002514147841279    -0.000271376087471
     0.001464738047148     0.000845666905813     0.000698045823257
1 92
    -0.003112401564463     0.000000000000000     0.000000000000000
     0.000000000000000    -0.001815860555453     0.000050352524200
     0.000000000000000     0.000960800888929     0.000163944855365
1 93
    -0.001667165908576    -0.000528755209325     0.001428845913423
     0.000910501183180    -0.003585862697380    -0.001175986522960
    -0.001749580235608     0.001316138689531    -0.001901200074043
1 94
    -0.001667165908576     0.000528755209325    -0.001428845913423
    -0.000910501183180    -0.003585862697380    -0.001175986522960
     0.001749580235608     0.001316138689531    -0.001901200074043
1 95
    -0.002139995807705    -0.000561418725425     0.000043606565102
    -0.000561418725425    -0.002788266312210    -0.000025176262100
     0.000832077977791    -0.000480400444464     0.000163944855365
1 96
    -0.002139995807705     0.000561418725425    -0.000043606565102
     0.000561418725425    -0.002788266312210    -0.000025176262100
    -0.000832077977791    -0.000480400444464     0.000163944855365
17 1
     0.004166501187982     0.005025778359176    -0.023925426661447
     0.005025778359176    -0.001636767789133    -0.013813351523463
    -0.023925426661447    -0.013813351523463     0.001340494914568
17 2
     0.004166501187982    -0.005025778359176     0.023925426661447
    -0.005025778359176    -0.001636767789133    -0.013813351523463
     0.023925426661447    -0.013813351523463     0.001340494914568
17 3
    -0.000037332402269     0.002367599501815    -0.005782250000582
     0.002367599501815    -0.006087269298147     0.003146739123643
    -0.005782250000582     0.003146739123643     0.000729624038752
17 4
    -0.000037332402269    -0.002367599501815     0.005782250000582
    -0.002367599501815    -0.006087269298147     0.003146739123643
     0.005782250000582     0.003146739123643     0.000729624038752
17 5
    -0.004538402277691     0.000000000000000     0.000000000000000
     0.000000000000000     0.007068135676540     0.027626703046926
     0.000000000000000     0.027626703046926     0.001340494914568
17 6
     0.001117729201780    -0.008626687039001     0.002809911474237
    -0.008626687039001     0.011078969370144     0.001622303146050
     0.002809911474237     0.001622303146050    -0.011247869718860
17 7
     0.002184540848832     0.000000000000000     0.000000000000000
     0.000000000000000     0.001264526475106     0.000458048468478
     0.000000000000000     0.000458048468478    -0.006738717279768
17 8
     0.001117729201780     0.008626687039001    -0.002809911474237
     0.008626687039001     0.011078969370144     0.001622303146050
    -0.002809911474237     0.001622303146050    -0.011247869718860
17 9
    -0.002524383759618     0.003803499272469    -0.000165968980134
     0.003803499272469    -0.003600217940798    -0.006580944953358
    -0.000165968980134    -0.006580944953358     0.000729624038752
17 10
     0.001494530068537     0.000398377909747     0.000396681609867
     0.000398377909747     0.001954537255400    -0.000229024234239
     0.000396681609867    -0.000229024234239    -0.006738717279768
17 11
     0.001494530068537    -0.000398377909747    -0.000396681609867
    -0.000398377909747     0.001954537255400    -0.000229024234239
    -0.000396681609867    -0.000229024234239    -0.006738717279768
17 12
    -0.002524383759618    -0.003803499272469     0.000165968980134
    -0.003803499272469    -0.003600217940798    -0.006580944953358
     0.000165968980134    -0.006580944953358     0.000729624038752
17 13
    -0.006625186388737     0.001435899770654     0.005616281020448
     0.001435899770654     0.000500584688321     0.003434205829715
     0.005616281020448     0.003434205829715     0.000729624038752
17 14
     0.016059589454326     0.000000000000000     0.000000000000000
     0.000000000000000    -0.003862890882401    -0.003244606292100
     0.000000000000000    -0.003244606292100    -0.011247869718860
17 15
    -0.006625186388737    -0.001435899770654    -0.005616281020448
    -0.001435899770654     0.000500584688321     0.003434205829715
    -0.005616281020448     0.003434205829715     0.000729624038752
17 16
     0.009425744676387     0.000000000000000     0.000000000000000
     0.000000000000000     0.009425744676387     0.000000000000000
     0.000000000000000     0.000000000000000    -0.017340136539435
17 17
    24.279907838468816     0.000000000000000     0.000000000000000
     0.000000000000000    24.279907838468819     0.000000000000000
     0.000000000000000     0.000000000000000    26.208327075113090
17 18
    -1.013631644931780     1.029868320482317    -0.016157030344206
    -1.029868320482317    -0.292482010298463     0.012161167788448
     0.016157030344206     0.012161167788448     0.714086404905678
17 19
    -0.178921934070488     0.000000000000000     0.000000000000000
     0.000000000000000     0.092995917320977     0.002514600754269
     0.000000000000000     0.002514600754269    -0.123390024849546
17 20
    -1.013631644931780    -1.029868320482317     0.016157030344206
     1.029868320482317    -0.292482010298463     0.012161167788448
    -0.016157030344206     0.012161167788448     0.714086404905678
17 21
    -0.472769418956792    -1.342135272243476     0.002453365072378
     0.717601368721159    -0.833344236273451    -0.020072982622022
     0.018610395416584     0.007911814833574     0.714086404905678
17 22
    -0.036200634144289     0.078441439429912     0.006251277679599
     0.078441439429912    -0.126777006485251     0.003609176851096
     0.000539656362430     0.000311570746119    -0.046289981018830
17 23
    -0.036200634144289    -0.078441439429912    -0.006251277679599
    -0.078441439429912    -0.126777006485251     0.003609176851096
    -0.000539656362430     0.000311570746119    -0.046289981018830
17 24
    -0.472769418956792     1.342135272243477    -0.002453365072378
    -0.717601368721158    -0.833344236273451    -0.020072982622022
    -0.018610395416584     0.007911814833574     0.714086404905678
17 25
     0.025016454473111    -0.117743883523745     0.002177708133573
    -0.117743883523745    -0.110942471222622    -0.001257300377135
     0.002177708133573    -0.001257300377135    -0.123390024849546
17 26
    -0.172065192655732     0.000000000000000     0.000000000000000
     0.000000000000000     0.009087552026192    -0.007218353702192
     0.000000000000000    -0.000623141492238    -0.046289981018830
17 27
     0.025016454473111     0.117743883523745    -0.002177708133573
     0.117743883523745    -0.110942471222622    -0.001257300377135
    -0.002177708133573    -0.001257300377135    -0.123390024849546
17 28
    -0.172065192655732     0.000000000000000     0.000000000000000
     0.000000000000000     0.009087552026192    -0.000623141492238
     0.000000000000000    -0.007218353702192    -0.046289981018830
17 29
    -0.472769418956792     0.717601368721159     0.018610395416584
    -1.342135272243476    -0.833344236273451     0.007911814833574
     0.002453365072378    -0.020072982622022     0.714086404905678
17 30
    -0.472769418956792    -0.717601368721158    -0.018610395416584
     1.342135272243477    -0.833344236273451     0.007911814833574
    -0.002453365072378    -0.020072982622022     0.714086404905678
17 31
    -0.036200634144289    -0.078441439429912    -0.000539656362430
    -0.078441439429912    -0.126777006485251     0.000311570746119
    -0.006251277679599     0.003609176851096    -0.046289981018830
17 32
    -0.036200634144289     0.078441439429912     0.000539656362430
     0.078441439429912    -0.126777006485251     0.000311570746119
     0.006251277679599     0.003609176851096    -0.046289981018830
17 33
    -0.004574393126431     0.000000000000000     0.000000000000000
     0.000000000000000    -0.004574393126431     0.000000000000000
     0.000000000000000     0.000000000000000     0.007739045068600
17 34
    -0.002940887644604     0.001645884770349    -0.000304011246680
     0.000206628377843    -0.002312140961352     0.001825410120598
     0.000265019422234    -0.002173250274761    -0.001901200074043
17 35
    -0.002597257918390     0.000000000000000     0.000000000000000
     0.000000000000000    -0.002264817609945     0.000542752174941
     0.000000000000000    -0.001691333811626     0.000698045823257
17 36
    -0.002940887644604    -0.001645884770349     0.000304011246680
    -0.000206628377843    -0.002312140961352     0.001825410120598
    -0.000265019422234    -0.002173250274761    -0.001901200074043
17 37
    -0.001667165908576    -0.000528755209325     0.001428845913423
     0.000910501183180    -0.003585862697380    -0.001175986522960
    -0.001749580235608     0.001316138689531    -0.001901200074043
17 38
    -0.002139995807705     0.000561418725425    -0.000043606565102
     0.000561418725425    -0.002788266312210    -0.000025176262100
    -0.000832077977791    -0.000480400444464     0.000163944855365
17 39
    -0.002139995807705    -0.000561418725425     0.000043606565102
    -0.000561418725425    -0.002788266312210    -0.000025176262100
     0.000832077977791    -0.000480400444464     0.000163944855365
17 40
    -0.001667165908576     0.000528755209325    -0.001428845913423
    -0.000910501183180    -0.003585862697380    -0.001175986522960
     0.001749580235608     0.001316138689531    -0.001901200074043
17 41
    -0.002347927687057    -0.000143950876178     0.000470037171458
    -0.000143950876178    -0.002514147841279    -0.000271376087471
    -0.001464738047148     0.000845666905813     0.000698045823257
17 42
    -0.003112401564463     0.000000000000000     0.000000000000000
     0.000000000000000    -0.001815860555453     0.000050352524200
     0.000000000000000     0.000960800888929     0.000163944855365
17 43
    -0.002347927687057     0.000143950876178    -0.000470037171458
     0.000143950876178    -0.002514147841279    -0.000271376087471
     0.001464738047148     0.000845666905813     0.000698045823257
17 44
    -0.001408060194421     0.000000000000000     0.000000000000000
     0.000000000000000    -0.002813117280764     0.000793981726696
     0.000000000000000    -0.000256860627755    -0.000718561066311
17 45
    -0.003271489355755    -0.000015755390916     0.001732857160103
    -0.001455011783421    -0.001981539250201    -0.000649423597638
    -0.002014599657841     0.000857111585230    -0.001901200074043
17 46
    -0.003271489355755     0.000015755390916    -0.001732857160103
     0.001455011783421    -0.001981539250201    -0.000649423597638
     0.002014599657841     0.000857111585230    -0.001901200074043
17 47
    -0.002461853009178     0.000608407565270     0.000687608345459
     0.000608407565270    -0.001759324466007    -0.000396990863348
    -0.000222447828868     0.000128430313877    -0.000718561066311
17 48
    -0.002461853009178    -0.000608407565270    -0.000687608345459
    -0.000608407565270    -0.001759324466007    -0.000396990863348
     0.000222447828868     0.000128430313877    -0.000718561066311
17 49
    -0.024245277141642     0.000000000000000     0.000000000000000
     0.000000000000000    -0.024245277141642     0.000000000000000
     0.000000000000000     0.000000000000000     0.055810125226809
17 50
    -0.001761126136625    -0.007938077678245     0.007587961225621
    -0.005110668251264    -0.005908437413435    -0.009550664309488
     0.002072358076404     0.014692899515178    -0.028771725898961
17 51
    -0.000768283548256     0.000000000000000     0.000000000000000
     0.000000000000000     0.001351714100882    -0.000312904908412
     0.000000000000000     0.003400490018236     0.002578376496765
17 52
    -0.001761126136625     0.007938077678245    -0.007587961225621
     0.005110668251264    -0.005908437413435    -0.009550664309488
    -0.002072358076404     0.014692899515178    -0.028771725898961
17 53
    -0.010521882325474    -0.000052643307327    -0.004477137302223
    -0.002880052734308     0.002852318775414     0.011346699339063
     0.013760603273599    -0.005551735017685    -0.028771725898961
17 54
     0.007928392208474     0.000337835291207    -0.003014791279132
     0.000337835291207     0.007538293615833    -0.001740590556557
     0.003693896195820     0.002132671963015     0.008624301375190
17 55
     0.007928392208474    -0.000337835291207     0.003014791279132
    -0.000337835291207     0.007538293615833    -0.001740590556557
    -0.003693896195820     0.002132671963015     0.008624301375190
17 56
    -0.010521882325474     0.000052643307327     0.004477137302223
     0.002880052734308     0.002852318775414     0.011346699339063
    -0.013760603273599    -0.005551735017685    -0.028771725898961
17 57
     0.000821714688598    -0.000917985910058    -0.000270983599653
    -0.000917985910058    -0.000238284135971     0.000156452454206
     0.002944910741108    -0.001700245009118     0.002578376496765
17 58
     0.007343244319513     0.000000000000000     0.000000000000000
     0.000000000000000     0.008123441504794     0.003481181113115
     0.000000000000000    -0.004265343926030     0.008624301375190
17 59
     0.000821714688598     0.000917985910058     0.000270983599653
     0.000917985910058    -0.000238284135971     0.000156452454206
    -0.002944910741108    -0.001700245009118     0.002578376496765
17 60
     0.004707872451560     0.000000000000000     0.000000000000000
     0.000000000000000    -0.000165226270044     0.008089064115723
     0.000000000000000     0.008352514686178     0.004759012443113
17 61
     0.000778663137010     0.003644320230446    -0.012065098527845
     0.006471729657427    -0.008448226687069    -0.001796035029575
     0.011688245197194    -0.009141164497493    -0.028771725898961
17 62
     0.000778663137010    -0.003644320230446     0.012065098527845
    -0.006471729657427    -0.008448226687069    -0.001796035029575
    -0.011688245197194    -0.009141164497493    -0.028771725898961
17 63
     0.001053048410357     0.002110113644029     0.007005335017057
     0.002110113644029     0.003489597771159    -0.004044532057862
     0.007233489903713    -0.004176257343089     0.004759012443113
17 64
     0.001053048410357    -0.002110113644029    -0.007005335017057
    -0.002110113644029     0.003489597771159    -0.004044532057862
    -0.007233489903713    -0.004176257343089     0.004759012443113
17 65
    -4.152305449578154    -1.462808291570901    -2.839427960142732
    -1.462808291570901    -2.463199927755601    -1.639344497132956
    -2.953416651236919    -1.705155898620758    -4.524986934674999
17 66
    -4.152305449578155     1.462808291570901     2.839427960142733
     1.462808291570901    -2.463199927755601    -1.639344497132956
     2.953416651236919    -1.705155898620758    -4.524986934674999
17 67
    -0.066486552186932    -0.081733114363262     0.005655727218658
     0.036702169902108    -0.005836703519809     0.000505186443677
     0.056156960154617    -0.010238757764292    -0.098524490209649
17 68
    -0.066486552186932     0.081733114363262    -0.005655727218658
    -0.036702169902108    -0.005836703519809     0.000505186443677
    -0.056156960154617    -0.010238757764292    -0.098524490209649
17 69
    -1.618647166844325     0.000000000000000     0.000000000000000
     0.000000000000000    -4.996858210489433     3.278688994265913
     0.000000000000000     3.410311797241516    -4.524986934674999
17 70
    -0.035880710866839    -0.264303086932980     0.054822712142881
    -0.264303086932980     0.269310205909971     0.031651907613398
     0.199871393643232     0.115395802923226    -0.205224284414116
17 71
     0.013005496639921     0.000000000000000     0.000000000000000
     0.000000000000000     0.001326614109626    -0.022374238621429
     0.000000000000000    -0.007756434607854     0.016028140468383
17 72
    -0.035880710866839     0.264303086932980    -0.054822712142881
     0.264303086932980     0.269310205909971     0.031651907613398
    -0.199871393643232     0.115395802923226    -0.205224284414116
17 73
    -0.040498136616472     0.021697751176692     0.003265367903201
    -0.096737533088679    -0.031825119090268     0.004645410226395
     0.019211455750237     0.053752732975354    -0.098524490209649
17 74
     0.004246334742200     0.005057104479525    -0.019376659036492
     0.005057104479525     0.010085776007347     0.011187119310714
    -0.006717269413194     0.003878217303927     0.016028140468383
17 75
     0.004246334742200    -0.005057104479525     0.019376659036492
    -0.005057104479525     0.010085776007347     0.011187119310714
     0.006717269413194     0.003878217303927     0.016028140468383
17 76
    -0.040498136616472    -0.021697751176692    -0.003265367903201
     0.096737533088679    -0.031825119090268     0.004645410226395
    -0.019211455750237     0.053752732975354    -0.098524490209649
17 77
    -0.001500194756707    -0.074222060858102    -0.002390359315458
     0.044213223407268    -0.070823060950033    -0.005150596670072
    -0.036945504404380    -0.043513975211063    -0.098524490209649
17 78
     0.421905664298375     0.000000000000000     0.000000000000000
     0.000000000000000    -0.188476169255244    -0.063303815226796
     0.000000000000000    -0.230791605846451    -0.205224284414116
17 79
    -0.001500194756707     0.074222060858102     0.002390359315458
    -0.044213223407268    -0.070823060950033    -0.005150596670072
     0.036945504404380    -0.043513975211063    -0.098524490209649
17 80
     0.016272271143122     0.000000000000000     0.000000000000000
     0.000000000000000     0.016272271143122     0.000000000000000
     0.000000000000000     0.000000000000000    -0.015987026932205
17 81
    -4.194881550744300    -1.474168876040906     2.833815647650174
    -1.474168876040906    -2.492657955917930     1.636104227004602
     3.009829948826010     1.737726131169694    -4.592620169449658
17 82
    -4.194881550744301     1.474168876040906    -2.833815647650175
     1.474168876040906    -2.492657955917930     1.636104227004602
    -3.009829948826011     1.737726131169694    -4.592620169449658
17 83
    -0.076568011101409    -0.086279493961599    -0.007037348873446
     0.030636626842347    -0.014173152291709    -0.001600775769963
    -0.057554381062240     0.002942205776261    -0.091470235918907
17 84
    -0.076568011101409     0.086279493961599     0.007037348873446
    -0.030636626842347    -0.014173152291709    -0.001600775769963
     0.057554381062240     0.002942205776261    -0.091470235918907
17 85
    -1.641546158504746     0.000000000000000     0.000000000000000
     0.000000000000000    -5.045993348157488    -3.272208454009204
     0.000000000000000    -3.475452262339389    -4.592620169449658
17 86
    -0.043668052718698    -0.264449678549411    -0.042135308052306
    -0.264449678549411     0.261692133476527    -0.024326831446386
    -0.188199670817694    -0.108657130607994    -0.222367320683074
17 87
     0.005630623572034     0.000000000000000     0.000000000000000
     0.000000000000000    -0.000382262083491     0.020421703982288
     0.000000000000000     0.001399296389000     0.016451597138947
17 88
    -0.043668052718698     0.264449678549411     0.042135308052306
     0.264449678549411     0.261692133476527    -0.024326831446386
     0.188199670817694    -0.108657130607994    -0.222367320683074
17 89
    -0.053865935226471     0.017529577224788    -0.004904986919274
    -0.099386543579158    -0.036875228166647    -0.005294135014716
    -0.026229165585717    -0.051314658987120    -0.091470235918907
17 90
     0.001120959330390     0.002603655863868     0.017685714437227
     0.002603655863868     0.004127402158152    -0.010210851991144
     0.001211826220298    -0.000699648194500     0.016451597138947
17 91
     0.001120959330390    -0.002603655863868    -0.017685714437227
    -0.002603655863868     0.004127402158152    -0.010210851991144
    -0.001211826220298    -0.000699648194500     0.016451597138947
17 92
    -0.053865935226471    -0.017529577224788     0.004904986919274
     0.099386543579158    -0.036875228166647    -0.005294135014716
     0.026229165585717    -0.051314658987120    -0.091470235918907
17 93
    -0.005677798761797    -0.071565110019532     0.002132361954172
     0.045351010784414    -0.085063364631321     0.006894910784679
     0.031325215476523     0.048372453210860    -0.091470235918907
17 94
     0.414372226574139     0.000000000000000     0.000000000000000
     0.000000000000000    -0.196348145816310     0.048653662892773
     0.000000000000000     0.217314261215989    -0.222367320683074
17 95
    -0.005677798761797     0.071565110019532    -0.002132361954172
    -0.045351010784414    -0.085063364631321     0.006894910784679
    -0.031325215476523     0.048372453210860    -0.091470235918907
17 96
     0.016592701393087     0.000000000000000     0.000000000000000
     0.000000000000000     0.016592701393087     0.000000000000000
     0.000000000000000     0.000000000000000    -0.015749551018882
33 1
    -4.194881550744302    -1.474168876040906     3.009829948826011
    -1.474168876040905    -2.492657955917930     1.737726131169694
     2.833815647650175     1.636104227004601    -4.592620169449662
33 2
    -4.194881550744300     1.474168876040906    -3.009829948826010
     1.474168876040906    -2.492657955917930     1.737726131169694
    -2.833815647650174     1.636104227004601    -4.592620169449656
33 3
    -0.076568011101409     0.030636626842347    -0.057554381062240
    -0.086279493961599    -0.014173152291709     0.002942205776261
    -0.007037348873446    -0.001600775769963    -0.091470235918907
33 4
    -0.076568011101409    -0.030636626842347     0.057554381062240
     0.086279493961599    -0.014173152291709     0.002942205776261
     0.007037348873446    -0.001600775769963    -0.091470235918907
33 5
    -1.641546158504746     0.000000000000000     0.000000000000000
     0.000000000000000    -5.045993348157486    -3.475452262339389
     0.000000000000000    -3.272208454009204    -4.592620169449658
33 6
    -0.043668052718698    -0.264449678549411    -0.188199670817694
    -0.264449678549411     0.261692133476527    -0.108657130607994
    -0.042135308052306    -0.024326831446386    -0.222367320683074
33 7
     0.005630623572034     0.000000000000000     0.000000000000000
     0.000000000000000    -0.000382262083491     0.001399296389000
     0.000000000000000     0.020421703982288     0.016451597138947
33 8
    -0.043668052718698     0.264449678549411     0.188199670817694
     0.264449678549411     0.261692133476527    -0.108657130607994
     0.042135308052306    -0.024326831446386    -0.222367320683074
33 9
    -0.053865935226471    -0.099386543579158    -0.026229165585717
     0.017529577224788    -0.036875228166647    -0.051314658987120
    -0.004904986919274    -0.005294135014716    -0.091470235918907
33 10
     0.001120959330390     0.002603655863868     0.001211826220298
     0.002603655863868     0.004127402158152    -0.000699648194500
     0.017685714437227    -0.010210851991144     0.016451597138947
33 11
     0.001120959330390    -0.002603655863868    -0.001211826220298
    -0.002603655863868     0.004127402158152    -0.000699648194500
    -0.017685714437227    -0.010210851991144     0.016451597138947
33 12
    -0.053865935226471     0.099386543579158     0.026229165585717
    -0.017529577224788    -0.036875228166647    -0.051314658987120
     0.004904986919274    -0.005294135014716    -0.091470235918907
33 13
    -0.005677798761797     0.045351010784414     0.031325215476523
    -0.071565110019532    -0.085063364631321     0.048372453210860
     0.002132361954172     0.006894910784679    -0.091470235918907
33 14
     0.414372226574139     0.000000000000000     0.000000000000000
     0.000000000000000    -0.196348145816310     0.217314261215989
     0.000000000000000     0.048653662892773    -0.222367320683074
33 15
    -0.005677798761797    -0.045351010784414    -0.031325215476523
     0.071565110019532    -0.085063364631321     0.048372453210860
    -0.002132361954172     0.006894910784679    -0.091470235918907
33 16
     0.016592701393087     0.000000000000000     0.000000000000000
     0.000000000000000     0.016592701393087     0.000000000000000
     0.000000000000000     0.000000000000000    -0.015749551018882
33 17
    -0.004574393126431     0.000000000000000     0.000000000000000
     0.000000000000000    -0.004574393126431     0.000000000000000
     0.000000000000000     0.000000000000000     0.007739045068600
33 18
    -0.002940887644604    -0.000206628377843    -0.000265019422234
    -0.001645884770349    -0.002312140961352    -0.002173250274761
     0.000304011246680     0.001825410120598    -0.001901200074043
33 19
    -0.002597257918390     0.000000000000000     0.000000000000000
     0.000000000000000    -0.002264817609945    -0.001691333811626
     0.000000000000000     0.000542752174941     0.000698045823257
33 20
    -0.002940887644604     0.000206628377843     0.000265019422234
     0.001645884770349    -0.002312140961352    -0.002173250274761
    -0.000304011246680     0.001825410120598    -0.001901200074043
33 21
    -0.003271489355755    -0.001455011783421    -0.002014599657841
    -0.000015755390916    -0.001981539250201     0.000857111585230
     0.001732857160103    -0.000649423597638    -0.001901200074043
33 22
    -0.002461853009178    -0.000608407565270     0.000222447828868
    -0.000608407565270    -0.001759324466007     0.000128430313877
    -0.000687608345459    -0.000396990863348    -0.000718561066311
33 23
    -0.002461853009178     0.000608407565270    -0.000222447828868
     0.000608407565270    -0.001759324466007     0.000128430313877
     0.000687608345459    -0.000396990863348    -0.000718561066311
33 24
    -0.003271489355755     0.001455011783421     0.002014599657841
     0.000015755390916    -0.001981539250201     0.000857111585230
    -0.001732857160103    -0.000649423597638    -0.001901200074043
33 25
    -0.002347927687057    -0.000143950876178    -0.001464738047148
    -0.000143950876178    -0.002514147841279     0.000845666905813
     0.000470037171458    -0.000271376087471     0.000698045823257
33 26
    -0.001408060194421     0.000000000000000     0.000000000000000
     0.000000000000000    -0.002813117280764    -0.000256860627755
     0.000000000000000     0.000793981726696    -0.000718561066311
33 27
    -0.002347927687057     0.000143950876178     0.001464738047148
     0.000143950876178    -0.002514147841279     0.000845666905813
    -0.000470037171458    -0.000271376087471     0.000698045823257
33 28
    -0.003112401564463     0.000000000000000     0.000000000000000
     0.000000000000000    -0.001815860555453     0.000960800888929
     0.000000000000000     0.000050352524200     0.000163944855365
33 29
    -0.001667165908576     0.000910501183180    -0.001749580235608
    -0.000528755209325    -0.003585862697380     0.001316138689531
     0.001428845913423    -0.001175986522960    -0.001901200074043
33 30
    -0.001667165908576    -0.000910501183180     0.001749580235608
     0.000528755209325    -0.003585862697380     0.001316138689531
    -0.001428845913423    -0.001175986522960    -0.001901200074043
33 31
    -0.002139995807705    -0.000561418725425     0.000832077977791
    -0.000561418725425    -0.002788266312210    -0.000480400444464
     0.000043606565102    -0.000025176262100     0.000163944855365
33 32
    -0.002139995807705     0.000561418725425    -0.000832077977791
     0.000561418725425    -0.002788266312210    -0.000480400444464
    -0.000043606565102    -0.000025176262100     0.000163944855365
33 33
    11.441079518867451     0.000000000000000     0.000000000000000
     0.000000000000000    11.441079518867452     0.000000000000000
     0.000000000000000     0.000000000000000    14.405177425598769
33 34
    -0.662077464469558     0.031859227123572    -0.096066387323969
    -0.031859227123572     0.106431842767533    -0.034625784756808
     0.096066387323969    -0.034625784756808     0.400540922648752
33 35
     0.005523821588766     0.000000000000000     0.000000000000000
     0.000000000000000    -0.016955926881097     0.010329963396641
     0.000000000000000     0.010329963396641     0.058863849562306
33 36
    -0.662077464469558    -0.031859227123572     0.096066387323969
     0.031859227123572     0.106431842767533    -0.034625784756808
    -0.096066387323969    -0.034625784756808     0.400540922648752
33 37
    -0.085695484041740    -0.364633518679622    -0.078020002887352
    -0.300915064432479    -0.469950137660285    -0.065883039493948
     0.018046384436617     0.100508824250756     0.400540922648752
33 38
     0.012759835415226     0.011446395527270     0.012365321498894
     0.011446395527270    -0.000457323662614     0.007139121696003
    -0.006674046132033    -0.003853262330913     0.000153912202320
33 39
     0.012759835415226    -0.011446395527270    -0.012365321498894
    -0.011446395527270    -0.000457323662614     0.007139121696003
     0.006674046132033    -0.003853262330913     0.000153912202320
33 40
    -0.085695484041740     0.364633518679622     0.078020002887352
     0.300915064432479    -0.469950137660285    -0.065883039493948
    -0.018046384436617     0.100508824250756     0.400540922648752
33 41
    -0.011335989763631     0.009734016622793     0.008946010721654
     0.009734016622793    -0.000096115528700    -0.005164981698320
     0.008946010721654    -0.005164981698320     0.058863849562306
33 42
    -0.007065903201534     0.000000000000000     0.000000000000000
     0.000000000000000     0.019368414954146    -0.014278243392005
     0.000000000000000     0.007706524661827     0.000153912202320
33 43
    -0.011335989763631    -0.009734016622793    -0.008946010721654
    -0.009734016622793    -0.000096115528700    -0.005164981698320
    -0.008946010721654    -0.005164981698320     0.058863849562306
33 44
    -0.007065903201534     0.000000000000000     0.000000000000000
     0.000000000000000     0.019368414954146     0.007706524661827
     0.000000000000000    -0.014278243392005     0.000153912202320
33 45
    -0.085695484041740    -0.300915064432479     0.018046384436617
    -0.364633518679622    -0.469950137660285     0.100508824250756
    -0.078020002887352    -0.065883039493948     0.400540922648752
33 46
    -0.085695484041740     0.300915064432479    -0.018046384436617
     0.364633518679622    -0.469950137660285     0.100508824250756
     0.078020002887352    -0.065883039493948     0.400540922648752
33 47
     0.012759835415226    -0.011446395527270     0.006674046132033
    -0.011446395527270    -0.000457323662614    -0.003853262330913
    -0.012365321498894     0.007139121696003     0.000153912202320
33 48
     0.012759835415226     0.011446395527270    -0.006674046132033
     0.011446395527270    -0.000457323662614    -0.003853262330913
     0.012365321498894     0.007139121696003     0.000153912202320
33 49
     0.280063102572915     0.000000000000000     0.000000000000000
     0.000000000000000     0.280063102572915     0.000000000000000
     0.000000000000000     0.000000000000000    -1.843841438128918
33 50
    -0.163837642770438    -0.145166236837216    -0.169060310744690
     0.145042145338258     0.202867500745353     0.133328564617869
    -0.170086836971345    -0.142242751212044    -0.039978497560843
33 51
    -0.013999711533918     0.000000000000000     0.000000000000000
     0.000000000000000     0.021246069818928    -0.015283347606647
     0.000000000000000     0.012657850171924    -0.005238895172307
33 52
    -0.163837642770438     0.145166236837216     0.169060310744690
    -0.145042145338258     0.202867500745353     0.133328564617869
     0.170086836971345    -0.142242751212044    -0.039978497560843
33 53
     0.111137481671159    -0.013714816778549     0.030935768636845
    -0.303923198954023    -0.072107623696245    -0.213074806185528
    -0.208229254539492    -0.076178146060505    -0.039978497560843
33 54
    -0.010648078565838    -0.002529307310722    -0.012606228316668
    -0.002529307310722    -0.007727486052421    -0.007278209312094
     0.001176135507516     0.000679042151868     0.025576501176395
33 55
    -0.010648078565838     0.002529307310722     0.012606228316668
     0.002529307310722    -0.007727486052421    -0.007278209312094
    -0.001176135507516     0.000679042151868     0.025576501176395
33 56
     0.111137481671159     0.013714816778549    -0.030935768636845
     0.303923198954023    -0.072107623696245    -0.213074806185528
     0.208229254539492    -0.076178146060505    -0.039978497560843
33 57
     0.012434624480717    -0.015261871013898    -0.013235767282225
    -0.015261871013898    -0.005188266195706     0.007641673803324
     0.010962019806184    -0.006328925085962    -0.005238895172307
33 58
    -0.006267189795712     0.000000000000000     0.000000000000000
     0.000000000000000    -0.012108374822546     0.014556418624188
     0.000000000000000    -0.001358084303736     0.025576501176395
33 59
     0.012434624480717     0.015261871013898     0.013235767282225
     0.015261871013898    -0.005188266195706     0.007641673803324
    -0.010962019806184    -0.006328925085962    -0.005238895172307
33 60
    -0.006804871060553     0.000000000000000     0.000000000000000
     0.000000000000000    -0.012526171494199     0.001218207706560
     0.000000000000000    -0.010699103078491     0.025580357072760
33 61
     0.111244948061651    -0.303861153204544     0.199996079381535
    -0.013652771029070    -0.072215090086737     0.079746241567659
    -0.038142417568148     0.218420897272549    -0.039978497560843
33 62
     0.111244948061651     0.303861153204544    -0.199996079381535
     0.013652771029070    -0.072215090086737     0.079746241567659
     0.038142417568148     0.218420897272549    -0.039978497560843
33 63
    -0.011095846385787     0.002477395759110     0.001054998820967
     0.002477395759110    -0.008235196168964    -0.000609103853280
    -0.009265695063681     0.005349551539245     0.025580357072760
33 64
    -0.011095846385787    -0.002477395759110    -0.001054998820967
    -0.002477395759110    -0.008235196168964    -0.000609103853280
     0.009265695063681     0.005349551539245     0.025580357072760
33 65
    -0.001683977342867     0.000308668476006     0.000121018619318
     0.000308668476006    -0.002040396998291     0.000069870132440
    -0.001122871882393    -0.000648290383565    -0.002042679399926
33 66
    -0.001683977342867    -0.000308668476006    -0.000121018619318
    -0.000308668476006    -0.002040396998291     0.000069870132440
     0.001122871882393    -0.000648290383565    -0.002042679399926
33 67
    -0.000455593086381    -0.000388568751880     0.000314963554610
    -0.001821011363314    -0.001436419249264    -0.000795993932911
     0.001394137209440    -0.001144782602981    -0.001277154453100
33 68
    -0.000455593086381     0.000388568751880    -0.000314963554610
     0.001821011363314    -0.001436419249264    -0.000795993932911
    -0.001394137209440    -0.001144782602981    -0.001277154453100
33 69
    -0.002218606826003     0.000000000000000     0.000000000000000
     0.000000000000000    -0.001505767515154    -0.000139740264880
     0.000000000000000     0.001296580767130    -0.002042679399926
33 70
    -0.001067896484247    -0.000039902707567     0.005770282124628
    -0.000039902707567    -0.001021820806336     0.003331473937954
    -0.000307999605707    -0.000177823655265     0.001209508168597
33 71
    -0.002395114278567     0.000000000000000     0.000000000000000
     0.000000000000000    -0.003081907023914    -0.000643539066952
     0.000000000000000    -0.001000965075936    -0.001792578052227
33 72
    -0.001067896484247     0.000039902707567    -0.005770282124628
     0.000039902707567    -0.001021820806336     0.003331473937954
     0.000307999605707    -0.000177823655265     0.001209508168597
33 73
    -0.002147988964270    -0.000843906147640    -0.000531869189854
     0.000588536463795     0.000255976628626     0.000670763406014
    -0.000294342211271     0.001779749541227    -0.001277154453100
33 74
    -0.002910208837577     0.000297389982303    -0.000557321180309
     0.000297389982303    -0.002566812464904     0.000321769533476
    -0.000866861184062     0.000500482537968    -0.001792578052227
33 75
    -0.002910208837577    -0.000297389982303     0.000557321180309
    -0.000297389982303    -0.002566812464904     0.000321769533476
     0.000866861184062     0.000500482537968    -0.001792578052227
33 76
    -0.002147988964270     0.000843906147640     0.000531869189854
    -0.000588536463795     0.000255976628626     0.000670763406014
     0.000294342211271     0.001779749541227    -0.001277154453100
33 77
    -0.000234436452816     0.001693326521392    -0.000846832744464
     0.000260883909957    -0.001657575882829     0.000125230526897
    -0.001688479420712    -0.000634966938246    -0.001277154453100
33 78
    -0.000998782967381     0.000000000000000     0.000000000000000
     0.000000000000000    -0.001090934323202    -0.006662947875908
     0.000000000000000     0.000355647310531     0.001209508168597
33 79
    -0.000234436452816    -0.001693326521392     0.000846832744464
    -0.000260883909957    -0.001657575882829     0.000125230526897
     0.001688479420712    -0.000634966938246    -0.001277154453100
33 80
    -0.003241519455739     0.000000000000000     0.000000000000000
     0.000000000000000    -0.003241519455739     0.000000000000000
     0.000000000000000     0.000000000000000    -0.001079682136003
33 81
    -0.007921427100916    -0.000399912110768     0.000031822406365
    -0.000399912110768    -0.007459648371308     0.000018372674881
     0.000031822406365     0.000018372674881    -0.005027394158801
33 82
    -0.007921427100916     0.000399912110768    -0.000031822406365
     0.000399912110768    -0.007459648371308     0.000018372674881
    -0.000031822406365     0.000018372674881    -0.005027394158801
33 83
    -0.008300932057678     0.000068678941196     0.000017642811252
     0.000068678941196    -0.008023938813678     0.000281226591968
     0.000017642811252     0.000281226591968    -0.003746681910085
33 84
    -0.008300932057678    -0.000068678941196    -0.000017642811252
    -0.000068678941196    -0.008023938813678     0.000281226591968
    -0.000017642811252     0.000281226591968    -0.003746681910085
33 85
    -0.007228759006504     0.000000000000000     0.000000000000000
     0.000000000000000    -0.008152316465720    -0.000036745349762
     0.000000000000000    -0.000036745349762    -0.005027394158801
33 86
    -0.007339201039315    -0.000002988764036     0.000195526476086
    -0.000002988764036    -0.007335749911873     0.000112887263602
     0.000195526476086     0.000112887263602    -0.003150921204562
33 87
    -0.008080369844916     0.000000000000000     0.000000000000000
     0.000000000000000    -0.007788250245955    -0.000057045800624
     0.000000000000000    -0.000057045800624    -0.003149592403352
33 88
    -0.007339201039315     0.000002988764036    -0.000195526476086
     0.000002988764036    -0.007335749911873     0.000112887263602
    -0.000195526476086     0.000112887263602    -0.003150921204562
33 89
    -0.008033709416897    -0.000085602122392     0.000252370778490
    -0.000085602122392    -0.008291161454458    -0.000125334173246
     0.000252370778490    -0.000125334173246    -0.003746681910085
33 90
    -0.007861280145695    -0.000126491496822    -0.000049403112519
    -0.000126491496822    -0.008007339945176     0.000028522900312
    -0.000049403112519     0.000028522900312    -0.003149592403352
33 91
    -0.007861280145695     0.000126491496822     0.000049403112519
     0.000126491496822    -0.008007339945176     0.000028522900312
     0.000049403112519     0.000028522900312    -0.003149592403352
33 92
    -0.008033709416897     0.000085602122392    -0.000252370778490
     0.000085602122392    -0.008291161454458    -0.000125334173246
    -0.000252370778490    -0.000125334173246    -0.003746681910085
33 93
    -0.008152664832459    -0.000154281063588     0.000234727967238
    -0.000154281063588    -0.008172206038897    -0.000155892418722
     0.000234727967238    -0.000155892418722    -0.003746681910085
33 94
    -0.007334024348153     0.000000000000000     0.000000000000000
     0.000000000000000    -0.007340926603036    -0.000225774527204
     0.000000000000000    -0.000225774527204    -0.003150921204562
33 95
    -0.008152664832459     0.000154281063588    -0.000234727967238
     0.000154281063588    -0.008172206038897    -0.000155892418722
    -0.000234727967238    -0.000155892418722    -0.003746681910085
33 96
    -0.008266388957430     0.000000000000000     0.000000000000000
     0.000000000000000    -0.008266388957430     0.000000000000000
     0.000000000000000     0.000000000000000    -0.003479265610333
49 1
    -4.152305449578155    -1.462808291570901    -2.953416651236919
    -1.462808291570900    -2.463199927755601    -1.705155898620758
    -2.839427960142733    -1.639344497132956    -4.524986934675002
49 2
    -4.152305449578154     1.462808291570901     2.953416651236919
     1.462808291570901    -2.463199927755601    -1.705155898620758
     2.839427960142732    -1.639344497132956    -4.524986934674997
49 3
    -0.066486552186932     0.036702169902108     0.056156960154617
    -0.081733114363262    -0.005836703519809    -0.010238757764292
     0.005655727218658     0.000505186443677    -0.098524490209649
49 4
    -0.066486552186932    -0.036702169902108    -0.056156960154617
     0.081733114363262    -0.005836703519809    -0.010238757764292
    -0.005655727218658     0.000505186443677    -0.098524490209649
49 5
    -1.618647166844325     0.000000000000000     0.000000000000000
     0.000000000000000    -4.996858210489431     3.410311797241516
     0.000000000000000     3.278688994265913    -4.524986934674999
49 6
    -0.035880710866839    -0.264303086932980     0.199871393643232
    -0.264303086932980     0.269310205909971     0.115395802923226
     0.054822712142881     0.031651907613398    -0.205224284414116
49 7
     0.013005496639921     0.000000000000000     0.000000000000000
     0.000000000000000     0.001326614109626    -0.007756434607854
     0.000000000000000    -0.022374238621429     0.016028140468383
49 8
    -0.035880710866839     0.264303086932980    -0.199871393643232
     0.264303086932980     0.269310205909971     0.115395802923226
    -0.054822712142881     0.031651907613398    -0.205224284414116
49 9
    -0.040498136616472    -0.096737533088679     0.019211455750237
     0.021697751176692    -0.031825119090268     0.053752732975354
     0.003265367903201     0.004645410226395    -0.098524490209649
49 10
     0.004246334742200     0.005057104479525    -0.006717269413194
     0.005057104479525     0.010085776007347     0.003878217303927
    -0.019376659036492     0.011187119310714     0.016028140468383
49 11
     0.004246334742200    -0.005057104479525     0.006717269413194
    -0.005057104479525     0.010085776007347     0.003878217303927
     0.019376659036492     0.011187119310714     0.016028140468383
49 12
    -0.040498136616472     0.096737533088679    -0.019211455750237
    -0.021697751176692    -0.031825119090268     0.053752732975354
    -0.003265367903201     0.004645410226395    -0.098524490209649
49 13
    -0.001500194756707     0.044213223407268    -0.036945504404380
    -0.074222060858102    -0.070823060950033    -0.043513975211063
    -0.002390359315458    -0.005150596670072    -0.098524490209649
49 14
     0.421905664298375     0.000000000000000     0.000000000000000
     0.000000000000000    -0.188476169255244    -0.230791605846451
     0.000000000000000    -0.063303815226796    -0.205224284414116
49 15
    -0.001500194756707    -0.044213223407268     0.036945504404380
     0.074222060858102    -0.070823060950033    -0.043513975211063
     0.002390359315458    -0.005150596670072    -0.098524490209649
49 16
     0.016272271143122     0.000000000000000     0.000000000000000
     0.000000000000000     0.016272271143122     0.000000000000000
     0.000000000000000     0.000000000000000    -0.015987026932205
49 17
    -0.024245277141642     0.000000000000000     0.000000000000000
     0.000000000000000    -0.024245277141642     0.000000000000000
     0.000000000000000     0.000000000000000     0.055810125226809
49 18
    -0.001761126136625     0.005110668251264    -0.002072358076404
     0.007938077678245    -0.005908437413435     0.014692899515178
    -0.007587961225621    -0.009550664309488    -0.028771725898961
49 19
    -0.000768283548256     0.000000000000000     0.000000000000000
     0.000000000000000     0.001351714100882     0.003400490018236
     0.000000000000000    -0.000312904908412     0.002578376496765
49 20
    -0.001761126136625    -0.005110668251264     0.002072358076404
    -0.007938077678245    -0.005908437413435     0.014692899515178
     0.007587961225621    -0.009550664309488    -0.028771725898961
49 21
     0.000778663137010     0.006471729657427     0.011688245197194
     0.003644320230446    -0.008448226687069    -0.009141164497493
    -0.012065098527845    -0.001796035029575    -0.028771725898961
49 22
     0.001053048410357    -0.002110113644029    -0.007233489903713
    -0.002110113644029     0.003489597771159    -0.004176257343089
    -0.007005335017057    -0.004044532057862     0.004759012443113
49 23
     0.001053048410357     0.002110113644029     0.007233489903713
     0.002110113644029     0.003489597771159    -0.004176257343089
     0.007005335017057    -0.004044532057862     0.004759012443113
49 24
     0.000778663137010    -0.006471729657427    -0.011688245197194
    -0.003644320230446    -0.008448226687069    -0.009141164497493
     0.012065098527845    -0.001796035029575    -0.028771725898961
49 25
     0.000821714688598    -0.000917985910058     0.002944910741108
    -0.000917985910058    -0.000238284135971    -0.001700245009118
    -0.000270983599653     0.000156452454206     0.002578376496765
49 26
     0.004707872451560     0.000000000000000     0.000000000000000
     0.000000000000000    -0.000165226270044     0.008352514686178
     0.000000000000000     0.008089064115723     0.004759012443113
49 27
     0.000821714688598     0.000917985910058    -0.002944910741108
     0.000917985910058    -0.000238284135971    -0.001700245009118
     0.000270983599653     0.000156452454206     0.002578376496765
49 28
     0.007343244319513     0.000000000000000     0.000000000000000
     0.000000000000000     0.008123441504794    -0.004265343926030
     0.000000000000000     0.003481181113115     0.008624301375190
49 29
    -0.010521882325474    -0.002880052734308     0.013760603273599
    -0.000052643307327     0.002852318775414    -0.005551735017685
    -0.004477137302223     0.011346699339063    -0.028771725898961
49 30
    -0.010521882325474     0.002880052734308    -0.013760603273599
     0.000052643307327     0.002852318775414    -0.005551735017685
     0.004477137302223     0.011346699339063    -0.028771725898961
49 31
     0.007928392208474    -0.000337835291207    -0.003693896195820
    -0.000337835291207     0.007538293615833     0.002132671963015
     0.003014791279132    -0.001740590556557     0.008624301375190
49 32
     0.007928392208474     0.000337835291207     0.003693896195820
     0.000337835291207     0.007538293615833     0.002132671963015
    -0.003014791279132    -0.001740590556557     0.008624301375190
49 33
     0.280063102572915     0.000000000000000     0.000000000000000
     0.000000000000000     0.280063102572915     0.000000000000000
     0.000000000000000     0.000000000000000    -1.843841438128918
49 34
    -0.163837642770438    -0.145042145338258     0.170086836971345
     0.145166236837216     0.202867500745353    -0.142242751212044
     0.169060310744690     0.133328564617869    -0.039978497560843
49 35
    -0.013999711533918     0.000000000000000     0.000000000000000
     0.000000000000000     0.021246069818928     0.012657850171924
     0.000000000000000    -0.015283347606647    -0.005238895172307
49 36
    -0.163837642770438     0.145042145338258    -0.170086836971345
    -0.145166236837216     0.202867500745353    -0.142242751212044
    -0.169060310744690     0.133328564617869    -0.039978497560843
49 37
     0.111244948061651    -0.013652771029070    -0.038142417568148
    -0.303861153204544    -0.072215090086737     0.218420897272549
     0.199996079381535     0.079746241567659    -0.039978497560843
49 38
    -0.011095846385787    -0.002477395759110     0.009265695063681
    -0.002477395759110    -0.008235196168964     0.005349551539245
    -0.001054998820967    -0.000609103853280     0.025580357072760
49 39
    -0.011095846385787     0.002477395759110    -0.009265695063681
     0.002477395759110    -0.008235196168964     0.005349551539245
     0.001054998820967    -0.000609103853280     0.025580357072760
49 40
     0.111244948061651     0.013652771029070     0.038142417568148
     0.303861153204544    -0.072215090086737     0.218420897272549
    -0.199996079381535     0.079746241567659    -0.039978497560843
49 41
     0.012434624480717    -0.015261871013898     0.010962019806184
    -0.015261871013898    -0.005188266195706    -0.006328925085962
    -0.013235767282225     0.007641673803324    -0.005238895172307
49 42
    -0.006804871060553     0.000000000000000     0.000000000000000
     0.000000000000000    -0.012526171494199    -0.010699103078491
     0.000000000000000     0.001218207706560     0.025580357072760
49 43
     0.012434624480717     0.015261871013898    -0.010962019806184
     0.015261871013898    -0.005188266195706    -0.006328925085962
     0.013235767282225     0.007641673803324    -0.005238895172307
49 44
    -0.006267189795712     0.000000000000000     0.000000000000000
     0.000000000000000    -0.012108374822546    -0.001358084303736
     0.000000000000000     0.014556418624188     0.025576501176395
49 45
     0.111137481671159    -0.303923198954023    -0.208229254539492
    -0.013714816778549    -0.072107623696245    -0.076178146060505
     0.030935768636845    -0.213074806185528    -0.039978497560843
49 46
     0.111137481671159     0.303923198954023     0.208229254539492
     0.013714816778549    -0.072107623696245    -0.076178146060505
    -0.030935768636845    -0.213074806185528    -0.039978497560843
49 47
    -0.010648078565838     0.002529307310722    -0.001176135507516
     0.002529307310722    -0.007727486052421     0.000679042151868
     0.012606228316668    -0.007278209312094     0.025576501176395
49 48
    -0.010648078565838    -0.002529307310722     0.001176135507516
    -0.002529307310722    -0.007727486052421     0.000679042151868
    -0.012606228316668    -0.007278209312094     0.025576501176395
49 49
    11.026491358446270     0.000000000000000     0.000000000000000
     0.000000000000000    11.026491358446272     0.000000000000000
     0.000000000000000     0.000000000000000    14.562017225986521
49 50
    -0.681198782020132     0.026967706608179     0.079391700001226
    -0.026967706608179     0.122038622107695     0.044350501667917
    -0.079391700001226     0.044350501667917     0.383513196991451
49 51
     0.017302395174287     0.000000000000000     0.000000000000000
     0.000000000000000    -0.002008236319214    -0.003032900109048
     0.000000000000000    -0.003032900109048     0.070448456832199
49 52
    -0.681198782020132    -0.026967706608179    -0.079391700001226
     0.026967706608179     0.122038622107695     0.044350501667917
     0.079391700001226     0.044350501667917     0.383513196991451
49 53
    -0.078770728924262    -0.374779705230462     0.078104511115613
    -0.320844292014104    -0.480389430988175     0.046579978216737
    -0.001287188885613    -0.090930479884653     0.383513196991450
49 54
     0.021885204327409     0.012479493944717    -0.009930489432228
     0.012479493944717     0.007475125950744    -0.005733370746882
     0.008598043502063     0.004964082730420     0.009737309259292
49 55
     0.021885204327409    -0.012479493944717     0.009930489432228
    -0.012479493944717     0.007475125950744    -0.005733370746882
    -0.008598043502063     0.004964082730420     0.009737309259292
49 56
    -0.078770728924262     0.374779705230462    -0.078104511115613
     0.320844292014104    -0.480389430988175     0.046579978216737
     0.001287188885613    -0.090930479884653     0.383513196991450
49 57
     0.002819421554162     0.008361748718246    -0.002626568541576
     0.008361748718246     0.012474737300912     0.001516450054524
    -0.002626568541576     0.001516450054524     0.070448456832199
49 58
     0.000270086762411     0.000000000000000     0.000000000000000
     0.000000000000000     0.029090243515742     0.011466741493763
     0.000000000000000    -0.009928165460840     0.009737309259292
49 59
     0.002819421554162    -0.008361748718246     0.002626568541576
    -0.008361748718246     0.012474737300912     0.001516450054524
     0.002626568541576     0.001516450054524     0.070448456832199
49 60
     0.000270086762411     0.000000000000000     0.000000000000000
     0.000000000000000     0.029090243515742    -0.009928165460840
     0.000000000000000     0.011466741493763     0.009737309259292
49 61
    -0.078770728924262    -0.320844292014104    -0.001287188885613
    -0.374779705230462    -0.480389430988175    -0.090930479884653
     0.078104511115613     0.046579978216737     0.383513196991450
49 62
    -0.078770728924262     0.320844292014104     0.001287188885613
     0.374779705230462    -0.480389430988175    -0.090930479884653
    -0.078104511115613     0.046579978216737     0.383513196991450
49 63
     0.021885204327409    -0.012479493944717    -0.008598043502063
    -0.012479493944717     0.007475125950744     0.004964082730420
     0.009930489432228    -0.005733370746882     0.009737309259292
49 64
     0.021885204327409     0.012479493944717     0.008598043502063
     0.012479493944717     0.007475125950744     0.004964082730420
    -0.009930489432228    -0.005733370746882     0.009737309259292
49 65
    -0.040999842357397    -0.044331720921822     0.114038435674681
    -0.044331720921822     0.010190019658310     0.065840121534741
     0.114038435674681     0.065840121534741    -0.142486868801512
49 66
    -0.040999842357397     0.044331720921822    -0.114038435674681
     0.044331720921822     0.010190019658310     0.065840121534741
    -0.114038435674681     0.065840121534741    -0.142486868801512
49 67
    -0.001623186598028     0.002749798280125     0.004995939054995
     0.002749798280125     0.001312699693615    -0.004543445207228
     0.004995939054995    -0.004543445207228     0.005651874350800
49 68
    -0.001623186598028    -0.002749798280125    -0.004995939054995
    -0.002749798280125     0.001312699693615    -0.004543445207228
    -0.004995939054995    -0.004543445207228     0.005651874350800
49 69
     0.035784950666163     0.000000000000000     0.000000000000000
     0.000000000000000    -0.066594773365250    -0.131680243069481
     0.000000000000000    -0.131680243069481    -0.142486868801512
49 70
    -0.001063132803686    -0.013088000047160    -0.014040525805616
    -0.013088000047160     0.014049587897077    -0.008106301353436
    -0.014040525805616    -0.008106301353436     0.015940983801429
49 71
     0.001485119157769     0.000000000000000     0.000000000000000
     0.000000000000000     0.003120261331841    -0.001860925965897
     0.000000000000000    -0.001860925965897     0.000512468730164
49 72
    -0.001063132803686     0.013088000047160     0.014040525805616
     0.013088000047160     0.014049587897077    -0.008106301353436
     0.014040525805616    -0.008106301353436     0.015940983801429
49 73
     0.002960123286575     0.000103623084470    -0.001436769442665
     0.000103623084470    -0.003270610190988     0.006598332740998
    -0.001436769442665     0.006598332740998     0.005651874350800
49 74
     0.002711475788323    -0.000708037330773    -0.001611609161029
    -0.000708037330773     0.001893904701287     0.000930462982948
    -0.001611609161029     0.000930462982948     0.000512468730164
49 75
     0.002711475788323     0.000708037330773     0.001611609161029
     0.000708037330773     0.001893904701287     0.000930462982948
     0.001611609161029     0.000930462982948     0.000512468730164
49 76
     0.002960123286575    -0.000103623084470     0.001436769442665
    -0.000103623084470    -0.003270610190988     0.006598332740998
     0.001436769442665     0.006598332740998     0.005651874350800
49 77
    -0.001802667045166    -0.002646175195655    -0.006432708497659
    -0.002646175195655     0.001492180140754    -0.002054887533770
    -0.006432708497659    -0.002054887533770     0.005651874350800
49 78
     0.021605948247459     0.000000000000000     0.000000000000000
     0.000000000000000    -0.008619493154068     0.016212602706873
     0.000000000000000     0.016212602706873     0.015940983801429
49 79
    -0.001802667045166     0.002646175195655     0.006432708497659
     0.002646175195655     0.001492180140754    -0.002054887533770
     0.006432708497659    -0.002054887533770     0.005651874350800
49 80
     0.003795233502458     0.000000000000000     0.000000000000000
     0.000000000000000     0.003795233502458     0.000000000000000
     0.000000000000000     0.000000000000000    -0.007479877039918
49 81
    -0.001683977342867     0.000308668476006    -0.001122871882393
     0.000308668476006    -0.002040396998291    -0.000648290383565
     0.000121018619318     0.000069870132440    -0.002042679399926
49 82
    -0.001683977342867    -0.000308668476006     0.001122871882393
    -0.000308668476006    -0.002040396998291    -0.000648290383565
    -0.000121018619318     0.000069870132440    -0.002042679399926
49 83
    -0.000455593086381    -0.001821011363314     0.001394137209440
    -0.000388568751880    -0.001436419249264    -0.001144782602981
     0.000314963554610    -0.000795993932911    -0.001277154453100
49 84
    -0.000455593086381     0.001821011363314    -0.001394137209440
     0.000388568751880    -0.001436419249264    -0.001144782602981
    -0.000314963554610    -0.000795993932911    -0.001277154453100
49 85
    -0.002218606826003     0.000000000000000     0.000000000000000
     0.000000000000000    -0.001505767515154     0.001296580767130
     0.000000000000000    -0.000139740264880    -0.002042679399926
49 86
    -0.001067896484247    -0.000039902707567    -0.000307999605707
    -0.000039902707567    -0.001021820806336    -0.000177823655265
     0.005770282124628     0.003331473937954     0.001209508168597
49 87
    -0.002395114278567     0.000000000000000     0.000000000000000
     0.000000000000000    -0.003081907023914    -0.001000965075936
     0.000000000000000    -0.000643539066952    -0.001792578052227
49 88
    -0.001067896484247     0.000039902707567     0.000307999605707
     0.000039902707567    -0.001021820806336    -0.000177823655265
    -0.005770282124628     0.003331473937954     0.001209508168597
49 89
    -0.002147988964270     0.000588536463795    -0.000294342211271
    -0.000843906147640     0.000255976628626     0.001779749541227
    -0.000531869189854     0.000670763406014    -0.001277154453100
49 90
    -0.002910208837577     0.000297389982303    -0.000866861184062
     0.000297389982303    -0.002566812464904     0.000500482537968
    -0.000557321180309     0.000321769533476    -0.001792578052227
49 91
    -0.002910208837577    -0.000297389982303     0.000866861184062
    -0.000297389982303    -0.002566812464904     0.000500482537968
     0.000557321180309     0.000321769533476    -0.001792578052227
49 92
    -0.002147988964270    -0.000588536463795     0.000294342211271
     0.000843906147640     0.000255976628626     0.001779749541227
     0.000531869189854     0.000670763406014    -0.001277154453100
49 93
    -0.000234436452816     0.000260883909957    -0.001688479420712
     0.001693326521392    -0.001657575882829    -0.000634966938246
    -0.000846832744464     0.000125230526897    -0.001277154453100
49 94
    -0.000998782967381     0.000000000000000     0.000000000000000
     0.000000000000000    -0.001090934323202     0.000355647310531
     0.000000000000000    -0.006662947875908     0.001209508168597
49 95
    -0.000234436452816    -0.000260883909957     0.001688479420712
    -0.001693326521392    -0.001657575882829    -0.000634966938246
     0.000846832744464     0.000125230526897    -0.001277154453100
49 96
    -0.003241519455739     0.000000000000000     0.000000000000000
     0.000000000000000    -0.003241519455739     0.000000000000000
     0.000000000000000     0.000000000000000    -0.001079682136003
65 1
    -0.024245277141642     0.000000000000000     0.000000000000000
     0.000000000000000    -0.024245277141642     0.000000000000000
     0.000000000000000     0.000000000000000     0.055810125226809
65 2
    -0.001761126136625    -0.005110668251264     0.002072358076404
    -0.007938077678245    -0.005908437413435     0.014692899515178
     0.007587961225621    -0.009550664309488    -0.028771725898961
65 3
    -0.000768283548256     0.000000000000000     0.000000000000000
     0.000000000000000     0.001351714100882     0.003400490018236
     0.000000000000000    -0.000312904908412     0.002578376496765
65 4
    -0.001761126136625     0.005110668251264    -0.002072358076404
     0.007938077678245    -0.005908437413435     0.014692899515178
    -0.007587961225621    -0.009550664309488    -0.028771725898961
65 5
    -0.010521882325474    -0.002880052734308     0.013760603273599
    -0.000052643307327     0.002852318775414    -0.005551735017685
    -0.004477137302223     0.011346699339063    -0.028771725898961
65 6
     0.007928392208474     0.000337835291207     0.003693896195820
     0.000337835291207     0.007538293615833     0.002132671963015
    -0.003014791279132    -0.001740590556557     0.008624301375190
65 7
     0.007928392208474    -0.000337835291207    -0.003693896195820
    -0.000337835291207     0.007538293615833     0.002132671963015
     0.003014791279132    -0.001740590556557     0.008624301375190
65 8
    -0.010521882325474     0.002880052734308    -0.013760603273599
     0.000052643307327     0.002852318775414    -0.005551735017685
     0.004477137302223     0.011346699339063    -0.028771725898961
65 9
     0.000821714688598    -0.000917985910058     0.002944910741108
    -0.000917985910058    -0.000238284135971    -0.001700245009118
    -0.000270983599653     0.000156452454206     0.002578376496765
65 10
     0.007343244319513     0.000000000000000     0.000000000000000
     0.000000000000000     0.008123441504794    -0.004265343926030
     0.000000000000000     0.003481181113115     0.008624301375190
65 11
     0.000821714688598     0.000917985910058    -0.002944910741108
     0.000917985910058    -0.000238284135971    -0.001700245009118
     0.000270983599653     0.000156452454206     0.002578376496765
65 12
     0.004707872451560     0.000000000000000     0.000000000000000
     0.000000000000000    -0.000165226270044     0.008352514686178
     0.000000000000000     0.008089064115723     0.004759012443113
65 13
     0.000778663137010     0.006471729657427     0.011688245197194
     0.003644320230446    -0.008448226687069    -0.009141164497493
    -0.012065098527845    -0.001796035029575    -0.028771725898961
65 14
     0.000778663137010    -0.006471729657427    -0.011688245197194
    -0.003644320230446    -0.008448226687069    -0.009141164497493
     0.012065098527845    -0.001796035029575    -0.028771725898961
65 15
     0.001053048410357     0.002110113644029     0.007233489903713
     0.002110113644029     0.003489597771159    -0.004176257343089
     0.007005335017057    -0.004044532057862     0.004759012443113
65 16
     0.001053048410357    -0.002110113644029    -0.007233489903713
    -0.002110113644029     0.003489597771159    -0.004176257343089
    -0.007005335017057    -0.004044532057862     0.004759012443113
65 17
    -4.152305449578154    -1.462808291570901    -2.953416651236919
    -1.462808291570901    -2.463199927755601    -1.705155898620758
    -2.839427960142732    -1.639344497132956    -4.524986934674999
65 18
    -0.066486552186932    -0.036702169902108    -0.056156960154617
     0.081733114363262    -0.005836703519809    -0.010238757764292
    -0.005655727218658     0.000505186443677    -0.098524490209649
65 19
    -0.066486552186932     0.036702169902108     0.056156960154617
    -0.081733114363262    -0.005836703519809    -0.010238757764292
     0.005655727218658     0.000505186443677    -0.098524490209649
65 20
    -4.152305449578155     1.462808291570901     2.953416651236919
     1.462808291570901    -2.463199927755601    -1.705155898620758
     2.839427960142733    -1.639344497132956    -4.524986934674999
65 21
    -0.001500194756707     0.044213223407268    -0.036945504404380
    -0.074222060858102    -0.070823060950033    -0.043513975211063
    -0.002390359315458    -0.005150596670072    -0.098524490209649
65 22
     0.016272271143122     0.000000000000000     0.000000000000000
     0.000000000000000     0.016272271143122     0.000000000000000
     0.000000000000000     0.000000000000000    -0.015987026932205
65 23
    -0.001500194756707    -0.044213223407268     0.036945504404380
     0.074222060858102    -0.070823060950033    -0.043513975211063
     0.002390359315458    -0.005150596670072    -0.098524490209649
65 24
     0.421905664298375     0.000000000000000     0.000000000000000
     0.000000000000000    -0.188476169255244    -0.230791605846451
     0.000000000000000    -0.063303815226796    -0.205224284414116
65 25
    -0.040498136616472    -0.096737533088679     0.019211455750237
     0.021697751176692    -0.031825119090268     0.053752732975354
     0.003265367903201     0.004645410226395    -0.098524490209649
65 26
    -0.040498136616472     0.096737533088679    -0.019211455750237
    -0.021697751176692    -0.031825119090268     0.053752732975354
    -0.003265367903201     0.004645410226395    -0.098524490209649
65 27
     0.004246334742200    -0.005057104479525     0.006717269413194
    -0.005057104479525     0.010085776007347     0.003878217303927
     0.019376659036492     0.011187119310714     0.016028140468383
65 28
     0.004246334742200     0.005057104479525    -0.006717269413194
     0.005057104479525     0.010085776007347     0.003878217303927
    -0.019376659036492     0.011187119310714     0.016028140468383
65 29
    -1.618647166844325     0.000000000000000     0.000000000000000
     0.000000000000000    -4.996858210489433     3.410311797241516
     0.000000000000000     3.278688994265913    -4.524986934674999
65 30
    -0.035880710866839     0.264303086932980    -0.199871393643232
     0.264303086932980     0.269310205909971     0.115395802923226
    -0.054822712142881     0.031651907613398    -0.205224284414116
65 31
     0.013005496639921     0.000000000000000     0.000000000000000
     0.000000000000000     0.001326614109626    -0.007756434607854
     0.000000000000000    -0.022374238621429     0.016028140468383
65 32
    -0.035880710866839    -0.264303086932980     0.199871393643232
    -0.264303086932980     0.269310205909971     0.115395802923226
     0.054822712142881     0.031651907613398    -0.205224284414116
65 33
    -0.001683977342867     0.000308668476006    -0.001122871882393
     0.000308668476006    -0.002040396998291    -0.000648290383565
     0.000121018619318     0.000069870132440    -0.002042679399926
65 34
    -0.000455593086381     0.001821011363314    -0.001394137209440
     0.000388568751880    -0.001436419249264    -0.001144782602981
    -0.000314963554610    -0.000795993932911    -0.001277154453100
65 35
    -0.000455593086381    -0.001821011363314     0.001394137209440
    -0.000388568751880    -0.001436419249264    -0.001144782602981
     0.000314963554610    -0.000795993932911    -0.001277154453100
65 36
    -0.001683977342867    -0.000308668476006     0.001122871882393
    -0.000308668476006    -0.002040396998291    -0.000648290383565
    -0.000121018619318     0.000069870132440    -0.002042679399926
65 37
    -0.000234436452816     0.000260883909957    -0.001688479420712
     0.001693326521392    -0.001657575882829    -0.000634966938246
    -0.000846832744464     0.000125230526897    -0.001277154453100
65 38
    -0.003241519455739     0.000000000000000     0.000000000000000
     0.000000000000000    -0.003241519455739     0.000000000000000
     0.000000000000000     0.000000000000000    -0.001079682136003
65 39
    -0.000234436452816    -0.000260883909957     0.001688479420712
    -0.001693326521392    -0.001657575882829    -0.000634966938246
     0.000846832744464     0.000125230526897    -0.001277154453100
65 40
    -0.000998782967381     0.000000000000000     0.000000000000000
     0.000000000000000    -0.001090934323202     0.000355647310531
     0.000000000000000    -0.006662947875908     0.001209508168597
65 41
    -0.002147988964270     0.000588536463795    -0.000294342211271
    -0.000843906147640     0.000255976628626     0.001779749541227
    -0.000531869189854     0.000670763406014    -0.001277154453100
65 42
    -0.002147988964270    -0.000588536463795     0.000294342211271
     0.000843906147640     0.000255976628626     0.001779749541227
     0.000531869189854     0.000670763406014    -0.001277154453100
65 43
    -0.002910208837577    -0.000297389982303     0.000866861184062
    -0.000297389982303    -0.002566812464904     0.000500482537968
     0.000557321180309     0.000321769533476    -0.001792578052227
65 44
    -0.002910208837577     0.000297389982303    -0.000866861184062
     0.000297389982303    -0.002566812464904     0.000500482537968
    -0.000557321180309     0.000321769533476    -0.001792578052227
65 45
    -0.002218606826003     0.000000000000000     0.000000000000000
     0.000000000000000    -0.001505767515154     0.001296580767130
     0.000000000000000    -0.000139740264880    -0.002042679399926
65 46
    -0.001067896484247     0.000039902707567     0.000307999605707
     0.000039902707567    -0.001021820806336    -0.000177823655265
    -0.005770282124628     0.003331473937954     0.001209508168597
65 47
    -0.002395114278567     0.000000000000000     0.000000000000000
     0.000000000000000    -0.003081907023914    -0.001000965075936
     0.000000000000000    -0.000643539066952    -0.001792578052227
65 48
    -0.001067896484247    -0.000039902707567    -0.000307999605707
    -0.000039902707567    -0.001021820806336    -0.000177823655265
     0.005770282124628     0.003331473937954     0.001209508168597
65 49
    -0.040999842357397    -0.044331720921822     0.114038435674681
    -0.044331720921822     0.010190019658310     0.065840121534741
     0.114038435674681     0.065840121534741    -0.142486868801512
65 50
    -0.001623186598028    -0.002749798280125    -0.004995939054995
    -0.002749798280125     0.001312699693615    -0.004543445207228
    -0.004995939054995    -0.004543445207228     0.005651874350800
65 51
    -0.001623186598028     0.002749798280125     0.004995939054995
     0.002749798280125     0.001312699693615    -0.004543445207228
     0.004995939054995    -0.004543445207228     0.005651874350800
65 52
    -0.040999842357397     0.044331720921822    -0.114038435674681
     0.044331720921822     0.010190019658310     0.065840121534741
    -0.114038435674681     0.065840121534741    -0.142486868801512
65 53
    -0.001802667045166    -0.002646175195655    -0.006432708497659
    -0.002646175195655     0.001492180140754    -0.002054887533770
    -0.006432708497659    -0.002054887533770     0.005651874350800
65 54
     0.003795233502458     0.000000000000000     0.000000000000000
     0.000000000000000     0.003795233502458     0.000000000000000
     0.000000000000000     0.000000000000000    -0.007479877039918
65 55
    -0.001802667045166     0.002646175195655     0.006432708497659
     0.002646175195655     0.001492180140754    -0.002054887533770
     0.006432708497659    -0.002054887533770     0.005651874350800
65 56
     0.021605948247459     0.000000000000000     0.000000000000000
     0.000000000000000    -0.008619493154068     0.016212602706873
     0.000000000000000     0.016212602706873     0.015940983801429
65 57
     0.002960123286575     0.000103623084470    -0.001436769442665
     0.000103623084470    -0.003270610190988     0.006598332740998
    -0.001436769442665     0.006598332740998     0.005651874350800
65 58
     0.002960123286575    -0.000103623084470     0.001436769442665
    -0.000103623084470    -0.003270610190988     0.006598332740998
     0.001436769442665     0.006598332740998     0.005651874350800
65 59
     0.002711475788323     0.000708037330773     0.001611609161029
     0.000708037330773     0.001893904701287     0.000930462982948
     0.001611609161029     0.000930462982948     0.000512468730164
65 60
     0.002711475788323    -0.000708037330773    -0.001611609161029
    -0.000708037330773     0.001893904701287     0.000930462982948
    -0.001611609161029     0.000930462982948     0.000512468730164
65 61
     0.035784950666163     0.000000000000000     0.000000000000000
     0.000000000000000    -0.066594773365250    -0.131680243069481
     0.000000000000000    -0.131680243069481    -0.142486868801512
65 62
    -0.001063132803686     0.013088000047160     0.014040525805616
     0.013088000047160     0.014049587897077    -0.008106301353436
     0.014040525805616    -0.008106301353436     0.015940983801429
65 63
     0.001485119157769     0.000000000000000     0.000000000000000
     0.000000000000000     0.003120261331841    -0.001860925965897
     0.000000000000000    -0.001860925965897     0.000512468730164
65 64
    -0.001063132803686    -0.013088000047160    -0.014040525805616
    -0.013088000047160     0.014049587897077    -0.008106301353436
    -0.014040525805616    -0.008106301353436     0.015940983801429
65 65
    11.026491358446270     0.000000000000000     0.000000000000000
     0.000000000000000    11.026491358446272     0.000000000000000
     0.000000000000000     0.000000000000000    14.562017225986521
65 66
    -0.681198782020132    -0.026967706608179    -0.079391700001226
     0.026967706608179     0.122038622107695     0.044350501667917
     0.079391700001226     0.044350501667917     0.383513196991450
65 67
     0.017302395174287     0.000000000000000     0.000000000000000
     0.000000000000000    -0.002008236319214    -0.003032900109048
     0.000000000000000    -0.003032900109048     0.070448456832199
65 68
    -0.681198782020132     0.026967706608179     0.079391700001226
    -0.026967706608179     0.122038622107695     0.044350501667917
    -0.079391700001226     0.044350501667917     0.383513196991450
65 69
    -0.078770728924262    -0.320844292014104    -0.001287188885613
    -0.374779705230462    -0.480389430988175    -0.090930479884653
     0.078104511115613     0.046579978216737     0.383513196991450
65 70
     0.021885204327409     0.012479493944717     0.008598043502063
     0.012479493944717     0.007475125950744     0.004964082730420
    -0.009930489432228    -0.005733370746882     0.009737309259292
65 71
     0.021885204327409    -0.012479493944717    -0.008598043502063
    -0.012479493944717     0.007475125950744     0.004964082730420
     0.009930489432228    -0.005733370746882     0.009737309259292
65 72
    -0.078770728924262     0.320844292014104     0.001287188885613
     0.374779705230462    -0.480389430988175    -0.090930479884653
    -0.078104511115613     0.046579978216737     0.383513196991450
65 73
     0.002819421554162     0.008361748718246    -0.002626568541576
     0.008361748718246     0.012474737300912     0.001516450054524
    -0.002626568541576     0.001516450054524     0.070448456832199
65 74
     0.000270086762411     0.000000000000000     0.000000000000000
     0.000000000000000     0.029090243515742    -0.009928165460840
     0.000000000000000     0.011466741493763     0.009737309259292
65 75
     0.002819421554162    -0.008361748718246     0.002626568541576
    -0.008361748718246     0.012474737300912     0.001516450054524
     0.002626568541576     0.001516450054524     0.070448456832199
65 76
     0.000270086762411     0.000000000000000     0.000000000000000
     0.000000000000000     0.029090243515742     0.011466741493763
     0.000000000000000    -0.009928165460840     0.009737309259292
65 77
    -0.078770728924262    -0.374779705230462     0.078104511115613
    -0.320844292014104    -0.480389430988175     0.046579978216737
    -0.001287188885613    -0.090930479884653     0.383513196991450
65 78
    -0.078770728924262     0.374779705230462    -0.078104511115613
     0.320844292014104    -0.480389430988175     0.046579978216737
     0.001287188885613    -0.090930479884653     0.383513196991450
65 79
     0.021885204327409    -0.012479493944717     0.009930489432228
    -0.012479493944717     0.007475125950744    -0.005733370746882
    -0.008598043502063     0.004964082730420     0.009737309259292
65 80
     0.021885204327409     0.012479493944717    -0.009930489432228
     0.012479493944717     0.007475125950744    -0.005733370746882
     0.008598043502063     0.004964082730420     0.009737309259292
65 81
     0.280063102572915     0.000000000000000     0.000000000000000
     0.000000000000000     0.280063102572915     0.000000000000000
     0.000000000000000     0.000000000000000    -1.843841438128918
65 82
    -0.163837642770438     0.145042145338258    -0.170086836971345
    -0.145166236837216     0.202867500745353    -0.142242751212044
    -0.169060310744690     0.133328564617869    -0.039978497560843
65 83
    -0.013999711533918     0.000000000000000     0.000000000000000
     0.000000000000000     0.021246069818928     0.012657850171924
     0.000000000000000    -0.015283347606647    -0.005238895172307
65 84
    -0.163837642770438    -0.145042145338258     0.170086836971345
     0.145166236837216     0.202867500745353    -0.142242751212044
     0.169060310744690     0.133328564617869    -0.039978497560843
65 85
     0.111137481671159    -0.303923198954023    -0.208229254539492
    -0.013714816778549    -0.072107623696245    -0.076178146060505
     0.030935768636845    -0.213074806185528    -0.039978497560843
65 86
    -0.010648078565838    -0.002529307310722     0.001176135507516
    -0.002529307310722    -0.007727486052421     0.000679042151868
    -0.012606228316668    -0.007278209312094     0.025576501176395
65 87
    -0.010648078565838     0.002529307310722    -0.001176135507516
     0.002529307310722    -0.007727486052421     0.000679042151868
     0.012606228316668    -0.007278209312094     0.025576501176395
65 88
     0.111137481671159     0.303923198954023     0.208229254539492
     0.013714816778549    -0.072107623696245    -0.076178146060505
    -0.030935768636845    -0.213074806185528    -0.039978497560843
65 89
     0.012434624480717    -0.015261871013898     0.010962019806184
    -0.015261871013898    -0.005188266195706    -0.006328925085962
    -0.013235767282225     0.007641673803324    -0.005238895172307
65 90
    -0.006267189795712     0.000000000000000     0.000000000000000
     0.000000000000000    -0.012108374822546    -0.001358084303736
     0.000000000000000     0.014556418624188     0.025576501176395
65 91
     0.012434624480717     0.015261871013898    -0.010962019806184
     0.015261871013898    -0.005188266195706    -0.006328925085962
     0.013235767282225     0.007641673803324    -0.005238895172307
65 92
    -0.006804871060553     0.000000000000000     0.000000000000000
     0.000000000000000    -0.012526171494199    -0.010699103078491
     0.000000000000000     0.001218207706560     0.025580357072760
65 93
     0.111244948061651    -0.013652771029070    -0.038142417568148
    -0.303861153204544    -0.072215090086737     0.218420897272549
     0.199996079381535     0.079746241567659    -0.039978497560843
65 94
     0.111244948061651     0.013652771029070     0.038142417568148
     0.303861153204544    -0.072215090086737     0.218420897272549
    -0.199996079381535     0.079746241567659    -0.039978497560843
65 95
    -0.011095846385787     0.002477395759110    -0.009265695063681
     0.002477395759110    -0.008235196168964     0.005349551539245
     0.001054998820967    -0.000609103853280     0.025580357072760
65 96
    -0.011095846385787    -0.002477395759110     0.009265695063681
    -0.002477395759110    -0.008235196168964     0.005349551539245
    -0.001054998820967    -0.000609103853280     0.025580357072760
81 1
    -0.004574393126431     0.000000000000000     0.000000000000000
     0.000000000000000    -0.004574393126431     0.000000000000000
     0.000000000000000     0.000000000000000     0.007739045068600
81 2
    -0.002940887644604     0.000206628377843     0.000265019422234
     0.001645884770349    -0.002312140961352    -0.002173250274761
    -0.000304011246680     0.001825410120598    -0.001901200074043
81 3
    -0.002597257918390     0.000000000000000     0.000000000000000
     0.000000000000000    -0.002264817609945    -0.001691333811626
     0.000000000000000     0.000542752174941     0.000698045823257
81 4
    -0.002940887644604    -0.000206628377843    -0.000265019422234
    -0.001645884770349    -0.002312140961352    -0.002173250274761
     0.000304011246680     0.001825410120598    -0.001901200074043
81 5
    -0.001667165908576     0.000910501183180    -0.001749580235608
    -0.000528755209325    -0.003585862697380     0.001316138689531
     0.001428845913423    -0.001175986522960    -0.001901200074043
81 6
    -0.002139995807705     0.000561418725425    -0.000832077977791
     0.000561418725425    -0.002788266312210    -0.000480400444464
    -0.000043606565102    -0.000025176262100     0.000163944855365
81 7
    -0.002139995807705    -0.000561418725425     0.000832077977791
    -0.000561418725425    -0.002788266312210    -0.000480400444464
     0.000043606565102    -0.000025176262100     0.000163944855365
81 8
    -0.001667165908576    -0.000910501183180     0.001749580235608
     0.000528755209325    -0.003585862697380     0.001316138689531
    -0.001428845913423    -0.001175986522960    -0.001901200074043
81 9
    -0.002347927687057    -0.000143950876178    -0.001464738047148
    -0.000143950876178    -0.002514147841279     0.000845666905813
     0.000470037171458    -0.000271376087471     0.000698045823257
81 10
    -0.003112401564463     0.000000000000000     0.000000000000000
     0.000000000000000    -0.001815860555453     0.000960800888929
     0.000000000000000     0.000050352524200     0.000163944855365
81 11
    -0.002347927687057     0.000143950876178     0.001464738047148
     0.000143950876178    -0.002514147841279     0.000845666905813
    -0.000470037171458    -0.000271376087471     0.000698045823257
81 12
    -0.001408060194421     0.000000000000000     0.000000000000000
     0.000000000000000    -0.002813117280764    -0.000256860627755
     0.000000000000000     0.000793981726696    -0.000718561066311
81 13
    -0.003271489355755    -0.001455011783421    -0.002014599657841
    -0.000015755390916    -0.001981539250201     0.000857111585230
     0.001732857160103    -0.000649423597638    -0.001901200074043
81 14
    -0.003271489355755     0.001455011783421     0.002014599657841
     0.000015755390916    -0.001981539250201     0.000857111585230
    -0.001732857160103    -0.000649423597638    -0.001901200074043
81 15
    -0.002461853009178     0.000608407565270    -0.000222447828868
     0.000608407565270    -0.001759324466007     0.000128430313877
     0.000687608345459    -0.000396990863348    -0.000718561066311
81 16
    -0.002461853009178    -0.000608407565270     0.000222447828868
    -0.000608407565270    -0.001759324466007     0.000128430313877
    -0.000687608345459    -0.000396990863348    -0.000718561066311
81 17
    -4.194881550744300    -1.474168876040906     3.009829948826010
    -1.474168876040906    -2.492657955917930     1.737726131169694
     2.833815647650174     1.636104227004602    -4.592620169449658
81 18
    -0.076568011101409    -0.030636626842347     0.057554381062240
     0.086279493961599    -0.014173152291709     0.002942205776261
     0.007037348873446    -0.001600775769963    -0.091470235918907
81 19
    -0.076568011101409     0.030636626842347    -0.057554381062240
    -0.086279493961599    -0.014173152291709     0.002942205776261
    -0.007037348873446    -0.001600775769963    -0.091470235918907
81 20
    -4.194881550744301     1.474168876040906    -3.009829948826011
     1.474168876040906    -2.492657955917930     1.737726131169694
    -2.833815647650175     1.636104227004602    -4.592620169449658
81 21
    -0.005677798761797     0.045351010784414     0.031325215476523
    -0.071565110019532    -0.085063364631321     0.048372453210860
     0.002132361954172     0.006894910784679    -0.091470235918907
81 22
     0.016592701393087     0.000000000000000     0.000000000000000
     0.000000000000000     0.016592701393087     0.000000000000000
     0.000000000000000     0.000000000000000    -0.015749551018882
81 23
    -0.005677798761797    -0.045351010784414    -0.031325215476523
     0.071565110019532    -0.085063364631321     0.048372453210860
    -0.002132361954172     0.006894910784679    -0.091470235918907
81 24
     0.414372226574139     0.000000000000000     0.000000000000000
     0.000000000000000    -0.196348145816310     0.217314261215989
     0.000000000000000     0.048653662892773    -0.222367320683074
81 25
    -0.053865935226471    -0.099386543579158    -0.026229165585717
     0.017529577224788    -0.036875228166647    -0.051314658987120
    -0.004904986919274    -0.005294135014716    -0.091470235918907
81 26
    -0.053865935226471     0.099386543579158     0.026229165585717
    -0.017529577224788    -0.036875228166647    -0.051314658987120
     0.004904986919274    -0.005294135014716    -0.091470235918907
81 27
     0.001120959330390    -0.002603655863868    -0.001211826220298
    -0.002603655863868     0.004127402158152    -0.000699648194500
    -0.017685714437227    -0.010210851991144     0.016451597138947
81 28
     0.001120959330390     0.002603655863868     0.001211826220298
     0.002603655863868     0.004127402158152    -0.000699648194500
     0.017685714437227    -0.010210851991144     0.016451597138947
81 29
    -1.641546158504746     0.000000000000000     0.000000000000000
     0.000000000000000    -5.045993348157488    -3.475452262339389
     0.000000000000000    -3.272208454009204    -4.592620169449658
81 30
    -0.043668052718698     0.264449678549411     0.188199670817694
     0.264449678549411     0.261692133476527    -0.108657130607994
     0.042135308052306    -0.024326831446386    -0.222367320683074
81 31
     0.005630623572034     0.000000000000000     0.000000000000000
     0.000000000000000    -0.000382262083491     0.001399296389000
     0.000000000000000     0.020421703982288     0.016451597138947
81 32
    -0.043668052718698    -0.264449678549411    -0.188199670817694
    -0.264449678549411     0.261692133476527    -0.108657130607994
    -0.042135308052306    -0.024326831446386    -0.222367320683074
81 33
    -0.007921427100916    -0.000399912110768     0.000031822406365
    -0.000399912110768    -0.007459648371308     0.000018372674881
     0.000031822406365     0.000018372674881    -0.005027394158801
81 34
    -0.008300932057678    -0.000068678941196    -0.000017642811252
    -0.000068678941196    -0.008023938813678     0.000281226591968
    -0.000017642811252     0.000281226591968    -0.003746681910085
81 35
    -0.008300932057678     0.000068678941196     0.000017642811252
     0.000068678941196    -0.008023938813678     0.000281226591968
     0.000017642811252     0.000281226591968    -0.003746681910085
81 36
    -0.007921427100916     0.000399912110768    -0.000031822406365
     0.000399912110768    -0.007459648371308     0.000018372674881
    -0.000031822406365     0.000018372674881    -0.005027394158801
81 37
    -0.008152664832459    -0.000154281063588     0.000234727967238
    -0.000154281063588    -0.008172206038897    -0.000155892418722
     0.000234727967238    -0.000155892418722    -0.003746681910085
81 38
    -0.008266388957430     0.000000000000000     0.000000000000000
     0.000000000000000    -0.008266388957430     0.000000000000000
     0.000000000000000     0.000000000000000    -0.003479265610333
81 39
    -0.008152664832459     0.000154281063588    -0.000234727967238
     0.000154281063588    -0.008172206038897    -0.000155892418722
    -0.000234727967238    -0.000155892418722    -0.003746681910085
81 40
    -0.007334024348153     0.000000000000000     0.000000000000000
     0.000000000000000    -0.007340926603036    -0.000225774527204
     0.000000000000000    -0.000225774527204    -0.003150921204562
81 41
    -0.008033709416897    -0.000085602122392     0.000252370778490
    -0.000085602122392    -0.008291161454458    -0.000125334173246
     0.000252370778490    -0.000125334173246    -0.003746681910085
81 42
    -0.008033709416897     0.000085602122392    -0.000252370778490
     0.000085602122392    -0.008291161454458    -0.000125334173246
    -0.000252370778490    -0.000125334173246    -0.003746681910085
81 43
    -0.007861280145695     0.000126491496822     0.000049403112519
     0.000126491496822    -0.008007339945176     0.000028522900312
     0.000049403112519     0.000028522900312    -0.003149592403352
81 44
    -0.007861280145695    -0.000126491496822    -0.000049403112519
    -0.000126491496822    -0.008007339945176     0.000028522900312
    -0.000049403112519     0.000028522900312    -0.003149592403352
81 45
    -0.007228759006504     0.000000000000000     0.000000000000000
     0.000000000000000    -0.008152316465720    -0.000036745349762
     0.000000000000000    -0.000036745349762    -0.005027394158801
81 46
    -0.007339201039315     0.000002988764036    -0.000195526476086
     0.000002988764036    -0.007335749911873     0.000112887263602
    -0.000195526476086     0.000112887263602    -0.003150921204562
81 47
    -0.008080369844916     0.000000000000000     0.000000000000000
     0.000000000000000    -0.007788250245955    -0.000057045800624
     0.000000000000000    -0.000057045800624    -0.003149592403352
81 48
    -0.007339201039315    -0.000002988764036     0.000195526476086
    -0.000002988764036    -0.007335749911873     0.000112887263602
     0.000195526476086     0.000112887263602    -0.003150921204562
81 49
    -0.001683977342867     0.000308668476006     0.000121018619318
     0.000308668476006    -0.002040396998291     0.000069870132440
    -0.001122871882393    -0.000648290383565    -0.002042679399926
81 50
    -0.000455593086381     0.000388568751880    -0.000314963554610
     0.001821011363314    -0.001436419249264    -0.000795993932911
    -0.001394137209440    -0.001144782602981    -0.001277154453100
81 51
    -0.000455593086381    -0.000388568751880     0.000314963554610
    -0.001821011363314    -0.001436419249264    -0.000795993932911
     0.001394137209440    -0.001144782602981    -0.001277154453100
81 52
    -0.001683977342867    -0.000308668476006    -0.000121018619318
    -0.000308668476006    -0.002040396998291     0.000069870132440
     0.001122871882393    -0.000648290383565    -0.002042679399926
81 53
    -0.000234436452816     0.001693326521392    -0.000846832744464
     0.000260883909957    -0.001657575882829     0.000125230526897
    -0.001688479420712    -0.000634966938246    -0.001277154453100
81 54
    -0.003241519455739     0.000000000000000     0.000000000000000
     0.000000000000000    -0.003241519455739     0.000000000000000
     0.000000000000000     0.000000000000000    -0.001079682136003
81 55
    -0.000234436452816    -0.001693326521392     0.000846832744464
    -0.000260883909957    -0.001657575882829     0.000125230526897
     0.001688479420712    -0.000634966938246    -0.001277154453100
81 56
    -0.000998782967381     0.000000000000000     0.000000000000000
     0.000000000000000    -0.001090934323202    -0.006662947875908
     0.000000000000000     0.000355647310531     0.001209508168597
81 57
    -0.002147988964270    -0.000843906147640    -0.000531869189854
     0.000588536463795     0.000255976628626     0.000670763406014
    -0.000294342211271     0.001779749541227    -0.001277154453100
81 58
    -0.002147988964270     0.000843906147640     0.000531869189854
    -0.000588536463795     0.000255976628626     0.000670763406014
     0.000294342211271     0.001779749541227    -0.001277154453100
81 59
    -0.002910208837577    -0.000297389982303     0.000557321180309
    -0.000297389982303    -0.002566812464904     0.000321769533476
     0.000866861184062     0.000500482537968    -0.001792578052227
81 60
    -0.002910208837577     0.000297389982303    -0.000557321180309
     0.000297389982303    -0.002566812464904     0.000321769533476
    -0.000866861184062     0.000500482537968    -0.001792578052227
81 61
    -0.002218606826003     0.000000000000000     0.000000000000000
     0.000000000000000    -0.001505767515154    -0.000139740264880
     0.000000000000000     0.001296580767130    -0.002042679399926
81 62
    -0.001067896484247     0.000039902707567    -0.005770282124628
     0.000039902707567    -0.001021820806336     0.003331473937954
     0.000307999605707    -0.000177823655265     0.001209508168597
81 63
    -0.002395114278567     0.000000000000000     0.000000000000000
     0.000000000000000    -0.003081907023914    -0.000643539066952
     0.000000000000000    -0.001000965075936    -0.001792578052227
81 64
    -0.001067896484247    -0.000039902707567     0.005770282124628
    -0.000039902707567    -0.001021820806336     0.003331473937954
    -0.000307999605707    -0.000177823655265     0.001209508168597
81 65
     0.280063102572915     0.000000000000000     0.000000000000000
     0.000000000000000     0.280063102572915     0.000000000000000
     0.000000000000000     0.000000000000000    -1.843841438128918
81 66
    -0.163837642770438     0.145166236837216     0.169060310744690
    -0.145042145338258     0.202867500745353     0.133328564617869
     0.170086836971345    -0.142242751212044    -0.039978497560843
81 67
    -0.013999711533918     0.000000000000000     0.000000000000000
     0.000000000000000     0.021246069818928    -0.015283347606647
     0.000000000000000     0.012657850171924    -0.005238895172307
81 68
    -0.163837642770438    -0.145166236837216    -0.169060310744690
     0.145042145338258     0.202867500745353     0.133328564617869
    -0.170086836971345    -0.142242751212044    -0.039978497560843
81 69
     0.111244948061651    -0.303861153204544     0.199996079381535
    -0.013652771029070    -0.072215090086737     0.079746241567659
    -0.038142417568148     0.218420897272549    -0.039978497560843
81 70
    -0.011095846385787    -0.002477395759110    -0.001054998820967
    -0.002477395759110    -0.008235196168964    -0.000609103853280
     0.009265695063681     0.005349551539245     0.025580357072760
81 71
    -0.011095846385787     0.002477395759110     0.001054998820967
     0.002477395759110    -0.008235196168964    -0.000609103853280
    -0.009265695063681     0.005349551539245     0.025580357072760
81 72
     0.111244948061651     0.303861153204544    -0.199996079381535
     0.013652771029070    -0.072215090086737     0.079746241567659
     0.038142417568148     0.218420897272549    -0.039978497560843
81 73
     0.012434624480717    -0.015261871013898    -0.013235767282225
    -0.015261871013898    -0.005188266195706     0.007641673803324
     0.010962019806184    -0.006328925085962    -0.005238895172307
81 74
    -0.006804871060553     0.000000000000000     0.000000000000000
     0.000000000000000    -0.012526171494199     0.001218207706560
     0.000000000000000    -0.010699103078491     0.025580357072760
81 75
     0.012434624480717     0.015261871013898     0.013235767282225
     0.015261871013898    -0.005188266195706     0.007641673803324
    -0.010962019806184    -0.006328925085962    -0.005238895172307
81 76
    -0.006267189795712     0.000000000000000     0.000000000000000
     0.000000000000000    -0.012108374822546     0.014556418624188
     0.000000000000000    -0.001358084303736     0.025576501176395
81 77
     0.111137481671159    -0.013714816778549     0.030935768636845
    -0.303923198954023    -0.072107623696245    -0.213074806185528
    -0.208229254539492    -0.076178146060505    -0.039978497560843
81 78
     0.111137481671159     0.013714816778549    -0.030935768636845
     0.303923198954023    -0.072107623696245    -0.213074806185528
     0.208229254539492    -0.076178146060505    -0.039978497560843
81 79
    -0.010648078565838     0.002529307310722     0.012606228316668
     0.002529307310722    -0.007727486052421    -0.007278209312094
    -0.001176135507516     0.000679042151868     0.025576501176395
81 80
    -0.010648078565838    -0.002529307310722    -0.012606228316668
    -0.002529307310722    -0.007727486052421    -0.007278209312094
     0.001176135507516     0.000679042151868     0.025576501176395
81 81
    11.441079518867451     0.000000000000000     0.000000000000000
     0.000000000000000    11.441079518867452     0.000000000000000
     0.000000000000000     0.000000000000000    14.405177425598769
81 82
    -0.662077464469558    -0.031859227123572     0.096066387323969
     0.031859227123572     0.106431842767533    -0.034625784756808
    -0.096066387323969    -0.034625784756808     0.400540922648752
81 83
     0.005523821588766     0.000000000000000     0.000000000000000
     0.000000000000000    -0.016955926881097     0.010329963396641
     0.000000000000000     0.010329963396641     0.058863849562306
81 84
    -0.662077464469558     0.031859227123572    -0.096066387323969
    -0.031859227123572     0.106431842767533    -0.034625784756808
     0.096066387323969    -0.034625784756808     0.400540922648752
81 85
    -0.085695484041740    -0.300915064432479     0.018046384436617
    -0.364633518679622    -0.469950137660285     0.100508824250756
    -0.078020002887352    -0.065883039493948     0.400540922648752
81 86
     0.012759835415226     0.011446395527270    -0.006674046132033
     0.011446395527270    -0.000457323662614    -0.003853262330913
     0.012365321498894     0.007139121696003     0.000153912202320
81 87
     0.012759835415226    -0.011446395527270     0.006674046132033
    -0.011446395527270    -0.000457323662614    -0.003853262330913
    -0.012365321498894     0.007139121696003     0.000153912202320
81 88
    -0.085695484041740     0.300915064432479    -0.018046384436617
     0.364633518679622    -0.469950137660285     0.100508824250756
     0.078020002887352    -0.065883039493948     0.400540922648752
81 89
    -0.011335989763631     0.009734016622793     0.008946010721654
     0.009734016622793    -0.000096115528700    -0.005164981698320
     0.008946010721654    -0.005164981698320     0.058863849562306
81 90
    -0.007065903201534     0.000000000000000     0.000000000000000
     0.000000000000000     0.019368414954146     0.007706524661827
     0.000000000000000    -0.014278243392005     0.000153912202320
81 91
    -0.011335989763631    -0.009734016622793    -0.008946010721654
    -0.009734016622793    -0.000096115528700    -0.005164981698320
    -0.008946010721654    -0.005164981698320     0.058863849562306
81 92
    -0.007065903201534     0.000000000000000     0.000000000000000
     0.000000000000000     0.019368414954146    -0.014278243392005
     0.000000000000000     0.007706524661827     0.000153912202320
81 93
    -0.085695484041740    -0.364633518679622    -0.078020002887352
    -0.300915064432479    -0.469950137660285    -0.065883039493948
     0.018046384436617     0.100508824250756     0.400540922648752
81 94
    -0.085695484041740     0.364633518679622     0.078020002887352
     0.300915064432479    -0.469950137660285    -0.065883039493948
    -0.018046384436617     0.100508824250756     0.400540922648752
81 95
     0.012759835415226    -0.011446395527270    -0.012365321498894
    -0.011446395527270    -0.000457323662614     0.007139121696003
     0.006674046132033    -0.003853262330913     0.000153912202320
81 96
     0.012759835415226     0.011446395527270     0.012365321498894
     0.011446395527270    -0.000457323662614     0.007139121696003
    -0.006674046132033    -0.003853262330913     0.000153912202320