   6   96
1 1
    15.240631991153691     0.000000000000002     0.000000000000000
     0.000000000000002    15.240631991153696     0.000000000000000
     0.000000000000000     0.000000000000000    20.095376796711957
1 2
    -0.027221632749784    -0.926157442976294     0.027278467188929
     0.926157442976294    -0.090924913113847     0.006860358433030
    -0.027278467188929     0.006860358433030     0.259212357191173
1 3
    -0.325388544593514    -0.000000000000000     0.000000000000000
    -0.000000000000000     0.117102954822117     0.001333002453995
     0.000000000000000     0.001333002453995    -0.027069977541494
1 4
    -0.027221632749784     0.926157442976294    -0.027278467188929
    -0.926157442976294    -0.090924913113847     0.006860358433030
     0.027278467188929     0.006860358433030     0.259212357191173
1 5
    -0.074999093022832     0.953741772526134     0.019580478276535
    -0.898573113426454    -0.043147452840801     0.020193666345398
    -0.007697988912394    -0.027054024778428     0.259212357191173
1 6
    -0.046931110305763     0.066391499811846    -0.002192581702980
     0.066391499811846    -0.123593410882307    -0.001265887636436
     0.007348968106433     0.004242928714515    -0.007360370154910
1 7
    -0.046931110305763    -0.066391499811846     0.002192581702980
    -0.066391499811846    -0.123593410882308    -0.001265887636436
    -0.007348968106433     0.004242928714515    -0.007360370154910
1 8
    -0.074999093022831    -0.953741772526135    -0.019580478276535
     0.898573113426454    -0.043147452840800     0.020193666345398
     0.007697988912394    -0.027054024778428     0.259212357191173
1 9
     0.006480079968209    -0.191604439726302     0.001154413988467
    -0.191604439726302    -0.214765669739606    -0.000666501226998
     0.001154413988467    -0.000666501226998    -0.027069977541494
1 10
    -0.161924561170580    -0.000000000000000     0.000000000000000
    -0.000000000000000    -0.008599960017491     0.002531775272872
     0.000000000000000    -0.008485857429030    -0.007360370154910
1 11
     0.006480079968209     0.191604439726302    -0.001154413988467
     0.191604439726302    -0.214765669739606    -0.000666501226998
    -0.001154413988467    -0.000666501226998    -0.027069977541494
1 12
    -0.161924561170580    -0.000000000000000     0.000000000000000
    -0.000000000000000    -0.008599960017491    -0.008485857429030
     0.000000000000000     0.002531775272872    -0.007360370154910
1 13
    -0.074999093022832    -0.898573113426454    -0.007697988912394
     0.953741772526134    -0.043147452840801    -0.027054024778428
     0.019580478276535     0.020193666345398     0.259212357191173
1 14
    -0.074999093022831     0.898573113426454     0.007697988912394
    -0.953741772526135    -0.043147452840800    -0.027054024778428
    -0.019580478276535     0.020193666345398     0.259212357191173
1 15
    -0.046931110305763    -0.066391499811846    -0.007348968106433
    -0.066391499811846    -0.123593410882308     0.004242928714515
     0.002192581702980    -0.001265887636436    -0.007360370154910
1 16
    -0.046931110305763     0.066391499811846     0.007348968106433
     0.066391499811846    -0.123593410882307     0.004242928714515
    -0.002192581702980    -0.001265887636436    -0.007360370154910
1 17
    -0.001462561561745    -0.008258523567100    -0.014731366167002
    -0.008258523567100     0.008073560047403    -0.008505158222050
    -0.014731366167002    -0.008505158222050     0.016583037576289
1 18
     0.000836352903431     0.001372143623505     0.002217267536162
     0.001372143623505    -0.001378698130527     0.003936575460998
     0.002217267536162     0.003936575460998    -0.014566479455727
1 19
     0.000836352903431    -0.001372143623505    -0.002217267536162
    -0.001372143623505    -0.001378698130527     0.003936575460998
    -0.002217267536162     0.003936575460998    -0.014566479455727
1 20
    -0.001462561561745     0.008258523567100     0.014731366167002
     0.008258523567100     0.008073560047403    -0.008505158222050
     0.014731366167002    -0.008505158222050     0.016583037576289
1 21
     0.000363375863558     0.001645217044796     0.004517808121220
     0.001645217044796    -0.000905721090655    -0.000048077717196
     0.004517808121220    -0.000048077717196    -0.014566479455727
1 22
     0.012953958986464     0.000000000000000     0.000000000000000
     0.000000000000000     0.012953958986464     0.000000000000000
     0.000000000000000     0.000000000000000    -0.020164436522776
1 23
     0.000363375863558    -0.001645217044796    -0.004517808121220
    -0.001645217044796    -0.000905721090655    -0.000048077717196
    -0.004517808121220    -0.000048077717196    -0.014566479455727
1 24
     0.008852784749057    -0.000000000000000     0.000000000000000
     0.000000000000000    -0.012010209094437    -0.005191509250057
     0.000000000000000    -0.005191509250057    -0.014214934630185
1 25
    -0.002013246607634     0.000273073421291     0.002300540585058
     0.000273073421291     0.001470901380537    -0.003888497743802
     0.002300540585058    -0.003888497743802    -0.014566479455727
1 26
    -0.002013246607634    -0.000273073421291    -0.002300540585058
    -0.000273073421291     0.001470901380537    -0.003888497743802
    -0.002300540585058    -0.003888497743802    -0.014566479455727
1 27
    -0.000073798494668     0.001912805832790    -0.002411920355064
     0.001912805832790    -0.002282516419605    -0.001392522866260
    -0.002411920355064    -0.001392522866260    -0.010385283647950
1 28
    -0.000073798494668    -0.001912805832790     0.002411920355064
    -0.001912805832790    -0.002282516419605    -0.001392522866260
     0.002411920355064    -0.001392522866260    -0.010385283647950
1 29
     0.012841620851976    -0.000000000000000     0.000000000000000
    -0.000000000000000    -0.006230622366319     0.017010316444099
     0.000000000000000     0.017010316444099     0.016583037576289
1 30
    -0.006794460633563     0.009033941333732    -0.004495978894531
     0.009033941333732     0.003637036288183     0.002595754625028
    -0.004495978894531     0.002595754625028    -0.014214934630185
1 31
    -0.003386875382074     0.000000000000000     0.000000000000000
     0.000000000000000     0.001030560467801     0.002785045732520
     0.000000000000000     0.002785045732520    -0.010385283647950
1 32
    -0.006794460633563    -0.009033941333732     0.004495978894531
    -0.009033941333732     0.003637036288183     0.002595754625028
     0.004495978894531     0.002595754625028    -0.014214934630185
1 33
    -3.212685754887565    -1.350735643638817     2.692021078042554
    -1.350735643638820    -1.652990579969773     1.554239094072017
     2.513618406912164     1.451238263870738    -3.414809619490880
1 34
     0.016443403324077     0.111153925965455    -0.064841176557216
    -0.044679722136811    -0.048214683607305    -0.019927338699904
     0.036077175651082    -0.021459971422453    -0.031722874898870
1 35
     0.016443403324077    -0.111153925965455     0.064841176557216
     0.044679722136811    -0.048214683607305    -0.019927338699904
    -0.036077175651082    -0.021459971422453    -0.031722874898870
1 36
    -3.212685754887564     1.350735643638820    -2.692021078042556
     1.350735643638820    -1.652990579969773     1.554239094072016
    -2.513618406912165     1.451238263870737    -3.414809619490877
1 37
    -0.003265987268484    -0.033300500172632    -0.049678169822541
     0.122533147929634    -0.028505293014744    -0.046190436759869
    -0.000546292590791     0.041973736321857    -0.031722874898870
1 38
     0.011540739172706     0.000000000000000     0.000000000000000
     0.000000000000000     0.011540739172706     0.000000000000000
     0.000000000000000     0.000000000000000    -0.015155752653922
1 39
    -0.003265987268484     0.033300500172632     0.049678169822541
    -0.122533147929634    -0.028505293014744    -0.046190436759869
     0.000546292590791     0.041973736321857    -0.031722874898870
1 40
     0.245152845521052     0.000000000000000     0.000000000000000
     0.000000000000000    -0.131802484284659     0.043643152812949
     0.000000000000000     0.096430451542132    -0.138493143390253
1 41
    -0.060834336480435     0.089296046015312     0.015163006734675
    -0.066537602086954     0.029063056197207     0.066117775459773
    -0.036623468241873    -0.020513764899404    -0.031722874898870
1 42
    -0.060834336480435    -0.089296046015312    -0.015163006734675
     0.066537602086954     0.029063056197207     0.066117775459773
     0.036623468241873    -0.020513764899404    -0.031722874898870
1 43
     0.024852401051213    -0.014203193711669    -0.005194885068571
    -0.014203193711669     0.041252836476781    -0.002999268292749
     0.004051436899868     0.002339098184744    -0.000018771739040
1 44
     0.024852401051213     0.014203193711669     0.005194885068571
     0.014203193711669     0.041252836476781    -0.002999268292749
    -0.004051436899868     0.002339098184744    -0.000018771739040
1 45
    -0.873142992510878    -0.000000000000000     0.000000000000000
    -0.000000000000000    -3.992533342346459    -3.108478188144032
     0.000000000000000    -2.902476527741474    -3.414809619490878
1 46
    -0.037563651833231     0.163226445851844     0.037796079037260
     0.163226445851844     0.150914013069624    -0.021821576406474
     0.083511220733891    -0.048215225771066    -0.138493143390253
1 47
     0.049453054189566     0.000000000000000     0.000000000000000
     0.000000000000000     0.016652183338428     0.005998536585498
     0.000000000000000    -0.004678196369487    -0.000018771739040
1 48
    -0.037563651833231    -0.163226445851844    -0.037796079037260
    -0.163226445851844     0.150914013069624    -0.021821576406474
    -0.083511220733891    -0.048215225771066    -0.138493143390253
1 49
    -3.131325076177338    -1.327274011039616    -2.643524987038657
    -1.327274011039619    -1.598721061053099    -1.526239862876273
    -2.405047622305799    -1.388554892152124    -3.275178825619249
1 50
     0.023544605225829     0.104483591681632     0.067989889758884
    -0.046578255936892    -0.039794589977858     0.013953846595069
    -0.021011037627753     0.008202841894609    -0.047163438427385
1 51
     0.023544605225829    -0.104483591681632    -0.067989889758884
     0.046578255936892    -0.039794589977858     0.013953846595069
     0.021011037627753     0.008202841894609    -0.047163438427385
1 52
    -3.131325076177335     1.327274011039618     2.643524987038659
     1.327274011039619    -1.598721061053099    -1.526239862876272
     2.405047622305800    -1.388554892152123    -3.275178825619245
1 53
     0.001113954707870    -0.033627913822250     0.046079330511283
     0.117433933796274    -0.017363939459898     0.051904048434163
    -0.003401649349917    -0.022297513292810    -0.047163438427385
1 54
     0.006968135870636     0.000000000000000     0.000000000000000
     0.000000000000000     0.006968135870636     0.000000000000000
     0.000000000000000     0.000000000000000    -0.018955654600456
1 55
     0.001113954707870     0.033627913822250    -0.046079330511283
    -0.117433933796274    -0.017363939459898     0.051904048434163
     0.003401649349917    -0.022297513292810    -0.047163438427385
1 56
     0.246474597662851     0.000000000000000     0.000000000000000
     0.000000000000000    -0.128449579175264    -0.070245466538852
     0.000000000000000    -0.128375409317025    -0.116568205823951
1 57
    -0.049033537061742     0.088481265923904    -0.021910559247601
    -0.062580581694619     0.032783552309713    -0.065857895029232
     0.017609388277835     0.014094671398200    -0.047163438427385
1 58
    -0.049033537061742    -0.088481265923904     0.021910559247601
     0.062580581694619     0.032783552309713    -0.065857895029232
    -0.017609388277835     0.014094671398200    -0.047163438427385
1 59
     0.025868714523702    -0.016494026149222     0.003665895032421
    -0.016494026149222     0.044914375398250     0.002116505483789
    -0.000860579950960    -0.000496856066346    -0.009444204890893
1 60
     0.025868714523702     0.016494026149222    -0.003665895032421
     0.016494026149222     0.044914375398250     0.002116505483789
     0.000860579950960    -0.000496856066346    -0.009444204890893
1 61
    -0.832419053490981    -0.000000000000000     0.000000000000000
    -0.000000000000000    -3.897627083739454     3.052479725752543
     0.000000000000000     2.777109784304246    -3.275178825619246
1 62
    -0.034718534965735     0.162346930817388    -0.060834358523336
     0.162346930817388     0.152743553453322     0.035122733269426
    -0.111176365689769     0.064187704658512    -0.116568205823951
1 63
     0.054437205835525     0.000000000000000     0.000000000000000
     0.000000000000000     0.016345884086428    -0.004233010967579
     0.000000000000000     0.000993712132692    -0.009444204890893
1 64
    -0.034718534965735    -0.162346930817388     0.060834358523336
    -0.162346930817388     0.152743553453322     0.035122733269426
     0.111176365689769     0.064187704658512    -0.116568205823951
1 65
    -0.056155395035462    -0.000000000000000     0.000000000000000
    -0.000000000000000    -0.056155395035462     0.000000000000000
     0.000000000000000     0.000000000000000     0.140357337862571
1 66
    -0.004956576992180     0.007438894014081    -0.005211689647110
     0.008704606249770    -0.012940358620747    -0.027462161417884
    -0.014716884744065     0.019718223555004    -0.038460440066975
1 67
    -0.002169569724416    -0.000000000000000     0.000000000000000
    -0.000000000000000    -0.000077266164650     0.003003727836884
     0.000000000000000     0.001656413815733    -0.001962761205738
1 68
    -0.004956576992180    -0.007438894014081     0.005211689647110
    -0.008704606249770    -0.012940358620747    -0.027462161417884
     0.014716884744065     0.019718223555004    -0.038460440066975
1 69
    -0.003954072546357     0.008125810038111    -0.026388774254272
     0.006860097802421    -0.013942863066569     0.009217625077904
     0.009718040144102    -0.022604307830430    -0.038460440066975
1 70
     0.001517284172378    -0.002877650655480    -0.005471086064205
    -0.002877650655480     0.004840108933528    -0.003158733011928
    -0.008641495466938    -0.004989169734037     0.004409408474205
1 71
     0.001517284172378     0.002877650655480     0.005471086064205
     0.002877650655480     0.004840108933528    -0.003158733011928
     0.008641495466938    -0.004989169734037     0.004409408474205
1 72
    -0.003954072546357    -0.008125810038111     0.026388774254272
    -0.006860097802421    -0.013942863066569     0.009217625077904
    -0.009718040144102    -0.022604307830430    -0.038460440066975
1 73
    -0.000600342054592    -0.000905994017593     0.002601304612796
    -0.000905994017593    -0.001646493834474    -0.001501863918442
     0.001434496443604    -0.000828206907866    -0.001962761205738
1 74
     0.006501521314103     0.000000000000000     0.000000000000000
     0.000000000000000    -0.000144128208198     0.006317466023856
     0.000000000000000     0.009978339468075     0.004409408474205
1 75
    -0.000600342054592     0.000905994017593    -0.002601304612796
     0.000905994017593    -0.001646493834474    -0.001501863918442
    -0.001434496443604    -0.000828206907866    -0.001962761205738
1 76
     0.004821911243761     0.000000000000000     0.000000000000000
    -0.000000000000000     0.013835910099604     0.014035776718733
     0.000000000000000    -0.004188655298587     0.003575774102092
1 77
    -0.017934753880853    -0.001211652329504    -0.021177084607162
     0.000054059906185     0.000037818267926     0.018244536339980
     0.024434924888167     0.002886084275426    -0.038460440066975
1 78
    -0.017934753880853     0.001211652329504     0.021177084607162
    -0.000054059906185     0.000037818267926     0.018244536339980
    -0.024434924888167     0.002886084275426    -0.038460440066975
1 79
     0.011582410385643    -0.003903175999422     0.012155339200269
    -0.003903175999422     0.007075410957721    -0.007017888359366
    -0.003627481896272     0.002094327649293     0.003575774102092
1 80
     0.011582410385643     0.003903175999422    -0.012155339200269
     0.003903175999422     0.007075410957721    -0.007017888359366
     0.003627481896272     0.002094327649293     0.003575774102092
1 81
    -0.002096711077580    -0.000000000000000     0.000000000000000
    -0.000000000000000    -0.002096711077580     0.000000000000000
     0.000000000000000     0.000000000000000     0.013143249678391
1 82
    -0.003259037963078    -0.002138596752537    -0.003627364939150
     0.001465524284854    -0.002635216778674    -0.000440721771559
     0.000702020062977    -0.004460736085459     0.000868891664145
1 83
    -0.003048707257971    -0.000000000000000     0.000000000000000
    -0.000000000000000    -0.002279861980854     0.000454634857155
     0.000000000000000    -0.001566551428019     0.003868774758601
1 84
    -0.003259037963078     0.002138596752537     0.003627364939150
    -0.001465524284854    -0.002635216778674    -0.000440721771559
    -0.000702020062977    -0.004460736085459     0.000868891664145
1 85
    -0.003082621002575     0.001363669905218    -0.002195358719746
    -0.002240451132173    -0.002811633739176    -0.002921029300322
    -0.003512100738097     0.002838335251234     0.000868891664145
1 86
    -0.002134178440129    -0.000784586376347    -0.001386608885652
    -0.000784586376347    -0.001228216128955    -0.000800559013392
    -0.000440976495974    -0.000254597898657     0.002095381194401
1 87
    -0.002134178440129     0.000784586376347     0.001386608885652
     0.000784586376347    -0.001228216128955    -0.000800559013392
     0.000440976495974    -0.000254597898657     0.002095381194401
1 88
    -0.003082621002575    -0.001363669905218     0.002195358719746
     0.002240451132173    -0.002811633739176    -0.002921029300322
     0.003512100738097     0.002838335251234     0.000868891664145
1 89
    -0.002472073300133    -0.000332919770781     0.000393725335742
    -0.000332919770781    -0.002856495938692    -0.000227317428577
    -0.001356673332999     0.000783275714009     0.003868774758601
1 90
    -0.000775234973369    -0.000000000000000     0.000000000000000
    -0.000000000000000    -0.002587159595715     0.001601118026784
     0.000000000000000     0.000509195797314     0.002095381194401
1 91
    -0.002472073300133     0.000332919770781    -0.000393725335742
     0.000332919770781    -0.002856495938692    -0.000227317428577
     0.001356673332999     0.000783275714009     0.003868774758601
1 92
    -0.000744379742647    -0.000000000000000     0.000000000000000
    -0.000000000000000     0.000803983073425    -0.001010237321732
     0.000000000000000     0.000411330241836     0.004464213345886
1 93
    -0.002499723146974    -0.001903914898332     0.001432006219405
     0.001700206139060    -0.003394531594778     0.003361751071880
    -0.004214120801074     0.001622400834225     0.000868891664145
1 94
    -0.002499723146974     0.001903914898332    -0.001432006219405
    -0.001700206139060    -0.003394531594778     0.003361751071880
     0.004214120801074     0.001622400834225     0.000868891664145
1 95
     0.000416892369407    -0.000670460766497    -0.000874891184471
    -0.000670460766497    -0.000357289038629     0.000505118660866
     0.000356222438775    -0.000205665120918     0.004464213345886
1 96
     0.000416892369407     0.000670460766497     0.000874891184471
     0.000670460766497    -0.000357289038629     0.000505118660866
    -0.000356222438775    -0.000205665120918     0.004464213345886
17 1
    -0.001462561561745    -0.008258523567100    -0.014731366167002
    -0.008258523567100     0.008073560047403    -0.008505158222050
    -0.014731366167002    -0.008505158222050     0.016583037576289
17 2
    -0.001462561561745     0.008258523567100     0.014731366167002
     0.008258523567100     0.008073560047403    -0.008505158222050
     0.014731366167002    -0.008505158222050     0.016583037576289
17 3
     0.000836352903431    -0.001372143623505    -0.002217267536162
    -0.001372143623505    -0.001378698130527     0.003936575460998
    -0.002217267536162     0.003936575460998    -0.014566479455727
17 4
     0.000836352903431     0.001372143623505     0.002217267536162
     0.001372143623505    -0.001378698130527     0.003936575460998
     0.002217267536162     0.003936575460998    -0.014566479455727
17 5
     0.012841620851976    -0.000000000000000     0.000000000000000
    -0.000000000000000    -0.006230622366319     0.017010316444099
     0.000000000000000     0.017010316444099     0.016583037576289
17 6
    -0.006794460633563    -0.009033941333732     0.004495978894531
    -0.009033941333732     0.003637036288183     0.002595754625028
     0.004495978894531     0.002595754625028    -0.014214934630185
17 7
    -0.003386875382074     0.000000000000000     0.000000000000000
     0.000000000000000     0.001030560467801     0.002785045732520
     0.000000000000000     0.002785045732520    -0.010385283647950
17 8
    -0.006794460633563     0.009033941333732    -0.004495978894531
     0.009033941333732     0.003637036288183     0.002595754625028
    -0.004495978894531     0.002595754625028    -0.014214934630185
17 9
    -0.002013246607634     0.000273073421291     0.002300540585058
     0.000273073421291     0.001470901380537    -0.003888497743802
     0.002300540585058    -0.003888497743802    -0.014566479455727
17 10
    -0.000073798494668    -0.001912805832790     0.002411920355064
    -0.001912805832790    -0.002282516419605    -0.001392522866260
     0.002411920355064    -0.001392522866260    -0.010385283647950
17 11
    -0.000073798494668     0.001912805832790    -0.002411920355064
     0.001912805832790    -0.002282516419605    -0.001392522866260
    -0.002411920355064    -0.001392522866260    -0.010385283647950
17 12
    -0.002013246607634    -0.000273073421291    -0.002300540585058
    -0.000273073421291     0.001470901380537    -0.003888497743802
    -0.002300540585058    -0.003888497743802    -0.014566479455727
17 13
     0.000363375863558     0.001645217044796     0.004517808121220
     0.001645217044796    -0.000905721090655    -0.000048077717196
     0.004517808121220    -0.000048077717196    -0.014566479455727
17 14
     0.008852784749057     0.000000000000000     0.000000000000000
    -0.000000000000000    -0.012010209094437    -0.005191509250057
     0.000000000000000    -0.005191509250057    -0.014214934630185
17 15
     0.000363375863558    -0.001645217044796    -0.004517808121220
    -0.001645217044796    -0.000905721090655    -0.000048077717196
    -0.004517808121220    -0.000048077717196    -0.014566479455727
17 16
     0.012953958986464     0.000000000000000     0.000000000000000
     0.000000000000000     0.012953958986464     0.000000000000000
     0.000000000000000     0.000000000000000    -0.020164436522776
17 17
    15.240631991153696     0.000000000000000     0.000000000000000
     0.000000000000000    15.240631991153693     0.000000000000000
     0.000000000000000     0.000000000000000    20.095376796711957
17 18
    -0.027221632749784     0.926157442976295    -0.027278467188929
    -0.926157442976294    -0.090924913113847     0.006860358433030
     0.027278467188929     0.006860358433030     0.259212357191173
17 19
    -0.325388544593514    -0.000000000000000     0.000000000000000
    -0.000000000000000     0.117102954822117     0.001333002453995
     0.000000000000000     0.001333002453995    -0.027069977541494
17 20
    -0.027221632749784    -0.926157442976294     0.027278467188929
     0.926157442976295    -0.090924913113847     0.006860358433030
    -0.027278467188929     0.006860358433030     0.259212357191173
17 21
    -0.074999093022831    -0.898573113426454    -0.007697988912394
     0.953741772526135    -0.043147452840800    -0.027054024778428
     0.019580478276535     0.020193666345398     0.259212357191173
17 22
    -0.046931110305763     0.066391499811846     0.007348968106433
     0.066391499811846    -0.123593410882307     0.004242928714515
    -0.002192581702980    -0.001265887636436    -0.007360370154910
17 23
    -0.046931110305763    -0.066391499811846    -0.007348968106433
    -0.066391499811846    -0.123593410882307     0.004242928714515
     0.002192581702980    -0.001265887636436    -0.007360370154910
17 24
    -0.074999093022832     0.898573113426454     0.007697988912394
    -0.953741772526135    -0.043147452840800    -0.027054024778428
    -0.019580478276535     0.020193666345398     0.259212357191173
17 25
     0.006480079968209    -0.191604439726302     0.001154413988467
    -0.191604439726302    -0.214765669739606    -0.000666501226998
     0.001154413988467    -0.000666501226998    -0.027069977541494
17 26
    -0.161924561170580     0.000000000000000     0.000000000000000
     0.000000000000000    -0.008599960017491    -0.008485857429030
     0.000000000000000     0.002531775272872    -0.007360370154910
17 27
     0.006480079968209     0.191604439726302    -0.001154413988467
     0.191604439726302    -0.214765669739606    -0.000666501226998
    -0.001154413988467    -0.000666501226998    -0.027069977541494
17 28
    -0.161924561170580     0.000000000000000     0.000000000000000
     0.000000000000000    -0.008599960017491     0.002531775272872
     0.000000000000000    -0.008485857429030    -0.007360370154910
17 29
    -0.074999093022831     0.953741772526135     0.019580478276535
    -0.898573113426454    -0.043147452840800     0.020193666345398
    -0.007697988912394    -0.027054024778428     0.259212357191173
17 30
    -0.074999093022832    -0.953741772526135    -0.019580478276535
     0.898573113426454    -0.043147452840800     0.020193666345398
     0.007697988912394    -0.027054024778428     0.259212357191173
17 31
    -0.046931110305763    -0.066391499811846     0.002192581702980
    -0.066391499811846    -0.123593410882307    -0.001265887636436
    -0.007348968106433     0.004242928714515    -0.007360370154910
17 32
    -0.046931110305763     0.066391499811846    -0.002192581702980
     0.066391499811846    -0.123593410882307    -0.001265887636436
     0.007348968106433     0.004242928714515    -0.007360370154910
17 33
    -0.002096711077580    -0.000000000000000     0.000000000000000
    -0.000000000000000    -0.002096711077580     0.000000000000000
     0.000000000000000     0.000000000000000     0.013143249678391
17 34
    -0.003259037963078     0.002138596752537     0.003627364939150
    -0.001465524284854    -0.002635216778674    -0.000440721771559
    -0.000702020062977    -0.004460736085459     0.000868891664145
17 35
    -0.003048707257971    -0.000000000000000     0.000000000000000
    -0.000000000000000    -0.002279861980854     0.000454634857155
     0.000000000000000    -0.001566551428019     0.003868774758601
17 36
    -0.003259037963078    -0.002138596752537    -0.003627364939150
     0.001465524284854    -0.002635216778674    -0.000440721771559
     0.000702020062977    -0.004460736085459     0.000868891664145
17 37
    -0.002499723146974    -0.001903914898332     0.001432006219405
     0.001700206139060    -0.003394531594778     0.003361751071880
    -0.004214120801074     0.001622400834225     0.000868891664145
17 38
     0.000416892369407     0.000670460766497     0.000874891184471
     0.000670460766497    -0.000357289038629     0.000505118660866
    -0.000356222438775    -0.000205665120918     0.004464213345886
17 39
     0.000416892369407    -0.000670460766497    -0.000874891184471
    -0.000670460766497    -0.000357289038629     0.000505118660866
     0.000356222438775    -0.000205665120918     0.004464213345886
17 40
    -0.002499723146974     0.001903914898332    -0.001432006219405
    -0.001700206139060    -0.003394531594778     0.003361751071880
     0.004214120801074     0.001622400834225     0.000868891664145
17 41
    -0.002472073300133    -0.000332919770781     0.000393725335742
    -0.000332919770781    -0.002856495938692    -0.000227317428577
    -0.001356673332999     0.000783275714009     0.003868774758601
17 42
    -0.000744379742647     0.000000000000000     0.000000000000000
     0.000000000000000     0.000803983073425    -0.001010237321732
     0.000000000000000     0.000411330241836     0.004464213345886
17 43
    -0.002472073300133     0.000332919770781    -0.000393725335742
     0.000332919770781    -0.002856495938692    -0.000227317428577
     0.001356673332999     0.000783275714009     0.003868774758601
17 44
    -0.000775234973369    -0.000000000000000     0.000000000000000
    -0.000000000000000    -0.002587159595715     0.001601118026784
     0.000000000000000     0.000509195797314     0.002095381194401
17 45
    -0.003082621002575     0.001363669905218    -0.002195358719746
    -0.002240451132173    -0.002811633739176    -0.002921029300322
    -0.003512100738097     0.002838335251234     0.000868891664145
17 46
    -0.003082621002575    -0.001363669905218     0.002195358719746
     0.002240451132173    -0.002811633739176    -0.002921029300322
     0.003512100738097     0.002838335251234     0.000868891664145
17 47
    -0.002134178440129     0.000784586376347     0.001386608885652
     0.000784586376347    -0.001228216128955    -0.000800559013392
     0.000440976495974    -0.000254597898657     0.002095381194401
17 48
    -0.002134178440129    -0.000784586376347    -0.001386608885652
    -0.000784586376347    -0.001228216128955    -0.000800559013392
    -0.000440976495974    -0.000254597898657     0.002095381194401
17 49
    -0.056155395035462    -0.000000000000000     0.000000000000000
    -0.000000000000000    -0.056155395035462     0.000000000000000
     0.000000000000000     0.000000000000000     0.140357337862571
17 50
    -0.004956576992180    -0.007438894014081     0.005211689647110
    -0.008704606249770    -0.012940358620747    -0.027462161417884
     0.014716884744065     0.019718223555004    -0.038460440066975
17 51
    -0.002169569724416    -0.000000000000000     0.000000000000000
    -0.000000000000000    -0.000077266164650     0.003003727836884
     0.000000000000000     0.001656413815733    -0.001962761205738
17 52
    -0.004956576992180     0.007438894014081    -0.005211689647110
     0.008704606249770    -0.012940358620747    -0.027462161417884
    -0.014716884744065     0.019718223555004    -0.038460440066975
17 53
    -0.017934753880853    -0.001211652329504    -0.021177084607162
     0.000054059906185     0.000037818267926     0.018244536339980
     0.024434924888167     0.002886084275426    -0.038460440066975
17 54
     0.011582410385643     0.003903175999422    -0.012155339200269
     0.003903175999422     0.007075410957721    -0.007017888359366
     0.003627481896272     0.002094327649293     0.003575774102092
17 55
     0.011582410385643    -0.003903175999422     0.012155339200269
    -0.003903175999422     0.007075410957721    -0.007017888359366
    -0.003627481896272     0.002094327649293     0.003575774102092
17 56
    -0.017934753880853     0.001211652329504     0.021177084607162
    -0.000054059906185     0.000037818267926     0.018244536339980
    -0.024434924888167     0.002886084275426    -0.038460440066975
17 57
    -0.000600342054592    -0.000905994017593     0.002601304612796
    -0.000905994017593    -0.001646493834474    -0.001501863918442
     0.001434496443604    -0.000828206907866    -0.001962761205738
17 58
     0.004821911243761     0.000000000000000     0.000000000000000
     0.000000000000000     0.013835910099604     0.014035776718733
     0.000000000000000    -0.004188655298587     0.003575774102092
17 59
    -0.000600342054592     0.000905994017593    -0.002601304612796
     0.000905994017593    -0.001646493834474    -0.001501863918442
    -0.001434496443604    -0.000828206907866    -0.001962761205738
17 60
     0.006501521314103     0.000000000000000     0.000000000000000
     0.000000000000000    -0.000144128208198     0.006317466023856
     0.000000000000000     0.009978339468075     0.004409408474205
17 61
    -0.003954072546357     0.008125810038111    -0.026388774254272
     0.006860097802421    -0.013942863066569     0.009217625077904
     0.009718040144102    -0.022604307830430    -0.038460440066975
17 62
    -0.003954072546357    -0.008125810038111     0.026388774254272
    -0.006860097802421    -0.013942863066569     0.009217625077904
    -0.009718040144102    -0.022604307830430    -0.038460440066975
17 63
     0.001517284172378     0.002877650655480     0.005471086064205
     0.002877650655480     0.004840108933528    -0.003158733011928
     0.008641495466938    -0.004989169734037     0.004409408474205
17 64
     0.001517284172378    -0.002877650655480    -0.005471086064205
    -0.002877650655480     0.004840108933528    -0.003158733011928
    -0.008641495466938    -0.004989169734037     0.004409408474205
17 65
    -3.131325076177335    -1.327274011039619    -2.643524987038659
    -1.327274011039619    -1.598721061053099    -1.526239862876272
    -2.405047622305800    -1.388554892152123    -3.275178825619246
17 66
    -3.131325076177336     1.327274011039618     2.643524987038659
     1.327274011039619    -1.598721061053099    -1.526239862876272
     2.405047622305800    -1.388554892152123    -3.275178825619246
17 67
     0.023544605225829    -0.104483591681632    -0.067989889758884
     0.046578255936892    -0.039794589977858     0.013953846595069
     0.021011037627753     0.008202841894609    -0.047163438427385
17 68
     0.023544605225829     0.104483591681632     0.067989889758884
    -0.046578255936892    -0.039794589977858     0.013953846595069
    -0.021011037627753     0.008202841894609    -0.047163438427385
17 69
    -0.832419053490981     0.000000000000000     0.000000000000000
     0.000000000000000    -3.897627083739452     3.052479725752543
     0.000000000000000     2.777109784304246    -3.275178825619246
17 70
    -0.034718534965735    -0.162346930817388     0.060834358523336
    -0.162346930817388     0.152743553453322     0.035122733269426
     0.111176365689769     0.064187704658512    -0.116568205823951
17 71
     0.054437205835525     0.000000000000000     0.000000000000000
     0.000000000000000     0.016345884086428    -0.004233010967579
     0.000000000000000     0.000993712132692    -0.009444204890893
17 72
    -0.034718534965735     0.162346930817388    -0.060834358523336
     0.162346930817388     0.152743553453322     0.035122733269426
    -0.111176365689769     0.064187704658512    -0.116568205823951
17 73
    -0.049033537061742     0.088481265923904    -0.021910559247601
    -0.062580581694619     0.032783552309713    -0.065857895029232
     0.017609388277836     0.014094671398200    -0.047163438427385
17 74
     0.025868714523702     0.016494026149222    -0.003665895032421
     0.016494026149222     0.044914375398250     0.002116505483789
     0.000860579950960    -0.000496856066346    -0.009444204890893
17 75
     0.025868714523702    -0.016494026149222     0.003665895032421
    -0.016494026149222     0.044914375398250     0.002116505483789
    -0.000860579950960    -0.000496856066346    -0.009444204890893
17 76
    -0.049033537061742    -0.088481265923904     0.021910559247601
     0.062580581694619     0.032783552309713    -0.065857895029232
    -0.017609388277836     0.014094671398200    -0.047163438427385
17 77
     0.001113954707870    -0.033627913822250     0.046079330511283
     0.117433933796274    -0.017363939459898     0.051904048434163
    -0.003401649349917    -0.022297513292810    -0.047163438427385
17 78
     0.246474597662851     0.000000000000000     0.000000000000000
     0.000000000000000    -0.128449579175264    -0.070245466538852
     0.000000000000000    -0.128375409317025    -0.116568205823951
17 79
     0.001113954707870     0.033627913822250    -0.046079330511283
    -0.117433933796274    -0.017363939459898     0.051904048434163
     0.003401649349917    -0.022297513292810    -0.047163438427385
17 80
     0.006968135870636     0.000000000000000     0.000000000000000
     0.000000000000000     0.006968135870636     0.000000000000000
     0.000000000000000     0.000000000000000    -0.018955654600456
17 81
    -3.212685754887564    -1.350735643638820     2.692021078042556
    -1.350735643638820    -1.652990579969773     1.554239094072016
     2.513618406912165     1.451238263870737    -3.414809619490878
17 82
    -3.212685754887564     1.350735643638820    -2.692021078042556
     1.350735643638820    -1.652990579969773     1.554239094072016
    -2.513618406912165     1.451238263870737    -3.414809619490878
17 83
     0.016443403324077    -0.111153925965455     0.064841176557216
     0.044679722136811    -0.048214683607305    -0.019927338699904
    -0.036077175651082    -0.021459971422453    -0.031722874898870
17 84
     0.016443403324077     0.111153925965455    -0.064841176557216
    -0.044679722136811    -0.048214683607305    -0.019927338699904
     0.036077175651082    -0.021459971422453    -0.031722874898870
17 85
    -0.873142992510878     0.000000000000000     0.000000000000000
     0.000000000000000    -3.992533342346457    -3.108478188144032
     0.000000000000000    -2.902476527741474    -3.414809619490878
17 86
    -0.037563651833231    -0.163226445851844    -0.037796079037260
    -0.163226445851844     0.150914013069624    -0.021821576406474
    -0.083511220733891    -0.048215225771066    -0.138493143390253
17 87
     0.049453054189566     0.000000000000000     0.000000000000000
     0.000000000000000     0.016652183338428     0.005998536585498
     0.000000000000000    -0.004678196369487    -0.000018771739040
17 88
    -0.037563651833231     0.163226445851844     0.037796079037260
     0.163226445851844     0.150914013069624    -0.021821576406474
     0.083511220733891    -0.048215225771066    -0.138493143390253
17 89
    -0.060834336480435     0.089296046015312     0.015163006734675
    -0.066537602086954     0.029063056197207     0.066117775459773
    -0.036623468241873    -0.020513764899404    -0.031722874898870
17 90
     0.024852401051213     0.014203193711669     0.005194885068571
     0.014203193711669     0.041252836476781    -0.002999268292749
    -0.004051436899868     0.002339098184744    -0.000018771739040
17 91
     0.024852401051213    -0.014203193711669    -0.005194885068571
    -0.014203193711669     0.041252836476781    -0.002999268292749
     0.004051436899868     0.002339098184744    -0.000018771739040
17 92
    -0.060834336480435    -0.089296046015312    -0.015163006734675
     0.066537602086954     0.029063056197207     0.066117775459773
     0.036623468241873    -0.020513764899404    -0.031722874898870
17 93
    -0.003265987268484    -0.033300500172632    -0.049678169822541
     0.122533147929634    -0.028505293014744    -0.046190436759869
    -0.000546292590791     0.041973736321857    -0.031722874898870
17 94
     0.245152845521052     0.000000000000000     0.000000000000000
     0.000000000000000    -0.131802484284659     0.043643152812949
     0.000000000000000     0.096430451542132    -0.138493143390253
17 95
    -0.003265987268484     0.033300500172632     0.049678169822541
    -0.122533147929634    -0.028505293014743    -0.046190436759869
     0.000546292590791     0.041973736321857    -0.031722874898870
17 96
     0.011540739172706     0.000000000000000     0.000000000000000
     0.000000000000000     0.011540739172706     0.000000000000000
     0.000000000000000     0.000000000000000    -0.015155752653922
33 1
    -3.212685754887565    -1.350735643638820     2.513618406912164
    -1.350735643638817    -1.652990579969773     1.451238263870738
     2.692021078042554     1.554239094072017    -3.414809619490880
33 2
    -3.212685754887564     1.350735643638820    -2.513618406912165
     1.350735643638820    -1.652990579969773     1.451238263870737
    -2.692021078042556     1.554239094072016    -3.414809619490877
33 3
     0.016443403324077     0.044679722136811    -0.036077175651082
    -0.111153925965455    -0.048214683607305    -0.021459971422453
     0.064841176557216    -0.019927338699904    -0.031722874898870
33 4
     0.016443403324077    -0.044679722136811     0.036077175651082
     0.111153925965455    -0.048214683607305    -0.021459971422453
    -0.064841176557216    -0.019927338699904    -0.031722874898870
33 5
    -0.873142992510878    -0.000000000000000     0.000000000000000
    -0.000000000000000    -3.992533342346459    -2.902476527741474
     0.000000000000000    -3.108478188144032    -3.414809619490878
33 6
    -0.037563651833231    -0.163226445851844    -0.083511220733891
    -0.163226445851844     0.150914013069624    -0.048215225771066
    -0.037796079037260    -0.021821576406474    -0.138493143390253
33 7
     0.049453054189566     0.000000000000000     0.000000000000000
     0.000000000000000     0.016652183338428    -0.004678196369487
     0.000000000000000     0.005998536585498    -0.000018771739040
33 8
    -0.037563651833231     0.163226445851844     0.083511220733891
     0.163226445851844     0.150914013069624    -0.048215225771066
     0.037796079037260    -0.021821576406474    -0.138493143390253
33 9
    -0.060834336480435    -0.066537602086954    -0.036623468241873
     0.089296046015312     0.029063056197207    -0.020513764899404
     0.015163006734675     0.066117775459773    -0.031722874898870
33 10
     0.024852401051213     0.014203193711669    -0.004051436899868
     0.014203193711669     0.041252836476781     0.002339098184744
     0.005194885068571    -0.002999268292749    -0.000018771739040
33 11
     0.024852401051213    -0.014203193711669     0.004051436899868
    -0.014203193711669     0.041252836476781     0.002339098184744
    -0.005194885068571    -0.002999268292749    -0.000018771739040
33 12
    -0.060834336480435     0.066537602086954     0.036623468241873
    -0.089296046015312     0.029063056197207    -0.020513764899404
    -0.015163006734675     0.066117775459773    -0.031722874898870
33 13
    -0.003265987268484     0.122533147929634    -0.000546292590791
    -0.033300500172632    -0.028505293014744     0.041973736321857
    -0.049678169822541    -0.046190436759869    -0.031722874898870
33 14
     0.245152845521052     0.000000000000000     0.000000000000000
     0.000000000000000    -0.131802484284659     0.096430451542132
     0.000000000000000     0.043643152812949    -0.138493143390253
33 15
    -0.003265987268484    -0.122533147929634     0.000546292590791
     0.033300500172632    -0.028505293014744     0.041973736321857
     0.049678169822541    -0.046190436759869    -0.031722874898870
33 16
     0.011540739172706     0.000000000000000     0.000000000000000
     0.000000000000000     0.011540739172706     0.000000000000000
     0.000000000000000     0.000000000000000    -0.015155752653922
33 17
    -0.002096711077580    -0.000000000000000     0.000000000000000
    -0.000000000000000    -0.002096711077580     0.000000000000000
     0.000000000000000     0.000000000000000     0.013143249678391
33 18
    -0.003259037963078     0.001465524284854     0.000702020062977
    -0.002138596752537    -0.002635216778674    -0.004460736085459
    -0.003627364939150    -0.000440721771559     0.000868891664145
33 19
    -0.003048707257971    -0.000000000000000     0.000000000000000
    -0.000000000000000    -0.002279861980854    -0.001566551428019
     0.000000000000000     0.000454634857155     0.003868774758601
33 20
    -0.003259037963078    -0.001465524284854    -0.000702020062977
     0.002138596752537    -0.002635216778674    -0.004460736085459
     0.003627364939150    -0.000440721771559     0.000868891664145
33 21
    -0.003082621002575    -0.002240451132173    -0.003512100738097
     0.001363669905218    -0.002811633739176     0.002838335251234
    -0.002195358719746    -0.002921029300322     0.000868891664145
33 22
    -0.002134178440129    -0.000784586376347    -0.000440976495974
    -0.000784586376347    -0.001228216128955    -0.000254597898657
    -0.001386608885652    -0.000800559013392     0.002095381194401
33 23
    -0.002134178440129     0.000784586376347     0.000440976495974
     0.000784586376347    -0.001228216128955    -0.000254597898657
     0.001386608885652    -0.000800559013392     0.002095381194401
33 24
    -0.003082621002575     0.002240451132173     0.003512100738097
    -0.001363669905218    -0.002811633739176     0.002838335251234
     0.002195358719746    -0.002921029300322     0.000868891664145
33 25
    -0.002472073300133    -0.000332919770781    -0.001356673332999
    -0.000332919770781    -0.002856495938692     0.000783275714009
     0.000393725335742    -0.000227317428577     0.003868774758601
33 26
    -0.000775234973369    -0.000000000000000     0.000000000000000
    -0.000000000000000    -0.002587159595715     0.000509195797314
     0.000000000000000     0.001601118026784     0.002095381194401
33 27
    -0.002472073300133     0.000332919770781     0.001356673332999
     0.000332919770781    -0.002856495938692     0.000783275714009
    -0.000393725335742    -0.000227317428577     0.003868774758601
33 28
    -0.000744379742647     0.000000000000000     0.000000000000000
     0.000000000000000     0.000803983073425     0.000411330241836
     0.000000000000000    -0.001010237321732     0.004464213345886
33 29
    -0.002499723146974     0.001700206139060    -0.004214120801074
    -0.001903914898332    -0.003394531594778     0.001622400834225
     0.001432006219405     0.003361751071880     0.000868891664145
33 30
    -0.002499723146974    -0.001700206139060     0.004214120801074
     0.001903914898332    -0.003394531594778     0.001622400834225
    -0.001432006219405     0.003361751071880     0.000868891664145
33 31
     0.000416892369407    -0.000670460766497     0.000356222438775
    -0.000670460766497    -0.000357289038629    -0.000205665120918
    -0.000874891184471     0.000505118660866     0.004464213345886
33 32
     0.000416892369407     0.000670460766497    -0.000356222438775
     0.000670460766497    -0.000357289038629    -0.000205665120918
     0.000874891184471     0.000505118660866     0.004464213345886
33 33
     9.704122985325345     0.000000000000002     0.000000000000000
     0.000000000000002     9.704122985325348     0.000000000000000
     0.000000000000000     0.000000000000000    11.089912848721278
33 34
    -0.889544979985190     0.003563019882748    -0.067630106434660
    -0.003563019882748     0.083661001059750     0.018087427415423
     0.067630106434660     0.018087427415423     0.196409478246852
33 35
    -0.040970813241030     0.000000000000000     0.000000000000000
     0.000000000000000    -0.005645581408930     0.014356780886522
     0.000000000000000     0.014356780886522     0.026933940462510
33 36
    -0.889544979985190    -0.003563019882748     0.067630106434660
     0.003563019882748     0.083661001059750     0.018087427415423
    -0.067630106434660     0.018087427415423     0.196409478246852
33 37
    -0.159640494201485    -0.424973571232685    -0.018150881586466
    -0.417847531467190    -0.646243484723955    -0.067613103940773
     0.049479224848194     0.049525676525350     0.196409478246852
33 38
    -0.014401220939501    -0.000807092222073     0.013433684983405
    -0.000807092222073    -0.013469271116152     0.007755941641378
     0.005658872428556     0.003267151519937     0.006469859883057
33 39
    -0.014401220939501     0.000807092222073    -0.013433684983405
     0.000807092222073    -0.013469271116152     0.007755941641378
    -0.005658872428556     0.003267151519937     0.006469859883057
33 40
    -0.159640494201485     0.424973571232685     0.018150881586466
     0.417847531467190    -0.646243484723955    -0.067613103940773
    -0.049479224848194     0.049525676525350     0.196409478246852
33 41
    -0.014476889366955    -0.015296274080587     0.012433336964295
    -0.015296274080587    -0.032139505283005    -0.007178390443261
     0.012433336964295    -0.007178390443261     0.026933940462510
33 42
    -0.013003296204477    -0.000000000000000     0.000000000000000
    -0.000000000000000    -0.014867195851176    -0.015511883282755
     0.000000000000000    -0.006534303039873     0.006469859883057
33 43
    -0.014476889366955     0.015296274080587    -0.012433336964295
     0.015296274080587    -0.032139505283005    -0.007178390443261
    -0.012433336964295    -0.007178390443261     0.026933940462510
33 44
    -0.013003296204477    -0.000000000000000     0.000000000000000
    -0.000000000000000    -0.014867195851176    -0.006534303039873
     0.000000000000000    -0.015511883282755     0.006469859883057
33 45
    -0.159640494201485    -0.417847531467190     0.049479224848194
    -0.424973571232685    -0.646243484723955     0.049525676525350
    -0.018150881586466    -0.067613103940773     0.196409478246852
33 46
    -0.159640494201485     0.417847531467190    -0.049479224848194
     0.424973571232685    -0.646243484723955     0.049525676525350
     0.018150881586466    -0.067613103940773     0.196409478246852
33 47
    -0.014401220939501     0.000807092222073    -0.005658872428556
     0.000807092222073    -0.013469271116152     0.003267151519937
    -0.013433684983405     0.007755941641378     0.006469859883057
33 48
    -0.014401220939501    -0.000807092222073     0.005658872428556
    -0.000807092222073    -0.013469271116152     0.003267151519937
     0.013433684983405     0.007755941641378     0.006469859883057
33 49
     0.278047728706448     0.000000000000000     0.000000000000000
     0.000000000000000     0.278047728706448     0.000000000000000
     0.000000000000000     0.000000000000000    -1.050619694378974
33 50
    -0.081127129495843    -0.064598365575055    -0.128932666655237
     0.064187818097907     0.119719110688517     0.096404083453955
    -0.125909732700619    -0.107060466414516    -0.095459582942124
33 51
    -0.015947968284045     0.000000000000000     0.000000000000000
    -0.000000000000000     0.007532863904208    -0.001709093696090
     0.000000000000000    -0.000107946131431     0.010322137429859
33 52
    -0.081127129495843     0.064598365575055     0.128932666655237
    -0.064187818097907     0.119719110688516     0.096404083453955
     0.125909732700619    -0.107060466414516    -0.095459582942124
33 53
     0.069329778370092    -0.022678518159929     0.019022051972061
    -0.151464701832891    -0.030737797177418    -0.159861006428084
    -0.155671950006291    -0.055510793895187    -0.095459582942124
33 54
    -0.031622299906596    -0.015117010410314    -0.004265017725837
    -0.015117010410314    -0.014166679847121    -0.002462409132111
     0.015396379099909     0.008889103617878     0.013685673550796
33 55
    -0.031622299906596     0.015117010410314     0.004265017725837
     0.015117010410314    -0.014166679847121    -0.002462409132111
    -0.015396379099909     0.008889103617878     0.013685673550796
33 56
     0.069329778370092     0.022678518159929    -0.019022051972061
     0.151464701832891    -0.030737797177418    -0.159861006428084
     0.155671950006291    -0.055510793895187    -0.095459582942124
33 57
     0.001662655857144    -0.010167498588513    -0.001480118558262
    -0.010167498588513    -0.010077760236982     0.000854546848045
    -0.000093484092059     0.000053973065715     0.010322137429859
33 58
    -0.005438869817384     0.000000000000000     0.000000000000000
     0.000000000000000    -0.040350109936333     0.004924818264222
     0.000000000000000    -0.017778207235756     0.013685673550796
33 59
     0.001662655857144     0.010167498588513     0.001480118558262
     0.010167498588513    -0.010077760236982     0.000854546848045
     0.000093484092059     0.000053973065715     0.010322137429859
33 60
    -0.008178630415233    -0.000000000000000     0.000000000000000
    -0.000000000000000    -0.041549960366058     0.019261345983639
     0.000000000000000     0.003803877842296     0.014304107544900
33 61
     0.069685322914761    -0.151259428094317     0.147954718627299
    -0.022473244421355    -0.031093341722088     0.063456922974129
    -0.029762217305672     0.162571260309702    -0.095459582942124
33 62
     0.069685322914761     0.151259428094317    -0.147954718627299
     0.022473244421355    -0.031093341722088     0.063456922974129
     0.029762217305672     0.162571260309702    -0.095459582942124
33 63
    -0.033207127878352     0.014450209747744     0.016680814932913
     0.014450209747744    -0.016521462902939    -0.009630672991819
     0.003294254844321    -0.001901938921148     0.014304107544900
33 64
    -0.033207127878352    -0.014450209747744    -0.016680814932913
    -0.014450209747744    -0.016521462902939    -0.009630672991819
    -0.003294254844321    -0.001901938921148     0.014304107544900
33 65
    -0.004158599954097     0.001952311698704    -0.003606216219793
     0.001952311698704    -0.006412935323675    -0.002082049905253
    -0.004862763287678    -0.002807517693146    -0.000747098467545
33 66
    -0.004158599954097    -0.001952311698704     0.003606216219793
    -0.001952311698704    -0.006412935323675    -0.002082049905253
     0.004862763287678    -0.002807517693146    -0.000747098467545
33 67
    -0.004250634524566     0.000304852815268    -0.001736706111051
    -0.000693338830848    -0.005536783672256    -0.000033567114049
     0.003797269979378    -0.002622169484113    -0.002306309149617
33 68
    -0.004250634524566    -0.000304852815268     0.001736706111051
     0.000693338830848    -0.005536783672256    -0.000033567114049
    -0.003797269979378    -0.002622169484113    -0.002306309149617
33 69
    -0.007540103008464    -0.000000000000000     0.000000000000000
    -0.000000000000000    -0.003031432269308     0.004164099810507
     0.000000000000000     0.005615035386292    -0.000747098467545
33 70
    -0.003030231441701    -0.001350990384285     0.006311251891549
    -0.001350990384285    -0.001470242117622     0.003643802978509
     0.001409347152070     0.000813686957629     0.001694179390385
33 71
    -0.006430480566034    -0.000000000000000     0.000000000000000
    -0.000000000000000    -0.005934401204716     0.001136990633561
     0.000000000000000    -0.000616343938250    -0.004341402653409
33 72
    -0.003030231441701     0.001350990384285    -0.006311251891549
     0.001350990384285    -0.001470242117622     0.003643802978509
    -0.001409347152070     0.000813686957629     0.001694179390385
33 73
    -0.005383465764587    -0.000039298409475    -0.000897423029024
     0.000958893236641    -0.004403952432235    -0.001487248054054
    -0.000372230396581     0.004599617009226    -0.002306309149617
33 74
    -0.006058421045045    -0.000214808664597     0.000984662772529
    -0.000214808664597    -0.006306460725704    -0.000568495316781
    -0.000533769507993     0.000308171969125    -0.004341402653409
33 75
    -0.006058421045045     0.000214808664597    -0.000984662772529
     0.000214808664597    -0.006306460725704    -0.000568495316781
     0.000533769507993     0.000308171969125    -0.004341402653409
33 76
    -0.005383465764587     0.000039298409475     0.000897423029024
    -0.000958893236641    -0.004403952432235    -0.001487248054054
     0.000372230396581     0.004599617009226    -0.002306309149617
33 77
    -0.005047027006080     0.001153136244431     0.000839283082028
     0.000154944598314    -0.004740391190742     0.001520815168103
    -0.004169500375959    -0.001977447525113    -0.002306309149617
33 78
    -0.000690247455582    -0.000000000000000     0.000000000000000
    -0.000000000000000    -0.003810226103740    -0.007287605957019
     0.000000000000000    -0.001627373915259     0.001694179390385
33 79
    -0.005047027006080    -0.001153136244431    -0.000839283082028
    -0.000154944598314    -0.004740391190742     0.001520815168103
     0.004169500375959    -0.001977447525113    -0.002306309149617
33 80
    -0.007170611401913    -0.000000000000000     0.000000000000000
    -0.000000000000000    -0.007170611401913     0.000000000000000
     0.000000000000000     0.000000000000000    -0.006280037548051
33 81
    -0.009141512471710    -0.000997148332495    -0.001362409280455
    -0.000997148332495    -0.007990104755334    -0.000786587364817
    -0.001362409280455    -0.000786587364817    -0.005607205680617
33 82
    -0.009141512471710     0.000997148332495     0.001362409280455
     0.000997148332495    -0.007990104755334    -0.000786587364817
     0.001362409280455    -0.000786587364817    -0.005607205680617
33 83
    -0.009748252761608     0.000177968681787     0.000924753025243
     0.000177968681787    -0.010011805089815     0.000070353531922
     0.000924753025243     0.000070353531922    -0.001472000686486
33 84
    -0.009748252761608    -0.000177968681787    -0.000924753025243
    -0.000177968681787    -0.010011805089815     0.000070353531922
    -0.000924753025243     0.000070353531922    -0.001472000686486
33 85
    -0.007414400897146    -0.000000000000000     0.000000000000000
    -0.000000000000000    -0.009717216329898     0.001573174729634
     0.000000000000000     0.001573174729634    -0.005607205680617
33 86
    -0.008621436332349    -0.000927478684949     0.001274842378711
    -0.000927478684949    -0.007550476195503     0.000736030590523
     0.001274842378711     0.000736030590523    -0.001427536116659
33 87
    -0.009805145975337    -0.000000000000000     0.000000000000000
    -0.000000000000000    -0.009018735046345    -0.000362449765010
     0.000000000000000    -0.000362449765010    -0.000902101245722
33 88
    -0.008621436332349     0.000927478684949    -0.001274842378711
     0.000927478684949    -0.007550476195503     0.000736030590523
    -0.001274842378711     0.000736030590523    -0.001427536116659
33 89
    -0.009791791608258     0.000203105846620     0.000523304458512
     0.000203105846620    -0.009968266243166     0.000765682846126
     0.000523304458512     0.000765682846126    -0.001472000686486
33 90
    -0.009215337778593    -0.000340525921160    -0.000313890704094
    -0.000340525921160    -0.009608543243089     0.000181224882505
    -0.000313890704094     0.000181224882505    -0.000902101245722
33 91
    -0.009215337778593     0.000340525921160     0.000313890704094
     0.000340525921160    -0.009608543243089     0.000181224882505
     0.000313890704094     0.000181224882505    -0.000902101245722
33 92
    -0.009791791608258    -0.000203105846620    -0.000523304458512
    -0.000203105846620    -0.009968266243166     0.000765682846126
    -0.000523304458512     0.000765682846126    -0.001472000686486
33 93
    -0.010100042407269     0.000025137164833    -0.000401448566731
     0.000025137164833    -0.009660015444154    -0.000836036378048
    -0.000401448566731    -0.000836036378048    -0.001472000686486
33 94
    -0.007014996127081    -0.000000000000000     0.000000000000000
    -0.000000000000000    -0.009156916400772    -0.001472061181046
     0.000000000000000    -0.001472061181046    -0.001427536116659
33 95
    -0.010100042407269    -0.000025137164833     0.000401448566731
    -0.000025137164833    -0.009660015444154    -0.000836036378048
     0.000401448566731    -0.000836036378048    -0.001472000686486
33 96
    -0.009869426861090     0.000000000000000     0.000000000000000
    -0.000000000000000    -0.009869426861090     0.000000000000000
     0.000000000000000     0.000000000000000    -0.000789973200075
49 1
    -3.131325076177338    -1.327274011039619    -2.405047622305799
    -1.327274011039616    -1.598721061053099    -1.388554892152124
    -2.643524987038657    -1.526239862876273    -3.275178825619249
49 2
    -3.131325076177335     1.327274011039619     2.405047622305800
     1.327274011039618    -1.598721061053099    -1.388554892152123
     2.643524987038659    -1.526239862876272    -3.275178825619245
49 3
     0.023544605225829     0.046578255936892     0.021011037627753
    -0.104483591681632    -0.039794589977858     0.008202841894609
    -0.067989889758884     0.013953846595069    -0.047163438427385
49 4
     0.023544605225829    -0.046578255936892    -0.021011037627753
     0.104483591681632    -0.039794589977858     0.008202841894609
     0.067989889758884     0.013953846595069    -0.047163438427385
49 5
    -0.832419053490981    -0.000000000000000     0.000000000000000
    -0.000000000000000    -3.897627083739454     2.777109784304246
     0.000000000000000     3.052479725752543    -3.275178825619246
49 6
    -0.034718534965735    -0.162346930817388     0.111176365689769
    -0.162346930817388     0.152743553453322     0.064187704658512
     0.060834358523336     0.035122733269426    -0.116568205823951
49 7
     0.054437205835525     0.000000000000000     0.000000000000000
     0.000000000000000     0.016345884086428     0.000993712132692
     0.000000000000000    -0.004233010967579    -0.009444204890893
49 8
    -0.034718534965735     0.162346930817388    -0.111176365689769
     0.162346930817388     0.152743553453322     0.064187704658512
    -0.060834358523336     0.035122733269426    -0.116568205823951
49 9
    -0.049033537061742    -0.062580581694619     0.017609388277835
     0.088481265923904     0.032783552309713     0.014094671398200
    -0.021910559247601    -0.065857895029232    -0.047163438427385
49 10
     0.025868714523702     0.016494026149222     0.000860579950960
     0.016494026149222     0.044914375398250    -0.000496856066346
    -0.003665895032421     0.002116505483789    -0.009444204890893
49 11
     0.025868714523702    -0.016494026149222    -0.000860579950960
    -0.016494026149222     0.044914375398250    -0.000496856066346
     0.003665895032421     0.002116505483789    -0.009444204890893
49 12
    -0.049033537061742     0.062580581694619    -0.017609388277835
    -0.088481265923904     0.032783552309713     0.014094671398200
     0.021910559247601    -0.065857895029232    -0.047163438427385
49 13
     0.001113954707870     0.117433933796274    -0.003401649349917
    -0.033627913822250    -0.017363939459898    -0.022297513292810
     0.046079330511283     0.051904048434163    -0.047163438427385
49 14
     0.246474597662851     0.000000000000000     0.000000000000000
     0.000000000000000    -0.128449579175264    -0.128375409317025
     0.000000000000000    -0.070245466538852    -0.116568205823951
49 15
     0.001113954707870    -0.117433933796274     0.003401649349917
     0.033627913822250    -0.017363939459898    -0.022297513292810
    -0.046079330511283     0.051904048434163    -0.047163438427385
49 16
     0.006968135870636     0.000000000000000     0.000000000000000
     0.000000000000000     0.006968135870636     0.000000000000000
     0.000000000000000     0.000000000000000    -0.018955654600456
49 17
    -0.056155395035462    -0.000000000000000     0.000000000000000
    -0.000000000000000    -0.056155395035462     0.000000000000000
     0.000000000000000     0.000000000000000     0.140357337862571
49 18
    -0.004956576992180     0.008704606249770    -0.014716884744065
     0.007438894014081    -0.012940358620747     0.019718223555004
    -0.005211689647110    -0.027462161417884    -0.038460440066975
49 19
    -0.002169569724416    -0.000000000000000     0.000000000000000
    -0.000000000000000    -0.000077266164650     0.001656413815733
     0.000000000000000     0.003003727836884    -0.001962761205738
49 20
    -0.004956576992180    -0.008704606249770     0.014716884744065
    -0.007438894014081    -0.012940358620747     0.019718223555004
     0.005211689647110    -0.027462161417884    -0.038460440066975
49 21
    -0.003954072546357     0.006860097802421     0.009718040144102
     0.008125810038111    -0.013942863066569    -0.022604307830430
    -0.026388774254272     0.009217625077904    -0.038460440066975
49 22
     0.001517284172378    -0.002877650655480    -0.008641495466938
    -0.002877650655480     0.004840108933528    -0.004989169734037
    -0.005471086064205    -0.003158733011928     0.004409408474205
49 23
     0.001517284172378     0.002877650655480     0.008641495466938
     0.002877650655480     0.004840108933528    -0.004989169734037
     0.005471086064205    -0.003158733011928     0.004409408474205
49 24
    -0.003954072546357    -0.006860097802421    -0.009718040144102
    -0.008125810038111    -0.013942863066569    -0.022604307830430
     0.026388774254272     0.009217625077904    -0.038460440066975
49 25
    -0.000600342054592    -0.000905994017593     0.001434496443604
    -0.000905994017593    -0.001646493834474    -0.000828206907866
     0.002601304612796    -0.001501863918442    -0.001962761205738
49 26
     0.006501521314103     0.000000000000000     0.000000000000000
     0.000000000000000    -0.000144128208198     0.009978339468075
     0.000000000000000     0.006317466023856     0.004409408474205
49 27
    -0.000600342054592     0.000905994017593    -0.001434496443604
     0.000905994017593    -0.001646493834474    -0.000828206907866
    -0.002601304612796    -0.001501863918442    -0.001962761205738
49 28
     0.004821911243761     0.000000000000000     0.000000000000000
     0.000000000000000     0.013835910099604    -0.004188655298587
     0.000000000000000     0.014035776718733     0.003575774102092
49 29
    -0.017934753880853     0.000054059906185     0.024434924888167
    -0.001211652329504     0.000037818267926     0.002886084275426
    -0.021177084607162     0.018244536339980    -0.038460440066975
49 30
    -0.017934753880853    -0.000054059906185    -0.024434924888167
     0.001211652329504     0.000037818267926     0.002886084275426
     0.021177084607162     0.018244536339980    -0.038460440066975
49 31
     0.011582410385643    -0.003903175999422    -0.003627481896272
    -0.003903175999422     0.007075410957721     0.002094327649293
     0.012155339200269    -0.007017888359366     0.003575774102092
49 32
     0.011582410385643     0.003903175999422     0.003627481896272
     0.003903175999422     0.007075410957721     0.002094327649293
    -0.012155339200269    -0.007017888359366     0.003575774102092
49 33
     0.278047728706448     0.000000000000000     0.000000000000000
     0.000000000000000     0.278047728706448     0.000000000000000
     0.000000000000000     0.000000000000000    -1.050619694378974
49 34
    -0.081127129495843    -0.064187818097907     0.125909732700619
     0.064598365575055     0.119719110688516    -0.107060466414516
     0.128932666655237     0.096404083453955    -0.095459582942124
49 35
    -0.015947968284045    -0.000000000000000     0.000000000000000
     0.000000000000000     0.007532863904208    -0.000107946131431
     0.000000000000000    -0.001709093696090     0.010322137429859
49 36
    -0.081127129495843     0.064187818097907    -0.125909732700619
    -0.064598365575055     0.119719110688517    -0.107060466414516
    -0.128932666655237     0.096404083453955    -0.095459582942124
49 37
     0.069685322914761    -0.022473244421355    -0.029762217305672
    -0.151259428094317    -0.031093341722088     0.162571260309702
     0.147954718627299     0.063456922974129    -0.095459582942124
49 38
    -0.033207127878352    -0.014450209747744    -0.003294254844321
    -0.014450209747744    -0.016521462902939    -0.001901938921148
    -0.016680814932913    -0.009630672991819     0.014304107544900
49 39
    -0.033207127878352     0.014450209747744     0.003294254844321
     0.014450209747744    -0.016521462902939    -0.001901938921148
     0.016680814932913    -0.009630672991819     0.014304107544900
49 40
     0.069685322914761     0.022473244421355     0.029762217305672
     0.151259428094317    -0.031093341722088     0.162571260309702
    -0.147954718627299     0.063456922974129    -0.095459582942124
49 41
     0.001662655857144    -0.010167498588513    -0.000093484092059
    -0.010167498588513    -0.010077760236982     0.000053973065715
    -0.001480118558262     0.000854546848045     0.010322137429859
49 42
    -0.008178630415233    -0.000000000000000     0.000000000000000
    -0.000000000000000    -0.041549960366058     0.003803877842296
     0.000000000000000     0.019261345983639     0.014304107544900
49 43
     0.001662655857144     0.010167498588513     0.000093484092059
     0.010167498588513    -0.010077760236982     0.000053973065715
     0.001480118558262     0.000854546848045     0.010322137429859
49 44
    -0.005438869817384     0.000000000000000     0.000000000000000
     0.000000000000000    -0.040350109936333    -0.017778207235756
     0.000000000000000     0.004924818264222     0.013685673550796
49 45
     0.069329778370092    -0.151464701832891    -0.155671950006291
    -0.022678518159929    -0.030737797177418    -0.055510793895187
     0.019022051972061    -0.159861006428084    -0.095459582942124
49 46
     0.069329778370092     0.151464701832891     0.155671950006291
     0.022678518159929    -0.030737797177418    -0.055510793895187
    -0.019022051972061    -0.159861006428084    -0.095459582942124
49 47
    -0.031622299906596     0.015117010410314    -0.015396379099909
     0.015117010410314    -0.014166679847121     0.008889103617878
     0.004265017725837    -0.002462409132111     0.013685673550796
49 48
    -0.031622299906596    -0.015117010410314     0.015396379099909
    -0.015117010410314    -0.014166679847121     0.008889103617878
    -0.004265017725837    -0.002462409132111     0.013685673550796
49 49
     9.550512303338229     0.000000000000001     0.000000000000000
     0.000000000000001     9.550512303338232     0.000000000000000
     0.000000000000000     0.000000000000000    11.432883923313407
49 50
    -0.946644008265124    -0.016563765320499     0.039816192038296
     0.016563765320499     0.099230761876360     0.001582530938744
    -0.039816192038296     0.001582530938744     0.174658952192584
49 51
    -0.016650668313688    -0.000000000000000     0.000000000000000
    -0.000000000000000     0.004059385262225    -0.006359289128621
     0.000000000000000    -0.006359289128621     0.036542840839700
49 52
    -0.946644008265124     0.016563765320499    -0.039816192038296
    -0.016563765320499     0.099230761876360     0.001582530938744
     0.039816192038296     0.001582530938744     0.174658952192584
49 53
    -0.162237930659011    -0.436313294739369     0.021278608014376
    -0.469440825380366    -0.685175315729753     0.033690568317752
    -0.018537584023920    -0.035273099256496     0.174658952192583
49 54
    -0.005774354135308     0.004483491039390    -0.009888415935797
     0.004483491039390    -0.010951443652310    -0.005709079602391
    -0.001068213790309    -0.000616733519387     0.011483545380080
49 55
    -0.005774354135308    -0.004483491039390     0.009888415935797
    -0.004483491039390    -0.010951443652310    -0.005709079602391
     0.001068213790309    -0.000616733519387     0.011483545380080
49 56
    -0.162237930659011     0.436313294739369    -0.021278608014376
     0.469440825380366    -0.685175315729753     0.033690568317752
     0.018537584023920    -0.035273099256496     0.174658952192584
49 57
    -0.001118128131753    -0.008967716255239    -0.005507305935396
    -0.008967716255239    -0.011473154919710     0.003179644564311
    -0.005507305935396     0.003179644564311     0.036542840839700
49 58
    -0.013539988410811    -0.000000000000000     0.000000000000000
    -0.000000000000000    -0.003185809376807     0.011418159204783
     0.000000000000000     0.001233467038774     0.011483545380080
49 59
    -0.001118128131753     0.008967716255239     0.005507305935396
     0.008967716255239    -0.011473154919710     0.003179644564311
     0.005507305935396     0.003179644564311     0.036542840839700
49 60
    -0.013539988410811    -0.000000000000000     0.000000000000000
    -0.000000000000000    -0.003185809376807     0.001233467038774
     0.000000000000000     0.011418159204783     0.011483545380080
49 61
    -0.162237930659011    -0.469440825380366    -0.018537584023920
    -0.436313294739369    -0.685175315729753    -0.035273099256496
     0.021278608014376     0.033690568317752     0.174658952192583
49 62
    -0.162237930659011     0.469440825380366     0.018537584023920
     0.436313294739369    -0.685175315729753    -0.035273099256496
    -0.021278608014376     0.033690568317752     0.174658952192584
49 63
    -0.005774354135308    -0.004483491039390     0.001068213790309
    -0.004483491039390    -0.010951443652310    -0.000616733519387
     0.009888415935797    -0.005709079602391     0.011483545380080
49 64
    -0.005774354135308     0.004483491039390    -0.001068213790309
     0.004483491039390    -0.010951443652310    -0.000616733519387
    -0.009888415935797    -0.005709079602391     0.011483545380080
49 65
    -0.094690314529902    -0.077984021140532     0.204434684498782
    -0.077984021140532    -0.004642123333951     0.118030420127068
     0.204434684498782     0.118030420127068    -0.210165924995252
49 66
    -0.094690314529902     0.077984021140532    -0.204434684498782
     0.077984021140532    -0.004642123333951     0.118030420127068
    -0.204434684498782     0.118030420127068    -0.210165924995251
49 67
    -0.000790901451776     0.002613557530765     0.007901463084236
     0.002613557530765    -0.006134522077171    -0.009191573494899
     0.007901463084236    -0.009191573494899     0.000440866125067
49 68
    -0.000790901451776    -0.002613557530765    -0.007901463084236
    -0.002613557530765    -0.006134522077171    -0.009191573494899
    -0.007901463084236    -0.009191573494899     0.000440866125067
49 69
     0.040381972264024    -0.000000000000000     0.000000000000000
    -0.000000000000000    -0.139714410127878    -0.236060840254136
     0.000000000000000    -0.236060840254136    -0.210165924995252
49 70
    -0.006706144706913    -0.017032225757894    -0.011812259546486
    -0.017032225757894     0.012960975545524    -0.006819811228902
    -0.011812259546486    -0.006819811228902     0.027011753459710
49 71
    -0.001350485485355    -0.000000000000000     0.000000000000000
     0.000000000000000    -0.005829387594587    -0.001107950701259
     0.000000000000000    -0.001107950701259    -0.000326936263797
49 72
    -0.006706144706913     0.017032225757894     0.011812259546486
     0.017032225757894     0.012960975545524    -0.006819811228902
     0.011812259546486    -0.006819811228902     0.027011753459710
49 73
    -0.002535209704928     0.003620634370272    -0.004009404605216
     0.003620634370272    -0.004390213824019     0.011438654505463
    -0.004009404605216     0.011438654505463     0.000440866125067
49 74
    -0.004709662067279     0.001939421503829    -0.000959513453431
     0.001939421503829    -0.002470211012663     0.000553975350630
    -0.000959513453431     0.000553975350630    -0.000326936263797
49 75
    -0.004709662067279    -0.001939421503829     0.000959513453431
    -0.001939421503829    -0.002470211012663     0.000553975350630
     0.000959513453431     0.000553975350630    -0.000326936263797
49 76
    -0.002535209704928    -0.003620634370272     0.004009404605216
    -0.003620634370272    -0.004390213824019     0.011438654505463
     0.004009404605216     0.011438654505463     0.000440866125067
49 77
    -0.007062024136717     0.001007076839507    -0.011910867689452
     0.001007076839507     0.000136600607770    -0.002247081010564
    -0.011910867689452    -0.002247081010564     0.000440866125067
49 78
     0.022794535671743    -0.000000000000000     0.000000000000000
    -0.000000000000000    -0.016539704833132     0.013639622457803
     0.000000000000000     0.013639622457803     0.027011753459710
49 79
    -0.007062024136717    -0.001007076839507     0.011910867689452
    -0.001007076839507     0.000136600607770    -0.002247081010564
     0.011910867689452    -0.002247081010564     0.000440866125067
49 80
     0.001050282155414     0.000000000000000     0.000000000000000
     0.000000000000000     0.001050282155414     0.000000000000000
     0.000000000000000     0.000000000000000     0.005021022066253
49 81
    -0.004158599954097     0.001952311698704    -0.004862763287678
     0.001952311698704    -0.006412935323675    -0.002807517693146
    -0.003606216219793    -0.002082049905253    -0.000747098467545
49 82
    -0.004158599954097    -0.001952311698704     0.004862763287678
    -0.001952311698704    -0.006412935323675    -0.002807517693146
     0.003606216219793    -0.002082049905253    -0.000747098467545
49 83
    -0.004250634524566    -0.000693338830848     0.003797269979378
     0.000304852815268    -0.005536783672256    -0.002622169484113
    -0.001736706111051    -0.000033567114049    -0.002306309149617
49 84
    -0.004250634524566     0.000693338830848    -0.003797269979378
    -0.000304852815268    -0.005536783672256    -0.002622169484113
     0.001736706111051    -0.000033567114049    -0.002306309149617
49 85
    -0.007540103008464     0.000000000000000     0.000000000000000
     0.000000000000000    -0.003031432269308     0.005615035386292
     0.000000000000000     0.004164099810507    -0.000747098467545
49 86
    -0.003030231441701    -0.001350990384285     0.001409347152070
    -0.001350990384285    -0.001470242117622     0.000813686957629
     0.006311251891549     0.003643802978509     0.001694179390385
49 87
    -0.006430480566034    -0.000000000000000     0.000000000000000
    -0.000000000000000    -0.005934401204716    -0.000616343938250
     0.000000000000000     0.001136990633561    -0.004341402653409
49 88
    -0.003030231441701     0.001350990384285    -0.001409347152070
     0.001350990384285    -0.001470242117622     0.000813686957629
    -0.006311251891549     0.003643802978509     0.001694179390385
49 89
    -0.005383465764587     0.000958893236641    -0.000372230396581
    -0.000039298409475    -0.004403952432235     0.004599617009226
    -0.000897423029024    -0.001487248054054    -0.002306309149617
49 90
    -0.006058421045045    -0.000214808664597    -0.000533769507993
    -0.000214808664597    -0.006306460725704     0.000308171969125
     0.000984662772529    -0.000568495316781    -0.004341402653409
49 91
    -0.006058421045045     0.000214808664597     0.000533769507993
     0.000214808664597    -0.006306460725704     0.000308171969125
    -0.000984662772529    -0.000568495316781    -0.004341402653409
49 92
    -0.005383465764587    -0.000958893236641     0.000372230396581
     0.000039298409475    -0.004403952432235     0.004599617009226
     0.000897423029024    -0.001487248054054    -0.002306309149617
49 93
    -0.005047027006080     0.000154944598314    -0.004169500375959
     0.001153136244431    -0.004740391190742    -0.001977447525113
     0.000839283082028     0.001520815168103    -0.002306309149617
49 94
    -0.000690247455582     0.000000000000000     0.000000000000000
     0.000000000000000    -0.003810226103740    -0.001627373915259
     0.000000000000000    -0.007287605957019     0.001694179390385
49 95
    -0.005047027006080    -0.000154944598314     0.004169500375959
    -0.001153136244431    -0.004740391190742    -0.001977447525113
    -0.000839283082028     0.001520815168103    -0.002306309149617
49 96
    -0.007170611401913    -0.000000000000000     0.000000000000000
    -0.000000000000000    -0.007170611401913     0.000000000000000
     0.000000000000000     0.000000000000000    -0.006280037548051
65 1
    -0.056155395035462    -0.000000000000000     0.000000000000000
    -0.000000000000000    -0.056155395035462     0.000000000000000
     0.000000000000000     0.000000000000000     0.140357337862571
65 2
    -0.004956576992180    -0.008704606249770     0.014716884744065
    -0.007438894014081    -0.012940358620747     0.019718223555004
     0.005211689647110    -0.027462161417884    -0.038460440066975
65 3
    -0.002169569724416    -0.000000000000000     0.000000000000000
    -0.000000000000000    -0.000077266164650     0.001656413815733
     0.000000000000000     0.003003727836884    -0.001962761205738
65 4
    -0.004956576992180     0.008704606249770    -0.014716884744065
     0.007438894014081    -0.012940358620747     0.019718223555004
    -0.005211689647110    -0.027462161417884    -0.038460440066975
65 5
    -0.017934753880853     0.000054059906185     0.024434924888167
    -0.001211652329504     0.000037818267926     0.002886084275426
    -0.021177084607162     0.018244536339980    -0.038460440066975
65 6
     0.011582410385643     0.003903175999422     0.003627481896272
     0.003903175999422     0.007075410957721     0.002094327649293
    -0.012155339200269    -0.007017888359366     0.003575774102092
65 7
     0.011582410385643    -0.003903175999422    -0.003627481896272
    -0.003903175999422     0.007075410957721     0.002094327649293
     0.012155339200269    -0.007017888359366     0.003575774102092
65 8
    -0.017934753880853    -0.000054059906185    -0.024434924888167
     0.001211652329504     0.000037818267926     0.002886084275426
     0.021177084607162     0.018244536339980    -0.038460440066975
65 9
    -0.000600342054592    -0.000905994017593     0.001434496443604
    -0.000905994017593    -0.001646493834474    -0.000828206907866
     0.002601304612796    -0.001501863918442    -0.001962761205738
65 10
     0.004821911243761    -0.000000000000000     0.000000000000000
     0.000000000000000     0.013835910099604    -0.004188655298587
     0.000000000000000     0.014035776718733     0.003575774102092
65 11
    -0.000600342054592     0.000905994017593    -0.001434496443604
     0.000905994017593    -0.001646493834474    -0.000828206907866
    -0.002601304612796    -0.001501863918442    -0.001962761205738
65 12
     0.006501521314103     0.000000000000000     0.000000000000000
     0.000000000000000    -0.000144128208198     0.009978339468075
     0.000000000000000     0.006317466023856     0.004409408474205
65 13
    -0.003954072546357     0.006860097802421     0.009718040144102
     0.008125810038111    -0.013942863066569    -0.022604307830430
    -0.026388774254272     0.009217625077904    -0.038460440066975
65 14
    -0.003954072546357    -0.006860097802421    -0.009718040144102
    -0.008125810038111    -0.013942863066569    -0.022604307830430
     0.026388774254272     0.009217625077904    -0.038460440066975
65 15
     0.001517284172378     0.002877650655480     0.008641495466938
     0.002877650655480     0.004840108933528    -0.004989169734037
     0.005471086064205    -0.003158733011928     0.004409408474205
65 16
     0.001517284172378    -0.002877650655480    -0.008641495466938
    -0.002877650655480     0.004840108933528    -0.004989169734037
    -0.005471086064205    -0.003158733011928     0.004409408474205
65 17
    -3.131325076177335    -1.327274011039619    -2.405047622305800
    -1.327274011039619    -1.598721061053099    -1.388554892152123
    -2.643524987038659    -1.526239862876272    -3.275178825619246
65 18
     0.023544605225829    -0.046578255936892    -0.021011037627753
     0.104483591681632    -0.039794589977858     0.008202841894609
     0.067989889758884     0.013953846595069    -0.047163438427385
65 19
     0.023544605225829     0.046578255936892     0.021011037627753
    -0.104483591681632    -0.039794589977858     0.008202841894609
    -0.067989889758884     0.013953846595069    -0.047163438427385
65 20
    -3.131325076177336     1.327274011039619     2.405047622305800
     1.327274011039618    -1.598721061053099    -1.388554892152123
     2.643524987038659    -1.526239862876272    -3.275178825619246
65 21
     0.001113954707870     0.117433933796274    -0.003401649349917
    -0.033627913822250    -0.017363939459898    -0.022297513292810
     0.046079330511283     0.051904048434163    -0.047163438427385
65 22
     0.006968135870636     0.000000000000000     0.000000000000000
     0.000000000000000     0.006968135870636     0.000000000000000
     0.000000000000000     0.000000000000000    -0.018955654600456
65 23
     0.001113954707870    -0.117433933796274     0.003401649349917
     0.033627913822250    -0.017363939459898    -0.022297513292810
    -0.046079330511283     0.051904048434163    -0.047163438427385
65 24
     0.246474597662851     0.000000000000000     0.000000000000000
     0.000000000000000    -0.128449579175264    -0.128375409317025
     0.000000000000000    -0.070245466538852    -0.116568205823951
65 25
    -0.049033537061742    -0.062580581694619     0.017609388277836
     0.088481265923904     0.032783552309713     0.014094671398200
    -0.021910559247601    -0.065857895029232    -0.047163438427385
65 26
    -0.049033537061742     0.062580581694619    -0.017609388277836
    -0.088481265923904     0.032783552309713     0.014094671398200
     0.021910559247601    -0.065857895029232    -0.047163438427385
65 27
     0.025868714523702    -0.016494026149222    -0.000860579950960
    -0.016494026149222     0.044914375398250    -0.000496856066346
     0.003665895032421     0.002116505483789    -0.009444204890893
65 28
     0.025868714523702     0.016494026149222     0.000860579950960
     0.016494026149222     0.044914375398250    -0.000496856066346
    -0.003665895032421     0.002116505483789    -0.009444204890893
65 29
    -0.832419053490981     0.000000000000000     0.000000000000000
     0.000000000000000    -3.897627083739452     2.777109784304246
     0.000000000000000     3.052479725752543    -3.275178825619246
65 30
    -0.034718534965735     0.162346930817388    -0.111176365689769
     0.162346930817388     0.152743553453322     0.064187704658512
    -0.060834358523336     0.035122733269426    -0.116568205823951
65 31
     0.054437205835525     0.000000000000000     0.000000000000000
     0.000000000000000     0.016345884086428     0.000993712132692
     0.000000000000000    -0.004233010967579    -0.009444204890893
65 32
    -0.034718534965735    -0.162346930817388     0.111176365689769
    -0.162346930817388     0.152743553453322     0.064187704658512
     0.060834358523336     0.035122733269426    -0.116568205823951
65 33
    -0.004158599954097     0.001952311698704    -0.004862763287678
     0.001952311698704    -0.006412935323675    -0.002807517693146
    -0.003606216219793    -0.002082049905253    -0.000747098467545
65 34
    -0.004250634524566     0.000693338830848    -0.003797269979378
    -0.000304852815268    -0.005536783672256    -0.002622169484113
     0.001736706111051    -0.000033567114049    -0.002306309149617
65 35
    -0.004250634524566    -0.000693338830848     0.003797269979378
     0.000304852815268    -0.005536783672256    -0.002622169484113
    -0.001736706111051    -0.000033567114049    -0.002306309149617
65 36
    -0.004158599954097    -0.001952311698704     0.004862763287678
    -0.001952311698704    -0.006412935323675    -0.002807517693146
     0.003606216219793    -0.002082049905253    -0.000747098467545
65 37
    -0.005047027006080     0.000154944598314    -0.004169500375959
     0.001153136244431    -0.004740391190742    -0.001977447525113
     0.000839283082028     0.001520815168103    -0.002306309149617
65 38
    -0.007170611401913    -0.000000000000000     0.000000000000000
    -0.000000000000000    -0.007170611401913     0.000000000000000
     0.000000000000000     0.000000000000000    -0.006280037548051
65 39
    -0.005047027006080    -0.000154944598314     0.004169500375959
    -0.001153136244431    -0.004740391190742    -0.001977447525113
    -0.000839283082028     0.001520815168103    -0.002306309149617
65 40
    -0.000690247455582    -0.000000000000000     0.000000000000000
    -0.000000000000000    -0.003810226103740    -0.001627373915259
     0.000000000000000    -0.007287605957019     0.001694179390385
65 41
    -0.005383465764587     0.000958893236641    -0.000372230396581
    -0.000039298409475    -0.004403952432235     0.004599617009226
    -0.000897423029024    -0.001487248054054    -0.002306309149617
65 42
    -0.005383465764587    -0.000958893236641     0.000372230396581
     0.000039298409475    -0.004403952432235     0.004599617009226
     0.000897423029024    -0.001487248054054    -0.002306309149617
65 43
    -0.006058421045045     0.000214808664597     0.000533769507993
     0.000214808664597    -0.006306460725704     0.000308171969125
    -0.000984662772529    -0.000568495316781    -0.004341402653409
65 44
    -0.006058421045045    -0.000214808664597    -0.000533769507993
    -0.000214808664597    -0.006306460725704     0.000308171969125
     0.000984662772529    -0.000568495316781    -0.004341402653409
65 45
    -0.007540103008464    -0.000000000000000     0.000000000000000
    -0.000000000000000    -0.003031432269308     0.005615035386292
     0.000000000000000     0.004164099810507    -0.000747098467545
65 46
    -0.003030231441701     0.001350990384285    -0.001409347152070
     0.001350990384285    -0.001470242117622     0.000813686957629
    -0.006311251891549     0.003643802978509     0.001694179390385
65 47
    -0.006430480566034    -0.000000000000000     0.000000000000000
    -0.000000000000000    -0.005934401204716    -0.000616343938250
     0.000000000000000     0.001136990633561    -0.004341402653409
65 48
    -0.003030231441701    -0.001350990384285     0.001409347152070
    -0.001350990384285    -0.001470242117622     0.000813686957629
     0.006311251891549     0.003643802978509     0.001694179390385
65 49
    -0.094690314529902    -0.077984021140532     0.204434684498782
    -0.077984021140532    -0.004642123333951     0.118030420127068
     0.204434684498782     0.118030420127068    -0.210165924995252
65 50
    -0.000790901451776    -0.002613557530765    -0.007901463084236
    -0.002613557530765    -0.006134522077171    -0.009191573494899
    -0.007901463084236    -0.009191573494899     0.000440866125067
65 51
    -0.000790901451776     0.002613557530765     0.007901463084236
     0.002613557530765    -0.006134522077171    -0.009191573494899
     0.007901463084236    -0.009191573494899     0.000440866125067
65 52
    -0.094690314529902     0.077984021140532    -0.204434684498782
     0.077984021140532    -0.004642123333951     0.118030420127068
    -0.204434684498782     0.118030420127068    -0.210165924995251
65 53
    -0.007062024136717     0.001007076839507    -0.011910867689452
     0.001007076839507     0.000136600607770    -0.002247081010564
    -0.011910867689452    -0.002247081010564     0.000440866125067
65 54
     0.001050282155414     0.000000000000000     0.000000000000000
     0.000000000000000     0.001050282155414     0.000000000000000
     0.000000000000000     0.000000000000000     0.005021022066253
65 55
    -0.007062024136717    -0.001007076839507     0.011910867689452
    -0.001007076839507     0.000136600607770    -0.002247081010564
     0.011910867689452    -0.002247081010564     0.000440866125067
65 56
     0.022794535671743    -0.000000000000000     0.000000000000000
    -0.000000000000000    -0.016539704833132     0.013639622457803
     0.000000000000000     0.013639622457803     0.027011753459710
65 57
    -0.002535209704928     0.003620634370272    -0.004009404605216
     0.003620634370272    -0.004390213824019     0.011438654505463
    -0.004009404605216     0.011438654505463     0.000440866125067
65 58
    -0.002535209704928    -0.003620634370272     0.004009404605216
    -0.003620634370272    -0.004390213824019     0.011438654505463
     0.004009404605216     0.011438654505463     0.000440866125067
65 59
    -0.004709662067279    -0.001939421503829     0.000959513453431
    -0.001939421503829    -0.002470211012663     0.000553975350630
     0.000959513453431     0.000553975350630    -0.000326936263797
65 60
    -0.004709662067279     0.001939421503829    -0.000959513453431
     0.001939421503829    -0.002470211012663     0.000553975350630
    -0.000959513453431     0.000553975350630    -0.000326936263797
65 61
     0.040381972264024    -0.000000000000000     0.000000000000000
    -0.000000000000000    -0.139714410127878    -0.236060840254136
     0.000000000000000    -0.236060840254136    -0.210165924995252
65 62
    -0.006706144706913     0.017032225757894     0.011812259546486
     0.017032225757894     0.012960975545524    -0.006819811228902
     0.011812259546486    -0.006819811228902     0.027011753459710
65 63
    -0.001350485485355     0.000000000000000     0.000000000000000
    -0.000000000000000    -0.005829387594587    -0.001107950701259
     0.000000000000000    -0.001107950701259    -0.000326936263797
65 64
    -0.006706144706913    -0.017032225757894    -0.011812259546486
    -0.017032225757894     0.012960975545524    -0.006819811228902
    -0.011812259546486    -0.006819811228902     0.027011753459710
65 65
     9.550512303338232     0.000000000000000     0.000000000000000
     0.000000000000000     9.550512303338230     0.000000000000000
     0.000000000000000     0.000000000000000    11.432883923313407
65 66
    -0.946644008265124     0.016563765320499    -0.039816192038296
    -0.016563765320499     0.099230761876360     0.001582530938744
     0.039816192038296     0.001582530938744     0.174658952192584
65 67
    -0.016650668313688    -0.000000000000000     0.000000000000000
    -0.000000000000000     0.004059385262225    -0.006359289128621
     0.000000000000000    -0.006359289128621     0.036542840839700
65 68
    -0.946644008265124    -0.016563765320499     0.039816192038296
     0.016563765320499     0.099230761876360     0.001582530938744
    -0.039816192038296     0.001582530938744     0.174658952192584
65 69
    -0.162237930659011    -0.469440825380366    -0.018537584023920
    -0.436313294739369    -0.685175315729753    -0.035273099256496
     0.021278608014376     0.033690568317752     0.174658952192584
65 70
    -0.005774354135308     0.004483491039390    -0.001068213790309
     0.004483491039390    -0.010951443652310    -0.000616733519387
    -0.009888415935797    -0.005709079602391     0.011483545380080
65 71
    -0.005774354135308    -0.004483491039390     0.001068213790309
    -0.004483491039390    -0.010951443652310    -0.000616733519387
     0.009888415935797    -0.005709079602391     0.011483545380080
65 72
    -0.162237930659011     0.469440825380366     0.018537584023920
     0.436313294739369    -0.685175315729753    -0.035273099256496
    -0.021278608014376     0.033690568317752     0.174658952192584
65 73
    -0.001118128131753    -0.008967716255239    -0.005507305935396
    -0.008967716255239    -0.011473154919710     0.003179644564311
    -0.005507305935396     0.003179644564311     0.036542840839700
65 74
    -0.013539988410811     0.000000000000000     0.000000000000000
     0.000000000000000    -0.003185809376807     0.001233467038774
     0.000000000000000     0.011418159204783     0.011483545380080
65 75
    -0.001118128131753     0.008967716255239     0.005507305935396
     0.008967716255239    -0.011473154919710     0.003179644564311
     0.005507305935396     0.003179644564311     0.036542840839700
65 76
    -0.013539988410811     0.000000000000000     0.000000000000000
     0.000000000000000    -0.003185809376807     0.011418159204783
     0.000000000000000     0.001233467038774     0.011483545380080
65 77
    -0.162237930659011    -0.436313294739369     0.021278608014376
    -0.469440825380366    -0.685175315729753     0.033690568317752
    -0.018537584023920    -0.035273099256496     0.174658952192584
65 78
    -0.162237930659011     0.436313294739369    -0.021278608014376
     0.469440825380366    -0.685175315729753     0.033690568317752
     0.018537584023920    -0.035273099256496     0.174658952192584
65 79
    -0.005774354135308    -0.004483491039390     0.009888415935797
    -0.004483491039390    -0.010951443652310    -0.005709079602391
     0.001068213790309    -0.000616733519387     0.011483545380080
65 80
    -0.005774354135308     0.004483491039390    -0.009888415935797
     0.004483491039390    -0.010951443652310    -0.005709079602391
    -0.001068213790309    -0.000616733519387     0.011483545380080
65 81
     0.278047728706448     0.000000000000000     0.000000000000000
     0.000000000000000     0.278047728706448     0.000000000000000
     0.000000000000000     0.000000000000000    -1.050619694378974
65 82
    -0.081127129495843     0.064187818097907    -0.125909732700619
    -0.064598365575055     0.119719110688516    -0.107060466414516
    -0.128932666655237     0.096404083453955    -0.095459582942124
65 83
    -0.015947968284045    -0.000000000000000     0.000000000000000
    -0.000000000000000     0.007532863904208    -0.000107946131431
     0.000000000000000    -0.001709093696090     0.010322137429859
65 84
    -0.081127129495843    -0.064187818097907     0.125909732700619
     0.064598365575055     0.119719110688516    -0.107060466414516
     0.128932666655237     0.096404083453955    -0.095459582942124
65 85
     0.069329778370092    -0.151464701832891    -0.155671950006291
    -0.022678518159929    -0.030737797177418    -0.055510793895187
     0.019022051972061    -0.159861006428084    -0.095459582942124
65 86
    -0.031622299906596    -0.015117010410314     0.015396379099909
    -0.015117010410314    -0.014166679847121     0.008889103617878
    -0.004265017725837    -0.002462409132111     0.013685673550796
65 87
    -0.031622299906596     0.015117010410314    -0.015396379099909
     0.015117010410314    -0.014166679847121     0.008889103617878
     0.004265017725837    -0.002462409132111     0.013685673550796
65 88
     0.069329778370092     0.151464701832891     0.155671950006291
     0.022678518159929    -0.030737797177418    -0.055510793895187
    -0.019022051972061    -0.159861006428084    -0.095459582942124
65 89
     0.001662655857144    -0.010167498588513    -0.000093484092059
    -0.010167498588513    -0.010077760236982     0.000053973065715
    -0.001480118558262     0.000854546848045     0.010322137429859
65 90
    -0.005438869817384     0.000000000000000     0.000000000000000
     0.000000000000000    -0.040350109936333    -0.017778207235756
     0.000000000000000     0.004924818264222     0.013685673550796
65 91
     0.001662655857144     0.010167498588513     0.000093484092059
     0.010167498588513    -0.010077760236982     0.000053973065715
     0.001480118558262     0.000854546848045     0.010322137429859
65 92
    -0.008178630415233    -0.000000000000000     0.000000000000000
    -0.000000000000000    -0.041549960366058     0.003803877842296
     0.000000000000000     0.019261345983639     0.014304107544900
65 93
     0.069685322914761    -0.022473244421355    -0.029762217305672
    -0.151259428094317    -0.031093341722088     0.162571260309702
     0.147954718627299     0.063456922974129    -0.095459582942124
65 94
     0.069685322914761     0.022473244421355     0.029762217305672
     0.151259428094317    -0.031093341722088     0.162571260309702
    -0.147954718627299     0.063456922974129    -0.095459582942124
65 95
    -0.033207127878352     0.014450209747744     0.003294254844321
     0.014450209747744    -0.016521462902939    -0.001901938921148
     0.016680814932913    -0.009630672991819     0.014304107544900
65 96
    -0.033207127878352    -0.014450209747744    -0.003294254844321
    -0.014450209747744    -0.016521462902939    -0.001901938921148
    -0.016680814932913    -0.009630672991819     0.014304107544900
81 1
    -0.002096711077580    -0.000000000000000     0.000000000000000
    -0.000000000000000    -0.002096711077580     0.000000000000000
     0.000000000000000     0.000000000000000     0.013143249678391
81 2
    -0.003259037963078    -0.001465524284854    -0.000702020062977
     0.002138596752537    -0.002635216778674    -0.004460736085459
     0.003627364939150    -0.000440721771559     0.000868891664145
81 3
    -0.003048707257971    -0.000000000000000     0.000000000000000
    -0.000000000000000    -0.002279861980854    -0.001566551428019
     0.000000000000000     0.000454634857155     0.003868774758601
81 4
    -0.003259037963078     0.001465524284854     0.000702020062977
    -0.002138596752537    -0.002635216778674    -0.004460736085459
    -0.003627364939150    -0.000440721771559     0.000868891664145
81 5
    -0.002499723146974     0.001700206139060    -0.004214120801074
    -0.001903914898332    -0.003394531594778     0.001622400834225
     0.001432006219405     0.003361751071880     0.000868891664145
81 6
     0.000416892369407     0.000670460766497    -0.000356222438775
     0.000670460766497    -0.000357289038629    -0.000205665120918
     0.000874891184471     0.000505118660866     0.004464213345886
81 7
     0.000416892369407    -0.000670460766497     0.000356222438775
    -0.000670460766497    -0.000357289038629    -0.000205665120918
    -0.000874891184471     0.000505118660866     0.004464213345886
81 8
    -0.002499723146974    -0.001700206139060     0.004214120801074
     0.001903914898332    -0.003394531594778     0.001622400834225
    -0.001432006219405     0.003361751071880     0.000868891664145
81 9
    -0.002472073300133    -0.000332919770781    -0.001356673332999
    -0.000332919770781    -0.002856495938692     0.000783275714009
     0.000393725335742    -0.000227317428577     0.003868774758601
81 10
    -0.000744379742647    -0.000000000000000     0.000000000000000
    -0.000000000000000     0.000803983073425     0.000411330241836
     0.000000000000000    -0.001010237321732     0.004464213345886
81 11
    -0.002472073300133     0.000332919770781     0.001356673332999
     0.000332919770781    -0.002856495938692     0.000783275714009
    -0.000393725335742    -0.000227317428577     0.003868774758601
81 12
    -0.000775234973369    -0.000000000000000     0.000000000000000
    -0.000000000000000    -0.002587159595715     0.000509195797314
     0.000000000000000     0.001601118026784     0.002095381194401
81 13
    -0.003082621002575    -0.002240451132173    -0.003512100738097
     0.001363669905218    -0.002811633739176     0.002838335251234
    -0.002195358719746    -0.002921029300322     0.000868891664145
81 14
    -0.003082621002575     0.002240451132173     0.003512100738097
    -0.001363669905218    -0.002811633739176     0.002838335251234
     0.002195358719746    -0.002921029300322     0.000868891664145
81 15
    -0.002134178440129     0.000784586376347     0.000440976495974
     0.000784586376347    -0.001228216128955    -0.000254597898657
     0.001386608885652    -0.000800559013392     0.002095381194401
81 16
    -0.002134178440129    -0.000784586376347    -0.000440976495974
    -0.000784586376347    -0.001228216128955    -0.000254597898657
    -0.001386608885652    -0.000800559013392     0.002095381194401
81 17
    -3.212685754887564    -1.350735643638820     2.513618406912165
    -1.350735643638820    -1.652990579969773     1.451238263870737
     2.692021078042556     1.554239094072016    -3.414809619490878
81 18
     0.016443403324077    -0.044679722136811     0.036077175651082
     0.111153925965455    -0.048214683607305    -0.021459971422453
    -0.064841176557216    -0.019927338699904    -0.031722874898870
81 19
     0.016443403324077     0.044679722136811    -0.036077175651082
    -0.111153925965455    -0.048214683607305    -0.021459971422453
     0.064841176557216    -0.019927338699904    -0.031722874898870
81 20
    -3.212685754887564     1.350735643638820    -2.513618406912165
     1.350735643638820    -1.652990579969773     1.451238263870737
    -2.692021078042556     1.554239094072016    -3.414809619490878
81 21
    -0.003265987268484     0.122533147929634    -0.000546292590791
    -0.033300500172632    -0.028505293014744     0.041973736321857
    -0.049678169822541    -0.046190436759869    -0.031722874898870
81 22
     0.011540739172706     0.000000000000000     0.000000000000000
     0.000000000000000     0.011540739172706     0.000000000000000
     0.000000000000000     0.000000000000000    -0.015155752653922
81 23
    -0.003265987268484    -0.122533147929634     0.000546292590791
     0.033300500172632    -0.028505293014743     0.041973736321857
     0.049678169822541    -0.046190436759869    -0.031722874898870
81 24
     0.245152845521052     0.000000000000000     0.000000000000000
     0.000000000000000    -0.131802484284659     0.096430451542132
     0.000000000000000     0.043643152812949    -0.138493143390253
81 25
    -0.060834336480435    -0.066537602086954    -0.036623468241873
     0.089296046015312     0.029063056197207    -0.020513764899404
     0.015163006734675     0.066117775459773    -0.031722874898870
81 26
    -0.060834336480435     0.066537602086954     0.036623468241873
    -0.089296046015312     0.029063056197207    -0.020513764899404
    -0.015163006734675     0.066117775459773    -0.031722874898870
81 27
     0.024852401051213    -0.014203193711669     0.004051436899868
    -0.014203193711669     0.041252836476781     0.002339098184744
    -0.005194885068571    -0.002999268292749    -0.000018771739040
81 28
     0.024852401051213     0.014203193711669    -0.004051436899868
     0.014203193711669     0.041252836476781     0.002339098184744
     0.005194885068571    -0.002999268292749    -0.000018771739040
81 29
    -0.873142992510878     0.000000000000000     0.000000000000000
     0.000000000000000    -3.992533342346457    -2.902476527741474
     0.000000000000000    -3.108478188144032    -3.414809619490878
81 30
    -0.037563651833231     0.163226445851844     0.083511220733891
     0.163226445851844     0.150914013069624    -0.048215225771066
     0.037796079037260    -0.021821576406474    -0.138493143390253
81 31
     0.049453054189566     0.000000000000000     0.000000000000000
     0.000000000000000     0.016652183338428    -0.004678196369487
     0.000000000000000     0.005998536585498    -0.000018771739040
81 32
    -0.037563651833231    -0.163226445851844    -0.083511220733891
    -0.163226445851844     0.150914013069624    -0.048215225771066
    -0.037796079037260    -0.021821576406474    -0.138493143390253
81 33
    -0.009141512471710    -0.000997148332495    -0.001362409280455
    -0.000997148332495    -0.007990104755334    -0.000786587364817
    -0.001362409280455    -0.000786587364817    -0.005607205680617
81 34
    -0.009748252761608    -0.000177968681787    -0.000924753025243
    -0.000177968681787    -0.010011805089815     0.000070353531922
    -0.000924753025243     0.000070353531922    -0.001472000686486
81 35
    -0.009748252761608     0.000177968681787     0.000924753025243
     0.000177968681787    -0.010011805089815     0.000070353531922
     0.000924753025243     0.000070353531922    -0.001472000686486
81 36
    -0.009141512471710     0.000997148332495     0.001362409280455
     0.000997148332495    -0.007990104755334    -0.000786587364817
     0.001362409280455    -0.000786587364817    -0.005607205680617
81 37
    -0.010100042407269     0.000025137164833    -0.000401448566731
     0.000025137164833    -0.009660015444154    -0.000836036378048
    -0.000401448566731    -0.000836036378048    -0.001472000686486
81 38
    -0.009869426861090    -0.000000000000000     0.000000000000000
     0.000000000000000    -0.009869426861090     0.000000000000000
     0.000000000000000     0.000000000000000    -0.000789973200075
81 39
    -0.010100042407269    -0.000025137164833     0.000401448566731
    -0.000025137164833    -0.009660015444154    -0.000836036378048
     0.000401448566731    -0.000836036378048    -0.001472000686486
81 40
    -0.007014996127081    -0.000000000000000     0.000000000000000
    -0.000000000000000    -0.009156916400772    -0.001472061181046
     0.000000000000000    -0.001472061181046    -0.001427536116659
81 41
    -0.009791791608258     0.000203105846620     0.000523304458512
     0.000203105846620    -0.009968266243166     0.000765682846126
     0.000523304458512     0.000765682846126    -0.001472000686486
81 42
    -0.009791791608258    -0.000203105846620    -0.000523304458512
    -0.000203105846620    -0.009968266243166     0.000765682846126
    -0.000523304458512     0.000765682846126    -0.001472000686486
81 43
    -0.009215337778593     0.000340525921160     0.000313890704094
     0.000340525921160    -0.009608543243089     0.000181224882505
     0.000313890704094     0.000181224882505    -0.000902101245722
81 44
    -0.009215337778593    -0.000340525921160    -0.000313890704094
    -0.000340525921160    -0.009608543243089     0.000181224882505
    -0.000313890704094     0.000181224882505    -0.000902101245722
81 45
    -0.007414400897146    -0.000000000000000     0.000000000000000
    -0.000000000000000    -0.009717216329898     0.001573174729634
     0.000000000000000     0.001573174729634    -0.005607205680617
81 46
    -0.008621436332349     0.000927478684949    -0.001274842378711
     0.000927478684949    -0.007550476195503     0.000736030590523
    -0.001274842378711     0.000736030590523    -0.001427536116659
81 47
    -0.009805145975337    -0.000000000000000     0.000000000000000
    -0.000000000000000    -0.009018735046345    -0.000362449765010
     0.000000000000000    -0.000362449765010    -0.000902101245722
81 48
    -0.008621436332349    -0.000927478684949     0.001274842378711
    -0.000927478684949    -0.007550476195503     0.000736030590523
     0.001274842378711     0.000736030590523    -0.001427536116659
81 49
    -0.004158599954097     0.001952311698704    -0.003606216219793
     0.001952311698704    -0.006412935323675    -0.002082049905253
    -0.004862763287678    -0.002807517693146    -0.000747098467545
81 50
    -0.004250634524566    -0.000304852815268     0.001736706111051
     0.000693338830848    -0.005536783672256    -0.000033567114049
    -0.003797269979378    -0.002622169484113    -0.002306309149617
81 51
    -0.004250634524566     0.000304852815268    -0.001736706111051
    -0.000693338830848    -0.005536783672256    -0.000033567114049
     0.003797269979378    -0.002622169484113    -0.002306309149617
81 52
    -0.004158599954097    -0.001952311698704     0.003606216219793
    -0.001952311698704    -0.006412935323675    -0.002082049905253
     0.004862763287678    -0.002807517693146    -0.000747098467545
81 53
    -0.005047027006080     0.001153136244431     0.000839283082028
     0.000154944598314    -0.004740391190742     0.001520815168103
    -0.004169500375959    -0.001977447525113    -0.002306309149617
81 54
    -0.007170611401913    -0.000000000000000     0.000000000000000
    -0.000000000000000    -0.007170611401913     0.000000000000000
     0.000000000000000     0.000000000000000    -0.006280037548051
81 55
    -0.005047027006080    -0.001153136244431    -0.000839283082028
    -0.000154944598314    -0.004740391190742     0.001520815168103
     0.004169500375959    -0.001977447525113    -0.002306309149617
81 56
    -0.000690247455582     0.000000000000000     0.000000000000000
     0.000000000000000    -0.003810226103740    -0.007287605957019
     0.000000000000000    -0.001627373915259     0.001694179390385
81 57
    -0.005383465764587    -0.000039298409475    -0.000897423029024
     0.000958893236641    -0.004403952432235    -0.001487248054054
    -0.000372230396581     0.004599617009226    -0.002306309149617
81 58
    -0.005383465764587     0.000039298409475     0.000897423029024
    -0.000958893236641    -0.004403952432235    -0.001487248054054
     0.000372230396581     0.004599617009226    -0.002306309149617
81 59
    -0.006058421045045     0.000214808664597    -0.000984662772529
     0.000214808664597    -0.006306460725704    -0.000568495316781
     0.000533769507993     0.000308171969125    -0.004341402653409
81 60
    -0.006058421045045    -0.000214808664597     0.000984662772529
    -0.000214808664597    -0.006306460725704    -0.000568495316781
    -0.000533769507993     0.000308171969125    -0.004341402653409
81 61
    -0.007540103008464     0.000000000000000     0.000000000000000
     0.000000000000000    -0.003031432269308     0.004164099810507
     0.000000000000000     0.005615035386292    -0.000747098467545
81 62
    -0.003030231441701     0.001350990384285    -0.006311251891549
     0.001350990384285    -0.001470242117622     0.003643802978509
    -0.001409347152070     0.000813686957629     0.001694179390385
81 63
    -0.006430480566034    -0.000000000000000     0.000000000000000
    -0.000000000000000    -0.005934401204716     0.001136990633561
     0.000000000000000    -0.000616343938250    -0.004341402653409
81 64
    -0.003030231441701    -0.001350990384285     0.006311251891549
    -0.001350990384285    -0.001470242117622     0.003643802978509
     0.001409347152070     0.000813686957629     0.001694179390385
81 65
     0.278047728706448     0.000000000000000     0.000000000000000
     0.000000000000000     0.278047728706448     0.000000000000000
     0.000000000000000     0.000000000000000    -1.050619694378974
81 66
    -0.081127129495843     0.064598365575055     0.128932666655237
    -0.064187818097907     0.119719110688516     0.096404083453955
     0.125909732700619    -0.107060466414516    -0.095459582942124
81 67
    -0.015947968284045    -0.000000000000000     0.000000000000000
    -0.000000000000000     0.007532863904208    -0.001709093696090
     0.000000000000000    -0.000107946131431     0.010322137429859
81 68
    -0.081127129495843    -0.064598365575055    -0.128932666655237
     0.064187818097907     0.119719110688516     0.096404083453955
    -0.125909732700619    -0.107060466414516    -0.095459582942124
81 69
     0.069685322914761    -0.151259428094317     0.147954718627299
    -0.022473244421355    -0.031093341722088     0.063456922974129
    -0.029762217305672     0.162571260309702    -0.095459582942124
81 70
    -0.033207127878352    -0.014450209747744    -0.016680814932913
    -0.014450209747744    -0.016521462902939    -0.009630672991819
    -0.003294254844321    -0.001901938921148     0.014304107544900
81 71
    -0.033207127878352     0.014450209747744     0.016680814932913
     0.014450209747744    -0.016521462902939    -0.009630672991819
     0.003294254844321    -0.001901938921148     0.014304107544900
81 72
     0.069685322914761     0.151259428094317    -0.147954718627299
     0.022473244421355    -0.031093341722088     0.063456922974129
     0.029762217305672     0.162571260309702    -0.095459582942124
81 73
     0.001662655857144    -0.010167498588513    -0.001480118558262
    -0.010167498588513    -0.010077760236982     0.000854546848045
    -0.000093484092059     0.000053973065715     0.010322137429859
81 74
    -0.008178630415233    -0.000000000000000     0.000000000000000
    -0.000000000000000    -0.041549960366058     0.019261345983639
     0.000000000000000     0.003803877842296     0.014304107544900
81 75
     0.001662655857144     0.010167498588513     0.001480118558262
     0.010167498588513    -0.010077760236982     0.000854546848045
     0.000093484092059     0.000053973065715     0.010322137429859
81 76
    -0.005438869817384     0.000000000000000     0.000000000000000
     0.000000000000000    -0.040350109936333     0.004924818264222
     0.000000000000000    -0.017778207235756     0.013685673550796
81 77
     0.069329778370092    -0.022678518159929     0.019022051972061
    -0.151464701832891    -0.030737797177418    -0.159861006428084
    -0.155671950006291    -0.055510793895187    -0.095459582942124
81 78
     0.069329778370092     0.022678518159929    -0.019022051972061
     0.151464701832891    -0.030737797177418    -0.159861006428084
     0.155671950006291    -0.055510793895187    -0.095459582942124
81 79
    -0.031622299906596     0.015117010410314     0.004265017725837
     0.015117010410314    -0.014166679847121    -0.002462409132111
    -0.015396379099909     0.008889103617878     0.013685673550796
81 80
    -0.031622299906596    -0.015117010410314    -0.004265017725837
    -0.015117010410314    -0.014166679847121    -0.002462409132111
     0.015396379099909     0.008889103617878     0.013685673550796
81 81
     9.704122985325348     0.000000000000000     0.000000000000000
     0.000000000000000     9.704122985325347     0.000000000000000
     0.000000000000000     0.000000000000000    11.089912848721278
81 82
    -0.889544979985190    -0.003563019882748     0.067630106434660
     0.003563019882748     0.083661001059750     0.018087427415423
    -0.067630106434660     0.018087427415423     0.196409478246852
81 83
    -0.040970813241030    -0.000000000000000     0.000000000000000
    -0.000000000000000    -0.005645581408930     0.014356780886522
     0.000000000000000     0.014356780886522     0.026933940462510
81 84
    -0.889544979985190     0.003563019882748    -0.067630106434660
    -0.003563019882748     0.083661001059750     0.018087427415423
     0.067630106434660     0.018087427415423     0.196409478246852
81 85
    -0.159640494201485    -0.417847531467190     0.049479224848194
    -0.424973571232685    -0.646243484723955     0.049525676525350
    -0.018150881586466    -0.067613103940773     0.196409478246852
81 86
    -0.014401220939501    -0.000807092222073     0.005658872428556
    -0.000807092222073    -0.013469271116152     0.003267151519937
     0.013433684983405     0.007755941641378     0.006469859883057
81 87
    -0.014401220939501     0.000807092222073    -0.005658872428556
     0.000807092222073    -0.013469271116152     0.003267151519937
    -0.013433684983405     0.007755941641378     0.006469859883057
81 88
    -0.159640494201485     0.417847531467190    -0.049479224848194
     0.424973571232685    -0.646243484723955     0.049525676525350
     0.018150881586466    -0.067613103940773     0.196409478246852
81 89
    -0.014476889366955    -0.015296274080587     0.012433336964295
    -0.015296274080587    -0.032139505283005    -0.007178390443261
     0.012433336964295    -0.007178390443261     0.026933940462510
81 90
    -0.013003296204477     0.000000000000000     0.000000000000000
     0.000000000000000    -0.014867195851176    -0.006534303039873
     0.000000000000000    -0.015511883282755     0.006469859883057
81 91
    -0.014476889366955     0.015296274080587    -0.012433336964295
     0.015296274080587    -0.032139505283005    -0.007178390443261
    -0.012433336964295    -0.007178390443261     0.026933940462510
81 92
    -0.013003296204477     0.000000000000000     0.000000000000000
     0.000000000000000    -0.014867195851176    -0.015511883282755
     0.000000000000000    -0.006534303039873     0.006469859883057
81 93
    -0.159640494201485    -0.424973571232685    -0.018150881586466
    -0.417847531467190    -0.646243484723955    -0.067613103940773
     0.049479224848194     0.049525676525350     0.196409478246852
81 94
    -0.159640494201485     0.424973571232685     0.018150881586466
     0.417847531467190    -0.646243484723955    -0.067613103940773
    -0.049479224848194     0.049525676525350     0.196409478246852
81 95
    -0.014401220939501     0.000807092222073    -0.013433684983405
     0.000807092222073    -0.013469271116152     0.007755941641378
    -0.005658872428556     0.003267151519937     0.006469859883057
81 96
    -0.014401220939501    -0.000807092222073     0.013433684983405
    -0.000807092222073    -0.013469271116152     0.007755941641378
     0.005658872428556     0.003267151519937     0.006469859883057