   6   96
1 1
    21.870038252257331     0.000000000000000     0.000000000000000
     0.000000000000000    21.870038252257331     0.000000000000000
     0.000000000000000     0.000000000000000    25.466890851767968
1 2
    -0.696278396207608    -1.083786858206425     0.021132738126967
     1.083786858206425    -0.289337424738108     0.004573458313626
    -0.021132738126967     0.004573458313626     0.385368977211227
1 3
    -0.367620427687508     0.000000000000000     0.000000000000000
     0.000000000000000     0.086966498914748     0.004320008871550
     0.000000000000000     0.004320008871550    -0.112720736464542
1 4
    -0.696278396207608     1.083786858206425    -0.021132738126967
    -1.083786858206425    -0.289337424738108     0.004573458313626
     0.021132738126967     0.004573458313626     0.385368977211227
1 5
    -0.391072667605483     0.907576248639770     0.014527100146233
    -1.259997467773077    -0.594543153340233     0.016014758912664
    -0.006605637980734    -0.020588217226291     0.385368977211226
1 6
    -0.043408176284266     0.093244083086988    -0.000256758267772
     0.093244083086988    -0.151077169225491    -0.000148239455015
     0.004657823382182     0.002689195583540    -0.022665640810896
1 7
    -0.043408176284266    -0.093244083086988     0.000256758267772
    -0.093244083086988    -0.151077169225491    -0.000148239455015
    -0.004657823382182     0.002689195583540    -0.022665640810896
1 8
    -0.391072667605483    -0.907576248639771    -0.014527100146233
     1.259997467773077    -0.594543153340233     0.016014758912664
     0.006605637980734    -0.020588217226291     0.385368977211226
1 9
    -0.026680232735816    -0.196841913332923     0.003741237427336
    -0.196841913332923    -0.253973696036944    -0.002160004435775
     0.003741237427336    -0.002160004435775    -0.112720736464542
1 10
    -0.204911665696103     0.000000000000000     0.000000000000000
     0.000000000000000     0.010426320186346     0.000296478910029
     0.000000000000000    -0.005378391167081    -0.022665640810896
1 11
    -0.026680232735816     0.196841913332923    -0.003741237427336
     0.196841913332923    -0.253973696036944    -0.002160004435775
    -0.003741237427336    -0.002160004435775    -0.112720736464542
1 12
    -0.204911665696103     0.000000000000000     0.000000000000000
     0.000000000000000     0.010426320186346    -0.005378391167081
     0.000000000000000     0.000296478910029    -0.022665640810896
1 13
    -0.391072667605483    -1.259997467773077    -0.006605637980734
     0.907576248639770    -0.594543153340233    -0.020588217226291
     0.014527100146233     0.016014758912664     0.385368977211226
1 14
    -0.391072667605483     1.259997467773077     0.006605637980734
    -0.907576248639771    -0.594543153340233    -0.020588217226291
    -0.014527100146233     0.016014758912664     0.385368977211226
1 15
    -0.043408176284266    -0.093244083086988    -0.004657823382182
    -0.093244083086988    -0.151077169225491     0.002689195583540
     0.000256758267772    -0.000148239455015    -0.022665640810896
1 16
    -0.043408176284266     0.093244083086988     0.004657823382182
     0.093244083086988    -0.151077169225491     0.002689195583540
    -0.000256758267772    -0.000148239455015    -0.022665640810896
1 17
    -3.919063863459585    -1.588854390034064     3.045682587694744
    -1.588854390034066    -2.084412843881011     1.758425661871716
     2.980737092300079     1.720929362622952    -4.294050281999009
1 18
    -0.050491350109429     0.110168257713935    -0.051909685120286
    -0.047043941306615    -0.030323513936453     0.000392820575342
     0.055702232597815    -0.017035873785966    -0.046149437110495
1 19
    -0.050491350109429    -0.110168257713935     0.051909685120286
     0.047043941306615    -0.030323513936453     0.000392820575342
    -0.055702232597815    -0.017035873785966    -0.046149437110495
1 20
    -3.919063863459585     1.588854390034066    -3.045682587694744
     1.588854390034066    -2.084412843881011     1.758425661871716
    -2.980737092300079     1.720929362622953    -4.294050281999003
1 21
    -0.008031842177064    -0.071557949641025    -0.025614649962768
     0.085654249379525    -0.072783021868818    -0.045151516304290
     0.013097616824596     0.056757485370201    -0.046149437110495
1 22
     0.024011319074319     0.000000000000000     0.000000000000000
    -0.000000000000000     0.024011319074319     0.000000000000000
     0.000000000000000     0.000000000000000    -0.017015605441206
1 23
    -0.008031842177064     0.071557949641025     0.025614649962768
    -0.085654249379525    -0.072783021868818    -0.045151516304290
    -0.013097616824596     0.056757485370200    -0.046149437110495
1 24
     0.389463032639520     0.000000000000000     0.000000000000000
    -0.000000000000000    -0.224976456815708     0.086932656563331
     0.000000000000000     0.142559697005908    -0.204661633543903
1 25
    -0.062699103782330     0.054092091175865     0.026295035157518
    -0.103120107844684    -0.018115760263552     0.044758695728948
    -0.042604615773219    -0.039721611584235    -0.046149437110495
1 26
    -0.062699103782330    -0.054092091175865    -0.026295035157518
     0.103120107844684    -0.018115760263552     0.044758695728948
     0.042604615773219    -0.039721611584235    -0.046149437110495
1 27
     0.020133475194032    -0.006873694273053    -0.001572785817488
    -0.006873694273053     0.028070533671781    -0.000908048315104
     0.002577597596698     0.001488176666316     0.005233830626440
1 28
     0.020133475194032     0.006873694273053     0.001572785817488
     0.006873694273053     0.028070533671781    -0.000908048315104
    -0.002577597596698     0.001488176666316     0.005233830626440
1 29
    -1.167087334091724     0.000000000000000     0.000000000000000
     0.000000000000000    -4.836389373248871    -3.516851323743432
     0.000000000000000    -3.441858725245906    -4.294050281999005
1 30
    -0.071366584451901     0.266060103478284     0.075285889002313
     0.266060103478284     0.235853160275713    -0.043466328281666
     0.123460319162928    -0.071279848502954    -0.204661633543903
1 31
     0.032039062910655     0.000000000000000     0.000000000000000
     0.000000000000000     0.016164945955158     0.001816096630209
     0.000000000000000    -0.002976353332632     0.005233830626440
1 32
    -0.071366584451901    -0.266060103478284    -0.075285889002313
    -0.266060103478284     0.235853160275713    -0.043466328281666
    -0.123460319162928    -0.071279848502954    -0.204661633543903
1 33
    -3.886663764982974    -1.585409566271117    -3.055193284795965
    -1.585409566271118    -2.055990485258097    -1.763916665403286
    -2.932120069350765    -1.692860311335968    -4.229647016948475
1 34
    -0.045626855158713     0.105392888728152     0.052791631514356
    -0.050492327244946    -0.025656177873434    -0.001475511402102
    -0.049319011135756     0.012519816993796    -0.055765135633912
1 35
    -0.045626855158713    -0.105392888728152    -0.052791631514356
     0.050492327244946    -0.025656177873434    -0.001475511402103
     0.049319011135756     0.012519816993796    -0.055765135633912
1 36
    -3.886663764982973     1.585409566271118     3.055193284795965
     1.585409566271118    -2.055990485258097    -1.763916665403287
     2.932120069350765    -1.692860311335968    -4.229647016948471
1 37
    -0.006876206731511    -0.072865024545664     0.025117985399384
     0.083020191427434    -0.064406826300636     0.046456649699711
    -0.013817026000519    -0.048971425029990    -0.055765135633912
1 38
     0.019676091889016     0.000000000000000     0.000000000000000
    -0.000000000000000     0.019676091889016     0.000000000000000
     0.000000000000000     0.000000000000000    -0.022328953691785
1 39
    -0.006876206731511     0.072865024545664    -0.025117985399384
    -0.083020191427434    -0.064406826300636     0.046456649699711
     0.013817026000519    -0.048971425029990    -0.055765135633912
1 40
     0.388458314090701     0.000000000000000     0.000000000000000
    -0.000000000000000    -0.224129430668661    -0.109174874271931
     0.000000000000000    -0.159201012247430    -0.185789979364551
1 41
    -0.054421487657997     0.055569910685831    -0.027673646114972
    -0.100315305287267    -0.016861545374151    -0.044981138297608
     0.035501985135237     0.036451608036194    -0.055765135633912
1 42
    -0.054421487657997    -0.055569910685831     0.027673646114972
     0.100315305287267    -0.016861545374151    -0.044981138297608
    -0.035501985135237     0.036451608036194    -0.055765135633912
1 43
     0.018329107385737    -0.008266154704496     0.001719796811351
    -0.008266154704496     0.027874040673345     0.000992925151985
     0.002582755755299     0.001491154730573     0.003851856539282
1 44
     0.018329107385737     0.008266154704496    -0.001719796811351
     0.008266154704496     0.027874040673345     0.000992925151985
    -0.002582755755299     0.001491154730573     0.003851856539282
1 45
    -1.140653845395659     0.000000000000000     0.000000000000000
     0.000000000000000    -4.802000404845412     3.527833330806574
     0.000000000000000     3.385720622671937    -4.229647016948473
1 46
    -0.070982494478820     0.265258274504313    -0.094548214574464
     0.265258274504313     0.235311377900861     0.054587437135965
    -0.137872120914472     0.079600506123715    -0.185789979364550
1 47
     0.032646507317149     0.000000000000000     0.000000000000000
     0.000000000000000     0.013556640741933    -0.001985850303970
     0.000000000000000    -0.002982309461145     0.003851856539282
1 48
    -0.070982494478820    -0.265258274504312     0.094548214574464
    -0.265258274504312     0.235311377900861     0.054587437135965
     0.137872120914472     0.079600506123715    -0.185789979364550
1 49
    -0.003885023932197     0.003892302333111    -0.016976901300623
     0.003892302333111    -0.008379467531775    -0.009801618535920
    -0.024232309639663    -0.013990530493546     0.009865638673565
1 50
    -0.003971464856759    -0.001171465862046     0.004688848888248
     0.000487109503345    -0.012776964929673     0.001205944745921
     0.006899857803292     0.005439939367915     0.000353991852862
1 51
    -0.003971464856759     0.001171465862046    -0.004688848888248
    -0.000487109503345    -0.012776964929673     0.001205944745921
    -0.006899857803292     0.005439939367915     0.000353991852862
1 52
    -0.003885023932197    -0.003892302333111     0.016976901300623
    -0.003892302333111    -0.008379467531775    -0.009801618535920
     0.024232309639663    -0.013990530493546     0.009865638673565
1 53
    -0.010871924907382     0.004471091971105     0.003388803229652
     0.002812516605714    -0.005876504879050     0.003457689878769
     0.008161054589307     0.003255482456194     0.000353991852862
1 54
     0.005670047061455     0.000000000000000     0.000000000000000
    -0.000000000000000     0.005670047061455     0.000000000000000
     0.000000000000000     0.000000000000000    -0.011577137731838
1 55
    -0.010871924907382    -0.004471091971105    -0.003388803229652
    -0.002812516605714    -0.005876504879050     0.003457689878769
    -0.008161054589307     0.003255482456194     0.000353991852862
1 56
     0.007834097797303     0.000000000000000     0.000000000000000
    -0.000000000000000    -0.010747716584172    -0.001985773120762
     0.000000000000000     0.000157171610250    -0.002157937204851
1 57
    -0.010279254915506     0.003154694785064    -0.001300045658596
     0.004813270150455    -0.006469174870925    -0.004663634624690
     0.001261196786015    -0.008695421824109     0.000353991852862
1 58
    -0.010279254915506    -0.003154694785064     0.001300045658596
    -0.004813270150455    -0.006469174870925    -0.004663634624690
    -0.001261196786015    -0.008695421824109     0.000353991852862
1 59
    -0.003858215469675    -0.000930750926123    -0.001237629392472
    -0.000930750926123    -0.002783476874184    -0.000714545662901
    -0.001015397207097    -0.000586239850852    -0.002534074030621
1 60
    -0.003858215469675     0.000930750926123     0.001237629392472
     0.000930750926123    -0.002783476874184    -0.000714545662901
     0.001015397207097    -0.000586239850852    -0.002534074030621
1 61
    -0.010626689331564     0.000000000000000     0.000000000000000
     0.000000000000000    -0.001637802132408     0.019603237071841
     0.000000000000000     0.027981060987091     0.009865638673565
1 62
    -0.006102262988803     0.008046161651382    -0.001719729968732
     0.008046161651382     0.003188644201934     0.000992886560381
     0.000136114607230    -0.000078585805125    -0.002157937204851
1 63
    -0.002246107576438     0.000000000000000     0.000000000000000
     0.000000000000000    -0.004395584767421     0.001429091325802
     0.000000000000000     0.001172479701703    -0.002534074030621
1 64
    -0.006102262988803    -0.008046161651382     0.001719729968732
    -0.008046161651382     0.003188644201934     0.000992886560381
    -0.000136114607230    -0.000078585805125    -0.002157937204851
1 65
    -0.043133430449518     0.000000000000000     0.000000000000000
     0.000000000000000    -0.043133430449518     0.000000000000000
     0.000000000000000     0.000000000000000     0.095492176006971
1 66
    -0.009209401700673     0.007883743844586    -0.004382277036012
     0.004953271800159    -0.012344019046679    -0.016028912878833
    -0.003767435062569     0.013498250725000    -0.031490872039877
1 67
    -0.005507649488206     0.000000000000000     0.000000000000000
     0.000000000000000    -0.004500957368761     0.000920336725117
     0.000000000000000     0.000456035422183    -0.001482547061801
1 68
    -0.009209401700673    -0.007883743844586     0.004382277036012
    -0.004953271800159    -0.012344019046679    -0.016028912878833
     0.003767435062569     0.013498250725000    -0.031490872039877
1 69
    -0.006001773881613     0.003101347015365    -0.016072584266123
     0.006031819059792    -0.015551646865739     0.004219293199809
     0.009806110503217    -0.010011819833793    -0.031490872039877
1 70
    -0.004314424482120    -0.001722746996266    -0.006384202433804
    -0.001722746996266    -0.002325167598040    -0.003685920993718
    -0.005779092917052    -0.003336560851332     0.002473439748783
1 71
    -0.004314424482120     0.001722746996266     0.006384202433804
     0.001722746996266    -0.002325167598040    -0.003685920993718
     0.005779092917052    -0.003336560851332     0.002473439748783
1 72
    -0.006001773881613    -0.003101347015365     0.016072584266123
    -0.006031819059792    -0.015551646865739     0.004219293199809
    -0.009806110503217    -0.010011819833793    -0.031490872039877
1 73
    -0.004752630398622    -0.000435910474615     0.000797034983987
    -0.000435910474615    -0.005255976458345    -0.000460168362559
     0.000394938260636    -0.000228017711091    -0.001482547061801
1 74
    -0.001330539156000     0.000000000000000     0.000000000000000
     0.000000000000000    -0.005309052924159     0.007371841987436
     0.000000000000000     0.006673121702664     0.002473439748783
1 75
    -0.004752630398622     0.000435910474615    -0.000797034983987
     0.000435910474615    -0.005255976458345    -0.000460168362559
    -0.000394938260636    -0.000228017711091    -0.001482547061801
1 76
    -0.000790645699825    -0.000000000000000     0.000000000000000
     0.000000000000000     0.002928352912014     0.006201389385605
     0.000000000000000    -0.001771039384380     0.003895713324021
1 77
    -0.017118955538741    -0.000386688762581    -0.011690307230111
    -0.003317160807008    -0.004434465208610     0.011809619679024
     0.013573545565786    -0.003486430891207    -0.031490872039877
1 78
    -0.017118955538741     0.000386688762581     0.011690307230111
     0.003317160807008    -0.004434465208610     0.011809619679024
    -0.013573545565786    -0.003486430891207    -0.031490872039877
1 79
     0.001998603259054    -0.001610373637246     0.005370560746693
    -0.001610373637246     0.000139103953135    -0.003100694692802
    -0.001533765097976     0.000885519692190     0.003895713324021
1 80
     0.001998603259054     0.001610373637246    -0.005370560746693
     0.001610373637246     0.000139103953135    -0.003100694692802
     0.001533765097976     0.000885519692190     0.003895713324021
1 81
    -0.002227069116941     0.000000000000000     0.000000000000000
     0.000000000000000    -0.002227069116941     0.000000000000000
     0.000000000000000     0.000000000000000     0.023282232696179
1 82
    -0.000833919987287    -0.001929299324925    -0.000437791966797
    -0.000256914006453     0.000162327903118     0.002043205199518
     0.000148396312441    -0.002144232561296     0.004711692669322
1 83
    -0.000299356930817    -0.000000000000000     0.000000000000000
     0.000000000000000     0.000177861311158     0.001095281004025
     0.000000000000000    -0.002024055295309     0.009855735928810
1 84
    -0.000833919987287     0.001929299324925     0.000437791966797
     0.000256914006453     0.000162327903118     0.002043205199518
    -0.000148396312441    -0.002144232561296     0.004711692669322
1 85
    -0.001033392211016    -0.000141748664387     0.001550571624528
    -0.001814133982859     0.000361800126847    -0.001400741564578
    -0.001782761713484     0.001200631257050     0.004711692669322
1 86
    -0.000340820588778    -0.000587422761301    -0.000929858642262
    -0.000587422761301     0.000337476789953    -0.000536854137418
     0.000476007725558     0.000274823188487     0.008862794255495
1 87
    -0.000340820588778     0.000587422761301     0.000929858642262
     0.000587422761301     0.000337476789953    -0.000536854137418
    -0.000476007725558     0.000274823188487     0.008862794255495
1 88
    -0.001033392211016     0.000141748664387    -0.001550571624528
     0.001814133982859     0.000361800126847    -0.001400741564578
     0.001782761713484     0.001200631257050     0.004711692669322
1 89
     0.000058556750664    -0.000206641560350     0.000948541173768
    -0.000206641560350    -0.000180052370323    -0.000547640502013
    -0.001752883304402     0.001012027647655     0.009855735928810
1 90
     0.000676625479319     0.000000000000000     0.000000000000000
     0.000000000000000    -0.000679969278144     0.001073708274837
     0.000000000000000    -0.000549646376975     0.008862794255495
1 91
     0.000058556750664     0.000206641560350    -0.000948541173768
     0.000206641560350    -0.000180052370323    -0.000547640502013
     0.001752883304402     0.001012027647655     0.009855735928810
1 92
    -0.000672952502708    -0.000000000000000     0.000000000000000
     0.000000000000000     0.000345228250325    -0.000638968499484
     0.000000000000000     0.001058320793974     0.008696857376154
1 93
     0.000859924072049    -0.000721027317171     0.001988363591326
     0.000951358001302    -0.001531516156219    -0.000642463634939
    -0.001931158025925     0.000943601304246     0.004711692669322
1 94
     0.000859924072049     0.000721027317171    -0.001988363591326
    -0.000951358001302    -0.001531516156219    -0.000642463634939
     0.001931158025925     0.000943601304246     0.004711692669322
1 95
     0.000090683062067    -0.000440885198885    -0.000553362952771
    -0.000440885198885    -0.000418407314450     0.000319484249742
     0.000916532692935    -0.000529160396987     0.008696857376154
1 96
     0.000090683062067     0.000440885198885     0.000553362952771
     0.000440885198885    -0.000418407314450     0.000319484249742
    -0.000916532692935    -0.000529160396987     0.008696857376154
17 1
    -3.919063863459585    -1.588854390034066     2.980737092300079
    -1.588854390034064    -2.084412843881011     1.720929362622952
     3.045682587694744     1.758425661871716    -4.294050281999009
17 2
    -3.919063863459585     1.588854390034066    -2.980737092300079
     1.588854390034066    -2.084412843881011     1.720929362622953
    -3.045682587694744     1.758425661871716    -4.294050281999003
17 3
    -0.050491350109429     0.047043941306615    -0.055702232597815
    -0.110168257713935    -0.030323513936453    -0.017035873785966
     0.051909685120286     0.000392820575342    -0.046149437110495
17 4
    -0.050491350109429    -0.047043941306615     0.055702232597815
     0.110168257713935    -0.030323513936453    -0.017035873785966
    -0.051909685120286     0.000392820575342    -0.046149437110495
17 5
    -1.167087334091724     0.000000000000000     0.000000000000000
     0.000000000000000    -4.836389373248871    -3.441858725245906
     0.000000000000000    -3.516851323743432    -4.294050281999005
17 6
    -0.071366584451901    -0.266060103478284    -0.123460319162928
    -0.266060103478284     0.235853160275713    -0.071279848502954
    -0.075285889002313    -0.043466328281666    -0.204661633543903
17 7
     0.032039062910655     0.000000000000000     0.000000000000000
     0.000000000000000     0.016164945955158    -0.002976353332632
     0.000000000000000     0.001816096630209     0.005233830626440
17 8
    -0.071366584451901     0.266060103478284     0.123460319162928
     0.266060103478284     0.235853160275713    -0.071279848502954
     0.075285889002313    -0.043466328281666    -0.204661633543903
17 9
    -0.062699103782330    -0.103120107844684    -0.042604615773219
     0.054092091175865    -0.018115760263552    -0.039721611584235
     0.026295035157518     0.044758695728948    -0.046149437110495
17 10
     0.020133475194032     0.006873694273053    -0.002577597596698
     0.006873694273053     0.028070533671781     0.001488176666316
     0.001572785817488    -0.000908048315104     0.005233830626440
17 11
     0.020133475194032    -0.006873694273053     0.002577597596698
    -0.006873694273053     0.028070533671781     0.001488176666316
    -0.001572785817488    -0.000908048315104     0.005233830626440
17 12
    -0.062699103782330     0.103120107844684     0.042604615773219
    -0.054092091175865    -0.018115760263552    -0.039721611584235
    -0.026295035157518     0.044758695728948    -0.046149437110495
17 13
    -0.008031842177064     0.085654249379525     0.013097616824596
    -0.071557949641025    -0.072783021868818     0.056757485370201
    -0.025614649962768    -0.045151516304290    -0.046149437110495
17 14
     0.389463032639520    -0.000000000000000     0.000000000000000
     0.000000000000000    -0.224976456815708     0.142559697005908
     0.000000000000000     0.086932656563331    -0.204661633543903
17 15
    -0.008031842177064    -0.085654249379525    -0.013097616824596
     0.071557949641025    -0.072783021868818     0.056757485370200
     0.025614649962768    -0.045151516304290    -0.046149437110495
17 16
     0.024011319074319    -0.000000000000000     0.000000000000000
     0.000000000000000     0.024011319074319     0.000000000000000
     0.000000000000000     0.000000000000000    -0.017015605441206
17 17
    10.093277597373444     0.000000000000000     0.000000000000000
     0.000000000000000    10.093277597373444     0.000000000000000
     0.000000000000000     0.000000000000000    13.694061563992941
17 18
    -0.889859291663487     0.024622532573101    -0.100892484846971
    -0.024622532573101     0.102948114930502    -0.010678844830838
     0.100892484846971    -0.010678844830838     0.292328295503002
17 19
     0.015318141604395     0.000000000000000     0.000000000000000
     0.000000000000000     0.009592456360451     0.012954720593568
     0.000000000000000     0.012954720593568     0.029003141076610
17 20
    -0.889859291663487    -0.024622532573101     0.100892484846971
     0.024622532573101     0.102948114930502    -0.010678844830838
    -0.100892484846971    -0.010678844830838     0.292328295503002
17 21
    -0.145253736717995    -0.454520750160972    -0.059694393330063
    -0.405275685014769    -0.641657440014990    -0.082036032512994
     0.041198091516907     0.092714877343832     0.292328295503001
17 22
     0.027833219708845     0.010830902358159     0.014245999938663
     0.010830902358159     0.015326770924746     0.008224931899462
     0.000863021404316     0.000498265640098    -0.009437844028295
17 23
     0.027833219708845    -0.010830902358159    -0.014245999938663
    -0.010830902358159     0.015326770924746     0.008224931899462
    -0.000863021404316     0.000498265640098    -0.009437844028295
17 24
    -0.145253736717995     0.454520750160972     0.059694393330063
     0.405275685014769    -0.641657440014990    -0.082036032512994
    -0.041198091516907     0.092714877343832     0.292328295503002
17 25
     0.011023877671437     0.002479294437664     0.011219117132959
     0.002479294437664     0.013886720293409    -0.006477360296784
     0.011219117132959    -0.006477360296784     0.029003141076610
17 26
     0.009073546532696     0.000000000000000     0.000000000000000
     0.000000000000000     0.034086444100895    -0.016449863798925
     0.000000000000000    -0.000996531280196    -0.009437844028295
17 27
     0.011023877671437    -0.002479294437664    -0.011219117132959
    -0.002479294437664     0.013886720293409    -0.006477360296784
    -0.011219117132959    -0.006477360296784     0.029003141076610
17 28
     0.009073546532696     0.000000000000000     0.000000000000000
     0.000000000000000     0.034086444100895    -0.000996531280196
     0.000000000000000    -0.016449863798925    -0.009437844028295
17 29
    -0.145253736717995    -0.405275685014769     0.041198091516907
    -0.454520750160972    -0.641657440014990     0.092714877343832
    -0.059694393330063    -0.082036032512994     0.292328295503001
17 30
    -0.145253736717995     0.405275685014769    -0.041198091516907
     0.454520750160972    -0.641657440014990     0.092714877343832
     0.059694393330063    -0.082036032512994     0.292328295503002
17 31
     0.027833219708845    -0.010830902358159    -0.000863021404316
    -0.010830902358159     0.015326770924746     0.000498265640098
    -0.014245999938663     0.008224931899462    -0.009437844028295
17 32
     0.027833219708845     0.010830902358159     0.000863021404316
     0.010830902358159     0.015326770924746     0.000498265640098
     0.014245999938663     0.008224931899462    -0.009437844028295
17 33
     0.318605871218655     0.000000000000000     0.000000000000000
    -0.000000000000000     0.318605871218655     0.000000000000000
     0.000000000000000     0.000000000000000    -1.241304401717267
17 34
    -0.069325106698331    -0.084917360528974    -0.157282405511803
     0.084672852884697     0.164742774972666     0.125852585746266
    -0.157236091110142    -0.133712426125212    -0.076437631705633
17 35
     0.010777267276883    -0.000000000000000     0.000000000000000
     0.000000000000000     0.032031384723912    -0.001020400157365
     0.000000000000000    -0.001136697439239    -0.002275160519526
17 36
    -0.069325106698331     0.084917360528974     0.157282405511803
    -0.084672852884697     0.164742774972666     0.125852585746266
     0.157236091110142    -0.133712426125211    -0.076437631705633
17 37
     0.106119929639235    -0.016620386072781     0.030350333632324
    -0.186210599486452    -0.010702261364900    -0.199136851614680
    -0.194416403381154    -0.069314236230542    -0.076437631705633
17 38
    -0.004405658677064    -0.011279304833313    -0.007687958733761
    -0.011279304833313     0.008618560686506    -0.004438645044456
     0.012609260084181     0.007279959703884     0.021490732196622
17 39
    -0.004405658677064     0.011279304833313     0.007687958733761
     0.011279304833313     0.008618560686506    -0.004438645044456
    -0.012609260084181     0.007279959703884     0.021490732196622
17 40
     0.106119929639235     0.016620386072781    -0.030350333632324
     0.186210599486452    -0.010702261364900    -0.199136851614680
     0.194416403381154    -0.069314236230542    -0.076437631705633
17 41
     0.026717855362155    -0.009203302822073    -0.000883692458304
    -0.009203302822073     0.016090796638641     0.000510200078683
    -0.000984408858797     0.000568348719619    -0.002275160519526
17 42
     0.015130670368291     0.000000000000000     0.000000000000000
     0.000000000000000    -0.010917768358849     0.008877290088911
     0.000000000000000    -0.014559919407768     0.021490732196622
17 43
     0.026717855362155     0.009203302822073     0.000883692458304
     0.009203302822073     0.016090796638641     0.000510200078683
     0.000984408858797     0.000568348719619    -0.002275160519526
17 44
     0.014523855633035     0.000000000000000     0.000000000000000
    -0.000000000000000    -0.011334731478892     0.016350454688746
     0.000000000000000    -0.004220531635291     0.020867575698196
17 45
     0.106331679470599    -0.186088345664313     0.187632739144127
    -0.016498132250642    -0.010914011196264     0.073284265868414
    -0.037180312271012     0.203026662355753    -0.076437631705633
17 46
     0.106331679470599     0.186088345664313    -0.187632739144127
     0.016498132250642    -0.010914011196264     0.073284265868414
     0.037180312271012     0.203026662355753    -0.076437631705633
17 47
    -0.004870084700910     0.011197096672451     0.014159909123881
     0.011197096672451     0.008059208855054    -0.008175227344373
    -0.003655087613638     0.002110265817646     0.020867575698196
17 48
    -0.004870084700910    -0.011197096672451    -0.014159909123881
    -0.011197096672451     0.008059208855054    -0.008175227344373
     0.003655087613638     0.002110265817646     0.020867575698196
17 49
     0.004861239347381     0.000000000000000     0.000000000000000
    -0.000000000000000     0.004861239347381     0.000000000000000
     0.000000000000000     0.000000000000000     0.004518286760744
17 50
     0.005266316668799    -0.000010606453982     0.000420027061788
    -0.001601052717491     0.006265726211737    -0.002751150304062
     0.000480139025561     0.000885278245470    -0.000242176332095
17 51
     0.005451027951367    -0.000000000000000     0.000000000000000
    -0.000000000000000     0.005948285935636    -0.002009149306306
     0.000000000000000     0.000001748869217     0.000711067523197
17 52
     0.005266316668799     0.000010606453982    -0.000420027061788
     0.001601052717491     0.006265726211737    -0.002751150304062
    -0.000480139025561     0.000885278245470    -0.000242176332095
17 53
     0.005318004933633    -0.001630894951108    -0.002172552522053
    -0.000040448687598     0.006214037946902     0.001739329257817
     0.001006742962775    -0.000026826529251    -0.000242176332095
17 54
     0.006093938448910    -0.000818699991404     0.000135502465878
    -0.000818699991404     0.007039291769755     0.000078232385150
    -0.000390798709908    -0.000225627740364    -0.000439772221306
17 55
     0.006093938448910     0.000818699991404    -0.000135502465878
     0.000818699991404     0.007039291769755     0.000078232385150
     0.000390798709908    -0.000225627740364    -0.000439772221306
17 56
     0.005318004933633     0.001630894951108     0.002172552522053
     0.000040448687598     0.006214037946902     0.001739329257817
    -0.001006742962775    -0.000026826529251    -0.000242176332095
17 57
     0.005823971439569    -0.000215319023306    -0.001739974339257
    -0.000215319023306     0.005575342447435     0.001004574653153
     0.000001514565170    -0.000000874434608     0.000711067523197
17 58
     0.007511968430177     0.000000000000000     0.000000000000000
     0.000000000000000     0.005621261788488    -0.000156464770301
     0.000000000000000     0.000451255480729    -0.000439772221306
17 59
     0.005823971439569     0.000215319023306     0.001739974339257
     0.000215319023306     0.005575342447435     0.001004574653153
    -0.000001514565170    -0.000000874434608     0.000711067523197
17 60
     0.006064859074184    -0.000000000000000     0.000000000000000
     0.000000000000000     0.007289330393825     0.000569463853459
     0.000000000000000     0.000366066158307     0.000196980779793
17 61
     0.006713742718371     0.000765380898139    -0.002592579583841
    -0.000825065365371     0.004818300162164     0.001011821046246
     0.000526603937214    -0.000858451716219    -0.000242176332095
17 62
     0.006713742718371    -0.000765380898139     0.002592579583841
     0.000825065365371     0.004818300162164     0.001011821046246
    -0.000526603937214    -0.000858451716219    -0.000242176332095
17 63
     0.006983212563915    -0.000530211634507     0.000493170163632
    -0.000530211634507     0.006370976904095    -0.000284731926730
     0.000317022592560    -0.000183033079154     0.000196980779793
17 64
     0.006983212563915     0.000530211634507    -0.000493170163632
     0.000530211634507     0.006370976904095    -0.000284731926730
    -0.000317022592560    -0.000183033079154     0.000196980779793
17 65
     0.005878503854768     0.000318583962212    -0.002626688463855
     0.000318583962212     0.005510634782082    -0.001516519291684
    -0.002589142705408    -0.001494842237938    -0.006459816066112
17 66
     0.005878503854768    -0.000318583962212     0.002626688463855
    -0.000318583962212     0.005510634782082    -0.001516519291684
     0.002589142705408    -0.001494842237938    -0.006459816066112
17 67
     0.006622084497493    -0.000337685643450    -0.000246277447516
    -0.001389083404911     0.005591354894552    -0.000334287469679
     0.001729472168602    -0.001220844116921    -0.005150830139055
17 68
     0.006622084497493     0.000337685643450     0.000246277447516
     0.001389083404911     0.005591354894552    -0.000334287469679
    -0.001729472168602    -0.001220844116921    -0.005150830139055
17 69
     0.005326700245739     0.000000000000000     0.000000000000000
     0.000000000000000     0.006062438391110     0.003033038583368
     0.000000000000000     0.002989684475876    -0.006459816066112
17 70
     0.006401898509806    -0.000191438239379     0.005892848174309
    -0.000191438239379     0.006622952347883     0.003402237479731
     0.000754688326642     0.000435719508541    -0.002312287283550
17 71
     0.005442843453610    -0.000000000000000     0.000000000000000
    -0.000000000000000     0.005030234962001     0.000208282627139
     0.000000000000000     0.000244904422181    -0.005938881449099
17 72
     0.006401898509806     0.000191438239379    -0.005892848174309
     0.000191438239379     0.006622952347883     0.003402237479731
    -0.000754688326642     0.000435719508541    -0.002312287283550
17 73
     0.005101324364112    -0.000511072132531    -0.000412640164666
     0.000540325628930     0.007112115027932    -0.000046138791088
    -0.000192545935014     0.002108188891608    -0.005150830139055
17 74
     0.005133387084903     0.000178664717776     0.000180378046269
     0.000178664717776     0.005339691330708    -0.000104141313569
     0.000212093451108    -0.000122452211091    -0.005938881449099
17 75
     0.005133387084903    -0.000178664717776    -0.000180378046269
    -0.000178664717776     0.005339691330708    -0.000104141313569
    -0.000212093451108    -0.000122452211091    -0.005938881449099
17 76
     0.005101324364112     0.000511072132531     0.000412640164666
    -0.000540325628930     0.007112115027932    -0.000046138791088
     0.000192545935014     0.002108188891608    -0.005150830139055
17 77
     0.006596750226462     0.001403710153110    -0.000166362717151
     0.000352312391650     0.005616689165583     0.000380426260767
    -0.001922018103616    -0.000887344774687    -0.005150830139055
17 78
     0.006733479266922     0.000000000000000     0.000000000000000
     0.000000000000000     0.006291371590767    -0.006804474959461
     0.000000000000000    -0.000871439017083    -0.002312287283550
17 79
     0.006596750226462    -0.001403710153110     0.000166362717151
    -0.000352312391650     0.005616689165583     0.000380426260767
     0.001922018103616    -0.000887344774687    -0.005150830139055
17 80
     0.004076810036595     0.000000000000000     0.000000000000000
    -0.000000000000000     0.004076810036595     0.000000000000000
     0.000000000000000     0.000000000000000    -0.006125560438365
17 81
     0.008575548685265    -0.000563142908690    -0.000270507069736
    -0.000563142908690     0.009225810105114    -0.000156177329530
     0.000067328374646     0.000038872055226    -0.004347504473252
17 82
     0.008575548685265     0.000563142908690     0.000270507069736
     0.000563142908690     0.009225810105114    -0.000156177329530
    -0.000067328374646     0.000038872055226    -0.004347504473252
17 83
     0.007975267332629     0.000010692039362     0.000137124384281
     0.000064397412466     0.008344897267525     0.000367366280505
    -0.000004893885781     0.000183550371995    -0.002806534422124
17 84
     0.007975267332629    -0.000010692039362    -0.000137124384281
    -0.000064397412466     0.008344897267525     0.000367366280505
     0.000004893885781     0.000183550371995    -0.002806534422124
17 85
     0.009550940815038     0.000000000000000     0.000000000000000
     0.000000000000000     0.008250417975341     0.000312354659060
     0.000000000000000    -0.000077744110452    -0.004347504473252
17 86
     0.008707044986112    -0.000196651300345     0.000608798054565
    -0.000196651300345     0.008934118348492     0.000351489720685
     0.000087976220253     0.000050793094445    -0.002565370177630
17 87
     0.008467940674945    -0.000000000000000     0.000000000000000
    -0.000000000000000     0.008468608164530     0.000126015608420
     0.000000000000000    -0.000080150271949    -0.002586707754822
17 88
     0.008707044986112     0.000196651300345    -0.000608798054565
     0.000196651300345     0.008934118348492     0.000351489720685
    -0.000087976220253     0.000050793094445    -0.002565370177630
17 89
     0.008285004470221    -0.000114429407300     0.000386710723552
    -0.000168134780404     0.008035160129933    -0.000064929939987
     0.000156512342131    -0.000096013415407    -0.002806534422124
17 90
     0.008468441292133    -0.000000289031469     0.000109132718165
    -0.000000289031469     0.008468107547341    -0.000063007804210
    -0.000069412171628     0.000040075135974    -0.002586707754822
17 91
     0.008468441292133     0.000000289031469    -0.000109132718165
     0.000000289031469     0.008468107547341    -0.000063007804210
     0.000069412171628     0.000040075135974    -0.002586707754822
17 92
     0.008285004470221     0.000114429407300    -0.000386710723552
     0.000168134780404     0.008035160129933    -0.000064929939987
    -0.000156512342131    -0.000096013415407    -0.002806534422124
17 93
     0.008219975097381    -0.000205679506318     0.000249586339271
    -0.000151974133215     0.008100189502773    -0.000302436340518
     0.000161406227912    -0.000087536956587    -0.002806534422124
17 94
     0.009047655029683     0.000000000000000     0.000000000000000
     0.000000000000000     0.008593508304921    -0.000702979441371
     0.000000000000000    -0.000101586188891    -0.002565370177630
17 95
     0.008219975097381     0.000205679506318    -0.000249586339271
     0.000151974133215     0.008100189502773    -0.000302436340518
    -0.000161406227912    -0.000087536956587    -0.002806534422124
17 96
     0.008183329054437     0.000000000000000     0.000000000000000
    -0.000000000000000     0.008183329054437     0.000000000000000
     0.000000000000000     0.000000000000000    -0.002355070986659
33 1
    -3.886663764982974    -1.585409566271118    -2.932120069350765
    -1.585409566271117    -2.055990485258097    -1.692860311335968
    -3.055193284795965    -1.763916665403286    -4.229647016948475
33 2
    -3.886663764982973     1.585409566271118     2.932120069350765
     1.585409566271118    -2.055990485258097    -1.692860311335968
     3.055193284795965    -1.763916665403287    -4.229647016948471
33 3
    -0.045626855158713     0.050492327244946     0.049319011135756
    -0.105392888728152    -0.025656177873434     0.012519816993796
    -0.052791631514356    -0.001475511402103    -0.055765135633912
33 4
    -0.045626855158713    -0.050492327244946    -0.049319011135756
     0.105392888728152    -0.025656177873434     0.012519816993796
     0.052791631514356    -0.001475511402102    -0.055765135633912
33 5
    -1.140653845395659     0.000000000000000     0.000000000000000
     0.000000000000000    -4.802000404845412     3.385720622671937
     0.000000000000000     3.527833330806574    -4.229647016948473
33 6
    -0.070982494478820    -0.265258274504312     0.137872120914472
    -0.265258274504312     0.235311377900861     0.079600506123715
     0.094548214574464     0.054587437135965    -0.185789979364550
33 7
     0.032646507317149     0.000000000000000     0.000000000000000
     0.000000000000000     0.013556640741933    -0.002982309461145
     0.000000000000000    -0.001985850303970     0.003851856539282
33 8
    -0.070982494478820     0.265258274504313    -0.137872120914472
     0.265258274504313     0.235311377900861     0.079600506123715
    -0.094548214574464     0.054587437135965    -0.185789979364550
33 9
    -0.054421487657997    -0.100315305287267     0.035501985135237
     0.055569910685831    -0.016861545374151     0.036451608036194
    -0.027673646114972    -0.044981138297608    -0.055765135633912
33 10
     0.018329107385737     0.008266154704496    -0.002582755755299
     0.008266154704496     0.027874040673345     0.001491154730573
    -0.001719796811351     0.000992925151985     0.003851856539282
33 11
     0.018329107385737    -0.008266154704496     0.002582755755299
    -0.008266154704496     0.027874040673345     0.001491154730573
     0.001719796811351     0.000992925151985     0.003851856539282
33 12
    -0.054421487657997     0.100315305287267    -0.035501985135237
    -0.055569910685831    -0.016861545374151     0.036451608036194
     0.027673646114972    -0.044981138297608    -0.055765135633912
33 13
    -0.006876206731511     0.083020191427434    -0.013817026000519
    -0.072865024545664    -0.064406826300636    -0.048971425029990
     0.025117985399384     0.046456649699711    -0.055765135633912
33 14
     0.388458314090701    -0.000000000000000     0.000000000000000
     0.000000000000000    -0.224129430668661    -0.159201012247430
     0.000000000000000    -0.109174874271931    -0.185789979364551
33 15
    -0.006876206731511    -0.083020191427434     0.013817026000519
     0.072865024545664    -0.064406826300636    -0.048971425029990
    -0.025117985399384     0.046456649699711    -0.055765135633912
33 16
     0.019676091889016    -0.000000000000000     0.000000000000000
     0.000000000000000     0.019676091889016     0.000000000000000
     0.000000000000000     0.000000000000000    -0.022328953691785
33 17
     0.318605871218655    -0.000000000000000     0.000000000000000
     0.000000000000000     0.318605871218655     0.000000000000000
     0.000000000000000     0.000000000000000    -1.241304401717267
33 18
    -0.069325106698331    -0.084672852884697     0.157236091110142
     0.084917360528974     0.164742774972666    -0.133712426125211
     0.157282405511803     0.125852585746266    -0.076437631705633
33 19
     0.010777267276883     0.000000000000000     0.000000000000000
    -0.000000000000000     0.032031384723912    -0.001136697439239
     0.000000000000000    -0.001020400157365    -0.002275160519526
33 20
    -0.069325106698331     0.084672852884697    -0.157236091110142
    -0.084917360528974     0.164742774972666    -0.133712426125212
    -0.157282405511803     0.125852585746266    -0.076437631705633
33 21
     0.106331679470599    -0.016498132250642    -0.037180312271012
    -0.186088345664313    -0.010914011196264     0.203026662355753
     0.187632739144127     0.073284265868414    -0.076437631705633
33 22
    -0.004870084700910    -0.011197096672451     0.003655087613638
    -0.011197096672451     0.008059208855054     0.002110265817646
    -0.014159909123881    -0.008175227344373     0.020867575698196
33 23
    -0.004870084700910     0.011197096672451    -0.003655087613638
     0.011197096672451     0.008059208855054     0.002110265817646
     0.014159909123881    -0.008175227344373     0.020867575698196
33 24
     0.106331679470599     0.016498132250642     0.037180312271012
     0.186088345664313    -0.010914011196264     0.203026662355753
    -0.187632739144127     0.073284265868414    -0.076437631705633
33 25
     0.026717855362155    -0.009203302822073    -0.000984408858797
    -0.009203302822073     0.016090796638641     0.000568348719619
    -0.000883692458304     0.000510200078683    -0.002275160519526
33 26
     0.014523855633035    -0.000000000000000     0.000000000000000
     0.000000000000000    -0.011334731478892    -0.004220531635291
     0.000000000000000     0.016350454688746     0.020867575698196
33 27
     0.026717855362155     0.009203302822073     0.000984408858797
     0.009203302822073     0.016090796638641     0.000568348719619
     0.000883692458304     0.000510200078683    -0.002275160519526
33 28
     0.015130670368291     0.000000000000000     0.000000000000000
     0.000000000000000    -0.010917768358849    -0.014559919407768
     0.000000000000000     0.008877290088911     0.021490732196622
33 29
     0.106119929639235    -0.186210599486452    -0.194416403381154
    -0.016620386072781    -0.010702261364900    -0.069314236230542
     0.030350333632324    -0.199136851614680    -0.076437631705633
33 30
     0.106119929639235     0.186210599486452     0.194416403381154
     0.016620386072781    -0.010702261364900    -0.069314236230542
    -0.030350333632324    -0.199136851614680    -0.076437631705633
33 31
    -0.004405658677064     0.011279304833313    -0.012609260084181
     0.011279304833313     0.008618560686506     0.007279959703884
     0.007687958733761    -0.004438645044456     0.021490732196622
33 32
    -0.004405658677064    -0.011279304833313     0.012609260084181
    -0.011279304833313     0.008618560686506     0.007279959703884
    -0.007687958733761    -0.004438645044456     0.021490732196622
33 33
    10.173180499429547     0.000000000000000     0.000000000000000
     0.000000000000000    10.173180499429547     0.000000000000000
     0.000000000000000     0.000000000000000    14.214859037450992
33 34
    -0.927471605468712     0.013569813344269     0.082869224054559
    -0.013569813344269     0.107948473874207     0.020150440515787
    -0.082869224054559     0.020150440515787     0.268785020706989
33 35
     0.023058392131926     0.000000000000000     0.000000000000000
     0.000000000000000     0.012657822803988    -0.007171077105895
     0.000000000000000    -0.007171077105895     0.032033883399179
33 36
    -0.927471605468712    -0.013569813344269    -0.082869224054559
     0.013569813344269     0.107948473874207     0.020150440515787
     0.082869224054559     0.020150440515787     0.268785020706989
33 37
    -0.150906545961523    -0.461919859494002     0.058885405411399
    -0.434780232805464    -0.668616585632982     0.061691632965259
    -0.023983818643160    -0.081842073481046     0.268785020706989
33 38
     0.029957078367984     0.013858573138602    -0.011442185650568
     0.013858573138602     0.013954576503673    -0.006606148965473
     0.001551207378735     0.000895589997682    -0.008110237343474
33 39
     0.029957078367984    -0.013858573138602     0.011442185650568
    -0.013858573138602     0.013954576503673    -0.006606148965473
    -0.001551207378735     0.000895589997682    -0.008110237343474
33 40
    -0.150906545961523     0.461919859494002    -0.058885405411399
     0.434780232805464    -0.668616585632982     0.061691632965259
     0.023983818643160    -0.081842073481046     0.268785020706989
33 41
     0.015257965135972     0.004503578625908    -0.006210334946202
     0.004503578625908     0.020458249799941     0.003585538552948
    -0.006210334946202     0.003585538552948     0.032033883399179
33 42
     0.005953325571517     0.000000000000000     0.000000000000000
     0.000000000000000     0.037958329300140     0.013212297930946
     0.000000000000000    -0.001791179995363    -0.008110237343474
33 43
     0.015257965135972    -0.004503578625908     0.006210334946202
    -0.004503578625908     0.020458249799941     0.003585538552948
     0.006210334946202     0.003585538552948     0.032033883399179
33 44
     0.005953325571517     0.000000000000000     0.000000000000000
     0.000000000000000     0.037958329300140    -0.001791179995363
     0.000000000000000     0.013212297930946    -0.008110237343474
33 45
    -0.150906545961523    -0.434780232805464    -0.023983818643160
    -0.461919859494002    -0.668616585632982    -0.081842073481046
     0.058885405411399     0.061691632965259     0.268785020706989
33 46
    -0.150906545961523     0.434780232805464     0.023983818643160
     0.461919859494002    -0.668616585632982    -0.081842073481046
    -0.058885405411399     0.061691632965259     0.268785020706989
33 47
     0.029957078367984    -0.013858573138602    -0.001551207378735
    -0.013858573138602     0.013954576503673     0.000895589997682
     0.011442185650568    -0.006606148965473    -0.008110237343474
33 48
     0.029957078367984     0.013858573138602     0.001551207378735
     0.013858573138602     0.013954576503673     0.000895589997682
    -0.011442185650568    -0.006606148965473    -0.008110237343474
33 49
    -0.018526659444400     0.000000000000000     0.000000000000000
     0.000000000000000    -0.018526659444400     0.000000000000000
     0.000000000000000     0.000000000000000     0.019139098586127
33 50
     0.003317350335927     0.006482462783014    -0.003675787869225
     0.009539219176203    -0.002738240182942     0.015162586927511
    -0.009926161010135    -0.008584417340852    -0.029905521068758
33 51
     0.000068116359009    -0.000000000000000     0.000000000000000
     0.000000000000000     0.005027769115985     0.003124408636328
     0.000000000000000    -0.000582517749469    -0.000528292152713
33 52
     0.003317350335927    -0.006482462783014     0.003675787869225
    -0.009539219176203    -0.002738240182942     0.015162586927511
     0.009926161010135    -0.008584417340852    -0.029905521068758
33 53
     0.005713249240794     0.008155946298527     0.011293291531702
     0.005099189905338    -0.005134139087809    -0.010764619137427
    -0.012397403998933    -0.004304098926406    -0.029905521068758
33 54
     0.003404076865196    -0.003162572709463    -0.006538203912288
    -0.003162572709463     0.007055901275477    -0.003774833788776
    -0.005415781926608    -0.003126803153199     0.000320943419359
33 55
     0.003404076865196     0.003162572709463     0.006538203912288
     0.003162572709463     0.007055901275477    -0.003774833788776
     0.005415781926608    -0.003126803153199     0.000320943419359
33 56
     0.005713249240794    -0.008155946298527    -0.011293291531702
    -0.005099189905338    -0.005134139087809    -0.010764619137427
     0.012397403998933    -0.004304098926406    -0.029905521068758
33 57
     0.003787855926741    -0.002147592640745     0.002705817250864
    -0.002147592640745     0.001308029548253    -0.001562204318164
    -0.000504475169195     0.000291258874734    -0.000528292152713
33 58
     0.008881813480617     0.000000000000000     0.000000000000000
     0.000000000000000     0.001578164660056     0.007549667577552
     0.000000000000000     0.006253606306399     0.000320943419359
33 59
     0.003787855926741     0.002147592640745    -0.002705817250864
     0.002147592640745     0.001308029548253    -0.001562204318164
     0.000504475169195     0.000291258874734    -0.000528292152713
33 60
     0.012683377427544    -0.000000000000000     0.000000000000000
    -0.000000000000000     0.011058706701483    -0.004665642685138
     0.000000000000000     0.005054396060576     0.001533513270884
33 61
    -0.008161934347243    -0.002911651074271     0.014969079400927
     0.000145105318918     0.008741044500229    -0.004397967790084
    -0.002471242988798     0.012888516267257    -0.029905521068758
33 62
    -0.008161934347243     0.002911651074271    -0.014969079400927
    -0.000145105318918     0.008741044500229    -0.004397967790084
     0.002471242988798     0.012888516267257    -0.029905521068758
33 63
     0.011464874382998     0.000703503060777    -0.004040565090311
     0.000703503060777     0.012277209746029     0.002332821342569
     0.004377235389247    -0.002527198030288     0.001533513270884
33 64
     0.011464874382998    -0.000703503060777     0.004040565090310
    -0.000703503060777     0.012277209746029     0.002332821342569
    -0.004377235389247    -0.002527198030288     0.001533513270884
33 65
    -0.047537432558584    -0.046557306391210     0.139701412363128
    -0.046557306391210     0.006222314196835     0.080656648034023
     0.129829081773570     0.074956855310612    -0.161169352308261
33 66
    -0.047537432558584     0.046557306391210    -0.139701412363128
     0.046557306391210     0.006222314196835     0.080656648034023
    -0.129829081773570     0.074956855310612    -0.161169352308261
33 67
     0.003979405552932     0.001278115387068     0.007970276199269
     0.001602649284544     0.003611430161344    -0.006262389628508
     0.006166811222725    -0.003942910237530    -0.002589173361485
33 68
     0.003979405552932    -0.001278115387068    -0.007970276199269
    -0.001602649284544     0.003611430161344    -0.006262389628508
    -0.006166811222725    -0.003942910237530    -0.002589173361485
33 69
     0.033102187574544     0.000000000000000     0.000000000000000
     0.000000000000000    -0.074417305936293    -0.161313296068045
     0.000000000000000    -0.149913710621225    -0.161169352308261
33 70
     0.004506798532285    -0.010452016463102    -0.010150721562582
    -0.010452016463102     0.016575747569378    -0.005860521826625
    -0.006550110810896    -0.003781708239893     0.013362005387638
33 71
     0.005045335840956    -0.000000000000000     0.000000000000000
    -0.000000000000000     0.004762764562925    -0.001409451302588
     0.000000000000000    -0.002189852873011    -0.006496331855907
33 72
     0.004506798532285     0.010452016463102     0.010150721562582
     0.010452016463102     0.016575747569378    -0.005860521826625
     0.006550110810896    -0.003781708239893     0.013362005387638
33 73
     0.004950831703211     0.001041796135182    -0.001438250407049
     0.000717262237707     0.002640004011065     0.010033656477999
    -0.000331254819180     0.007312070297988    -0.002589173361485
33 74
     0.004833407382433     0.000122356952578    -0.001220620633438
     0.000122356952578     0.004974693021448     0.000704725651294
    -0.001896468218578     0.001094926436506    -0.006496331855907
33 75
     0.004833407382433    -0.000122356952578     0.001220620633438
    -0.000122356952578     0.004974693021448     0.000704725651294
     0.001896468218578     0.001094926436506    -0.006496331855907
33 76
     0.004950831703211    -0.001041796135182     0.001438250407049
    -0.000717262237707     0.002640004011065     0.010033656477999
     0.000331254819180     0.007312070297988    -0.002589173361485
33 77
     0.002456016315271    -0.000723120098099    -0.009408526606318
    -0.000398586200624     0.005134819399005    -0.003771266849492
    -0.006498066041905    -0.003369160060458    -0.002589173361485
33 78
     0.022610222087924     0.000000000000000     0.000000000000000
     0.000000000000000    -0.001527675986261     0.011721043653251
     0.000000000000000     0.007563416479785     0.013362005387638
33 79
     0.002456016315271     0.000723120098099     0.009408526606318
     0.000398586200624     0.005134819399005    -0.003771266849492
     0.006498066041905    -0.003369160060458    -0.002589173361485
33 80
     0.006555413702941     0.000000000000000     0.000000000000000
    -0.000000000000000     0.006555413702941     0.000000000000000
     0.000000000000000     0.000000000000000    -0.010348608116900
33 81
     0.008847802889488     0.000617720937571    -0.001139321741197
     0.000617720937571     0.008134520190307    -0.000657787713973
    -0.000193263810007    -0.000111580912732    -0.002918773799802
33 82
     0.008847802889488    -0.000617720937571     0.001139321741197
    -0.000617720937571     0.008134520190307    -0.000657787713973
     0.000193263810007    -0.000111580912732    -0.002918773799802
33 83
     0.011663855667244    -0.002092911962093     0.003118231091309
    -0.000783728409729     0.009938510494849    -0.001469974023115
     0.000806338796432    -0.001115701289607    -0.004462820431827
33 84
     0.011663855667244     0.002092911962093    -0.003118231091309
     0.000783728409729     0.009938510494849    -0.001469974023115
    -0.000806338796432    -0.001115701289607    -0.004462820431827
33 85
     0.007777878840717     0.000000000000000     0.000000000000000
     0.000000000000000     0.009204444239079     0.001315575427947
     0.000000000000000     0.000223161825464    -0.002918773799802
33 86
     0.010582733357953     0.000260684368168     0.001569369673361
     0.000260684368168     0.010281720977683     0.000906076003373
     0.006340774419844     0.003660847818168    -0.001161152906811
33 87
     0.009503996797902    -0.000000000000000     0.000000000000000
    -0.000000000000000     0.008409424007604    -0.001548738895947
     0.000000000000000    -0.000697726447919    -0.005165273321755
33 88
     0.010582733357953    -0.000260684368168    -0.001569369673361
    -0.000260684368168     0.010281720977683     0.000906076003373
    -0.006340774419844     0.003660847818168    -0.001161152906811
33 89
     0.009124224968173     0.000682528058022     0.000286080698734
    -0.000626655494343     0.012478141193920     0.003435454351502
    -0.000563056261619     0.001256160526571    -0.004462820431827
33 90
     0.008683067205178     0.000473963921345    -0.001341247227720
     0.000473963921345     0.009230353600327     0.000774369447974
    -0.000604248828790     0.000348863223960    -0.005165273321755
33 91
     0.008683067205178    -0.000473963921345     0.001341247227720
    -0.000473963921345     0.009230353600327     0.000774369447974
     0.000604248828790     0.000348863223960    -0.005165273321755
33 92
     0.009124224968173    -0.000682528058022    -0.000286080698734
     0.000626655494343     0.012478141193920     0.003435454351502
     0.000563056261619     0.001256160526571    -0.004462820431827
33 93
     0.011615468607723     0.000811664691568    -0.002832150392576
     0.002120848243933     0.009986897554370    -0.001965480328387
    -0.001369395058051    -0.000140459236964    -0.004462820431827
33 94
     0.010131214787548     0.000000000000000     0.000000000000000
     0.000000000000000     0.010733239548089    -0.001812152006747
     0.000000000000000    -0.007321695636336    -0.001161152906811
33 95
     0.011615468607723    -0.000811664691568     0.002832150392576
    -0.002120848243933     0.009986897554370    -0.001965480328387
     0.001369395058051    -0.000140459236964    -0.004462820431827
33 96
     0.007964848883474     0.000000000000000     0.000000000000000
    -0.000000000000000     0.007964848883474     0.000000000000000
     0.000000000000000     0.000000000000000    -0.004030709682632
49 1
    -0.003885023932197     0.003892302333111    -0.024232309639663
     0.003892302333111    -0.008379467531775    -0.013990530493546
    -0.016976901300623    -0.009801618535920     0.009865638673565
49 2
    -0.003885023932197    -0.003892302333111     0.024232309639663
    -0.003892302333111    -0.008379467531775    -0.013990530493546
     0.016976901300623    -0.009801618535920     0.009865638673565
49 3
    -0.003971464856759    -0.000487109503345    -0.006899857803292
     0.001171465862046    -0.012776964929673     0.005439939367915
    -0.004688848888248     0.001205944745921     0.000353991852862
49 4
    -0.003971464856759     0.000487109503345     0.006899857803292
    -0.001171465862046    -0.012776964929673     0.005439939367915
     0.004688848888248     0.001205944745921     0.000353991852862
49 5
    -0.010626689331564     0.000000000000000     0.000000000000000
     0.000000000000000    -0.001637802132408     0.027981060987091
     0.000000000000000     0.019603237071841     0.009865638673565
49 6
    -0.006102262988803    -0.008046161651382    -0.000136114607230
    -0.008046161651382     0.003188644201934    -0.000078585805125
     0.001719729968732     0.000992886560381    -0.002157937204851
49 7
    -0.002246107576438     0.000000000000000     0.000000000000000
     0.000000000000000    -0.004395584767421     0.001172479701703
     0.000000000000000     0.001429091325802    -0.002534074030621
49 8
    -0.006102262988803     0.008046161651382     0.000136114607230
     0.008046161651382     0.003188644201934    -0.000078585805125
    -0.001719729968732     0.000992886560381    -0.002157937204851
49 9
    -0.010279254915506     0.004813270150455     0.001261196786015
     0.003154694785064    -0.006469174870925    -0.008695421824109
    -0.001300045658596    -0.004663634624690     0.000353991852862
49 10
    -0.003858215469675     0.000930750926123     0.001015397207097
     0.000930750926123    -0.002783476874184    -0.000586239850852
     0.001237629392472    -0.000714545662901    -0.002534074030621
49 11
    -0.003858215469675    -0.000930750926123    -0.001015397207097
    -0.000930750926123    -0.002783476874184    -0.000586239850852
    -0.001237629392472    -0.000714545662901    -0.002534074030621
49 12
    -0.010279254915506    -0.004813270150455    -0.001261196786015
    -0.003154694785064    -0.006469174870925    -0.008695421824109
     0.001300045658596    -0.004663634624690     0.000353991852862
49 13
    -0.010871924907382     0.002812516605714     0.008161054589307
     0.004471091971105    -0.005876504879050     0.003255482456194
     0.003388803229652     0.003457689878769     0.000353991852862
49 14
     0.007834097797303    -0.000000000000000     0.000000000000000
     0.000000000000000    -0.010747716584172     0.000157171610250
     0.000000000000000    -0.001985773120762    -0.002157937204851
49 15
    -0.010871924907382    -0.002812516605714    -0.008161054589307
    -0.004471091971105    -0.005876504879050     0.003255482456194
    -0.003388803229652     0.003457689878769     0.000353991852862
49 16
     0.005670047061455    -0.000000000000000     0.000000000000000
     0.000000000000000     0.005670047061455     0.000000000000000
     0.000000000000000     0.000000000000000    -0.011577137731838
49 17
     0.004861239347381    -0.000000000000000     0.000000000000000
     0.000000000000000     0.004861239347381     0.000000000000000
     0.000000000000000     0.000000000000000     0.004518286760744
49 18
     0.005266316668799     0.001601052717491    -0.000480139025561
     0.000010606453982     0.006265726211737     0.000885278245470
    -0.000420027061788    -0.002751150304062    -0.000242176332095
49 19
     0.005451027951367    -0.000000000000000     0.000000000000000
    -0.000000000000000     0.005948285935636     0.000001748869217
     0.000000000000000    -0.002009149306306     0.000711067523197
49 20
     0.005266316668799    -0.001601052717491     0.000480139025561
    -0.000010606453982     0.006265726211737     0.000885278245470
     0.000420027061788    -0.002751150304062    -0.000242176332095
49 21
     0.006713742718371    -0.000825065365371     0.000526603937214
     0.000765380898139     0.004818300162164    -0.000858451716219
    -0.002592579583841     0.001011821046246    -0.000242176332095
49 22
     0.006983212563915     0.000530211634507    -0.000317022592560
     0.000530211634507     0.006370976904095    -0.000183033079154
    -0.000493170163632    -0.000284731926730     0.000196980779793
49 23
     0.006983212563915    -0.000530211634507     0.000317022592560
    -0.000530211634507     0.006370976904095    -0.000183033079154
     0.000493170163632    -0.000284731926730     0.000196980779793
49 24
     0.006713742718371     0.000825065365371    -0.000526603937214
    -0.000765380898139     0.004818300162164    -0.000858451716219
     0.002592579583841     0.001011821046246    -0.000242176332095
49 25
     0.005823971439569    -0.000215319023306     0.000001514565170
    -0.000215319023306     0.005575342447435    -0.000000874434608
    -0.001739974339257     0.001004574653153     0.000711067523197
49 26
     0.006064859074184     0.000000000000000     0.000000000000000
    -0.000000000000000     0.007289330393825     0.000366066158307
     0.000000000000000     0.000569463853459     0.000196980779793
49 27
     0.005823971439569     0.000215319023306    -0.000001514565170
     0.000215319023306     0.005575342447435    -0.000000874434608
     0.001739974339257     0.001004574653153     0.000711067523197
49 28
     0.007511968430177     0.000000000000000     0.000000000000000
     0.000000000000000     0.005621261788488     0.000451255480729
     0.000000000000000    -0.000156464770301    -0.000439772221306
49 29
     0.005318004933633    -0.000040448687598     0.001006742962775
    -0.001630894951108     0.006214037946902    -0.000026826529251
    -0.002172552522053     0.001739329257817    -0.000242176332095
49 30
     0.005318004933633     0.000040448687598    -0.001006742962775
     0.001630894951108     0.006214037946902    -0.000026826529251
     0.002172552522053     0.001739329257817    -0.000242176332095
49 31
     0.006093938448910     0.000818699991404     0.000390798709908
     0.000818699991404     0.007039291769755    -0.000225627740364
    -0.000135502465878     0.000078232385150    -0.000439772221306
49 32
     0.006093938448910    -0.000818699991404    -0.000390798709908
    -0.000818699991404     0.007039291769755    -0.000225627740364
     0.000135502465878     0.000078232385150    -0.000439772221306
49 33
    -0.018526659444400     0.000000000000000     0.000000000000000
     0.000000000000000    -0.018526659444400     0.000000000000000
     0.000000000000000     0.000000000000000     0.019139098586127
49 34
     0.003317350335927    -0.009539219176203     0.009926161010135
    -0.006482462783014    -0.002738240182942    -0.008584417340852
     0.003675787869225     0.015162586927511    -0.029905521068758
49 35
     0.000068116359009     0.000000000000000     0.000000000000000
    -0.000000000000000     0.005027769115985    -0.000582517749469
     0.000000000000000     0.003124408636328    -0.000528292152713
49 36
     0.003317350335927     0.009539219176203    -0.009926161010135
     0.006482462783014    -0.002738240182942    -0.008584417340852
    -0.003675787869225     0.015162586927511    -0.029905521068758
49 37
    -0.008161934347243     0.000145105318918    -0.002471242988798
    -0.002911651074271     0.008741044500229     0.012888516267257
     0.014969079400927    -0.004397967790084    -0.029905521068758
49 38
     0.011464874382998    -0.000703503060777    -0.004377235389247
    -0.000703503060777     0.012277209746029    -0.002527198030288
     0.004040565090310     0.002332821342569     0.001533513270884
49 39
     0.011464874382998     0.000703503060777     0.004377235389247
     0.000703503060777     0.012277209746029    -0.002527198030288
    -0.004040565090311     0.002332821342569     0.001533513270884
49 40
    -0.008161934347243    -0.000145105318918     0.002471242988798
     0.002911651074271     0.008741044500229     0.012888516267257
    -0.014969079400927    -0.004397967790084    -0.029905521068758
49 41
     0.003787855926741    -0.002147592640745    -0.000504475169195
    -0.002147592640745     0.001308029548253     0.000291258874734
     0.002705817250864    -0.001562204318164    -0.000528292152713
49 42
     0.012683377427544    -0.000000000000000     0.000000000000000
    -0.000000000000000     0.011058706701483     0.005054396060576
     0.000000000000000    -0.004665642685138     0.001533513270884
49 43
     0.003787855926741     0.002147592640745     0.000504475169195
     0.002147592640745     0.001308029548253     0.000291258874734
    -0.002705817250864    -0.001562204318164    -0.000528292152713
49 44
     0.008881813480617     0.000000000000000     0.000000000000000
     0.000000000000000     0.001578164660056     0.006253606306399
     0.000000000000000     0.007549667577552     0.000320943419359
49 45
     0.005713249240794     0.005099189905338    -0.012397403998933
     0.008155946298527    -0.005134139087809    -0.004304098926406
     0.011293291531702    -0.010764619137427    -0.029905521068758
49 46
     0.005713249240794    -0.005099189905338     0.012397403998933
    -0.008155946298527    -0.005134139087809    -0.004304098926406
    -0.011293291531702    -0.010764619137427    -0.029905521068758
49 47
     0.003404076865196     0.003162572709463     0.005415781926608
     0.003162572709463     0.007055901275477    -0.003126803153199
     0.006538203912288    -0.003774833788776     0.000320943419359
49 48
     0.003404076865196    -0.003162572709463    -0.005415781926608
    -0.003162572709463     0.007055901275477    -0.003126803153199
    -0.006538203912288    -0.003774833788776     0.000320943419359
49 49
    23.987466245236483     0.000000000000000     0.000000000000000
     0.000000000000000    23.987466245236483     0.000000000000000
     0.000000000000000     0.000000000000000    26.794058795062650
49 50
    -0.701859820114469     0.866258001208299    -0.017898044947538
    -0.866258001208299    -0.392968370502986     0.007866949676737
     0.017898044947538     0.007866949676737     0.760323521327230
49 51
    -0.138408715940746     0.000000000000000     0.000000000000000
     0.000000000000000     0.068837273149444     0.002234927161581
     0.000000000000000     0.002234927161581    -0.131276867424014
49 52
    -0.701859820114469    -0.866258001208299     0.017898044947538
     0.866258001208299    -0.392968370502986     0.007866949676737
    -0.017898044947538     0.007866949676737     0.760323521327230
49 53
    -0.470191232905857    -1.000011922395970    -0.002136044203421
     0.732504080020626    -0.624636957711598    -0.019433636441012
     0.015762000744117     0.011566686764275     0.760323521327229
49 54
    -0.068204765011363     0.051371411210140     0.005785537332910
     0.051371411210140    -0.127523361193014     0.003340281536562
    -0.001113390732739    -0.000642816439260    -0.028473710713018
49 55
    -0.068204765011363    -0.051371411210140    -0.005785537332910
    -0.051371411210140    -0.127523361193014     0.003340281536562
     0.001113390732739    -0.000642816439260    -0.028473710713018
49 56
    -0.470191232905857     1.000011922395970     0.002136044203421
    -0.732504080020626    -0.624636957711598    -0.019433636441012
    -0.015762000744117     0.011566686764275     0.760323521327230
49 57
     0.017025775876896    -0.089740145692268     0.001935503697537
    -0.089740145692268    -0.086597218668199    -0.001117463580791
     0.001935503697537    -0.001117463580791    -0.131276867424014
49 58
    -0.157182659283840     0.000000000000000     0.000000000000000
     0.000000000000000    -0.038545466920538    -0.006680563073124
     0.000000000000000     0.001285632878520    -0.028473710713018
49 59
     0.017025775876896     0.089740145692268    -0.001935503697537
     0.089740145692268    -0.086597218668199    -0.001117463580791
    -0.001935503697537    -0.001117463580791    -0.131276867424014
49 60
    -0.157182659283840     0.000000000000000     0.000000000000000
     0.000000000000000    -0.038545466920538     0.001285632878520
     0.000000000000000    -0.006680563073124    -0.028473710713018
49 61
    -0.470191232905857     0.732504080020626     0.015762000744117
    -1.000011922395970    -0.624636957711598     0.011566686764275
    -0.002136044203421    -0.019433636441012     0.760323521327229
49 62
    -0.470191232905857    -0.732504080020626    -0.015762000744117
     1.000011922395970    -0.624636957711598     0.011566686764275
     0.002136044203421    -0.019433636441012     0.760323521327230
49 63
    -0.068204765011363    -0.051371411210140     0.001113390732739
    -0.051371411210140    -0.127523361193014    -0.000642816439260
    -0.005785537332910     0.003340281536562    -0.028473710713018
49 64
    -0.068204765011363     0.051371411210140    -0.001113390732739
     0.051371411210140    -0.127523361193014    -0.000642816439260
     0.005785537332910     0.003340281536562    -0.028473710713018
49 65
    -4.263613602711948    -1.598241020289827    -3.058412723281235
    -1.598241020289828    -2.418123836123477    -1.765775409079397
    -3.037466691713455    -1.753682212115284    -4.624140510753675
49 66
    -4.263613602711947     1.598241020289829     3.058412723281235
     1.598241020289829    -2.418123836123478    -1.765775409079398
     3.037466691713455    -1.753682212115285    -4.624140510753670
49 67
    -0.055302943687295    -0.087759075043363     0.008812398937290
     0.023486848580974    -0.010361097552077     0.023951900565030
     0.046578053389828    -0.005401899542131    -0.102163201005727
49 68
    -0.055302943687295     0.087759075043363    -0.008812398937290
    -0.023486848580974    -0.010361097552077     0.023951900565030
    -0.046578053389828    -0.005401899542131    -0.102163201005727
49 69
    -1.495378952829242     0.000000000000000     0.000000000000000
     0.000000000000000    -5.186358486006182     3.531550818158795
     0.000000000000000     3.507364424230571    -4.624140510753672
49 70
    -0.094922810634989    -0.290782301226549     0.131980222811745
    -0.290782301226549     0.240843669142465     0.076198817168068
     0.207801078778712     0.119974008770784    -0.242014892232184
49 71
     0.002436969576680     0.000000000000000     0.000000000000000
    -0.000000000000000    -0.013838175938735    -0.020874246317038
     0.000000000000000    -0.011473498161541     0.008791059057766
49 72
    -0.094922810634989     0.290782301226549    -0.131980222811745
     0.290782301226549     0.240843669142465     0.076198817168068
    -0.207801078778712     0.119974008770784    -0.242014892232183
49 73
    -0.049427249522988     0.020094514973536     0.025149153826880
    -0.091151408650801    -0.016236791716383    -0.004344188934539
     0.018610844462737     0.043038727265484    -0.102163201005727
49 74
    -0.009769389559881     0.007047344733319    -0.018077627595409
     0.007047344733319    -0.001631816802174     0.010437123158519
    -0.009936340878169     0.005736749080771     0.008791059057766
49 75
    -0.009769389559881    -0.007047344733319     0.018077627595409
    -0.007047344733319    -0.001631816802174     0.010437123158519
     0.009936340878169     0.005736749080771     0.008791059057766
49 76
    -0.049427249522988    -0.020094514973536    -0.025149153826880
     0.091151408650801    -0.016236791716383    -0.004344188934539
    -0.018610844462737     0.043038727265484    -0.102163201005727
49 77
     0.006234131351226    -0.059015295419606     0.016336754889590
     0.052230628204730    -0.071898172590597    -0.019607711630492
    -0.027967208927091    -0.037636827723353    -0.102163201005727
49 78
     0.408726909031192     0.000000000000000     0.000000000000000
     0.000000000000000    -0.262806050523716    -0.152397634336135
     0.000000000000000    -0.239948017541568    -0.242014892232183
49 79
     0.006234131351226     0.059015295419606    -0.016336754889590
    -0.052230628204730    -0.071898172590597    -0.019607711630492
     0.027967208927091    -0.037636827723353    -0.102163201005727
49 80
     0.019623321564817     0.000000000000000     0.000000000000000
    -0.000000000000000     0.019623321564817     0.000000000000000
     0.000000000000000     0.000000000000000    -0.028234897323685
49 81
    -4.304330875500876    -1.613042004023513     3.066853795315898
    -1.613042004023515    -2.441750405026574     1.770648864290858
     3.108508219927514     1.794698057553314    -4.708328278207619
49 82
    -4.304330875500875     1.613042004023515    -3.066853795315898
     1.613042004023515    -2.441750405026574     1.770648864290859
    -3.108508219927514     1.794698057553315    -4.708328278207614
49 83
    -0.057127028736257    -0.097120635337225    -0.010048368918452
     0.017805947671849    -0.011133791965907    -0.023103812882554
    -0.047750066119736    -0.001141633013785    -0.093088686087905
49 84
    -0.057127028736257     0.097120635337225     0.010048368918452
    -0.017805947671849    -0.011133791965907    -0.023103812882553
     0.047750066119736    -0.001141633013785    -0.093088686087905
49 85
    -1.510460169789424     0.000000000000000     0.000000000000000
     0.000000000000000    -5.235621110738025    -3.541297728581718
     0.000000000000000    -3.589396115106629    -4.708328278207617
49 86
    -0.092915164052657    -0.288757760121444    -0.115963578526013
    -0.288757760121444     0.240513577020761    -0.066951603278186
    -0.197243877946808    -0.113878806028595    -0.256511353744008
49 87
     0.003928197015957     0.000000000000000     0.000000000000000
    -0.000000000000000    -0.005745497332861     0.020160816742556
     0.000000000000000     0.005928534172730     0.014226772731005
49 88
    -0.092915164052657     0.288757760121444     0.115963578526013
     0.288757760121444     0.240513577020761    -0.066951603278186
     0.197243877946808    -0.113878806028595    -0.256511353744008
49 89
    -0.056976368364217     0.017718963865495    -0.025032673339800
    -0.097207619143579    -0.011284452337947     0.002849763691299
    -0.024863716251604    -0.040781953785186    -0.093088686087905
49 90
    -0.003327073745657     0.004188832527261     0.017459779460096
     0.004188832527261     0.001509773428752    -0.010080408371278
     0.005134261200788    -0.002964267086365     0.014226772731005
49 91
    -0.003327073745657    -0.004188832527261    -0.017459779460096
    -0.004188832527261     0.001509773428752    -0.010080408371278
    -0.005134261200788    -0.002964267086365     0.014226772731005
49 92
    -0.056976368364217    -0.017718963865495     0.025032673339800
     0.097207619143579    -0.011284452337947     0.002849763691299
     0.024863716251604    -0.040781953785186    -0.093088686087905
49 93
     0.011712166047228    -0.057550275310891    -0.014984304421347
     0.057376307698183    -0.079972986749392     0.020254049191254
     0.022886349868132     0.041923586798970    -0.093088686087905
49 94
     0.407227947557470     0.000000000000000     0.000000000000000
     0.000000000000000    -0.259629534589366     0.133903206556372
     0.000000000000000     0.227757612057190    -0.256511353744008
49 95
     0.011712166047228     0.057550275310891     0.014984304421347
    -0.057376307698183    -0.079972986749392     0.020254049191254
    -0.022886349868132     0.041923586798970    -0.093088686087905
49 96
     0.030847950733927     0.000000000000000     0.000000000000000
    -0.000000000000000     0.030847950733927     0.000000000000000
     0.000000000000000     0.000000000000000    -0.021871445643241
65 1
    -0.043133430449518     0.000000000000000     0.000000000000000
     0.000000000000000    -0.043133430449518     0.000000000000000
     0.000000000000000     0.000000000000000     0.095492176006971
65 2
    -0.009209401700673    -0.004953271800159     0.003767435062569
    -0.007883743844586    -0.012344019046679     0.013498250725000
     0.004382277036012    -0.016028912878833    -0.031490872039877
65 3
    -0.005507649488206     0.000000000000000     0.000000000000000
     0.000000000000000    -0.004500957368761     0.000456035422183
     0.000000000000000     0.000920336725117    -0.001482547061801
65 4
    -0.009209401700673     0.004953271800159    -0.003767435062569
     0.007883743844586    -0.012344019046679     0.013498250725000
    -0.004382277036012    -0.016028912878833    -0.031490872039877
65 5
    -0.017118955538741    -0.003317160807008     0.013573545565786
    -0.000386688762581    -0.004434465208610    -0.003486430891207
    -0.011690307230111     0.011809619679024    -0.031490872039877
65 6
     0.001998603259054     0.001610373637246     0.001533765097976
     0.001610373637246     0.000139103953135     0.000885519692190
    -0.005370560746693    -0.003100694692802     0.003895713324021
65 7
     0.001998603259054    -0.001610373637246    -0.001533765097976
    -0.001610373637246     0.000139103953135     0.000885519692190
     0.005370560746693    -0.003100694692802     0.003895713324021
65 8
    -0.017118955538741     0.003317160807008    -0.013573545565786
     0.000386688762581    -0.004434465208610    -0.003486430891207
     0.011690307230111     0.011809619679024    -0.031490872039877
65 9
    -0.004752630398622    -0.000435910474615     0.000394938260636
    -0.000435910474615    -0.005255976458345    -0.000228017711091
     0.000797034983987    -0.000460168362559    -0.001482547061801
65 10
    -0.000790645699825     0.000000000000000     0.000000000000000
    -0.000000000000000     0.002928352912014    -0.001771039384380
     0.000000000000000     0.006201389385605     0.003895713324021
65 11
    -0.004752630398622     0.000435910474615    -0.000394938260636
     0.000435910474615    -0.005255976458345    -0.000228017711091
    -0.000797034983987    -0.000460168362559    -0.001482547061801
65 12
    -0.001330539156000     0.000000000000000     0.000000000000000
     0.000000000000000    -0.005309052924159     0.006673121702664
     0.000000000000000     0.007371841987436     0.002473439748783
65 13
    -0.006001773881613     0.006031819059792     0.009806110503217
     0.003101347015365    -0.015551646865739    -0.010011819833793
    -0.016072584266123     0.004219293199809    -0.031490872039877
65 14
    -0.006001773881613    -0.006031819059792    -0.009806110503217
    -0.003101347015365    -0.015551646865739    -0.010011819833793
     0.016072584266123     0.004219293199809    -0.031490872039877
65 15
    -0.004314424482120     0.001722746996266     0.005779092917052
     0.001722746996266    -0.002325167598040    -0.003336560851332
     0.006384202433804    -0.003685920993718     0.002473439748783
65 16
    -0.004314424482120    -0.001722746996266    -0.005779092917052
    -0.001722746996266    -0.002325167598040    -0.003336560851332
    -0.006384202433804    -0.003685920993718     0.002473439748783
65 17
     0.005878503854768     0.000318583962212    -0.002589142705408
     0.000318583962212     0.005510634782082    -0.001494842237938
    -0.002626688463855    -0.001516519291684    -0.006459816066112
65 18
     0.006622084497493     0.001389083404911    -0.001729472168602
     0.000337685643450     0.005591354894552    -0.001220844116921
     0.000246277447516    -0.000334287469679    -0.005150830139055
65 19
     0.006622084497493    -0.001389083404911     0.001729472168602
    -0.000337685643450     0.005591354894552    -0.001220844116921
    -0.000246277447516    -0.000334287469679    -0.005150830139055
65 20
     0.005878503854768    -0.000318583962212     0.002589142705408
    -0.000318583962212     0.005510634782082    -0.001494842237938
     0.002626688463855    -0.001516519291684    -0.006459816066112
65 21
     0.006596750226462     0.000352312391650    -0.001922018103616
     0.001403710153110     0.005616689165583    -0.000887344774687
    -0.000166362717151     0.000380426260767    -0.005150830139055
65 22
     0.004076810036595    -0.000000000000000     0.000000000000000
     0.000000000000000     0.004076810036595     0.000000000000000
     0.000000000000000     0.000000000000000    -0.006125560438365
65 23
     0.006596750226462    -0.000352312391650     0.001922018103616
    -0.001403710153110     0.005616689165583    -0.000887344774687
     0.000166362717151     0.000380426260767    -0.005150830139055
65 24
     0.006733479266922     0.000000000000000     0.000000000000000
     0.000000000000000     0.006291371590767    -0.000871439017083
     0.000000000000000    -0.006804474959461    -0.002312287283550
65 25
     0.005101324364112     0.000540325628930    -0.000192545935014
    -0.000511072132531     0.007112115027932     0.002108188891608
    -0.000412640164666    -0.000046138791088    -0.005150830139055
65 26
     0.005101324364112    -0.000540325628930     0.000192545935014
     0.000511072132531     0.007112115027932     0.002108188891608
     0.000412640164666    -0.000046138791088    -0.005150830139055
65 27
     0.005133387084903    -0.000178664717776    -0.000212093451108
    -0.000178664717776     0.005339691330708    -0.000122452211091
    -0.000180378046269    -0.000104141313569    -0.005938881449099
65 28
     0.005133387084903     0.000178664717776     0.000212093451108
     0.000178664717776     0.005339691330708    -0.000122452211091
     0.000180378046269    -0.000104141313569    -0.005938881449099
65 29
     0.005326700245739     0.000000000000000     0.000000000000000
     0.000000000000000     0.006062438391110     0.002989684475876
     0.000000000000000     0.003033038583368    -0.006459816066112
65 30
     0.006401898509806     0.000191438239379    -0.000754688326642
     0.000191438239379     0.006622952347883     0.000435719508541
    -0.005892848174309     0.003402237479731    -0.002312287283550
65 31
     0.005442843453610    -0.000000000000000     0.000000000000000
    -0.000000000000000     0.005030234962001     0.000244904422181
     0.000000000000000     0.000208282627139    -0.005938881449099
65 32
     0.006401898509806    -0.000191438239379     0.000754688326642
    -0.000191438239379     0.006622952347883     0.000435719508541
     0.005892848174309     0.003402237479731    -0.002312287283550
65 33
    -0.047537432558584    -0.046557306391210     0.129829081773570
    -0.046557306391210     0.006222314196835     0.074956855310612
     0.139701412363128     0.080656648034023    -0.161169352308261
65 34
     0.003979405552932    -0.001602649284544    -0.006166811222725
    -0.001278115387068     0.003611430161344    -0.003942910237530
    -0.007970276199269    -0.006262389628508    -0.002589173361485
65 35
     0.003979405552932     0.001602649284544     0.006166811222725
     0.001278115387068     0.003611430161344    -0.003942910237530
     0.007970276199269    -0.006262389628508    -0.002589173361485
65 36
    -0.047537432558584     0.046557306391210    -0.129829081773570
     0.046557306391210     0.006222314196835     0.074956855310612
    -0.139701412363128     0.080656648034023    -0.161169352308261
65 37
     0.002456016315271    -0.000398586200624    -0.006498066041905
    -0.000723120098099     0.005134819399005    -0.003369160060458
    -0.009408526606318    -0.003771266849492    -0.002589173361485
65 38
     0.006555413702941    -0.000000000000000     0.000000000000000
     0.000000000000000     0.006555413702941     0.000000000000000
     0.000000000000000     0.000000000000000    -0.010348608116900
65 39
     0.002456016315271     0.000398586200624     0.006498066041905
     0.000723120098099     0.005134819399005    -0.003369160060458
     0.009408526606318    -0.003771266849492    -0.002589173361485
65 40
     0.022610222087924     0.000000000000000     0.000000000000000
     0.000000000000000    -0.001527675986261     0.007563416479785
     0.000000000000000     0.011721043653251     0.013362005387638
65 41
     0.004950831703211     0.000717262237707    -0.000331254819180
     0.001041796135182     0.002640004011065     0.007312070297988
    -0.001438250407049     0.010033656477999    -0.002589173361485
65 42
     0.004950831703211    -0.000717262237707     0.000331254819180
    -0.001041796135182     0.002640004011065     0.007312070297988
     0.001438250407049     0.010033656477999    -0.002589173361485
65 43
     0.004833407382433    -0.000122356952578     0.001896468218578
    -0.000122356952578     0.004974693021448     0.001094926436506
     0.001220620633438     0.000704725651294    -0.006496331855907
65 44
     0.004833407382433     0.000122356952578    -0.001896468218578
     0.000122356952578     0.004974693021448     0.001094926436506
    -0.001220620633438     0.000704725651294    -0.006496331855907
65 45
     0.033102187574544     0.000000000000000     0.000000000000000
     0.000000000000000    -0.074417305936293    -0.149913710621225
     0.000000000000000    -0.161313296068045    -0.161169352308261
65 46
     0.004506798532285     0.010452016463102     0.006550110810896
     0.010452016463102     0.016575747569378    -0.003781708239893
     0.010150721562582    -0.005860521826625     0.013362005387638
65 47
     0.005045335840956    -0.000000000000000     0.000000000000000
    -0.000000000000000     0.004762764562925    -0.002189852873011
     0.000000000000000    -0.001409451302588    -0.006496331855907
65 48
     0.004506798532285    -0.010452016463102    -0.006550110810896
    -0.010452016463102     0.016575747569378    -0.003781708239893
    -0.010150721562582    -0.005860521826625     0.013362005387638
65 49
    -4.263613602711948    -1.598241020289828    -3.037466691713455
    -1.598241020289827    -2.418123836123477    -1.753682212115284
    -3.058412723281235    -1.765775409079397    -4.624140510753675
65 50
    -0.055302943687295    -0.023486848580974    -0.046578053389828
     0.087759075043363    -0.010361097552077    -0.005401899542131
    -0.008812398937290     0.023951900565030    -0.102163201005727
65 51
    -0.055302943687295     0.023486848580974     0.046578053389828
    -0.087759075043363    -0.010361097552077    -0.005401899542131
     0.008812398937290     0.023951900565030    -0.102163201005727
65 52
    -4.263613602711947     1.598241020289829     3.037466691713455
     1.598241020289829    -2.418123836123478    -1.753682212115285
     3.058412723281235    -1.765775409079398    -4.624140510753670
65 53
     0.006234131351226     0.052230628204730    -0.027967208927091
    -0.059015295419606    -0.071898172590597    -0.037636827723353
     0.016336754889590    -0.019607711630492    -0.102163201005727
65 54
     0.019623321564817    -0.000000000000000     0.000000000000000
     0.000000000000000     0.019623321564817     0.000000000000000
     0.000000000000000     0.000000000000000    -0.028234897323685
65 55
     0.006234131351226    -0.052230628204730     0.027967208927091
     0.059015295419606    -0.071898172590597    -0.037636827723353
    -0.016336754889590    -0.019607711630492    -0.102163201005727
65 56
     0.408726909031192     0.000000000000000     0.000000000000000
     0.000000000000000    -0.262806050523716    -0.239948017541568
     0.000000000000000    -0.152397634336135    -0.242014892232183
65 57
    -0.049427249522988    -0.091151408650801     0.018610844462737
     0.020094514973536    -0.016236791716383     0.043038727265484
     0.025149153826880    -0.004344188934539    -0.102163201005727
65 58
    -0.049427249522988     0.091151408650801    -0.018610844462737
    -0.020094514973536    -0.016236791716383     0.043038727265484
    -0.025149153826880    -0.004344188934539    -0.102163201005727
65 59
    -0.009769389559881    -0.007047344733319     0.009936340878169
    -0.007047344733319    -0.001631816802174     0.005736749080771
     0.018077627595409     0.010437123158519     0.008791059057766
65 60
    -0.009769389559881     0.007047344733319    -0.009936340878169
     0.007047344733319    -0.001631816802174     0.005736749080771
    -0.018077627595409     0.010437123158519     0.008791059057766
65 61
    -1.495378952829242     0.000000000000000     0.000000000000000
     0.000000000000000    -5.186358486006182     3.507364424230571
     0.000000000000000     3.531550818158795    -4.624140510753672
65 62
    -0.094922810634989     0.290782301226549    -0.207801078778712
     0.290782301226549     0.240843669142465     0.119974008770784
    -0.131980222811745     0.076198817168068    -0.242014892232183
65 63
     0.002436969576680    -0.000000000000000     0.000000000000000
     0.000000000000000    -0.013838175938735    -0.011473498161541
     0.000000000000000    -0.020874246317038     0.008791059057766
65 64
    -0.094922810634989    -0.290782301226549     0.207801078778712
    -0.290782301226549     0.240843669142465     0.119974008770784
     0.131980222811745     0.076198817168068    -0.242014892232184
65 65
    11.610703599687039     0.000000000000000     0.000000000000000
     0.000000000000000    11.610703599687039     0.000000000000000
     0.000000000000000     0.000000000000000    15.690873316740918
65 66
    -0.713145049358724    -0.029597031117886    -0.115068666006979
     0.029597031117886     0.093411985928392     0.034499564892381
     0.115068666006979     0.034499564892382     0.332997711419874
65 67
    -0.003558574721367    -0.000000000000000     0.000000000000000
    -0.000000000000000    -0.005632780210628    -0.001978038887618
     0.000000000000000    -0.001978038887618     0.068993128838003
65 68
    -0.713145049358724     0.029597031117886     0.115068666006979
    -0.029597031117886     0.093411985928392     0.034499564892382
    -0.115068666006979     0.034499564892381     0.332997711419874
65 69
    -0.108227272893387    -0.319652409961966    -0.027656833387177
    -0.378846472197738    -0.511505790536945    -0.116902170387822
     0.087411832619802     0.082402605495440     0.332997711419873
65 70
     0.012151176645495     0.012726231452149     0.007632725657729
     0.012726231452149    -0.002543809663841     0.004406756213141
    -0.004592650572121    -0.002651568044108     0.005147028866216
65 71
     0.012151176645495    -0.012726231452149    -0.007632725657729
    -0.012726231452149    -0.002543809663841     0.004406756213141
     0.004592650572121    -0.002651568044108     0.005147028866216
65 72
    -0.108227272893387     0.319652409961966     0.027656833387177
     0.378846472197738    -0.511505790536945    -0.116902170387822
    -0.087411832619802     0.082402605495440     0.332997711419873
65 73
    -0.005114228838313     0.000898157323185    -0.001713031926351
     0.000898157323185    -0.004077126093682     0.000989019443809
    -0.001713031926351     0.000989019443809     0.068993128838003
65 74
    -0.009891302818508     0.000000000000000     0.000000000000000
     0.000000000000000     0.019498669800163    -0.008813512426281
     0.000000000000000     0.005303136088215     0.005147028866216
65 75
    -0.005114228838313    -0.000898157323185     0.001713031926351
    -0.000898157323185    -0.004077126093682     0.000989019443809
     0.001713031926351     0.000989019443809     0.068993128838003
65 76
    -0.009891302818508     0.000000000000000     0.000000000000000
     0.000000000000000     0.019498669800163     0.005303136088215
     0.000000000000000    -0.008813512426281     0.005147028866216
65 77
    -0.108227272893387    -0.378846472197738     0.087411832619802
    -0.319652409961966    -0.511505790536945     0.082402605495440
    -0.027656833387177    -0.116902170387822     0.332997711419873
65 78
    -0.108227272893387     0.378846472197738    -0.087411832619802
     0.319652409961966    -0.511505790536945     0.082402605495440
     0.027656833387177    -0.116902170387822     0.332997711419873
65 79
     0.012151176645495    -0.012726231452149     0.004592650572121
    -0.012726231452149    -0.002543809663841    -0.002651568044108
    -0.007632725657729     0.004406756213141     0.005147028866216
65 80
     0.012151176645495     0.012726231452149    -0.004592650572121
     0.012726231452149    -0.002543809663841    -0.002651568044108
     0.007632725657729     0.004406756213141     0.005147028866216
65 81
     0.202154870784254     0.000000000000000     0.000000000000000
    -0.000000000000000     0.202154870784254     0.000000000000000
     0.000000000000000     0.000000000000000    -2.149534525881955
65 82
    -0.180973749040017     0.171169663987621    -0.149130461863691
    -0.170353084326696     0.203518999339162    -0.145130560727772
    -0.146307694522012     0.135627051141683    -0.011389553136113
65 83
    -0.013627100529803    -0.000000000000000     0.000000000000000
     0.000000000000000     0.027965862930739     0.013080232195497
     0.000000000000000    -0.015987945178498    -0.008448788399203
65 84
    -0.180973749040017    -0.171169663987621     0.149130461863691
     0.170353084326696     0.203518999339162    -0.145130560727772
     0.146307694522012     0.135627051141682    -0.011389553136113
65 85
     0.107749401609655    -0.337047473075561    -0.200251983387576
     0.004475275238757    -0.085204151310509    -0.056585488088177
     0.044302624468062    -0.194519705796037    -0.011389553136113
65 86
    -0.005320153935048     0.001382340801874    -0.001319205666690
     0.001382340801874    -0.006916343603196    -0.000761643746780
    -0.013436430335910    -0.007757526671385     0.029413799497098
65 87
    -0.005320153935048    -0.001382340801874     0.001319205666690
    -0.001382340801874    -0.006916343603196    -0.000761643746780
     0.013436430335910    -0.007757526671385     0.029413799497098
65 88
     0.107749401609655     0.337047473075561     0.200251983387576
    -0.004475275238757    -0.085204151310509    -0.056585488088177
    -0.044302624468062    -0.194519705796037    -0.011389553136113
65 89
     0.017567622065603    -0.018010281487754     0.011327813368700
    -0.018010281487754    -0.003228859664668    -0.006540116097749
    -0.013845966678892     0.007993972589249    -0.008448788399203
65 90
    -0.007714438437270     0.000000000000000     0.000000000000000
     0.000000000000000    -0.004522059100975     0.001523287493559
     0.000000000000000     0.015515053342771     0.029413799497098
65 91
     0.017567622065603     0.018010281487754    -0.011327813368700
     0.018010281487754    -0.003228859664668    -0.006540116097749
     0.013845966678892     0.007993972589249    -0.008448788399203
65 92
    -0.007278495954017     0.000000000000000     0.000000000000000
     0.000000000000000    -0.005033189106574    -0.011276858639701
     0.000000000000000    -0.001699797284708     0.030104740019801
65 93
     0.107042222879080     0.004066985408294    -0.051121521523885
    -0.337455762906024    -0.084496972579935     0.201716048815949
     0.190610318990074     0.058892654654355    -0.011389553136113
65 94
     0.107042222879080    -0.004066985408294     0.051121521523885
     0.337455762906024    -0.084496972579934     0.201716048815949
    -0.190610318990074     0.058892654654355    -0.011389553136113
65 95
    -0.005594515818435    -0.000972246384588    -0.009766046056867
    -0.000972246384588    -0.006717169242156     0.005638429319850
    -0.001472067629841     0.000849898642354     0.030104740019801
65 96
    -0.005594515818435     0.000972246384588     0.009766046056867
     0.000972246384588    -0.006717169242156     0.005638429319850
     0.001472067629841     0.000849898642354     0.030104740019801
81 1
    -0.002227069116941     0.000000000000000     0.000000000000000
     0.000000000000000    -0.002227069116941     0.000000000000000
     0.000000000000000     0.000000000000000     0.023282232696179
81 2
    -0.000833919987287     0.000256914006453    -0.000148396312441
     0.001929299324925     0.000162327903118    -0.002144232561296
     0.000437791966797     0.002043205199518     0.004711692669322
81 3
    -0.000299356930817     0.000000000000000     0.000000000000000
    -0.000000000000000     0.000177861311158    -0.002024055295309
     0.000000000000000     0.001095281004025     0.009855735928810
81 4
    -0.000833919987287    -0.000256914006453     0.000148396312441
    -0.001929299324925     0.000162327903118    -0.002144232561296
    -0.000437791966797     0.002043205199518     0.004711692669322
81 5
     0.000859924072049     0.000951358001302    -0.001931158025925
    -0.000721027317171    -0.001531516156219     0.000943601304246
     0.001988363591326    -0.000642463634939     0.004711692669322
81 6
     0.000090683062067     0.000440885198885    -0.000916532692935
     0.000440885198885    -0.000418407314450    -0.000529160396987
     0.000553362952771     0.000319484249742     0.008696857376154
81 7
     0.000090683062067    -0.000440885198885     0.000916532692935
    -0.000440885198885    -0.000418407314450    -0.000529160396987
    -0.000553362952771     0.000319484249742     0.008696857376154
81 8
     0.000859924072049    -0.000951358001302     0.001931158025925
     0.000721027317171    -0.001531516156219     0.000943601304246
    -0.001988363591326    -0.000642463634939     0.004711692669322
81 9
     0.000058556750664    -0.000206641560350    -0.001752883304402
    -0.000206641560350    -0.000180052370323     0.001012027647655
     0.000948541173768    -0.000547640502013     0.009855735928810
81 10
    -0.000672952502708     0.000000000000000     0.000000000000000
    -0.000000000000000     0.000345228250325     0.001058320793974
     0.000000000000000    -0.000638968499484     0.008696857376154
81 11
     0.000058556750664     0.000206641560350     0.001752883304402
     0.000206641560350    -0.000180052370323     0.001012027647655
    -0.000948541173768    -0.000547640502013     0.009855735928810
81 12
     0.000676625479319     0.000000000000000     0.000000000000000
     0.000000000000000    -0.000679969278144    -0.000549646376975
     0.000000000000000     0.001073708274837     0.008862794255495
81 13
    -0.001033392211016    -0.001814133982859    -0.001782761713484
    -0.000141748664387     0.000361800126847     0.001200631257050
     0.001550571624528    -0.001400741564578     0.004711692669322
81 14
    -0.001033392211016     0.001814133982859     0.001782761713484
     0.000141748664387     0.000361800126847     0.001200631257050
    -0.001550571624528    -0.001400741564578     0.004711692669322
81 15
    -0.000340820588778     0.000587422761301    -0.000476007725558
     0.000587422761301     0.000337476789953     0.000274823188487
     0.000929858642262    -0.000536854137418     0.008862794255495
81 16
    -0.000340820588778    -0.000587422761301     0.000476007725558
    -0.000587422761301     0.000337476789953     0.000274823188487
    -0.000929858642262    -0.000536854137418     0.008862794255495
81 17
     0.008575548685265    -0.000563142908690     0.000067328374646
    -0.000563142908690     0.009225810105114     0.000038872055226
    -0.000270507069736    -0.000156177329530    -0.004347504473252
81 18
     0.007975267332629    -0.000064397412466     0.000004893885781
    -0.000010692039362     0.008344897267525     0.000183550371995
    -0.000137124384281     0.000367366280505    -0.002806534422124
81 19
     0.007975267332629     0.000064397412466    -0.000004893885781
     0.000010692039362     0.008344897267525     0.000183550371995
     0.000137124384281     0.000367366280505    -0.002806534422124
81 20
     0.008575548685265     0.000563142908690    -0.000067328374646
     0.000563142908690     0.009225810105114     0.000038872055226
     0.000270507069736    -0.000156177329530    -0.004347504473252
81 21
     0.008219975097381    -0.000151974133215     0.000161406227912
    -0.000205679506318     0.008100189502773    -0.000087536956587
     0.000249586339271    -0.000302436340518    -0.002806534422124
81 22
     0.008183329054437    -0.000000000000000     0.000000000000000
     0.000000000000000     0.008183329054437     0.000000000000000
     0.000000000000000     0.000000000000000    -0.002355070986659
81 23
     0.008219975097381     0.000151974133215    -0.000161406227912
     0.000205679506318     0.008100189502773    -0.000087536956587
    -0.000249586339271    -0.000302436340518    -0.002806534422124
81 24
     0.009047655029683     0.000000000000000     0.000000000000000
     0.000000000000000     0.008593508304921    -0.000101586188891
     0.000000000000000    -0.000702979441371    -0.002565370177630
81 25
     0.008285004470221    -0.000168134780404     0.000156512342131
    -0.000114429407300     0.008035160129933    -0.000096013415407
     0.000386710723552    -0.000064929939987    -0.002806534422124
81 26
     0.008285004470221     0.000168134780404    -0.000156512342131
     0.000114429407300     0.008035160129933    -0.000096013415407
    -0.000386710723552    -0.000064929939987    -0.002806534422124
81 27
     0.008468441292133     0.000000289031469     0.000069412171628
     0.000000289031469     0.008468107547341     0.000040075135974
    -0.000109132718165    -0.000063007804210    -0.002586707754822
81 28
     0.008468441292133    -0.000000289031469    -0.000069412171628
    -0.000000289031469     0.008468107547341     0.000040075135974
     0.000109132718165    -0.000063007804210    -0.002586707754822
81 29
     0.009550940815038     0.000000000000000     0.000000000000000
     0.000000000000000     0.008250417975341    -0.000077744110452
     0.000000000000000     0.000312354659060    -0.004347504473252
81 30
     0.008707044986112     0.000196651300345    -0.000087976220253
     0.000196651300345     0.008934118348492     0.000050793094445
    -0.000608798054565     0.000351489720685    -0.002565370177630
81 31
     0.008467940674945    -0.000000000000000     0.000000000000000
    -0.000000000000000     0.008468608164530    -0.000080150271949
     0.000000000000000     0.000126015608420    -0.002586707754822
81 32
     0.008707044986112    -0.000196651300345     0.000087976220253
    -0.000196651300345     0.008934118348492     0.000050793094445
     0.000608798054565     0.000351489720685    -0.002565370177630
81 33
     0.008847802889488     0.000617720937571    -0.000193263810007
     0.000617720937571     0.008134520190307    -0.000111580912732
    -0.001139321741197    -0.000657787713973    -0.002918773799802
81 34
     0.011663855667244     0.000783728409729    -0.000806338796432
     0.002092911962093     0.009938510494849    -0.001115701289607
    -0.003118231091309    -0.001469974023115    -0.004462820431827
81 35
     0.011663855667244    -0.000783728409729     0.000806338796432
    -0.002092911962093     0.009938510494849    -0.001115701289607
     0.003118231091309    -0.001469974023115    -0.004462820431827
81 36
     0.008847802889488    -0.000617720937571     0.000193263810007
    -0.000617720937571     0.008134520190307    -0.000111580912732
     0.001139321741197    -0.000657787713973    -0.002918773799802
81 37
     0.011615468607723     0.002120848243933    -0.001369395058051
     0.000811664691568     0.009986897554370    -0.000140459236964
    -0.002832150392576    -0.001965480328387    -0.004462820431827
81 38
     0.007964848883474    -0.000000000000000     0.000000000000000
     0.000000000000000     0.007964848883474     0.000000000000000
     0.000000000000000     0.000000000000000    -0.004030709682632
81 39
     0.011615468607723    -0.002120848243933     0.001369395058051
    -0.000811664691568     0.009986897554370    -0.000140459236964
     0.002832150392576    -0.001965480328387    -0.004462820431827
81 40
     0.010131214787548     0.000000000000000     0.000000000000000
     0.000000000000000     0.010733239548089    -0.007321695636336
     0.000000000000000    -0.001812152006747    -0.001161152906811
81 41
     0.009124224968173    -0.000626655494343    -0.000563056261619
     0.000682528058022     0.012478141193920     0.001256160526571
     0.000286080698734     0.003435454351502    -0.004462820431827
81 42
     0.009124224968173     0.000626655494343     0.000563056261619
    -0.000682528058022     0.012478141193920     0.001256160526571
    -0.000286080698734     0.003435454351502    -0.004462820431827
81 43
     0.008683067205178    -0.000473963921345     0.000604248828790
    -0.000473963921345     0.009230353600327     0.000348863223960
     0.001341247227720     0.000774369447974    -0.005165273321755
81 44
     0.008683067205178     0.000473963921345    -0.000604248828790
     0.000473963921345     0.009230353600327     0.000348863223960
    -0.001341247227720     0.000774369447974    -0.005165273321755
81 45
     0.007777878840717     0.000000000000000     0.000000000000000
     0.000000000000000     0.009204444239079     0.000223161825464
     0.000000000000000     0.001315575427947    -0.002918773799802
81 46
     0.010582733357953    -0.000260684368168    -0.006340774419844
    -0.000260684368168     0.010281720977683     0.003660847818168
    -0.001569369673361     0.000906076003373    -0.001161152906811
81 47
     0.009503996797902    -0.000000000000000     0.000000000000000
    -0.000000000000000     0.008409424007604    -0.000697726447919
     0.000000000000000    -0.001548738895947    -0.005165273321755
81 48
     0.010582733357953     0.000260684368168     0.006340774419844
     0.000260684368168     0.010281720977683     0.003660847818168
     0.001569369673361     0.000906076003373    -0.001161152906811
81 49
    -4.304330875500876    -1.613042004023515     3.108508219927514
    -1.613042004023513    -2.441750405026574     1.794698057553314
     3.066853795315898     1.770648864290858    -4.708328278207619
81 50
    -0.057127028736257    -0.017805947671849     0.047750066119736
     0.097120635337225    -0.011133791965907    -0.001141633013785
     0.010048368918452    -0.023103812882553    -0.093088686087905
81 51
    -0.057127028736257     0.017805947671849    -0.047750066119736
    -0.097120635337225    -0.011133791965907    -0.001141633013785
    -0.010048368918452    -0.023103812882554    -0.093088686087905
81 52
    -4.304330875500875     1.613042004023515    -3.108508219927514
     1.613042004023515    -2.441750405026574     1.794698057553315
    -3.066853795315898     1.770648864290859    -4.708328278207614
81 53
     0.011712166047228     0.057376307698183     0.022886349868132
    -0.057550275310891    -0.079972986749392     0.041923586798970
    -0.014984304421347     0.020254049191254    -0.093088686087905
81 54
     0.030847950733927    -0.000000000000000     0.000000000000000
     0.000000000000000     0.030847950733927     0.000000000000000
     0.000000000000000     0.000000000000000    -0.021871445643241
81 55
     0.011712166047228    -0.057376307698183    -0.022886349868132
     0.057550275310891    -0.079972986749392     0.041923586798970
     0.014984304421347     0.020254049191254    -0.093088686087905
81 56
     0.407227947557470     0.000000000000000     0.000000000000000
     0.000000000000000    -0.259629534589366     0.227757612057190
     0.000000000000000     0.133903206556372    -0.256511353744008
81 57
    -0.056976368364217    -0.097207619143579    -0.024863716251604
     0.017718963865495    -0.011284452337947    -0.040781953785186
    -0.025032673339800     0.002849763691299    -0.093088686087905
81 58
    -0.056976368364217     0.097207619143579     0.024863716251604
    -0.017718963865495    -0.011284452337947    -0.040781953785186
     0.025032673339800     0.002849763691299    -0.093088686087905
81 59
    -0.003327073745657    -0.004188832527261    -0.005134261200788
    -0.004188832527261     0.001509773428752    -0.002964267086365
    -0.017459779460096    -0.010080408371278     0.014226772731005
81 60
    -0.003327073745657     0.004188832527261     0.005134261200788
     0.004188832527261     0.001509773428752    -0.002964267086365
     0.017459779460096    -0.010080408371278     0.014226772731005
81 61
    -1.510460169789424     0.000000000000000     0.000000000000000
     0.000000000000000    -5.235621110738025    -3.589396115106629
     0.000000000000000    -3.541297728581718    -4.708328278207617
81 62
    -0.092915164052657     0.288757760121444     0.197243877946808
     0.288757760121444     0.240513577020761    -0.113878806028595
     0.115963578526013    -0.066951603278186    -0.256511353744008
81 63
     0.003928197015957    -0.000000000000000     0.000000000000000
     0.000000000000000    -0.005745497332861     0.005928534172730
     0.000000000000000     0.020160816742556     0.014226772731005
81 64
    -0.092915164052657    -0.288757760121444    -0.197243877946808
    -0.288757760121444     0.240513577020761    -0.113878806028595
    -0.115963578526013    -0.066951603278186    -0.256511353744008
81 65
     0.202154870784254    -0.000000000000000     0.000000000000000
     0.000000000000000     0.202154870784254     0.000000000000000
     0.000000000000000     0.000000000000000    -2.149534525881955
81 66
    -0.180973749040017     0.170353084326696     0.146307694522012
    -0.171169663987621     0.203518999339162     0.135627051141682
     0.149130461863691    -0.145130560727772    -0.011389553136113
81 67
    -0.013627100529803     0.000000000000000     0.000000000000000
    -0.000000000000000     0.027965862930739    -0.015987945178498
     0.000000000000000     0.013080232195497    -0.008448788399203
81 68
    -0.180973749040017    -0.170353084326696    -0.146307694522012
     0.171169663987621     0.203518999339162     0.135627051141683
    -0.149130461863691    -0.145130560727772    -0.011389553136113
81 69
     0.107042222879080    -0.337455762906024     0.190610318990074
     0.004066985408294    -0.084496972579935     0.058892654654355
    -0.051121521523885     0.201716048815949    -0.011389553136113
81 70
    -0.005594515818435     0.000972246384588     0.001472067629841
     0.000972246384588    -0.006717169242156     0.000849898642354
     0.009766046056867     0.005638429319850     0.030104740019801
81 71
    -0.005594515818435    -0.000972246384588    -0.001472067629841
    -0.000972246384588    -0.006717169242156     0.000849898642354
    -0.009766046056867     0.005638429319850     0.030104740019801
81 72
     0.107042222879080     0.337455762906024    -0.190610318990074
    -0.004066985408294    -0.084496972579934     0.058892654654355
     0.051121521523885     0.201716048815949    -0.011389553136113
81 73
     0.017567622065603    -0.018010281487754    -0.013845966678892
    -0.018010281487754    -0.003228859664668     0.007993972589249
     0.011327813368700    -0.006540116097749    -0.008448788399203
81 74
    -0.007278495954017     0.000000000000000     0.000000000000000
     0.000000000000000    -0.005033189106574    -0.001699797284708
     0.000000000000000    -0.011276858639701     0.030104740019801
81 75
     0.017567622065603     0.018010281487754     0.013845966678892
     0.018010281487754    -0.003228859664668     0.007993972589249
    -0.011327813368700    -0.006540116097749    -0.008448788399203
81 76
    -0.007714438437270     0.000000000000000     0.000000000000000
     0.000000000000000    -0.004522059100975     0.015515053342771
     0.000000000000000     0.001523287493559     0.029413799497098
81 77
     0.107749401609655     0.004475275238757     0.044302624468062
    -0.337047473075561    -0.085204151310509    -0.194519705796037
    -0.200251983387576    -0.056585488088177    -0.011389553136113
81 78
     0.107749401609655    -0.004475275238757    -0.044302624468062
     0.337047473075561    -0.085204151310509    -0.194519705796037
     0.200251983387576    -0.056585488088177    -0.011389553136113
81 79
    -0.005320153935048    -0.001382340801874     0.013436430335910
    -0.001382340801874    -0.006916343603196    -0.007757526671385
     0.001319205666690    -0.000761643746780     0.029413799497098
81 80
    -0.005320153935048     0.001382340801874    -0.013436430335910
     0.001382340801874    -0.006916343603196    -0.007757526671385
    -0.001319205666690    -0.000761643746780     0.029413799497098
81 81
    11.189596498901089     0.000000000000000     0.000000000000000
     0.000000000000000    11.189596498901089     0.000000000000000
     0.000000000000000     0.000000000000000    15.052406740720176
81 82
    -0.678114267158422    -0.033113352060920     0.135049894606178
     0.033113352060920     0.095991747830324    -0.026930761597427
    -0.135049894606178    -0.026930761597427     0.362213897453208
81 83
     0.002902218144764    -0.000000000000000     0.000000000000000
    -0.000000000000000    -0.001492228328385     0.008013453209538
     0.000000000000000     0.008013453209538     0.069743994457568
81 84
    -0.678114267158422     0.033113352060920    -0.135049894606178
    -0.033113352060920     0.095991747830324    -0.026930761597427
     0.135049894606178    -0.026930761597427     0.362213897453208
81 85
    -0.097534755916862    -0.302084385040375     0.044202223616455
    -0.368311089162216    -0.484587763411235     0.130422020306074
    -0.090847670989723    -0.103491258708648     0.362213897453208
81 86
     0.021625246191687     0.012237260573201    -0.005934079154238
     0.012237260573201     0.007494874819525    -0.003426042197092
     0.007621515831089     0.004400284216712     0.005736721344611
81 87
     0.021625246191687    -0.012237260573201     0.005934079154238
    -0.012237260573201     0.007494874819525    -0.003426042197092
    -0.007621515831089     0.004400284216712     0.005736721344611
81 88
    -0.097534755916862     0.302084385040375    -0.044202223616455
     0.368311089162216    -0.484587763411235     0.130422020306074
     0.090847670989723    -0.103491258708648     0.362213897453208
81 89
    -0.000393616710098     0.001902851140659     0.006939854051498
     0.001902851140659     0.001803606526477    -0.004006726604769
     0.006939854051498    -0.004006726604769     0.069743994457568
81 90
     0.000429689133443     0.000000000000000     0.000000000000000
     0.000000000000000     0.028690431877769     0.006852084394184
     0.000000000000000    -0.008800568433425     0.005736721344611
81 91
    -0.000393616710098    -0.001902851140659    -0.006939854051498
    -0.001902851140659     0.001803606526477    -0.004006726604769
    -0.006939854051498    -0.004006726604769     0.069743994457568
81 92
     0.000429689133443     0.000000000000000     0.000000000000000
     0.000000000000000     0.028690431877769    -0.008800568433425
     0.000000000000000     0.006852084394184     0.005736721344611
81 93
    -0.097534755916862    -0.368311089162216    -0.090847670989723
    -0.302084385040375    -0.484587763411235    -0.103491258708648
     0.044202223616455     0.130422020306074     0.362213897453208
81 94
    -0.097534755916862     0.368311089162216     0.090847670989723
     0.302084385040375    -0.484587763411235    -0.103491258708648
    -0.044202223616455     0.130422020306074     0.362213897453208
81 95
     0.021625246191687    -0.012237260573201    -0.007621515831089
    -0.012237260573201     0.007494874819525     0.004400284216712
     0.005934079154238    -0.003426042197092     0.005736721344611
81 96
     0.021625246191687     0.012237260573201     0.007621515831089
     0.012237260573201     0.007494874819525     0.004400284216712
    -0.005934079154238    -0.003426042197092     0.005736721344611