   6   96
1 1
    25.013960997967644     0.000000000000000     0.000000000000000
     0.000000000000000    25.013960997967644     0.000000000000000
     0.000000000000000     0.000000000000000    27.393123207721427
1 2
    -0.763879814542252    -0.888182196983969     0.018198235957210
     0.888182196983969    -0.406324001826766     0.009370003890553
    -0.018198235957210     0.009370003890553     0.737804962614127
1 3
    -0.180948139254610    -0.000000000000000     0.000000000000000
    -0.000000000000000     0.067311067987744     0.003753766645529
     0.000000000000000     0.003753766645529    -0.137929146862404
1 4
    -0.763879814542252     0.888182196983969    -0.018198235957210
    -0.888182196983969    -0.406324001826766     0.009370003890553
     0.018198235957210     0.009370003890553     0.737804962614127
1 5
    -0.495712955005637     0.733355988442769     0.017213779381383
    -1.043008405525170    -0.674490861363380     0.011075132697731
    -0.000984456575828    -0.020445136588284     0.737804962614126
1 6
    -0.078381388950633     0.053791167546926     0.000242881890874
     0.053791167546926    -0.140494079077118     0.000140227925077
     0.004779014864942     0.002759165518736    -0.028793873052405
1 7
    -0.078381388950633    -0.053791167546926    -0.000242881890874
    -0.053791167546926    -0.140494079077118     0.000140227925077
    -0.004779014864942     0.002759165518736    -0.028793873052405
1 8
    -0.495712955005637    -0.733355988442768    -0.017213779381383
     1.043008405525170    -0.674490861363380     0.011075132697731
     0.000984456575828    -0.020445136588284     0.737804962614127
1 9
     0.005246266177155    -0.107499390097632     0.003250857274906
    -0.107499390097632    -0.118883337444022    -0.001876883322764
     0.003250857274906    -0.001876883322764    -0.137929146862404
1 10
    -0.171550424140360     0.000000000000000     0.000000000000000
     0.000000000000000    -0.047325043887391    -0.000280455850155
     0.000000000000000    -0.005518331037472    -0.028793873052405
1 11
     0.005246266177155     0.107499390097632    -0.003250857274906
     0.107499390097632    -0.118883337444022    -0.001876883322764
    -0.003250857274906    -0.001876883322764    -0.137929146862404
1 12
    -0.171550424140360     0.000000000000000     0.000000000000000
     0.000000000000000    -0.047325043887391    -0.005518331037472
     0.000000000000000    -0.000280455850155    -0.028793873052405
1 13
    -0.495712955005637    -1.043008405525170    -0.000984456575828
     0.733355988442769    -0.674490861363380    -0.020445136588284
     0.017213779381383     0.011075132697731     0.737804962614126
1 14
    -0.495712955005637     1.043008405525170     0.000984456575828
    -0.733355988442768    -0.674490861363380    -0.020445136588284
    -0.017213779381383     0.011075132697731     0.737804962614127
1 15
    -0.078381388950633    -0.053791167546926    -0.004779014864942
    -0.053791167546926    -0.140494079077118     0.002759165518736
    -0.000242881890874     0.000140227925077    -0.028793873052405
1 16
    -0.078381388950633     0.053791167546926     0.004779014864942
     0.053791167546926    -0.140494079077118     0.002759165518736
     0.000242881890874     0.000140227925077    -0.028793873052405
1 17
    -0.008083052119085     0.004893241979042    -0.025095125106029
     0.004893241979042    -0.013733281266705    -0.014488677235313
    -0.018349172718729    -0.010593899808565    -0.004224586506648
1 18
    -0.009268390437266    -0.000091469374199     0.005615472127702
     0.000264288048977    -0.018121160845882     0.004656112988976
     0.004953140483879     0.002061545528825    -0.011427853133357
1 19
    -0.009268390437266     0.000091469374199    -0.005615472127702
    -0.000264288048977    -0.018121160845882     0.004656112988975
    -0.004953140483879     0.002061545528825    -0.011427853133357
1 20
    -0.008083052119085    -0.004893241979042     0.025095125106029
    -0.004893241979042    -0.013733281266705    -0.014488677235313
     0.018349172718729    -0.010593899808565    -0.004224586506648
1 21
    -0.015833135562425     0.004054445414149     0.006840048195194
     0.003698687990973    -0.011556415720723     0.002535085022346
     0.004261921040960     0.003258772723140    -0.011427853133357
1 22
     0.001812339449361     0.000000000000000     0.000000000000000
     0.000000000000000     0.001812339449361     0.000000000000000
     0.000000000000000     0.000000000000000    -0.018059964866556
1 23
    -0.015833135562425    -0.004054445414149    -0.006840048195194
    -0.003698687990973    -0.011556415720723     0.002535085022346
    -0.004261921040960     0.003258772723140    -0.011427853133357
1 24
     0.004663980753701    -0.000000000000000     0.000000000000000
     0.000000000000000    -0.016028287278150    -0.000516393377718
     0.000000000000000    -0.001921229903328    -0.010229527790876
1 25
    -0.015982800925032     0.003612278653584     0.001224576067493
     0.003968036076760    -0.011406750358117    -0.007191198011321
    -0.000691219442919    -0.005320318251965    -0.011427853133357
1 26
    -0.015982800925032    -0.003612278653584    -0.001224576067493
    -0.003968036076760    -0.011406750358117    -0.007191198011321
     0.000691219442919    -0.005320318251965    -0.011427853133357
1 27
    -0.009083109488230    -0.001361907609224    -0.001902687064555
    -0.001361907609224    -0.007510514038636    -0.001098516888905
    -0.002942473386863    -0.001698837801989    -0.011667021853959
1 28
    -0.009083109488230     0.001361907609224     0.001902687064555
     0.001361907609224    -0.007510514038636    -0.001098516888905
     0.002942473386863    -0.001698837801989    -0.011667021853959
1 29
    -0.016558395840514     0.000000000000000     0.000000000000000
     0.000000000000000    -0.005257937545276     0.028977354470627
     0.000000000000000     0.021187799617130    -0.004224586506648
1 30
    -0.010855220270188     0.008960014888750    -0.000447209783450
     0.008960014888750    -0.000509086254262     0.000258196688859
    -0.001663833902793     0.000960614951664    -0.010229527790876
1 31
    -0.006724216313839     0.000000000000000     0.000000000000000
     0.000000000000000    -0.009869407213027     0.002197033777809
     0.000000000000000     0.003397675603977    -0.011667021853959
1 32
    -0.010855220270188    -0.008960014888750     0.000447209783450
    -0.008960014888750    -0.000509086254262     0.000258196688859
     0.001663833902793     0.000960614951664    -0.010229527790876
1 33
    -4.366036057859679    -1.649367377392501     3.123057009486949
    -1.649367377392502    -2.461510659199385     1.803097805121839
     3.163804603740529     1.826623439632973    -4.770609458596020
1 34
    -0.070000249651263     0.098290140138598     0.009000355889609
    -0.020509746527193    -0.015091010600606    -0.021359779625111
     0.052008991153588    -0.003050213389869    -0.091338950389827
1 35
    -0.070000249651263    -0.098290140138598    -0.009000355889609
     0.020509746527193    -0.015091010600606    -0.021359779625111
    -0.052008991153588    -0.003050213389869    -0.091338950389827
1 36
    -4.366036057859680     1.649367377392502    -3.123057009486950
     1.649367377392502    -2.461510659199384     1.803097805121838
    -3.163804603740530     1.826623439632972    -4.770609458596014
1 37
     0.004861578028645    -0.063731242890215    -0.013997933829779
     0.055068643775576    -0.089952838280514     0.018474426656057
     0.023362933294204     0.046566214259142    -0.091338950389827
1 38
     0.025043842161106     0.000000000000000     0.000000000000000
     0.000000000000000     0.025043842161106     0.000000000000000
     0.000000000000000     0.000000000000000    -0.025469335204412
1 39
     0.004861578028645     0.063731242890215     0.013997933829779
    -0.055068643775576    -0.089952838280514     0.018474426656057
    -0.023362933294204     0.046566214259142    -0.091338950389827
1 40
     0.413118477839577    -0.000000000000000     0.000000000000000
     0.000000000000000    -0.268784793127626     0.142183333300930
     0.000000000000000     0.224221142911695    -0.260502090310582
1 41
    -0.062498218755185     0.016178446969873    -0.022998289719388
    -0.102621439695918    -0.022593041496684     0.002885352969054
    -0.028646057859384    -0.043516000869272    -0.091338950389827
1 42
    -0.062498218755185    -0.016178446969873     0.022998289719388
     0.102621439695918    -0.022593041496684     0.002885352969054
     0.028646057859384    -0.043516000869272    -0.091338950389827
1 43
    -0.007553576075816    -0.003005558681658    -0.016624646142278
    -0.003005558681658    -0.004083055847975    -0.009598243925427
    -0.006184292396955    -0.003570502880129     0.011546978372273
1 44
    -0.007553576075816     0.003005558681658     0.016624646142279
     0.003005558681658    -0.004083055847975    -0.009598243925427
     0.006184292396955    -0.003570502880129     0.011546978372273
1 45
    -1.509247959869236     0.000000000000000     0.000000000000000
     0.000000000000000    -5.318298757189829    -3.606195610243677
     0.000000000000000    -3.653246879265945    -4.770609458596017
1 46
    -0.098308975385825     0.295272777790651     0.123134378633356
     0.295272777790651     0.242642660097776    -0.071091666650465
     0.194181205827109    -0.112110571455847    -0.260502090310582
1 47
    -0.002347795734054     0.000000000000000     0.000000000000000
     0.000000000000000    -0.009288836189737     0.019196487850854
     0.000000000000000     0.007141005760259     0.011546978372273
1 48
    -0.098308975385825    -0.295272777790651    -0.123134378633356
    -0.295272777790651     0.242642660097776    -0.071091666650465
    -0.194181205827109    -0.112110571455847    -0.260502090310582
1 49
    -4.325778580967710    -1.636424143085559    -3.123584335796448
    -1.636424143085559    -2.436198741930010    -1.803402257108579
    -3.095450452543135    -1.787159152038930    -4.690444972637128
1 50
    -0.065295969809011     0.088190972383666    -0.008071130582303
    -0.026462363700963    -0.010701403528173     0.021501751530714
    -0.050044716235667    -0.004284460133133    -0.097624185575302
1 51
    -0.065295969809011    -0.088190972383666     0.008071130582303
     0.026462363700963    -0.010701403528173     0.021501751530714
     0.050044716235667    -0.004284460133133    -0.097624185575301
1 52
    -4.325778580967710     1.636424143085560     3.123584335796449
     1.636424143085560    -2.436198741930010    -1.803402257108578
     3.095450452543136    -1.787159152038929    -4.690444972637122
1 53
     0.002379226531363    -0.065534656525538     0.014585497760308
     0.049118679559091    -0.078376599868547    -0.017740679886893
    -0.028732809434628    -0.041197765518704    -0.097624185575301
1 54
     0.017300204086260     0.000000000000000     0.000000000000000
     0.000000000000000     0.017300204086260     0.000000000000000
     0.000000000000000     0.000000000000000    -0.026863395915526
1 55
     0.002379226531362     0.065534656525538    -0.014585497760308
    -0.049118679559091    -0.078376599868547    -0.017740679886893
     0.028732809434628    -0.041197765518704    -0.097624185575301
1 56
     0.417649293309342    -0.000000000000000     0.000000000000000
     0.000000000000000    -0.267756318695514    -0.159662168301983
     0.000000000000000    -0.237655290699786    -0.241800709750253
1 57
    -0.051079316728128     0.018254375217739     0.022656628342611
    -0.096398960866890    -0.024918056609057    -0.003761071643821
     0.021311906801038     0.045482225651837    -0.097624185575301
1 58
    -0.051079316728128    -0.018254375217739    -0.022656628342611
     0.096398960866890    -0.024918056609057    -0.003761071643821
    -0.021311906801038     0.045482225651837    -0.097624185575301
1 59
    -0.010811183835792    -0.005622147465558     0.017723256735856
    -0.005622147465558    -0.004319287130465     0.010232527047363
     0.009486537165881     0.005477054786399     0.010540689451996
1 60
    -0.010811183835792     0.005622147465558    -0.017723256735856
     0.005622147465558    -0.004319287130465     0.010232527047363
    -0.009486537165881     0.005477054786399     0.010540689451996
1 61
    -1.491408822411159     0.000000000000000     0.000000000000000
     0.000000000000000    -5.270568500486561     3.606804514217157
     0.000000000000000     3.574318304077858    -4.690444972637125
1 62
    -0.096404915694300     0.296789335946313    -0.138271493772824
     0.296789335946313     0.246297890308128     0.079831084150991
    -0.205815519089790     0.118827645349893    -0.241800709750252
1 63
    -0.001073338777801     0.000000000000000     0.000000000000000
     0.000000000000000    -0.014057132188456    -0.020465054094726
     0.000000000000000    -0.010954109572798     0.010540689451996
1 64
    -0.096404915694300    -0.296789335946313     0.138271493772824
    -0.296789335946313     0.246297890308128     0.079831084150991
     0.205815519089790     0.118827645349893    -0.241800709750253
1 65
    -0.015885094701042     0.000000000000000     0.000000000000000
    -0.000000000000000    -0.015885094701042     0.000000000000000
     0.000000000000000     0.000000000000000     0.030395780661646
1 66
    -0.001050511030188     0.008715402394603    -0.014146431550701
     0.004573468501077    -0.002342218762306    -0.009119789215126
    -0.008821196109209     0.013241889103588    -0.025464477774253
1 67
    -0.002377299000971     0.000000000000000     0.000000000000000
    -0.000000000000000     0.004798042670684     0.000285034132240
     0.000000000000000     0.001876609942385     0.006166532531095
1 68
    -0.001050511030188    -0.008715402394603     0.014146431550701
    -0.004573468501077    -0.002342218762306    -0.009119789215126
     0.008821196109209     0.013241889103588    -0.025464477774253
1 69
     0.003734958062359     0.001810576632296    -0.014971184912809
     0.005952510525822    -0.007127687854853    -0.007691274488242
     0.007057214303199    -0.014260324474134    -0.025464477774253
1 70
     0.000879145542997    -0.003087931667388    -0.005098996706980
    -0.003087931667388     0.004444781901808    -0.002943907121372
    -0.005539782002510    -0.003198394630401     0.006947360711345
1 71
     0.000879145542997     0.003087931667388     0.005098996706980
     0.003087931667388     0.004444781901808    -0.002943907121372
     0.005539782002510    -0.003198394630401     0.006947360711345
1 72
     0.003734958062359    -0.001810576632296     0.014971184912809
    -0.005952510525822    -0.007127687854853    -0.007691274488242
    -0.007057214303199    -0.014260324474134    -0.025464477774253
1 73
     0.003004207252770    -0.003107014084243     0.000246846799466
    -0.003107014084243    -0.000583463583058    -0.000142517066120
     0.001625191883100    -0.000938304971192     0.006166532531095
1 74
     0.006227600081214     0.000000000000000     0.000000000000000
     0.000000000000000    -0.000903672636408     0.005887814242744
     0.000000000000000     0.006396789260802     0.006947360711345
1 75
     0.003004207252770     0.003107014084243    -0.000246846799466
     0.003107014084243    -0.000583463583058    -0.000142517066120
    -0.001625191883100    -0.000938304971192     0.006166532531095
1 76
     0.009343701105780     0.000000000000000     0.000000000000000
     0.000000000000000     0.008173577258469     0.003890746019752
     0.000000000000000    -0.004964020445096     0.006948252710354
1 77
    -0.007773541720912    -0.000691924922018    -0.000824753362108
    -0.004833858815544     0.004380811928418     0.016811063703368
     0.015878410412408     0.001018435370545    -0.025464477774253
1 78
    -0.007773541720912     0.000691924922018     0.000824753362108
     0.004833858815544     0.004380811928418     0.016811063703368
    -0.015878410412408     0.001018435370545    -0.025464477774253
1 79
     0.008466108220296     0.000506678488673     0.003369484892779
     0.000506678488673     0.009051170143952    -0.001945373009876
    -0.004298967810359     0.002482010222548     0.006948252710354
1 80
     0.008466108220296    -0.000506678488673    -0.003369484892779
    -0.000506678488673     0.009051170143952    -0.001945373009876
     0.004298967810359     0.002482010222548     0.006948252710354
1 81
    -0.007712628363982     0.000000000000000     0.000000000000000
    -0.000000000000000    -0.007712628363982     0.000000000000000
     0.000000000000000     0.000000000000000     0.005001013022813
1 82
    -0.007955355007529    -0.001804205745779     0.000808605337908
     0.000097580150327    -0.006539162715199     0.001371782017275
     0.000604397296589    -0.002601742299577    -0.000847262511255
1 83
    -0.006959034448202    -0.000000000000000     0.000000000000000
    -0.000000000000000    -0.007099510326444    -0.000106137183499
     0.000000000000000    -0.002157230605961     0.001237788142559
1 84
    -0.007955355007529     0.001804205745779    -0.000808605337908
    -0.000097580150327    -0.006539162715199     0.001371782017275
    -0.000604397296589    -0.002601742299577    -0.000847262511255
1 85
    -0.007632201348487    -0.000088992701711     0.001592300744369
    -0.001990778597817    -0.006862316374242     0.000014381755627
    -0.001950976277240     0.001824294562613    -0.000847262511255
1 86
    -0.006567959827009    -0.000896649378223    -0.000911675552575
    -0.000896649378223    -0.005532598307238    -0.000526356125693
     0.000436261747500     0.000251875837356    -0.000218753072665
1 87
    -0.006567959827009     0.000896649378223     0.000911675552575
     0.000896649378223    -0.005532598307238    -0.000526356125693
    -0.000436261747500     0.000251875837356    -0.000218753072665
1 88
    -0.007632201348487     0.000088992701711    -0.001592300744369
     0.001990778597817    -0.006862316374242     0.000014381755627
     0.001950976277240     0.001824294562613    -0.000847262511255
1 89
    -0.007064391356884     0.000060827839588    -0.000091917497196
     0.000060827839588    -0.006994153417763     0.000053068591750
    -0.001868216506584     0.001078615302981     0.001237788142559
1 90
    -0.005014917547352     0.000000000000000     0.000000000000000
     0.000000000000000    -0.007085640586894     0.001052712251386
     0.000000000000000    -0.000503751674712    -0.000218753072665
1 91
    -0.007064391356884    -0.000060827839588     0.000091917497196
    -0.000060827839588    -0.006994153417763     0.000053068591750
     0.001868216506584     0.001078615302981     0.001237788142559
1 92
    -0.007008914764700    -0.000000000000000     0.000000000000000
    -0.000000000000000    -0.005408453744665    -0.000060177544875
     0.000000000000000     0.000354888095717     0.000246176632342
1 93
    -0.006154220228076    -0.001137465800091     0.000783695406460
     0.000764320096015    -0.008340297494652    -0.001386163772902
    -0.002555373573828     0.000777447736964    -0.000847262511255
1 94
    -0.006154220228076     0.001137465800091    -0.000783695406460
    -0.000764320096015    -0.008340297494652    -0.001386163772902
     0.002555373573828     0.000777447736964    -0.000847262511255
1 95
    -0.005808568999674    -0.000693019950558    -0.000052115282599
    -0.000693019950558    -0.006608799509691     0.000030088772437
     0.000307342106391    -0.000177444047858     0.000246176632342
1 96
    -0.005808568999674     0.000693019950558     0.000052115282599
     0.000693019950558    -0.006608799509691     0.000030088772437
    -0.000307342106391    -0.000177444047858     0.000246176632342
17 1
    -0.008083052119085     0.004893241979042    -0.018349172718729
     0.004893241979042    -0.013733281266705    -0.010593899808565
    -0.025095125106029    -0.014488677235313    -0.004224586506648
17 2
    -0.008083052119085    -0.004893241979042     0.018349172718729
    -0.004893241979042    -0.013733281266705    -0.010593899808565
     0.025095125106029    -0.014488677235313    -0.004224586506648
17 3
    -0.009268390437266    -0.000264288048977    -0.004953140483879
     0.000091469374199    -0.018121160845882     0.002061545528825
    -0.005615472127702     0.004656112988975    -0.011427853133357
17 4
    -0.009268390437266     0.000264288048977     0.004953140483879
    -0.000091469374199    -0.018121160845882     0.002061545528825
     0.005615472127702     0.004656112988976    -0.011427853133357
17 5
    -0.016558395840514     0.000000000000000     0.000000000000000
     0.000000000000000    -0.005257937545276     0.021187799617130
     0.000000000000000     0.028977354470627    -0.004224586506648
17 6
    -0.010855220270188    -0.008960014888750     0.001663833902793
    -0.008960014888750    -0.000509086254262     0.000960614951664
     0.000447209783450     0.000258196688859    -0.010229527790876
17 7
    -0.006724216313839     0.000000000000000     0.000000000000000
     0.000000000000000    -0.009869407213027     0.003397675603977
     0.000000000000000     0.002197033777809    -0.011667021853959
17 8
    -0.010855220270188     0.008960014888750    -0.001663833902793
     0.008960014888750    -0.000509086254262     0.000960614951664
    -0.000447209783450     0.000258196688859    -0.010229527790876
17 9
    -0.015982800925032     0.003968036076760    -0.000691219442919
     0.003612278653584    -0.011406750358117    -0.005320318251965
     0.001224576067493    -0.007191198011321    -0.011427853133357
17 10
    -0.009083109488230     0.001361907609224     0.002942473386863
     0.001361907609224    -0.007510514038636    -0.001698837801989
     0.001902687064555    -0.001098516888905    -0.011667021853959
17 11
    -0.009083109488230    -0.001361907609224    -0.002942473386863
    -0.001361907609224    -0.007510514038636    -0.001698837801989
    -0.001902687064555    -0.001098516888905    -0.011667021853959
17 12
    -0.015982800925032    -0.003968036076760     0.000691219442919
    -0.003612278653584    -0.011406750358117    -0.005320318251965
    -0.001224576067493    -0.007191198011321    -0.011427853133357
17 13
    -0.015833135562425     0.003698687990973     0.004261921040960
     0.004054445414149    -0.011556415720723     0.003258772723140
     0.006840048195194     0.002535085022346    -0.011427853133357
17 14
     0.004663980753701     0.000000000000000     0.000000000000000
    -0.000000000000000    -0.016028287278150    -0.001921229903328
     0.000000000000000    -0.000516393377718    -0.010229527790876
17 15
    -0.015833135562425    -0.003698687990973    -0.004261921040960
    -0.004054445414149    -0.011556415720723     0.003258772723140
    -0.006840048195194     0.002535085022346    -0.011427853133357
17 16
     0.001812339449361     0.000000000000000     0.000000000000000
     0.000000000000000     0.001812339449361     0.000000000000000
     0.000000000000000     0.000000000000000    -0.018059964866556
17 17
    23.171113866155032     0.000000000000000     0.000000000000000
     0.000000000000000    23.171113866155032     0.000000000000000
     0.000000000000000     0.000000000000000    27.647025396000998
17 18
    -0.544407148619056     0.996255637119331    -0.025757505771666
    -0.996255637119331    -0.398156751820718     0.000382869723474
     0.025757505771666     0.000382869723474     0.432096613602554
17 19
    -0.445819342216550    -0.000000000000000     0.000000000000000
    -0.000000000000000     0.053349847817036     0.004211363473853
     0.000000000000000     0.004211363473853    -0.128552817092844
17 20
    -0.544407148619056    -0.996255637119331     0.025757505771666
     0.996255637119331    -0.398156751820718     0.000382869723474
    -0.025757505771666     0.000382869723474     0.432096613602554
17 21
    -0.434719351020302    -1.059583916589789    -0.012547177978964
     0.932927357648873    -0.507844549419471    -0.022498089198124
     0.013210327792701     0.022115219474650     0.432096613602553
17 22
    -0.069954384441979     0.070586526623806     0.002519187410827
     0.070586526623806    -0.151460684736809     0.001454453529780
    -0.001210334919626    -0.000698787191656     0.015784305556777
17 23
    -0.069954384441979    -0.070586526623806    -0.002519187410827
    -0.070586526623806    -0.151460684736809     0.001454453529780
     0.001210334919626    -0.000698787191656     0.015784305556777
17 24
    -0.434719351020302     1.059583916589788     0.012547177978964
    -0.932927357648873    -0.507844549419471    -0.022498089198124
    -0.013210327792701     0.022115219474650     0.432096613602554
17 25
    -0.071442449691361    -0.216146599677793     0.003647147752926
    -0.216146599677793    -0.321027044708153    -0.002105681736926
     0.003647147752926    -0.002105681736926    -0.128552817092844
17 26
    -0.192213834884224     0.000000000000000     0.000000000000000
     0.000000000000000    -0.029201234294564    -0.002908907059560
     0.000000000000000     0.001397574383312     0.015784305556777
17 27
    -0.071442449691361     0.216146599677793    -0.003647147752926
     0.216146599677793    -0.321027044708153    -0.002105681736926
    -0.003647147752926    -0.002105681736926    -0.128552817092844
17 28
    -0.192213834884224     0.000000000000000     0.000000000000000
     0.000000000000000    -0.029201234294564     0.001397574383312
     0.000000000000000    -0.002908907059560     0.015784305556777
17 29
    -0.434719351020302     0.932927357648873     0.013210327792701
    -1.059583916589789    -0.507844549419471     0.022115219474650
    -0.012547177978964    -0.022498089198124     0.432096613602553
17 30
    -0.434719351020302    -0.932927357648873    -0.013210327792701
     1.059583916589788    -0.507844549419471     0.022115219474650
     0.012547177978964    -0.022498089198124     0.432096613602554
17 31
    -0.069954384441979    -0.070586526623806     0.001210334919626
    -0.070586526623806    -0.151460684736809    -0.000698787191656
    -0.002519187410827     0.001454453529780     0.015784305556777
17 32
    -0.069954384441979     0.070586526623806    -0.001210334919626
     0.070586526623806    -0.151460684736809    -0.000698787191656
     0.002519187410827     0.001454453529780     0.015784305556777
17 33
    -0.003715044805610     0.000000000000000     0.000000000000000
    -0.000000000000000    -0.003715044805610     0.000000000000000
     0.000000000000000     0.000000000000000     0.013474243786201
17 34
    -0.002213880485791     0.002305088463044     0.000977708719383
     0.000584029185199    -0.001231793719866     0.001892377719890
    -0.000620967029288    -0.002100827278015    -0.004413205581538
17 35
    -0.001456137569860    -0.000000000000000     0.000000000000000
    -0.000000000000000    -0.001298415880066     0.001001891581719
     0.000000000000000    -0.002310868980247     0.000549196004695
17 36
    -0.002213880485791    -0.002305088463044    -0.000977708719383
    -0.000584029185199    -0.001231793719866     0.001892377719890
     0.000620967029288    -0.002100827278015    -0.004413205581538
17 37
    -0.000226290772397    -0.000563506270867     0.002127701538672
     0.001157553006977    -0.003219383433260    -0.000099468271458
    -0.002129853306369     0.000512640416731    -0.004413205581538
17 38
    -0.001323845965707     0.000596508697412     0.000705639148824
     0.000596508697412    -0.002012634879756     0.000407400952524
    -0.000768933847667    -0.000443944163939    -0.001091122774975
17 39
    -0.001323845965707    -0.000596508697412    -0.000705639148824
    -0.000596508697412    -0.002012634879756     0.000407400952524
     0.000768933847667    -0.000443944163939    -0.001091122774975
17 40
    -0.000226290772397     0.000563506270867    -0.002127701538672
    -0.001157553006977    -0.003219383433260    -0.000099468271458
     0.002129853306369     0.000512640416731    -0.004413205581538
17 41
    -0.001337846302514    -0.000068295495045     0.000867663561606
    -0.000068295495045    -0.001416707147412    -0.000500945790859
    -0.002001271241711     0.001155434490124     0.000549196004695
17 42
    -0.002357029336781     0.000000000000000     0.000000000000000
     0.000000000000000    -0.000979451508682    -0.000814801905048
     0.000000000000000     0.000887888327879    -0.001091122774975
17 43
    -0.001337846302514     0.000068295495045    -0.000867663561606
     0.000068295495045    -0.001416707147412    -0.000500945790859
     0.002001271241711     0.001155434490124     0.000549196004695
17 44
    -0.000101883856417    -0.000000000000000     0.000000000000000
    -0.000000000000000    -0.001924559917990     0.001354494276453
     0.000000000000000    -0.000524564217218    -0.000293279218090
17 45
    -0.002728340050298    -0.000287005817144     0.001149992819289
    -0.002008065094989    -0.000717334155360    -0.001792909448432
    -0.001508886277080     0.001588186861284    -0.004413205581538
17 46
    -0.002728340050298     0.000287005817144    -0.001149992819289
     0.002008065094989    -0.000717334155360    -0.001792909448432
     0.001508886277080     0.001588186861284    -0.004413205581538
17 47
    -0.001468890902597     0.000789241886096     0.001173026452689
     0.000789241886096    -0.000557552871810    -0.000677247138227
    -0.000454285938027     0.000262282108609    -0.000293279218090
17 48
    -0.001468890902597    -0.000789241886096    -0.001173026452689
    -0.000789241886096    -0.000557552871810    -0.000677247138227
     0.000454285938027     0.000262282108609    -0.000293279218090
17 49
    -0.037585738949773     0.000000000000000     0.000000000000000
    -0.000000000000000    -0.037585738949773     0.000000000000000
     0.000000000000000     0.000000000000000     0.076376345708664
17 50
    -0.009746410572428    -0.008959931185296     0.008813232204569
    -0.006752880481680    -0.008392195495156    -0.016100677042407
     0.010137901530007     0.013819184154656    -0.034740370097073
17 51
    -0.005351345991013    -0.000000000000000     0.000000000000000
    -0.000000000000000    -0.001830501024120     0.000931474115033
     0.000000000000000    -0.000402822019345    -0.000921723305367
17 52
    -0.009746410572428     0.008959931185296    -0.008813232204569
     0.006752880481680    -0.008392195495156    -0.016100677042407
    -0.010137901530007     0.013819184154656    -0.034740370097073
17 53
    -0.015534596298715    -0.003411069894489    -0.009536979234569
    -0.005618120598105    -0.002604009768869     0.015682821499811
     0.017036715302511     0.001870088188723    -0.034740370097073
17 54
     0.003086573732514     0.000865496998926    -0.006078078089750
     0.000865496998926     0.002087183881888    -0.003509180021273
     0.001681461248913     0.000970792104692     0.003103650172153
17 55
     0.003086573732514    -0.000865496998926     0.006078078089750
    -0.000865496998926     0.002087183881888    -0.003509180021273
    -0.001681461248913     0.000970792104692     0.003103650172153
17 56
    -0.015534596298715     0.003411069894489     0.009536979234569
     0.005618120598105    -0.002604009768869     0.015682821499811
    -0.017036715302511     0.001870088188723    -0.034740370097073
17 57
    -0.002710712265843    -0.001524570592058     0.000806680246586
    -0.001524570592058    -0.004471134749290    -0.000465737057516
    -0.000348854101957     0.000201411009673    -0.000921723305367
17 58
     0.001587488956575     0.000000000000000     0.000000000000000
     0.000000000000000     0.003586268657827     0.007018360042545
     0.000000000000000    -0.001941584209384     0.003103650172153
17 59
    -0.002710712265843     0.001524570592058    -0.000806680246586
     0.001524570592058    -0.004471134749290    -0.000465737057516
     0.000348854101957     0.000201411009673    -0.000921723305367
17 60
     0.001220455571929    -0.000000000000000     0.000000000000000
     0.000000000000000    -0.005442634816420     0.008918426516904
     0.000000000000000     0.006755251462942     0.002486585080829
17 61
    -0.001926902230233     0.002238285235383    -0.018350211439138
     0.004445335938999    -0.016211703837351     0.000417855542595
     0.006898813772505    -0.015689272343379    -0.034740370097073
17 62
    -0.001926902230233    -0.002238285235383     0.018350211439138
    -0.004445335938999    -0.016211703837351     0.000417855542595
    -0.006898813772505    -0.015689272343379    -0.034740370097073
17 63
    -0.003776862219333     0.002885202772011     0.007723583925424
     0.002885202772011    -0.000445317025158    -0.004459213258452
     0.005850219375860    -0.003377625731471     0.002486585080829
17 64
    -0.003776862219333    -0.002885202772011    -0.007723583925424
    -0.002885202772011    -0.000445317025158    -0.004459213258452
    -0.005850219375860    -0.003377625731471     0.002486585080829
17 65
    -4.088410354610672    -1.785661962880834    -3.462867936393196
    -1.785661962880835    -2.026505524708822    -1.999287735244737
    -3.181323792989280    -1.836738148261724    -4.548258049740095
17 66
    -4.088410354610672     1.785661962880835     3.462867936393197
     1.785661962880835    -2.026505524708822    -1.999287735244736
     3.181323792989281    -1.836738148261722    -4.548258049740090
17 67
    -0.068962338417831    -0.115715878228327    -0.064683900662486
     0.047571698959197    -0.029047719347624     0.006007387867304
     0.050700387888935     0.016807305019761    -0.039669453476204
17 68
    -0.068962338417831     0.115715878228327     0.064683900662486
    -0.047571698959197    -0.029047719347624     0.006007387867304
    -0.050700387888935     0.016807305019761    -0.039669453476204
17 69
    -0.995553109757896     0.000000000000000     0.000000000000000
     0.000000000000000    -5.119362769561599     3.998575470489473
     0.000000000000000     3.673476296523446    -4.548258049740093
17 70
    -0.122639030506517    -0.295561798503038     0.177636212356289
    -0.295561798503038     0.218646337349281     0.102558315021729
     0.135330215859346     0.078132936555884    -0.232140429348100
17 71
     0.016407517361560     0.000000000000000     0.000000000000000
     0.000000000000000     0.008891568435402     0.000643255950827
     0.000000000000000    -0.004862707218095     0.011700282741859
17 72
    -0.122639030506517     0.295561798503038    -0.177636212356289
     0.295561798503038     0.218646337349281     0.102558315021729
    -0.135330215859346     0.078132936555884    -0.232140429348100
17 73
    -0.068533669298729     0.047324206727890    -0.027139399827771
    -0.115963370459634    -0.029476388466726    -0.059021595123234
     0.039905747060734     0.035504171383662    -0.039669453476204
17 74
     0.010770555666942     0.003254501351799     0.000557075994552
     0.003254501351799     0.014528530130021    -0.000321627975413
    -0.004211227982036     0.002431353609047     0.011700282741859
17 75
     0.010770555666942    -0.003254501351799    -0.000557075994552
    -0.003254501351799     0.014528530130021    -0.000321627975413
     0.004211227982036     0.002431353609047     0.011700282741859
17 76
    -0.068533669298729    -0.047324206727890     0.027139399827771
     0.115963370459634    -0.029476388466726    -0.059021595123234
    -0.039905747060734     0.035504171383662    -0.039669453476204
17 77
    -0.009519078931622    -0.081891280825069     0.037544500834715
     0.081396296362455    -0.088490978833833     0.053014207255930
    -0.010794640828201    -0.052311476403423    -0.039669453476204
17 78
     0.389289021277180     0.000000000000000     0.000000000000000
     0.000000000000000    -0.293281714434416    -0.205116630043458
     0.000000000000000    -0.156265873111767    -0.232140429348100
17 79
    -0.009519078931622     0.081891280825069    -0.037544500834715
    -0.081396296362455    -0.088490978833833     0.053014207255930
     0.010794640828201    -0.052311476403423    -0.039669453476204
17 80
     0.024875732491017     0.000000000000000     0.000000000000000
     0.000000000000000     0.024875732491017     0.000000000000000
     0.000000000000000     0.000000000000000    -0.017410005763231
17 81
    -4.132919639406122    -1.788749248456007     3.452699026210976
    -1.788749248456007    -2.067449919188491     1.993416712213667
     3.228138967599913     1.863766901925332    -4.639239099981770
17 82
    -4.132919639406123     1.788749248456007    -3.452699026210977
     1.788749248456007    -2.067449919188491     1.993416712213666
    -3.228138967599913     1.863766901925330    -4.639239099981764
17 83
    -0.084711448821610    -0.123161332933171     0.065777267435390
     0.043484465018767    -0.046318859560736    -0.004999031831032
    -0.060647884890518    -0.022449573505263    -0.049803668189454
17 84
    -0.084711448821610     0.123161332933171    -0.065777267435390
    -0.043484465018767    -0.046318859560736    -0.004999031831032
     0.060647884890518    -0.022449573505263    -0.049803668189454
17 85
    -1.034715059079673     0.000000000000000     0.000000000000000
     0.000000000000000    -5.165654499514941    -3.986833424427334
     0.000000000000000    -3.727533803850662    -4.639239099981767
17 86
    -0.132379446432244    -0.296856952431083    -0.154107169035887
    -0.296856952431083     0.210401436361551    -0.088973815526921
    -0.121972923422318    -0.070421100171721    -0.272793414857347
17 87
     0.004367416647986     0.000000000000000     0.000000000000000
     0.000000000000000     0.000921222731557     0.000860081469042
     0.000000000000000     0.002238347843967    -0.006439607207683
17 88
    -0.132379446432244     0.296856952431083     0.154107169035887
     0.296856952431083     0.210401436361551    -0.088973815526921
     0.121972923422318    -0.070421100171721    -0.272793414857347
17 89
    -0.090418102729880     0.046779203188879     0.028559345157694
    -0.119866594763059    -0.040612205652466     0.059464300506087
    -0.049765843404943    -0.041297822248351    -0.049803668189454
17 90
     0.001782771210664     0.001492245738998     0.000744852401515
     0.001492245738998     0.003505868168879    -0.000430040734521
     0.001938466095382    -0.001119173921984    -0.006439607207683
17 91
     0.001782771210664    -0.001492245738998    -0.000744852401515
    -0.001492245738998     0.003505868168879    -0.000430040734521
    -0.001938466095382    -0.001119173921984    -0.006439607207683
17 92
    -0.090418102729880    -0.046779203188879    -0.028559345157694
     0.119866594763059    -0.040612205652466     0.059464300506087
     0.049765843404943    -0.041297822248351    -0.049803668189454
17 93
    -0.021415911022029    -0.080028160805857    -0.037217922277696
     0.086617637146081    -0.109614397360317    -0.054465268675055
     0.010882041485575     0.063747395753614    -0.049803668189454
17 94
     0.381791877758448     0.000000000000000     0.000000000000000
     0.000000000000000    -0.303769887829142     0.177947631053841
     0.000000000000000     0.140842200343442    -0.272793414857347
17 95
    -0.021415911022029     0.080028160805857     0.037217922277696
    -0.086617637146081    -0.109614397360317    -0.054465268675055
    -0.010882041485575     0.063747395753614    -0.049803668189454
17 96
     0.020368228403975     0.000000000000000     0.000000000000000
     0.000000000000000     0.020368228403975     0.000000000000000
     0.000000000000000     0.000000000000000    -0.034331329921697
33 1
    -4.366036057859679    -1.649367377392502     3.163804603740529
    -1.649367377392501    -2.461510659199385     1.826623439632973
     3.123057009486949     1.803097805121839    -4.770609458596020
33 2
    -4.366036057859680     1.649367377392502    -3.163804603740530
     1.649367377392502    -2.461510659199384     1.826623439632972
    -3.123057009486950     1.803097805121838    -4.770609458596014
33 3
    -0.070000249651263     0.020509746527193    -0.052008991153588
    -0.098290140138598    -0.015091010600606    -0.003050213389869
    -0.009000355889609    -0.021359779625111    -0.091338950389827
33 4
    -0.070000249651263    -0.020509746527193     0.052008991153588
     0.098290140138598    -0.015091010600606    -0.003050213389869
     0.009000355889609    -0.021359779625111    -0.091338950389827
33 5
    -1.509247959869236     0.000000000000000     0.000000000000000
     0.000000000000000    -5.318298757189829    -3.653246879265945
     0.000000000000000    -3.606195610243677    -4.770609458596017
33 6
    -0.098308975385825    -0.295272777790651    -0.194181205827109
    -0.295272777790651     0.242642660097776    -0.112110571455847
    -0.123134378633356    -0.071091666650465    -0.260502090310582
33 7
    -0.002347795734054     0.000000000000000     0.000000000000000
     0.000000000000000    -0.009288836189737     0.007141005760259
     0.000000000000000     0.019196487850854     0.011546978372273
33 8
    -0.098308975385825     0.295272777790651     0.194181205827109
     0.295272777790651     0.242642660097776    -0.112110571455847
     0.123134378633356    -0.071091666650465    -0.260502090310582
33 9
    -0.062498218755185    -0.102621439695918    -0.028646057859384
     0.016178446969873    -0.022593041496684    -0.043516000869272
    -0.022998289719388     0.002885352969054    -0.091338950389827
33 10
    -0.007553576075816     0.003005558681658     0.006184292396955
     0.003005558681658    -0.004083055847975    -0.003570502880129
     0.016624646142279    -0.009598243925427     0.011546978372273
33 11
    -0.007553576075816    -0.003005558681658    -0.006184292396955
    -0.003005558681658    -0.004083055847975    -0.003570502880129
    -0.016624646142278    -0.009598243925427     0.011546978372273
33 12
    -0.062498218755185     0.102621439695918     0.028646057859384
    -0.016178446969873    -0.022593041496684    -0.043516000869272
     0.022998289719388     0.002885352969054    -0.091338950389827
33 13
     0.004861578028645     0.055068643775576     0.023362933294204
    -0.063731242890215    -0.089952838280514     0.046566214259142
    -0.013997933829779     0.018474426656057    -0.091338950389827
33 14
     0.413118477839577     0.000000000000000     0.000000000000000
    -0.000000000000000    -0.268784793127626     0.224221142911695
     0.000000000000000     0.142183333300930    -0.260502090310582
33 15
     0.004861578028645    -0.055068643775576    -0.023362933294204
     0.063731242890215    -0.089952838280514     0.046566214259142
     0.013997933829779     0.018474426656057    -0.091338950389827
33 16
     0.025043842161106     0.000000000000000     0.000000000000000
     0.000000000000000     0.025043842161106     0.000000000000000
     0.000000000000000     0.000000000000000    -0.025469335204412
33 17
    -0.003715044805610    -0.000000000000000     0.000000000000000
     0.000000000000000    -0.003715044805610     0.000000000000000
     0.000000000000000     0.000000000000000     0.013474243786201
33 18
    -0.002213880485791    -0.000584029185199     0.000620967029288
    -0.002305088463044    -0.001231793719866    -0.002100827278015
    -0.000977708719383     0.001892377719890    -0.004413205581538
33 19
    -0.001456137569860    -0.000000000000000     0.000000000000000
    -0.000000000000000    -0.001298415880066    -0.002310868980247
     0.000000000000000     0.001001891581719     0.000549196004695
33 20
    -0.002213880485791     0.000584029185199    -0.000620967029288
     0.002305088463044    -0.001231793719866    -0.002100827278015
     0.000977708719383     0.001892377719890    -0.004413205581538
33 21
    -0.002728340050298    -0.002008065094989    -0.001508886277080
    -0.000287005817144    -0.000717334155360     0.001588186861284
     0.001149992819289    -0.001792909448432    -0.004413205581538
33 22
    -0.001468890902597    -0.000789241886096     0.000454285938027
    -0.000789241886096    -0.000557552871810     0.000262282108609
    -0.001173026452689    -0.000677247138227    -0.000293279218090
33 23
    -0.001468890902597     0.000789241886096    -0.000454285938027
     0.000789241886096    -0.000557552871810     0.000262282108609
     0.001173026452689    -0.000677247138227    -0.000293279218090
33 24
    -0.002728340050298     0.002008065094989     0.001508886277080
     0.000287005817144    -0.000717334155360     0.001588186861284
    -0.001149992819289    -0.001792909448432    -0.004413205581538
33 25
    -0.001337846302514    -0.000068295495045    -0.002001271241711
    -0.000068295495045    -0.001416707147412     0.001155434490124
     0.000867663561606    -0.000500945790859     0.000549196004695
33 26
    -0.000101883856417    -0.000000000000000     0.000000000000000
    -0.000000000000000    -0.001924559917990    -0.000524564217218
     0.000000000000000     0.001354494276453    -0.000293279218090
33 27
    -0.001337846302514     0.000068295495045     0.002001271241711
     0.000068295495045    -0.001416707147412     0.001155434490124
    -0.000867663561606    -0.000500945790859     0.000549196004695
33 28
    -0.002357029336781     0.000000000000000     0.000000000000000
     0.000000000000000    -0.000979451508682     0.000887888327879
     0.000000000000000    -0.000814801905048    -0.001091122774975
33 29
    -0.000226290772397     0.001157553006977    -0.002129853306369
    -0.000563506270867    -0.003219383433260     0.000512640416731
     0.002127701538672    -0.000099468271458    -0.004413205581538
33 30
    -0.000226290772397    -0.001157553006977     0.002129853306369
     0.000563506270867    -0.003219383433260     0.000512640416731
    -0.002127701538672    -0.000099468271458    -0.004413205581538
33 31
    -0.001323845965707    -0.000596508697412     0.000768933847667
    -0.000596508697412    -0.002012634879756    -0.000443944163939
    -0.000705639148824     0.000407400952524    -0.001091122774975
33 32
    -0.001323845965707     0.000596508697412    -0.000768933847667
     0.000596508697412    -0.002012634879756    -0.000443944163939
     0.000705639148824     0.000407400952524    -0.001091122774975
33 33
    11.529047641407402     0.000000000000000     0.000000000000000
     0.000000000000000    11.529047641407402     0.000000000000000
     0.000000000000000     0.000000000000000    15.203639782978897
33 34
    -0.688706815962089     0.034811579682858    -0.139285144770121
    -0.034811579682858     0.094940237777778    -0.026585622243241
     0.139285144770121    -0.026585622243242     0.366794328802952
33 35
    -0.000608099108743     0.000000000000000     0.000000000000000
     0.000000000000000    -0.001912338805416     0.007931962560881
     0.000000000000000     0.007931962560881     0.068817150323881
33 36
    -0.688706815962089    -0.034811579682858     0.139285144770121
     0.034811579682858     0.094940237777778    -0.026585622243242
    -0.139285144770121    -0.026585622243241     0.366794328802952
33 37
    -0.100971525657189    -0.374140707752635    -0.092666396623124
    -0.304517548386920    -0.492795052527123    -0.107331662619097
     0.046618748146997     0.133917284862339     0.366794328802951
33 38
     0.018571844199359     0.010445075253549     0.007669938450707
     0.010445075253549     0.006510910180673     0.004428241029183
    -0.005828539506668    -0.003365108853157     0.005593323128484
33 39
     0.018571844199359    -0.010445075253549    -0.007669938450707
    -0.010445075253549     0.006510910180673     0.004428241029183
     0.005828539506668    -0.003365108853157     0.005593323128484
33 40
    -0.100971525657189     0.374140707752635     0.092666396623124
     0.304517548386920    -0.492795052527123    -0.107331662619097
    -0.046618748146997     0.133917284862339     0.366794328802952
33 41
    -0.001586278881248     0.000564752354971     0.006869281079590
     0.000564752354971    -0.000934159032912    -0.003965981280441
     0.006869281079590    -0.003965981280441     0.068817150323881
33 42
     0.000480443171331     0.000000000000000     0.000000000000000
     0.000000000000000     0.024602311208701    -0.008856482058367
     0.000000000000000     0.006730217706315     0.005593323128484
33 43
    -0.001586278881248    -0.000564752354971    -0.006869281079590
    -0.000564752354971    -0.000934159032912    -0.003965981280441
    -0.006869281079590    -0.003965981280441     0.068817150323881
33 44
     0.000480443171331     0.000000000000000     0.000000000000000
     0.000000000000000     0.024602311208701     0.006730217706315
     0.000000000000000    -0.008856482058367     0.005593323128484
33 45
    -0.100971525657189    -0.304517548386920     0.046618748146997
    -0.374140707752635    -0.492795052527123     0.133917284862339
    -0.092666396623124    -0.107331662619097     0.366794328802951
33 46
    -0.100971525657189     0.304517548386920    -0.046618748146997
     0.374140707752635    -0.492795052527123     0.133917284862339
     0.092666396623124    -0.107331662619097     0.366794328802952
33 47
     0.018571844199359    -0.010445075253549     0.005828539506668
    -0.010445075253549     0.006510910180673    -0.003365108853157
    -0.007669938450707     0.004428241029183     0.005593323128484
33 48
     0.018571844199359     0.010445075253549    -0.005828539506668
     0.010445075253549     0.006510910180673    -0.003365108853157
     0.007669938450707     0.004428241029183     0.005593323128484
33 49
     0.211936579731570     0.000000000000000     0.000000000000000
     0.000000000000000     0.211936579731569     0.000000000000000
     0.000000000000000     0.000000000000000    -2.075179397662113
33 50
    -0.178921401769639    -0.169272655490684    -0.154924495331251
     0.169797727911492     0.210928179864296     0.138753230760182
    -0.158042306733680    -0.148667670152066    -0.015824655895872
33 51
    -0.011405103877399     0.000000000000000     0.000000000000000
    -0.000000000000000     0.031400724727658    -0.014475698509110
     0.000000000000000     0.011776522127306    -0.007270070734664
33 52
    -0.178921401769639     0.169272655490684     0.154924495331251
    -0.169797727911492     0.210928179864296     0.138753230760182
     0.158042306733680    -0.148667670152066    -0.015824655895872
33 53
     0.113693147483436     0.000856639131428     0.042701575029857
    -0.338213744270748    -0.081686369388779    -0.203545164005438
    -0.207771132439974    -0.062534817428027    -0.015824655895872
33 54
    -0.003593633242187     0.000159284265043    -0.014649354029633
     0.000159284265043    -0.003777558868788    -0.008457808492463
    -0.001488799174149    -0.000859558603964     0.031510680310275
33 55
    -0.003593633242187    -0.000159284265043     0.014649354029633
    -0.000159284265043    -0.003777558868788    -0.008457808492463
     0.001488799174149    -0.000859558603964     0.031510680310275
33 56
     0.113693147483436    -0.000856639131428    -0.042701575029857
     0.338213744270748    -0.081686369388779    -0.203545164005438
     0.207771132439974    -0.062534817428027    -0.015824655895872
33 57
     0.020699267576394    -0.018535467501011    -0.012536322646414
    -0.018535467501011    -0.000703646726135     0.007237849254555
     0.010198767330477    -0.005888261063653    -0.007270070734664
33 58
    -0.003869521682089     0.000000000000000     0.000000000000000
     0.000000000000000    -0.003501670428887     0.016915616984925
     0.000000000000000     0.001719117207928     0.031510680310275
33 59
     0.020699267576394     0.018535467501011     0.012536322646414
     0.018535467501011    -0.000703646726135     0.007237849254555
    -0.010198767330477    -0.005888261063653    -0.007270070734664
33 60
    -0.003431283485217    -0.000000000000000     0.000000000000000
    -0.000000000000000    -0.004345388960092    -0.001698870582920
     0.000000000000000    -0.012810193274917     0.031788984000674
33 61
     0.113238421428189    -0.338476280481152     0.197626070361107
     0.000594102921024    -0.081231643333532     0.064791933245256
    -0.049728825706294     0.211202487580092    -0.015824655895872
33 62
     0.113238421428189     0.338476280481152    -0.197626070361107
    -0.000594102921024    -0.081231643333532     0.064791933245256
     0.049728825706294     0.211202487580092    -0.015824655895872
33 63
    -0.004116862591373     0.000395819281490    -0.001471265082551
     0.000395819281490    -0.003659809853936     0.000849435291460
    -0.011093952803467     0.006405096637458     0.031788984000674
33 64
    -0.004116862591373    -0.000395819281490     0.001471265082551
    -0.000395819281490    -0.003659809853936     0.000849435291460
     0.011093952803467     0.006405096637458     0.031788984000674
33 65
     0.010116275399972     0.000647255054347     0.000200193901353
     0.000647255054347     0.009368889640249     0.000115582002836
    -0.001202588694456    -0.000694314906469     0.004364884890617
33 66
     0.010116275399972    -0.000647255054347    -0.000200193901353
    -0.000647255054347     0.009368889640249     0.000115582002836
     0.001202588694456    -0.000694314906469     0.004364884890617
33 67
     0.012926773136613    -0.000765323259669     0.000753986817373
    -0.001801191585304     0.011397410223392    -0.001069001856894
     0.003007280161611    -0.001477434143008     0.004283008301700
33 68
     0.012926773136613     0.000765323259669    -0.000753986817373
     0.001801191585304     0.011397410223392    -0.001069001856894
    -0.003007280161611    -0.001477434143008     0.004283008301700
33 69
     0.008995196760388     0.000000000000000     0.000000000000000
     0.000000000000000     0.010489968279834    -0.000231164005673
     0.000000000000000     0.001388629812938     0.004364884890617
33 70
     0.012363104349006     0.000545299606268     0.005517592621691
     0.000545299606268     0.011733446600070     0.003185583585412
     0.001560219835987     0.000900793342302     0.007279987203259
33 71
     0.010613566010335     0.000000000000000     0.000000000000000
     0.000000000000000     0.010093785107327    -0.000634520495625
     0.000000000000000    -0.001445955274115     0.003545387562269
33 72
     0.012363104349006    -0.000545299606268    -0.005517592621691
    -0.000545299606268     0.011733446600070     0.003185583585412
    -0.001560219835987     0.000900793342302     0.007279987203259
33 73
     0.010668417424229    -0.000497329306833    -0.000548789356076
     0.000538539018802     0.013655765935776     0.001187472666411
     0.000224144580542     0.003343098087756     0.004283008301700
33 74
     0.010223730333079     0.000225071733203    -0.000549510868433
     0.000225071733203     0.010483620784583     0.000317260247812
    -0.001252234000119     0.000722977637057     0.003545387562269
33 75
     0.010223730333079    -0.000225071733203     0.000549510868433
    -0.000225071733203     0.010483620784583     0.000317260247812
     0.001252234000119     0.000722977637057     0.003545387562269
33 76
     0.010668417424229     0.000497329306833     0.000548789356076
    -0.000538539018802     0.013655765935776     0.001187472666411
    -0.000224144580542     0.003343098087756     0.004283008301700
33 77
     0.012891084479165     0.001821796441289    -0.001302776173450
     0.000785928115654     0.011433098880840    -0.000118470809517
    -0.002783135581069    -0.001865663944748     0.004283008301700
33 78
     0.011418617725602     0.000000000000000     0.000000000000000
     0.000000000000000     0.012677933223474    -0.006371167170824
     0.000000000000000    -0.001801586684604     0.007279987203259
33 79
     0.012891084479165    -0.001821796441289     0.001302776173450
    -0.000785928115654     0.011433098880840    -0.000118470809517
     0.002783135581069    -0.001865663944748     0.004283008301700
33 80
     0.009507751832638     0.000000000000000     0.000000000000000
     0.000000000000000     0.009507751832638     0.000000000000000
     0.000000000000000     0.000000000000000     0.005300629511873
33 81
    -0.000838823724341    -0.000316884442791    -0.000089773739406
    -0.000316884442791    -0.000472917087646    -0.000051830892612
    -0.000095214939771    -0.000054972371108    -0.006127659699567
33 82
    -0.000838823724341     0.000316884442791     0.000089773739406
     0.000316884442791    -0.000472917087646    -0.000051830892612
     0.000095214939771    -0.000054972371108    -0.006127659699567
33 83
    -0.001391746071965     0.000328942064971    -0.000033820620185
     0.000596645292536    -0.001550626053555     0.000382181195829
     0.000109558211509     0.000145068192156    -0.004431709915120
33 84
    -0.001391746071965    -0.000328942064971     0.000033820620185
    -0.000596645292536    -0.001550626053555     0.000382181195829
    -0.000109558211509     0.000145068192156    -0.004431709915120
33 85
    -0.000289963769298     0.000000000000000     0.000000000000000
     0.000000000000000    -0.001021777042688     0.000103661785225
     0.000000000000000     0.000109944742216    -0.006127659699567
33 86
    -0.000329311428206    -0.000286954420863    -0.000337485243293
    -0.000286954420863     0.000002034996054    -0.000194847196063
     0.000435552346899     0.000251466264728    -0.003797827669171
33 87
    -0.001207865481284    -0.000000000000000     0.000000000000000
    -0.000000000000000    -0.000896356933566    -0.000574176179326
     0.000000000000000    -0.000084480762083    -0.003634827734951
33 88
    -0.000329311428206     0.000286954420863     0.000337485243293
     0.000286954420863     0.000002034996054    -0.000194847196063
    -0.000435552346899     0.000251466264728    -0.003797827669171
33 89
    -0.001110114975646     0.000434045503264     0.000314068314344
     0.000166342275699    -0.001832257149874    -0.000220380114166
     0.000180411845443     0.000022346098282    -0.004431709915120
33 90
    -0.000974234070495    -0.000134887157910    -0.000497251157545
    -0.000134887157910    -0.001129988344354     0.000287088089663
    -0.000073162486095     0.000042240381041    -0.003634827734951
33 91
    -0.000974234070495     0.000134887157910     0.000497251157545
     0.000134887157910    -0.001129988344354     0.000287088089663
     0.000073162486095     0.000042240381041    -0.003634827734951
33 92
    -0.001110114975646    -0.000434045503264    -0.000314068314344
    -0.000166342275699    -0.001832257149874    -0.000220380114166
    -0.000180411845443     0.000022346098282    -0.004431709915120
33 93
    -0.001911697140669    -0.000296451403054     0.000347888934529
    -0.000028748175489    -0.001030674984851    -0.000161801081663
     0.000070853633934    -0.000167414290438    -0.004431709915120
33 94
     0.000167708208185     0.000000000000000     0.000000000000000
     0.000000000000000    -0.000494984640337     0.000389694392126
     0.000000000000000    -0.000502932529456    -0.003797827669171
33 95
    -0.001911697140669     0.000296451403054    -0.000347888934529
     0.000028748175489    -0.001030674984851    -0.000161801081663
    -0.000070853633934    -0.000167414290438    -0.004431709915120
33 96
    -0.000183268759826     0.000000000000000     0.000000000000000
    -0.000000000000000    -0.000183268759826     0.000000000000000
     0.000000000000000     0.000000000000000    -0.003969489904868
49 1
    -4.325778580967710    -1.636424143085559    -3.095450452543135
    -1.636424143085559    -2.436198741930010    -1.787159152038930
    -3.123584335796448    -1.803402257108579    -4.690444972637128
49 2
    -4.325778580967710     1.636424143085560     3.095450452543136
     1.636424143085560    -2.436198741930010    -1.787159152038929
     3.123584335796449    -1.803402257108578    -4.690444972637122
49 3
    -0.065295969809011     0.026462363700963     0.050044716235667
    -0.088190972383666    -0.010701403528173    -0.004284460133133
     0.008071130582303     0.021501751530714    -0.097624185575301
49 4
    -0.065295969809011    -0.026462363700963    -0.050044716235667
     0.088190972383666    -0.010701403528173    -0.004284460133133
    -0.008071130582303     0.021501751530714    -0.097624185575302
49 5
    -1.491408822411159     0.000000000000000     0.000000000000000
     0.000000000000000    -5.270568500486561     3.574318304077858
     0.000000000000000     3.606804514217157    -4.690444972637125
49 6
    -0.096404915694300    -0.296789335946313     0.205815519089790
    -0.296789335946313     0.246297890308128     0.118827645349893
     0.138271493772824     0.079831084150991    -0.241800709750253
49 7
    -0.001073338777801     0.000000000000000     0.000000000000000
     0.000000000000000    -0.014057132188456    -0.010954109572798
     0.000000000000000    -0.020465054094726     0.010540689451996
49 8
    -0.096404915694300     0.296789335946313    -0.205815519089790
     0.296789335946313     0.246297890308128     0.118827645349893
    -0.138271493772824     0.079831084150991    -0.241800709750252
49 9
    -0.051079316728128    -0.096398960866890     0.021311906801038
     0.018254375217739    -0.024918056609057     0.045482225651837
     0.022656628342611    -0.003761071643821    -0.097624185575301
49 10
    -0.010811183835792     0.005622147465558    -0.009486537165881
     0.005622147465558    -0.004319287130465     0.005477054786399
    -0.017723256735856     0.010232527047363     0.010540689451996
49 11
    -0.010811183835792    -0.005622147465558     0.009486537165881
    -0.005622147465558    -0.004319287130465     0.005477054786399
     0.017723256735856     0.010232527047363     0.010540689451996
49 12
    -0.051079316728128     0.096398960866890    -0.021311906801038
    -0.018254375217739    -0.024918056609057     0.045482225651837
    -0.022656628342611    -0.003761071643821    -0.097624185575301
49 13
     0.002379226531363     0.049118679559091    -0.028732809434628
    -0.065534656525538    -0.078376599868547    -0.041197765518704
     0.014585497760308    -0.017740679886893    -0.097624185575301
49 14
     0.417649293309342     0.000000000000000     0.000000000000000
    -0.000000000000000    -0.267756318695514    -0.237655290699786
     0.000000000000000    -0.159662168301983    -0.241800709750253
49 15
     0.002379226531362    -0.049118679559091     0.028732809434628
     0.065534656525538    -0.078376599868547    -0.041197765518704
    -0.014585497760308    -0.017740679886893    -0.097624185575301
49 16
     0.017300204086260     0.000000000000000     0.000000000000000
     0.000000000000000     0.017300204086260     0.000000000000000
     0.000000000000000     0.000000000000000    -0.026863395915526
49 17
    -0.037585738949773    -0.000000000000000     0.000000000000000
     0.000000000000000    -0.037585738949773     0.000000000000000
     0.000000000000000     0.000000000000000     0.076376345708664
49 18
    -0.009746410572428     0.006752880481680    -0.010137901530007
     0.008959931185296    -0.008392195495156     0.013819184154656
    -0.008813232204569    -0.016100677042407    -0.034740370097073
49 19
    -0.005351345991013    -0.000000000000000     0.000000000000000
    -0.000000000000000    -0.001830501024120    -0.000402822019345
     0.000000000000000     0.000931474115033    -0.000921723305367
49 20
    -0.009746410572428    -0.006752880481680     0.010137901530007
    -0.008959931185296    -0.008392195495156     0.013819184154656
     0.008813232204569    -0.016100677042407    -0.034740370097073
49 21
    -0.001926902230233     0.004445335938999     0.006898813772505
     0.002238285235383    -0.016211703837351    -0.015689272343379
    -0.018350211439138     0.000417855542595    -0.034740370097073
49 22
    -0.003776862219333    -0.002885202772011    -0.005850219375860
    -0.002885202772011    -0.000445317025158    -0.003377625731471
    -0.007723583925424    -0.004459213258452     0.002486585080829
49 23
    -0.003776862219333     0.002885202772011     0.005850219375860
     0.002885202772011    -0.000445317025158    -0.003377625731471
     0.007723583925424    -0.004459213258452     0.002486585080829
49 24
    -0.001926902230233    -0.004445335938999    -0.006898813772505
    -0.002238285235383    -0.016211703837351    -0.015689272343379
     0.018350211439138     0.000417855542595    -0.034740370097073
49 25
    -0.002710712265843    -0.001524570592058    -0.000348854101957
    -0.001524570592058    -0.004471134749290     0.000201411009673
     0.000806680246586    -0.000465737057516    -0.000921723305367
49 26
     0.001220455571929     0.000000000000000     0.000000000000000
    -0.000000000000000    -0.005442634816420     0.006755251462942
     0.000000000000000     0.008918426516904     0.002486585080829
49 27
    -0.002710712265843     0.001524570592058     0.000348854101957
     0.001524570592058    -0.004471134749290     0.000201411009673
    -0.000806680246586    -0.000465737057516    -0.000921723305367
49 28
     0.001587488956575     0.000000000000000     0.000000000000000
     0.000000000000000     0.003586268657827    -0.001941584209384
     0.000000000000000     0.007018360042545     0.003103650172153
49 29
    -0.015534596298715    -0.005618120598105     0.017036715302511
    -0.003411069894489    -0.002604009768869     0.001870088188723
    -0.009536979234569     0.015682821499811    -0.034740370097073
49 30
    -0.015534596298715     0.005618120598105    -0.017036715302511
     0.003411069894489    -0.002604009768869     0.001870088188723
     0.009536979234569     0.015682821499811    -0.034740370097073
49 31
     0.003086573732514    -0.000865496998926    -0.001681461248913
    -0.000865496998926     0.002087183881888     0.000970792104692
     0.006078078089750    -0.003509180021273     0.003103650172153
49 32
     0.003086573732514     0.000865496998926     0.001681461248913
     0.000865496998926     0.002087183881888     0.000970792104692
    -0.006078078089750    -0.003509180021273     0.003103650172153
49 33
     0.211936579731570     0.000000000000000     0.000000000000000
     0.000000000000000     0.211936579731569     0.000000000000000
     0.000000000000000     0.000000000000000    -2.075179397662113
49 34
    -0.178921401769639    -0.169797727911492     0.158042306733680
     0.169272655490684     0.210928179864296    -0.148667670152066
     0.154924495331251     0.138753230760182    -0.015824655895872
49 35
    -0.011405103877399    -0.000000000000000     0.000000000000000
     0.000000000000000     0.031400724727658     0.011776522127306
     0.000000000000000    -0.014475698509110    -0.007270070734664
49 36
    -0.178921401769639     0.169797727911492    -0.158042306733680
    -0.169272655490684     0.210928179864296    -0.148667670152066
    -0.154924495331251     0.138753230760182    -0.015824655895872
49 37
     0.113238421428189     0.000594102921024    -0.049728825706294
    -0.338476280481152    -0.081231643333532     0.211202487580092
     0.197626070361107     0.064791933245256    -0.015824655895872
49 38
    -0.004116862591373    -0.000395819281490     0.011093952803467
    -0.000395819281490    -0.003659809853936     0.006405096637458
     0.001471265082551     0.000849435291460     0.031788984000674
49 39
    -0.004116862591373     0.000395819281490    -0.011093952803467
     0.000395819281490    -0.003659809853936     0.006405096637458
    -0.001471265082551     0.000849435291460     0.031788984000674
49 40
     0.113238421428189    -0.000594102921024     0.049728825706294
     0.338476280481152    -0.081231643333532     0.211202487580092
    -0.197626070361107     0.064791933245256    -0.015824655895872
49 41
     0.020699267576394    -0.018535467501011     0.010198767330477
    -0.018535467501011    -0.000703646726135    -0.005888261063653
    -0.012536322646414     0.007237849254555    -0.007270070734664
49 42
    -0.003431283485217    -0.000000000000000     0.000000000000000
    -0.000000000000000    -0.004345388960092    -0.012810193274917
     0.000000000000000    -0.001698870582920     0.031788984000674
49 43
     0.020699267576394     0.018535467501011    -0.010198767330477
     0.018535467501011    -0.000703646726135    -0.005888261063653
     0.012536322646414     0.007237849254555    -0.007270070734664
49 44
    -0.003869521682089     0.000000000000000     0.000000000000000
     0.000000000000000    -0.003501670428887     0.001719117207928
     0.000000000000000     0.016915616984925     0.031510680310275
49 45
     0.113693147483436    -0.338213744270748    -0.207771132439974
     0.000856639131428    -0.081686369388779    -0.062534817428027
     0.042701575029857    -0.203545164005438    -0.015824655895872
49 46
     0.113693147483436     0.338213744270748     0.207771132439974
    -0.000856639131428    -0.081686369388779    -0.062534817428027
    -0.042701575029857    -0.203545164005438    -0.015824655895872
49 47
    -0.003593633242187    -0.000159284265043     0.001488799174149
    -0.000159284265043    -0.003777558868788    -0.000859558603964
     0.014649354029633    -0.008457808492463     0.031510680310275
49 48
    -0.003593633242187     0.000159284265043    -0.001488799174149
     0.000159284265043    -0.003777558868788    -0.000859558603964
    -0.014649354029633    -0.008457808492463     0.031510680310275
49 49
    11.646565498047606     0.000000000000000     0.000000000000000
     0.000000000000000    11.646565498047606     0.000000000000000
     0.000000000000000     0.000000000000000    15.548317274031117
49 50
    -0.719821302314770     0.030269091563840     0.118215531905909
    -0.030269091563840     0.099911391504784     0.033178597728963
    -0.118215531905909     0.033178597728963     0.343317868244394
49 51
     0.001122459101233    -0.000000000000000     0.000000000000000
    -0.000000000000000     0.000156519527050    -0.002128596504512
     0.000000000000000    -0.002128596504512     0.073206837876676
49 52
    -0.719821302314770    -0.030269091563840    -0.118215531905909
     0.030269091563840     0.099911391504784     0.033178597728963
     0.118215531905909     0.033178597728963     0.343317868244394
49 53
    -0.105021781950104    -0.385223760144033     0.087841274448181
    -0.324685577016352    -0.514888128859882     0.085788354887926
    -0.030374257457728    -0.118966952616888     0.343317868244394
49 54
     0.016426774020524     0.011067163571253    -0.004485614424686
     0.011067163571253     0.003647514286466    -0.002589770695573
     0.007212444799851     0.004164106946709     0.010629809072855
49 55
     0.016426774020524    -0.011067163571253     0.004485614424686
    -0.011067163571253     0.003647514286466    -0.002589770695573
    -0.007212444799851     0.004164106946709     0.010629809072855
49 56
    -0.105021781950104     0.385223760144033    -0.087841274448181
     0.324685577016352    -0.514888128859882     0.085788354887925
     0.030374257457728    -0.118966952616888     0.343317868244394
49 57
     0.000398004420596     0.000418264104882    -0.001843418647314
     0.000418264104882     0.000880974207687     0.001064298252256
    -0.001843418647314     0.001064298252256     0.073206837876676
49 58
    -0.002742115580562     0.000000000000000     0.000000000000000
     0.000000000000000     0.022816403887553     0.005179541391147
     0.000000000000000    -0.008328213893418     0.010629809072855
49 59
     0.000398004420596    -0.000418264104882     0.001843418647314
    -0.000418264104882     0.000880974207687     0.001064298252256
     0.001843418647314     0.001064298252256     0.073206837876676
49 60
    -0.002742115580562     0.000000000000000     0.000000000000000
     0.000000000000000     0.022816403887553    -0.008328213893418
     0.000000000000000     0.005179541391147     0.010629809072855
49 61
    -0.105021781950104    -0.324685577016352    -0.030374257457728
    -0.385223760144033    -0.514888128859882    -0.118966952616888
     0.087841274448181     0.085788354887926     0.343317868244394
49 62
    -0.105021781950104     0.324685577016352     0.030374257457728
     0.385223760144033    -0.514888128859882    -0.118966952616888
    -0.087841274448181     0.085788354887925     0.343317868244394
49 63
     0.016426774020524    -0.011067163571253    -0.007212444799851
    -0.011067163571253     0.003647514286466     0.004164106946709
     0.004485614424686    -0.002589770695573     0.010629809072855
49 64
     0.016426774020524     0.011067163571253     0.007212444799851
     0.011067163571253     0.003647514286466     0.004164106946709
    -0.004485614424686    -0.002589770695573     0.010629809072855
49 65
    -0.038660832038905    -0.043717217941799     0.133857377722285
    -0.043717217941799     0.011819463054934     0.077282593060979
     0.142291478739629     0.082152023553715    -0.142348644092869
49 66
    -0.038660832038905     0.043717217941799    -0.133857377722285
     0.043717217941799     0.011819463054934     0.077282593060979
    -0.142291478739629     0.082152023553715    -0.142348644092869
49 67
     0.006509035514207     0.001382263475655     0.003721323266734
     0.001697228099366     0.009050757191067    -0.002878795695278
     0.006378464832783    -0.005905510913534     0.006266820970638
49 68
     0.006509035514207    -0.001382263475655    -0.003721323266734
    -0.001697228099366     0.009050757191067    -0.002878795695278
    -0.006378464832783    -0.005905510913533     0.006266820970638
49 69
     0.037059610601853     0.000000000000000     0.000000000000000
     0.000000000000000    -0.063900979585825    -0.154565186121958
     0.000000000000000    -0.164304047107430    -0.142348644092869
49 70
     0.007905015565967    -0.012374193877862    -0.010980578004033
    -0.012374193877862     0.022193503898744    -0.006339639666486
    -0.013545180851527    -0.007820313810851     0.020757684801350
49 71
     0.008456306527823     0.000000000000000     0.000000000000000
     0.000000000000000     0.009832451955596    -0.002600135254223
     0.000000000000000    -0.001263135535063     0.003527964777483
49 72
     0.007905015565967     0.012374193877862     0.010980578004033
     0.012374193877862     0.022193503898744    -0.006339639666486
     0.013545180851527    -0.007820313810851     0.020757684801350
49 73
     0.009748785739206    -0.000173242565145    -0.000632448571049
    -0.000488207188855     0.005811006966068     0.004662158332325
    -0.001925090057055     0.008476668039102     0.006266820970638
49 74
     0.009488415598652    -0.000595888449877    -0.002251783183432
    -0.000595888449877     0.008800342884766     0.001300067627111
    -0.001093907461788     0.000631567767532     0.003527964777483
49 75
     0.009488415598652     0.000595888449877     0.002251783183432
     0.000595888449877     0.008800342884766     0.001300067627111
     0.001093907461788     0.000631567767532     0.003527964777483
49 76
     0.009748785739206     0.000173242565145     0.000632448571049
     0.000488207188855     0.005811006966068     0.004662158332325
     0.001925090057055     0.008476668039102     0.006266820970638
49 77
     0.007081867804498    -0.002027952976366    -0.004353771837783
    -0.001712988352655     0.008477924900776    -0.001783362637047
    -0.008303554889838    -0.002571157125569     0.006266820970638
49 78
     0.029337748065132     0.000000000000000     0.000000000000000
     0.000000000000000     0.000760771399578     0.012679279332972
     0.000000000000000     0.015640627621702     0.020757684801350
49 79
     0.007081867804498     0.002027952976366     0.004353771837783
     0.001712988352655     0.008477924900776    -0.001783362637047
     0.008303554889838    -0.002571157125569     0.006266820970638
49 80
     0.010500413854112     0.000000000000000     0.000000000000000
     0.000000000000000     0.010500413854112     0.000000000000000
     0.000000000000000     0.000000000000000     0.000103388311606
49 81
    -0.000184080662304     0.000505354136435    -0.002212807522804
     0.000505354136435    -0.000767613355717    -0.001277565018955
    -0.003625797949390    -0.002093355422107    -0.007501394726630
49 82
    -0.000184080662304    -0.000505354136435     0.002212807522804
    -0.000505354136435    -0.000767613355717    -0.001277565018955
     0.003625797949390    -0.002093355422107    -0.007501394726630
49 83
     0.001083103913364    -0.000897806040233     0.001938931236530
     0.000011984687143    -0.000873421588822    -0.001072803312920
    -0.000361549873941    -0.000697033059032    -0.004490298454109
49 84
     0.001083103913364     0.000897806040233    -0.001938931236530
    -0.000011984687143    -0.000873421588822    -0.001072803312920
     0.000361549873941    -0.000697033059032    -0.004490298454108
49 85
    -0.001059379702424     0.000000000000000     0.000000000000000
     0.000000000000000     0.000107685684403     0.002555130037911
     0.000000000000000     0.004186710844215    -0.007501394726630
49 86
     0.000653814815992    -0.000185666875141     0.000735316027052
    -0.000185666875141     0.000868204456676     0.000424534906158
     0.006838630125875     0.003948284944062    -0.001843863269251
49 87
    -0.000306315768958    -0.000000000000000     0.000000000000000
    -0.000000000000000    -0.000853383195054    -0.000486405180254
     0.000000000000000     0.000135283217822    -0.005864846129437
49 88
     0.000653814815992     0.000185666875141    -0.000735316027052
     0.000185666875141     0.000868204456676     0.000424534906158
    -0.006838630125875     0.003948284944062    -0.001843863269251
49 89
    -0.000767862110771     0.001080640419438     0.000040390696012
     0.000170849692062     0.000977544435313     0.002215565363486
    -0.000784423273370     0.000035405153948    -0.004490298454108
49 90
    -0.000716616338530     0.000236887144291    -0.000421239242632
     0.000236887144291    -0.000443082625482     0.000243202590127
     0.000117158703339    -0.000067641608911    -0.005864846129437
49 91
    -0.000716616338530    -0.000236887144291     0.000421239242632
    -0.000236887144291    -0.000443082625482     0.000243202590127
    -0.000117158703339    -0.000067641608911    -0.005864846129437
49 92
    -0.000767862110771    -0.001080640419438    -0.000040390696012
    -0.000170849692062     0.000977544435313     0.002215565363486
     0.000784423273370     0.000035405153948    -0.004490298454108
49 93
    -0.000000718315780     0.000613760368607    -0.001898540540518
     0.001523551095983     0.000210400640322    -0.001142762050566
    -0.000422873399429     0.000661627905084    -0.004490298454108
49 94
     0.000975399277018     0.000000000000000     0.000000000000000
     0.000000000000000     0.000546619995650    -0.000849069812316
     0.000000000000000    -0.007896569888125    -0.001843863269251
49 95
    -0.000000718315780    -0.000613760368607     0.001898540540518
    -0.001523551095983     0.000210400640322    -0.001142762050566
     0.000422873399429     0.000661627905084    -0.004490298454108
49 96
    -0.000588183842408     0.000000000000000     0.000000000000000
    -0.000000000000000    -0.000588183842408     0.000000000000000
     0.000000000000000     0.000000000000000    -0.004744699544441
65 1
    -0.015885094701042    -0.000000000000000     0.000000000000000
     0.000000000000000    -0.015885094701042     0.000000000000000
     0.000000000000000     0.000000000000000     0.030395780661646
65 2
    -0.001050511030188    -0.004573468501077     0.008821196109209
    -0.008715402394603    -0.002342218762306     0.013241889103588
     0.014146431550701    -0.009119789215126    -0.025464477774253
65 3
    -0.002377299000971    -0.000000000000000     0.000000000000000
     0.000000000000000     0.004798042670684     0.001876609942385
     0.000000000000000     0.000285034132240     0.006166532531095
65 4
    -0.001050511030188     0.004573468501077    -0.008821196109209
     0.008715402394603    -0.002342218762306     0.013241889103588
    -0.014146431550701    -0.009119789215126    -0.025464477774253
65 5
    -0.007773541720912    -0.004833858815544     0.015878410412408
    -0.000691924922018     0.004380811928418     0.001018435370545
    -0.000824753362108     0.016811063703368    -0.025464477774253
65 6
     0.008466108220296    -0.000506678488673     0.004298967810359
    -0.000506678488673     0.009051170143952     0.002482010222548
    -0.003369484892779    -0.001945373009876     0.006948252710354
65 7
     0.008466108220296     0.000506678488673    -0.004298967810359
     0.000506678488673     0.009051170143952     0.002482010222548
     0.003369484892779    -0.001945373009876     0.006948252710354
65 8
    -0.007773541720912     0.004833858815544    -0.015878410412408
     0.000691924922018     0.004380811928418     0.001018435370545
     0.000824753362108     0.016811063703368    -0.025464477774253
65 9
     0.003004207252770    -0.003107014084243     0.001625191883100
    -0.003107014084243    -0.000583463583058    -0.000938304971192
     0.000246846799466    -0.000142517066120     0.006166532531095
65 10
     0.009343701105780     0.000000000000000     0.000000000000000
     0.000000000000000     0.008173577258469    -0.004964020445096
     0.000000000000000     0.003890746019752     0.006948252710354
65 11
     0.003004207252770     0.003107014084243    -0.001625191883100
     0.003107014084243    -0.000583463583058    -0.000938304971192
    -0.000246846799466    -0.000142517066120     0.006166532531095
65 12
     0.006227600081214     0.000000000000000     0.000000000000000
     0.000000000000000    -0.000903672636408     0.006396789260802
     0.000000000000000     0.005887814242744     0.006947360711345
65 13
     0.003734958062359     0.005952510525822     0.007057214303199
     0.001810576632296    -0.007127687854853    -0.014260324474134
    -0.014971184912809    -0.007691274488242    -0.025464477774253
65 14
     0.003734958062359    -0.005952510525822    -0.007057214303199
    -0.001810576632296    -0.007127687854853    -0.014260324474134
     0.014971184912809    -0.007691274488242    -0.025464477774253
65 15
     0.000879145542997     0.003087931667388     0.005539782002510
     0.003087931667388     0.004444781901808    -0.003198394630401
     0.005098996706980    -0.002943907121372     0.006947360711345
65 16
     0.000879145542997    -0.003087931667388    -0.005539782002510
    -0.003087931667388     0.004444781901808    -0.003198394630401
    -0.005098996706980    -0.002943907121372     0.006947360711345
65 17
    -4.088410354610672    -1.785661962880835    -3.181323792989280
    -1.785661962880834    -2.026505524708822    -1.836738148261724
    -3.462867936393196    -1.999287735244737    -4.548258049740095
65 18
    -0.068962338417831    -0.047571698959197    -0.050700387888935
     0.115715878228327    -0.029047719347624     0.016807305019761
     0.064683900662486     0.006007387867304    -0.039669453476204
65 19
    -0.068962338417831     0.047571698959197     0.050700387888935
    -0.115715878228327    -0.029047719347624     0.016807305019761
    -0.064683900662486     0.006007387867304    -0.039669453476204
65 20
    -4.088410354610672     1.785661962880835     3.181323792989281
     1.785661962880835    -2.026505524708822    -1.836738148261722
     3.462867936393197    -1.999287735244736    -4.548258049740090
65 21
    -0.009519078931622     0.081396296362455    -0.010794640828201
    -0.081891280825069    -0.088490978833833    -0.052311476403423
     0.037544500834715     0.053014207255930    -0.039669453476204
65 22
     0.024875732491017     0.000000000000000     0.000000000000000
     0.000000000000000     0.024875732491017     0.000000000000000
     0.000000000000000     0.000000000000000    -0.017410005763231
65 23
    -0.009519078931622    -0.081396296362455     0.010794640828201
     0.081891280825069    -0.088490978833833    -0.052311476403423
    -0.037544500834715     0.053014207255930    -0.039669453476204
65 24
     0.389289021277180     0.000000000000000     0.000000000000000
     0.000000000000000    -0.293281714434416    -0.156265873111767
     0.000000000000000    -0.205116630043458    -0.232140429348100
65 25
    -0.068533669298729    -0.115963370459634     0.039905747060734
     0.047324206727890    -0.029476388466726     0.035504171383662
    -0.027139399827771    -0.059021595123234    -0.039669453476204
65 26
    -0.068533669298729     0.115963370459634    -0.039905747060734
    -0.047324206727890    -0.029476388466726     0.035504171383662
     0.027139399827771    -0.059021595123234    -0.039669453476204
65 27
     0.010770555666942    -0.003254501351799     0.004211227982036
    -0.003254501351799     0.014528530130021     0.002431353609047
    -0.000557075994552    -0.000321627975413     0.011700282741859
65 28
     0.010770555666942     0.003254501351799    -0.004211227982036
     0.003254501351799     0.014528530130021     0.002431353609047
     0.000557075994552    -0.000321627975413     0.011700282741859
65 29
    -0.995553109757896     0.000000000000000     0.000000000000000
     0.000000000000000    -5.119362769561599     3.673476296523446
     0.000000000000000     3.998575470489473    -4.548258049740093
65 30
    -0.122639030506517     0.295561798503038    -0.135330215859346
     0.295561798503038     0.218646337349281     0.078132936555884
    -0.177636212356289     0.102558315021729    -0.232140429348100
65 31
     0.016407517361560     0.000000000000000     0.000000000000000
     0.000000000000000     0.008891568435402    -0.004862707218095
     0.000000000000000     0.000643255950827     0.011700282741859
65 32
    -0.122639030506517    -0.295561798503038     0.135330215859346
    -0.295561798503038     0.218646337349281     0.078132936555884
     0.177636212356289     0.102558315021729    -0.232140429348100
65 33
     0.010116275399972     0.000647255054347    -0.001202588694456
     0.000647255054347     0.009368889640249    -0.000694314906469
     0.000200193901353     0.000115582002836     0.004364884890617
65 34
     0.012926773136613     0.001801191585304    -0.003007280161611
     0.000765323259669     0.011397410223392    -0.001477434143008
    -0.000753986817373    -0.001069001856894     0.004283008301700
65 35
     0.012926773136613    -0.001801191585304     0.003007280161611
    -0.000765323259669     0.011397410223392    -0.001477434143008
     0.000753986817373    -0.001069001856894     0.004283008301700
65 36
     0.010116275399972    -0.000647255054347     0.001202588694456
    -0.000647255054347     0.009368889640249    -0.000694314906469
    -0.000200193901353     0.000115582002836     0.004364884890617
65 37
     0.012891084479165     0.000785928115654    -0.002783135581069
     0.001821796441289     0.011433098880840    -0.001865663944748
    -0.001302776173450    -0.000118470809517     0.004283008301700
65 38
     0.009507751832638     0.000000000000000     0.000000000000000
     0.000000000000000     0.009507751832638     0.000000000000000
     0.000000000000000     0.000000000000000     0.005300629511873
65 39
     0.012891084479165    -0.000785928115654     0.002783135581069
    -0.001821796441289     0.011433098880840    -0.001865663944748
     0.001302776173450    -0.000118470809517     0.004283008301700
65 40
     0.011418617725602     0.000000000000000     0.000000000000000
     0.000000000000000     0.012677933223474    -0.001801586684604
     0.000000000000000    -0.006371167170824     0.007279987203259
65 41
     0.010668417424229     0.000538539018802     0.000224144580542
    -0.000497329306833     0.013655765935776     0.003343098087756
    -0.000548789356076     0.001187472666411     0.004283008301700
65 42
     0.010668417424229    -0.000538539018802    -0.000224144580542
     0.000497329306833     0.013655765935776     0.003343098087756
     0.000548789356076     0.001187472666411     0.004283008301700
65 43
     0.010223730333079    -0.000225071733203     0.001252234000119
    -0.000225071733203     0.010483620784583     0.000722977637057
     0.000549510868433     0.000317260247812     0.003545387562269
65 44
     0.010223730333079     0.000225071733203    -0.001252234000119
     0.000225071733203     0.010483620784583     0.000722977637057
    -0.000549510868433     0.000317260247812     0.003545387562269
65 45
     0.008995196760388     0.000000000000000     0.000000000000000
     0.000000000000000     0.010489968279834     0.001388629812938
     0.000000000000000    -0.000231164005673     0.004364884890617
65 46
     0.012363104349006    -0.000545299606268    -0.001560219835987
    -0.000545299606268     0.011733446600070     0.000900793342302
    -0.005517592621691     0.003185583585412     0.007279987203259
65 47
     0.010613566010335     0.000000000000000     0.000000000000000
     0.000000000000000     0.010093785107327    -0.001445955274115
     0.000000000000000    -0.000634520495625     0.003545387562269
65 48
     0.012363104349006     0.000545299606268     0.001560219835987
     0.000545299606268     0.011733446600070     0.000900793342302
     0.005517592621691     0.003185583585412     0.007279987203259
65 49
    -0.038660832038905    -0.043717217941799     0.142291478739629
    -0.043717217941799     0.011819463054934     0.082152023553715
     0.133857377722285     0.077282593060979    -0.142348644092869
65 50
     0.006509035514207    -0.001697228099366    -0.006378464832783
    -0.001382263475655     0.009050757191067    -0.005905510913533
    -0.003721323266734    -0.002878795695278     0.006266820970638
65 51
     0.006509035514207     0.001697228099366     0.006378464832783
     0.001382263475655     0.009050757191067    -0.005905510913534
     0.003721323266734    -0.002878795695278     0.006266820970638
65 52
    -0.038660832038905     0.043717217941799    -0.142291478739629
     0.043717217941799     0.011819463054934     0.082152023553715
    -0.133857377722285     0.077282593060979    -0.142348644092869
65 53
     0.007081867804498    -0.001712988352655    -0.008303554889838
    -0.002027952976366     0.008477924900776    -0.002571157125569
    -0.004353771837783    -0.001783362637047     0.006266820970638
65 54
     0.010500413854112     0.000000000000000     0.000000000000000
     0.000000000000000     0.010500413854112     0.000000000000000
     0.000000000000000     0.000000000000000     0.000103388311606
65 55
     0.007081867804498     0.001712988352655     0.008303554889838
     0.002027952976366     0.008477924900776    -0.002571157125569
     0.004353771837783    -0.001783362637047     0.006266820970638
65 56
     0.029337748065132     0.000000000000000     0.000000000000000
     0.000000000000000     0.000760771399578     0.015640627621702
     0.000000000000000     0.012679279332972     0.020757684801350
65 57
     0.009748785739206    -0.000488207188855    -0.001925090057055
    -0.000173242565145     0.005811006966068     0.008476668039102
    -0.000632448571049     0.004662158332325     0.006266820970638
65 58
     0.009748785739206     0.000488207188855     0.001925090057055
     0.000173242565145     0.005811006966068     0.008476668039102
     0.000632448571049     0.004662158332325     0.006266820970638
65 59
     0.009488415598652     0.000595888449877     0.001093907461788
     0.000595888449877     0.008800342884766     0.000631567767532
     0.002251783183432     0.001300067627111     0.003527964777483
65 60
     0.009488415598652    -0.000595888449877    -0.001093907461788
    -0.000595888449877     0.008800342884766     0.000631567767532
    -0.002251783183432     0.001300067627111     0.003527964777483
65 61
     0.037059610601853     0.000000000000000     0.000000000000000
     0.000000000000000    -0.063900979585825    -0.164304047107430
     0.000000000000000    -0.154565186121958    -0.142348644092869
65 62
     0.007905015565967     0.012374193877862     0.013545180851527
     0.012374193877862     0.022193503898744    -0.007820313810851
     0.010980578004033    -0.006339639666486     0.020757684801350
65 63
     0.008456306527823     0.000000000000000     0.000000000000000
     0.000000000000000     0.009832451955596    -0.001263135535063
     0.000000000000000    -0.002600135254223     0.003527964777483
65 64
     0.007905015565967    -0.012374193877862    -0.013545180851527
    -0.012374193877862     0.022193503898744    -0.007820313810851
    -0.010980578004033    -0.006339639666486     0.020757684801350
65 65
    11.170115809543093     0.000000000000000     0.000000000000000
     0.000000000000000    11.170115809543093     0.000000000000000
     0.000000000000000     0.000000000000000    14.344868588694185
65 66
    -1.054913356612443    -0.023238148773415    -0.119254818300413
     0.023238148773415     0.098421627716709     0.015160389451230
     0.119254818300413     0.015160389451230     0.275625930925660
65 67
     0.009512234638576    -0.000000000000000     0.000000000000000
    -0.000000000000000     0.019115490254327     0.000139602982093
     0.000000000000000     0.000139602982093     0.051044440770727
65 68
    -1.054913356612443     0.023238148773415     0.119254818300413
    -0.023238148773415     0.098421627716709     0.015160389451230
    -0.119254818300413     0.015160389451230     0.275625930925660
65 69
    -0.189912118365579    -0.476170548977771    -0.046498126754175
    -0.522646846524602    -0.766579610530155    -0.110857896897470
     0.072756691546237     0.095697507446240     0.275625930925659
65 70
     0.026715822788603     0.012196402954941    -0.000362753778869
     0.012196402954941     0.012632629730243    -0.000209435991880
    -0.008151288070261    -0.004706148361608     0.005989622429840
65 71
     0.026715822788603    -0.012196402954941     0.000362753778869
    -0.012196402954941     0.012632629730243    -0.000209435991880
     0.008151288070261    -0.004706148361608     0.005989622429840
65 72
    -0.189912118365579     0.476170548977771     0.046498126754175
     0.522646846524602    -0.766579610530155    -0.110857896897470
    -0.072756691546237     0.095697507446240     0.275625930925660
65 73
     0.016714676350389    -0.004158331661138     0.000120899728937
    -0.004158331661138     0.011913048542514    -0.000069801491047
     0.000120899728937    -0.000069801491047     0.051044440770727
65 74
     0.005591033201063     0.000000000000000     0.000000000000000
     0.000000000000000     0.033757419317784     0.000418871983759
     0.000000000000000     0.009412296723215     0.005989622429840
65 75
     0.016714676350389     0.004158331661138    -0.000120899728937
     0.004158331661138     0.011913048542514    -0.000069801491047
    -0.000120899728937    -0.000069801491047     0.051044440770727
65 76
     0.005591033201063     0.000000000000000     0.000000000000000
     0.000000000000000     0.033757419317784     0.009412296723215
     0.000000000000000     0.000418871983759     0.005989622429840
65 77
    -0.189912118365579    -0.522646846524602     0.072756691546237
    -0.476170548977771    -0.766579610530155     0.095697507446240
    -0.046498126754175    -0.110857896897470     0.275625930925659
65 78
    -0.189912118365579     0.522646846524602    -0.072756691546237
     0.476170548977771    -0.766579610530155     0.095697507446240
     0.046498126754175    -0.110857896897470     0.275625930925660
65 79
     0.026715822788603    -0.012196402954941     0.008151288070261
    -0.012196402954941     0.012632629730243    -0.004706148361608
     0.000362753778869    -0.000209435991880     0.005989622429840
65 80
     0.026715822788603     0.012196402954941    -0.008151288070261
     0.012196402954941     0.012632629730243    -0.004706148361608
    -0.000362753778869    -0.000209435991880     0.005989622429840
65 81
     0.256047890522123     0.000000000000000     0.000000000000000
     0.000000000000000     0.256047890522123     0.000000000000000
     0.000000000000000     0.000000000000000    -1.220750435560868
65 82
    -0.084316429198054     0.096018896840153    -0.160629803679178
    -0.095524532802479     0.164072907824590    -0.144388852475876
    -0.160301320327439     0.136693347064434    -0.060360648310183
65 83
     0.004523318516015     0.000000000000000     0.000000000000000
     0.000000000000000     0.031759843146351    -0.006786641387546
     0.000000000000000     0.004739355750865     0.003823145243968
65 84
    -0.084316429198054    -0.096018896840153     0.160629803679178
     0.095524532802479     0.164072907824590    -0.144388852475875
     0.160301320327439     0.136693347064434    -0.060360648310183
65 85
     0.102189639476600    -0.203203861757290    -0.205359316106981
    -0.011660432114657    -0.022433160850065    -0.066915064353138
     0.038229250922403    -0.207171689195966    -0.060360648310183
65 86
    -0.011348634095352    -0.010673512912810     0.013024060722124
    -0.010673512912810     0.000976077011468     0.007519444963860
    -0.012724933688560    -0.007346743890510     0.041724932360041
65 87
    -0.011348634095352     0.010673512912810    -0.013024060722124
     0.010673512912810     0.000976077011468     0.007519444963860
     0.012724933688560    -0.007346743890510     0.041724932360041
65 88
     0.102189639476600     0.203203861757290     0.205359316106981
     0.011660432114657    -0.022433160850065    -0.066915064353138
    -0.038229250922403    -0.207171689195966    -0.060360648310183
65 89
     0.024950711988767    -0.011793761120336    -0.005877403847989
    -0.011793761120336     0.011332449673599     0.003393320693773
     0.004104402477821    -0.002369677875432     0.003823145243968
65 90
     0.007138432564878     0.000000000000000     0.000000000000000
     0.000000000000000    -0.017510989648762    -0.015038889927721
     0.000000000000000     0.014693487781020     0.041724932360041
65 91
     0.024950711988767     0.011793761120336     0.005877403847989
     0.011793761120336     0.011332449673599     0.003393320693773
    -0.004104402477821    -0.002369677875432     0.003823145243968
65 92
     0.007409214283896    -0.000000000000000     0.000000000000000
     0.000000000000000    -0.018398766500662    -0.011500224742196
     0.000000000000000     0.017101236948929     0.040738678790536
65 93
     0.101761507661257    -0.011907614133494    -0.044729512427803
    -0.203451043776127    -0.022005029034722     0.211303916829013
     0.198530571249842     0.070478342131532    -0.060360648310183
65 94
     0.101761507661257     0.011907614133494     0.044729512427803
     0.203451043776127    -0.022005029034722     0.211303916829013
    -0.198530571249842     0.070478342131532    -0.060360648310183
65 95
    -0.011946771304523     0.011175183489904    -0.009959486775972
     0.011175183489904     0.000957219087756     0.005750112371098
     0.014810105633910    -0.008550618474465     0.040738678790536
65 96
    -0.011946771304523    -0.011175183489904     0.009959486775972
    -0.011175183489904     0.000957219087756     0.005750112371098
    -0.014810105633910    -0.008550618474465     0.040738678790536
81 1
    -0.007712628363982    -0.000000000000000     0.000000000000000
     0.000000000000000    -0.007712628363982     0.000000000000000
     0.000000000000000     0.000000000000000     0.005001013022813
81 2
    -0.007955355007529    -0.000097580150327    -0.000604397296589
     0.001804205745779    -0.006539162715199    -0.002601742299577
    -0.000808605337908     0.001371782017275    -0.000847262511255
81 3
    -0.006959034448202    -0.000000000000000     0.000000000000000
    -0.000000000000000    -0.007099510326444    -0.002157230605961
     0.000000000000000    -0.000106137183499     0.001237788142559
81 4
    -0.007955355007529     0.000097580150327     0.000604397296589
    -0.001804205745779    -0.006539162715199    -0.002601742299577
     0.000808605337908     0.001371782017275    -0.000847262511255
81 5
    -0.006154220228076     0.000764320096015    -0.002555373573828
    -0.001137465800091    -0.008340297494652     0.000777447736964
     0.000783695406460    -0.001386163772902    -0.000847262511255
81 6
    -0.005808568999674     0.000693019950558    -0.000307342106391
     0.000693019950558    -0.006608799509691    -0.000177444047858
     0.000052115282599     0.000030088772437     0.000246176632342
81 7
    -0.005808568999674    -0.000693019950558     0.000307342106391
    -0.000693019950558    -0.006608799509691    -0.000177444047858
    -0.000052115282599     0.000030088772437     0.000246176632342
81 8
    -0.006154220228076    -0.000764320096015     0.002555373573828
     0.001137465800091    -0.008340297494652     0.000777447736964
    -0.000783695406460    -0.001386163772902    -0.000847262511255
81 9
    -0.007064391356884     0.000060827839588    -0.001868216506584
     0.000060827839588    -0.006994153417763     0.001078615302981
    -0.000091917497196     0.000053068591750     0.001237788142559
81 10
    -0.007008914764700    -0.000000000000000     0.000000000000000
    -0.000000000000000    -0.005408453744665     0.000354888095717
     0.000000000000000    -0.000060177544875     0.000246176632342
81 11
    -0.007064391356884    -0.000060827839588     0.001868216506584
    -0.000060827839588    -0.006994153417763     0.001078615302981
     0.000091917497196     0.000053068591750     0.001237788142559
81 12
    -0.005014917547352     0.000000000000000     0.000000000000000
     0.000000000000000    -0.007085640586894    -0.000503751674712
     0.000000000000000     0.001052712251386    -0.000218753072665
81 13
    -0.007632201348487    -0.001990778597817    -0.001950976277240
    -0.000088992701711    -0.006862316374242     0.001824294562613
     0.001592300744369     0.000014381755627    -0.000847262511255
81 14
    -0.007632201348487     0.001990778597817     0.001950976277240
     0.000088992701711    -0.006862316374242     0.001824294562613
    -0.001592300744369     0.000014381755627    -0.000847262511255
81 15
    -0.006567959827009     0.000896649378223    -0.000436261747500
     0.000896649378223    -0.005532598307238     0.000251875837356
     0.000911675552575    -0.000526356125693    -0.000218753072665
81 16
    -0.006567959827009    -0.000896649378223     0.000436261747500
    -0.000896649378223    -0.005532598307238     0.000251875837356
    -0.000911675552575    -0.000526356125693    -0.000218753072665
81 17
    -4.132919639406122    -1.788749248456007     3.228138967599913
    -1.788749248456007    -2.067449919188491     1.863766901925332
     3.452699026210976     1.993416712213667    -4.639239099981770
81 18
    -0.084711448821610    -0.043484465018767     0.060647884890518
     0.123161332933171    -0.046318859560736    -0.022449573505263
    -0.065777267435390    -0.004999031831032    -0.049803668189454
81 19
    -0.084711448821610     0.043484465018767    -0.060647884890518
    -0.123161332933171    -0.046318859560736    -0.022449573505263
     0.065777267435390    -0.004999031831032    -0.049803668189454
81 20
    -4.132919639406123     1.788749248456007    -3.228138967599913
     1.788749248456007    -2.067449919188491     1.863766901925330
    -3.452699026210977     1.993416712213666    -4.639239099981764
81 21
    -0.021415911022029     0.086617637146081     0.010882041485575
    -0.080028160805857    -0.109614397360317     0.063747395753614
    -0.037217922277696    -0.054465268675055    -0.049803668189454
81 22
     0.020368228403975     0.000000000000000     0.000000000000000
     0.000000000000000     0.020368228403975     0.000000000000000
     0.000000000000000     0.000000000000000    -0.034331329921697
81 23
    -0.021415911022029    -0.086617637146081    -0.010882041485575
     0.080028160805857    -0.109614397360317     0.063747395753614
     0.037217922277696    -0.054465268675055    -0.049803668189454
81 24
     0.381791877758448     0.000000000000000     0.000000000000000
     0.000000000000000    -0.303769887829142     0.140842200343442
     0.000000000000000     0.177947631053841    -0.272793414857347
81 25
    -0.090418102729880    -0.119866594763059    -0.049765843404943
     0.046779203188879    -0.040612205652466    -0.041297822248351
     0.028559345157694     0.059464300506087    -0.049803668189454
81 26
    -0.090418102729880     0.119866594763059     0.049765843404943
    -0.046779203188879    -0.040612205652466    -0.041297822248351
    -0.028559345157694     0.059464300506087    -0.049803668189454
81 27
     0.001782771210664    -0.001492245738998    -0.001938466095382
    -0.001492245738998     0.003505868168879    -0.001119173921984
    -0.000744852401515    -0.000430040734521    -0.006439607207683
81 28
     0.001782771210664     0.001492245738998     0.001938466095382
     0.001492245738998     0.003505868168879    -0.001119173921984
     0.000744852401515    -0.000430040734521    -0.006439607207683
81 29
    -1.034715059079673     0.000000000000000     0.000000000000000
     0.000000000000000    -5.165654499514941    -3.727533803850662
     0.000000000000000    -3.986833424427334    -4.639239099981767
81 30
    -0.132379446432244     0.296856952431083     0.121972923422318
     0.296856952431083     0.210401436361551    -0.070421100171721
     0.154107169035887    -0.088973815526921    -0.272793414857347
81 31
     0.004367416647986     0.000000000000000     0.000000000000000
     0.000000000000000     0.000921222731557     0.002238347843967
     0.000000000000000     0.000860081469042    -0.006439607207683
81 32
    -0.132379446432244    -0.296856952431083    -0.121972923422318
    -0.296856952431083     0.210401436361551    -0.070421100171721
    -0.154107169035887    -0.088973815526921    -0.272793414857347
81 33
    -0.000838823724341    -0.000316884442791    -0.000095214939771
    -0.000316884442791    -0.000472917087646    -0.000054972371108
    -0.000089773739406    -0.000051830892612    -0.006127659699567
81 34
    -0.001391746071965    -0.000596645292536    -0.000109558211509
    -0.000328942064971    -0.001550626053555     0.000145068192156
     0.000033820620185     0.000382181195829    -0.004431709915120
81 35
    -0.001391746071965     0.000596645292536     0.000109558211509
     0.000328942064971    -0.001550626053555     0.000145068192156
    -0.000033820620185     0.000382181195829    -0.004431709915120
81 36
    -0.000838823724341     0.000316884442791     0.000095214939771
     0.000316884442791    -0.000472917087646    -0.000054972371108
     0.000089773739406    -0.000051830892612    -0.006127659699567
81 37
    -0.001911697140669    -0.000028748175489     0.000070853633934
    -0.000296451403054    -0.001030674984851    -0.000167414290438
     0.000347888934529    -0.000161801081663    -0.004431709915120
81 38
    -0.000183268759826    -0.000000000000000     0.000000000000000
     0.000000000000000    -0.000183268759826     0.000000000000000
     0.000000000000000     0.000000000000000    -0.003969489904868
81 39
    -0.001911697140669     0.000028748175489    -0.000070853633934
     0.000296451403054    -0.001030674984851    -0.000167414290438
    -0.000347888934529    -0.000161801081663    -0.004431709915120
81 40
     0.000167708208185     0.000000000000000     0.000000000000000
     0.000000000000000    -0.000494984640337    -0.000502932529456
     0.000000000000000     0.000389694392126    -0.003797827669171
81 41
    -0.001110114975646     0.000166342275699     0.000180411845443
     0.000434045503264    -0.001832257149874     0.000022346098282
     0.000314068314344    -0.000220380114166    -0.004431709915120
81 42
    -0.001110114975646    -0.000166342275699    -0.000180411845443
    -0.000434045503264    -0.001832257149874     0.000022346098282
    -0.000314068314344    -0.000220380114166    -0.004431709915120
81 43
    -0.000974234070495     0.000134887157910     0.000073162486095
     0.000134887157910    -0.001129988344354     0.000042240381041
     0.000497251157545     0.000287088089663    -0.003634827734951
81 44
    -0.000974234070495    -0.000134887157910    -0.000073162486095
    -0.000134887157910    -0.001129988344354     0.000042240381041
    -0.000497251157545     0.000287088089663    -0.003634827734951
81 45
    -0.000289963769298     0.000000000000000     0.000000000000000
     0.000000000000000    -0.001021777042688     0.000109944742216
     0.000000000000000     0.000103661785225    -0.006127659699567
81 46
    -0.000329311428206     0.000286954420863    -0.000435552346899
     0.000286954420863     0.000002034996054     0.000251466264728
     0.000337485243293    -0.000194847196063    -0.003797827669171
81 47
    -0.001207865481284    -0.000000000000000     0.000000000000000
    -0.000000000000000    -0.000896356933566    -0.000084480762083
     0.000000000000000    -0.000574176179326    -0.003634827734951
81 48
    -0.000329311428206    -0.000286954420863     0.000435552346899
    -0.000286954420863     0.000002034996054     0.000251466264728
    -0.000337485243293    -0.000194847196063    -0.003797827669171
81 49
    -0.000184080662304     0.000505354136435    -0.003625797949390
     0.000505354136435    -0.000767613355717    -0.002093355422107
    -0.002212807522804    -0.001277565018955    -0.007501394726630
81 50
     0.001083103913364    -0.000011984687143     0.000361549873941
     0.000897806040233    -0.000873421588822    -0.000697033059032
    -0.001938931236530    -0.001072803312920    -0.004490298454108
81 51
     0.001083103913364     0.000011984687143    -0.000361549873941
    -0.000897806040233    -0.000873421588822    -0.000697033059032
     0.001938931236530    -0.001072803312920    -0.004490298454109
81 52
    -0.000184080662304    -0.000505354136435     0.003625797949390
    -0.000505354136435    -0.000767613355717    -0.002093355422107
     0.002212807522804    -0.001277565018955    -0.007501394726630
81 53
    -0.000000718315780     0.001523551095983    -0.000422873399429
     0.000613760368607     0.000210400640322     0.000661627905084
    -0.001898540540518    -0.001142762050566    -0.004490298454108
81 54
    -0.000588183842408    -0.000000000000000     0.000000000000000
     0.000000000000000    -0.000588183842408     0.000000000000000
     0.000000000000000     0.000000000000000    -0.004744699544441
81 55
    -0.000000718315780    -0.001523551095983     0.000422873399429
    -0.000613760368607     0.000210400640322     0.000661627905084
     0.001898540540518    -0.001142762050566    -0.004490298454108
81 56
     0.000975399277018     0.000000000000000     0.000000000000000
     0.000000000000000     0.000546619995650    -0.007896569888125
     0.000000000000000    -0.000849069812316    -0.001843863269251
81 57
    -0.000767862110771     0.000170849692062    -0.000784423273370
     0.001080640419438     0.000977544435313     0.000035405153948
     0.000040390696012     0.002215565363486    -0.004490298454108
81 58
    -0.000767862110771    -0.000170849692062     0.000784423273370
    -0.001080640419438     0.000977544435313     0.000035405153948
    -0.000040390696012     0.002215565363486    -0.004490298454108
81 59
    -0.000716616338530    -0.000236887144291    -0.000117158703339
    -0.000236887144291    -0.000443082625482    -0.000067641608911
     0.000421239242632     0.000243202590127    -0.005864846129437
81 60
    -0.000716616338530     0.000236887144291     0.000117158703339
     0.000236887144291    -0.000443082625482    -0.000067641608911
    -0.000421239242632     0.000243202590127    -0.005864846129437
81 61
    -0.001059379702424     0.000000000000000     0.000000000000000
     0.000000000000000     0.000107685684403     0.004186710844215
     0.000000000000000     0.002555130037911    -0.007501394726630
81 62
     0.000653814815992     0.000185666875141    -0.006838630125875
     0.000185666875141     0.000868204456676     0.003948284944062
    -0.000735316027052     0.000424534906158    -0.001843863269251
81 63
    -0.000306315768958    -0.000000000000000     0.000000000000000
    -0.000000000000000    -0.000853383195054     0.000135283217822
     0.000000000000000    -0.000486405180254    -0.005864846129437
81 64
     0.000653814815992    -0.000185666875141     0.006838630125875
    -0.000185666875141     0.000868204456676     0.003948284944062
     0.000735316027052     0.000424534906158    -0.001843863269251
81 65
     0.256047890522123     0.000000000000000     0.000000000000000
     0.000000000000000     0.256047890522123     0.000000000000000
     0.000000000000000     0.000000000000000    -1.220750435560868
81 66
    -0.084316429198054     0.095524532802479     0.160301320327439
    -0.096018896840153     0.164072907824590     0.136693347064434
     0.160629803679178    -0.144388852475875    -0.060360648310183
81 67
     0.004523318516015     0.000000000000000     0.000000000000000
     0.000000000000000     0.031759843146351     0.004739355750865
     0.000000000000000    -0.006786641387546     0.003823145243968
81 68
    -0.084316429198054    -0.095524532802479    -0.160301320327439
     0.096018896840153     0.164072907824590     0.136693347064434
    -0.160629803679178    -0.144388852475876    -0.060360648310183
81 69
     0.101761507661257    -0.203451043776127     0.198530571249842
    -0.011907614133494    -0.022005029034722     0.070478342131532
    -0.044729512427803     0.211303916829013    -0.060360648310183
81 70
    -0.011946771304523    -0.011175183489904    -0.014810105633910
    -0.011175183489904     0.000957219087756    -0.008550618474465
     0.009959486775972     0.005750112371098     0.040738678790536
81 71
    -0.011946771304523     0.011175183489904     0.014810105633910
     0.011175183489904     0.000957219087756    -0.008550618474465
    -0.009959486775972     0.005750112371098     0.040738678790536
81 72
     0.101761507661257     0.203451043776127    -0.198530571249842
     0.011907614133494    -0.022005029034722     0.070478342131532
     0.044729512427803     0.211303916829013    -0.060360648310183
81 73
     0.024950711988767    -0.011793761120336     0.004104402477821
    -0.011793761120336     0.011332449673599    -0.002369677875432
    -0.005877403847989     0.003393320693773     0.003823145243968
81 74
     0.007409214283896     0.000000000000000     0.000000000000000
    -0.000000000000000    -0.018398766500662     0.017101236948929
     0.000000000000000    -0.011500224742196     0.040738678790536
81 75
     0.024950711988767     0.011793761120336    -0.004104402477821
     0.011793761120336     0.011332449673599    -0.002369677875432
     0.005877403847989     0.003393320693773     0.003823145243968
81 76
     0.007138432564878     0.000000000000000     0.000000000000000
     0.000000000000000    -0.017510989648762     0.014693487781020
     0.000000000000000    -0.015038889927721     0.041724932360041
81 77
     0.102189639476600    -0.011660432114657     0.038229250922403
    -0.203203861757290    -0.022433160850065    -0.207171689195966
    -0.205359316106981    -0.066915064353138    -0.060360648310183
81 78
     0.102189639476600     0.011660432114657    -0.038229250922403
     0.203203861757290    -0.022433160850065    -0.207171689195966
     0.205359316106981    -0.066915064353138    -0.060360648310183
81 79
    -0.011348634095352     0.010673512912810     0.012724933688560
     0.010673512912810     0.000976077011468    -0.007346743890510
    -0.013024060722124     0.007519444963860     0.041724932360041
81 80
    -0.011348634095352    -0.010673512912810    -0.012724933688560
    -0.010673512912810     0.000976077011468    -0.007346743890510
     0.013024060722124     0.007519444963860     0.041724932360041
81 81
    12.123208310223610     0.000000000000000     0.000000000000000
     0.000000000000000    12.123208310223610     0.000000000000000
     0.000000000000000     0.000000000000000    14.845363757205270
81 82
    -1.043332479051930    -0.036032792853796     0.140036977699477
     0.036032792853796     0.071202199553924    -0.010589089810044
    -0.140036977699477    -0.010589089810044     0.282701719186682
81 83
    -0.019151522455404     0.000000000000000     0.000000000000000
     0.000000000000000    -0.002528025780296     0.005051930883675
     0.000000000000000     0.005051930883675     0.032496863758744
81 84
    -1.043332479051930     0.036032792853796    -0.140036977699477
    -0.036032792853796     0.071202199553924    -0.010589089810044
     0.140036977699477    -0.010589089810044     0.282701719186682
81 85
    -0.207431470097539    -0.446574879681901     0.060848068071286
    -0.518640465389493    -0.764698809400466     0.126570125061964
    -0.079188909628192    -0.115981035251920     0.282701719186682
81 86
     0.002685676007276     0.010181770887121     0.003654938291476
     0.010181770887121    -0.009071220317737     0.002110179606455
     0.012831116378854     0.007408048495335    -0.013599412979124
81 87
     0.002685676007276    -0.010181770887121    -0.003654938291476
    -0.010181770887121    -0.009071220317737     0.002110179606455
    -0.012831116378854     0.007408048495335    -0.013599412979124
81 88
    -0.207431470097539     0.446574879681901    -0.060848068071286
     0.518640465389493    -0.764698809400466     0.126570125061964
     0.079188909628192    -0.115981035251920     0.282701719186682
81 89
    -0.006683899949073    -0.007198185210185     0.004375100483426
    -0.007198185210185    -0.014995648286627    -0.002525965441837
     0.004375100483426    -0.002525965441837     0.032496863758744
81 90
    -0.014949668480244     0.000000000000000     0.000000000000000
     0.000000000000000     0.008564124169782    -0.004220359212910
     0.000000000000000    -0.014816096990669    -0.013599412979124
81 91
    -0.006683899949073     0.007198185210185    -0.004375100483426
     0.007198185210185    -0.014995648286627    -0.002525965441837
    -0.004375100483426    -0.002525965441837     0.032496863758744
81 92
    -0.014949668480244     0.000000000000000     0.000000000000000
     0.000000000000000     0.008564124169782    -0.014816096990669
     0.000000000000000    -0.004220359212910    -0.013599412979124
81 93
    -0.207431470097539    -0.518640465389493    -0.079188909628192
    -0.446574879681901    -0.764698809400466    -0.115981035251920
     0.060848068071286     0.126570125061964     0.282701719186682
81 94
    -0.207431470097539     0.518640465389493     0.079188909628192
     0.446574879681901    -0.764698809400466    -0.115981035251920
    -0.060848068071286     0.126570125061964     0.282701719186682
81 95
     0.002685676007276    -0.010181770887121    -0.012831116378854
    -0.010181770887121    -0.009071220317737     0.007408048495335
    -0.003654938291476     0.002110179606455    -0.013599412979124
81 96
     0.002685676007276     0.010181770887121     0.012831116378854
     0.010181770887121    -0.009071220317737     0.007408048495335
     0.003654938291476     0.002110179606455    -0.013599412979124