  32   32
1 1
    32.014521715008712    -0.000000000000005     0.000000000000000
    -0.000000000000005    32.014521715008705     0.000000000000000
     0.000000000000000     0.000000000000000     3.163817861066129
1 2
    -2.620002588620833     0.522181381173208     0.000000000000000
    -0.522181381173207     1.548372300657983     0.000000000000000
     0.000000000000000     0.000000000000000    -0.115503718681049
1 3
     0.000000000000000     0.000000000000000     0.000000000000000
     0.000000000000000     0.000000000000000     0.000000000000000
     0.000000000000000     0.000000000000000     0.000000000000000
1 4
    -2.620002588620833    -0.522181381173207     0.000000000000000
     0.522181381173208     1.548372300657983     0.000000000000000
     0.000000000000000     0.000000000000000    -0.115503718681049
1 5
     0.506278578338280    -2.327140654479508     0.000000000000000
    -1.282777892133093    -1.577908866301127     0.000000000000000
     0.000000000000000     0.000000000000000    -0.115503718681049
1 6
    -0.451784245768275    -0.216450631202297     0.000000000000000
    -0.216450631202297    -0.201848585386454     0.000000000000000
     0.000000000000000     0.000000000000000    -0.009722057714982
1 7
    -0.451784245768275     0.216450631202297     0.000000000000000
     0.216450631202297    -0.201848585386454     0.000000000000000
     0.000000000000000     0.000000000000000    -0.009722057714982
1 8
     0.506278578338279     2.327140654479508     0.000000000000000
     1.282777892133093    -1.577908866301128     0.000000000000000
     0.000000000000000     0.000000000000000    -0.115503718681049
1 9
     0.000000000000000     0.000000000000000     0.000000000000000
     0.000000000000000     0.000000000000000     0.000000000000000
     0.000000000000000     0.000000000000000     0.000000000000000
1 10
    -0.076880755195543     0.000000000000000     0.000000000000000
     0.000000000000000    -0.576752075959185     0.000000000000000
     0.000000000000000     0.000000000000000    -0.009722057714982
1 11
     0.000000000000000     0.000000000000000     0.000000000000000
     0.000000000000000     0.000000000000000     0.000000000000000
     0.000000000000000     0.000000000000000     0.000000000000000
1 12
    -0.076880755195543     0.000000000000000     0.000000000000000
     0.000000000000000    -0.576752075959185     0.000000000000000
     0.000000000000000     0.000000000000000    -0.009722057714982
1 13
     0.506278578338280    -1.282777892133093     0.000000000000000
    -2.327140654479508    -1.577908866301127     0.000000000000000
     0.000000000000000     0.000000000000000    -0.115503718681049
1 14
     0.506278578338279     1.282777892133093     0.000000000000000
     2.327140654479508    -1.577908866301128     0.000000000000000
     0.000000000000000     0.000000000000000    -0.115503718681049
1 15
    -0.451784245768275     0.216450631202297     0.000000000000000
     0.216450631202297    -0.201848585386454     0.000000000000000
     0.000000000000000     0.000000000000000    -0.009722057714982
1 16
    -0.451784245768275    -0.216450631202297     0.000000000000000
    -0.216450631202297    -0.201848585386454     0.000000000000000
     0.000000000000000     0.000000000000000    -0.009722057714982
1 17
   -13.825479421225561    -7.111505549477573     0.000000000000000
    -7.111505549477572    -5.613820134556765     0.000000000000000
     0.000000000000000     0.000000000000000    -0.921777641135644
1 18
     0.945357666475127     0.069683419580135     0.000000000000000
     0.485015696191769    -0.090652777791285     0.000000000000000
     0.000000000000000     0.000000000000000     0.067965960904165
1 19
     0.945357666475127    -0.069683419580136     0.000000000000000
    -0.485015696191769    -0.090652777791285     0.000000000000000
     0.000000000000000     0.000000000000000     0.067965960904165
1 20
   -13.825479421225563     7.111505549477575     0.000000000000000
     7.111505549477575    -5.613820134556769     0.000000000000000
     0.000000000000000     0.000000000000000    -0.921777641135644
1 21
     0.408541596132935     0.794946598909150     0.000000000000000
     0.379614322297517     0.446163292550906     0.000000000000000
     0.000000000000000     0.000000000000000     0.067965960904165
1 22
     0.000000000000000     0.000000000000000     0.000000000000000
     0.000000000000000     0.000000000000000     0.000000000000000
     0.000000000000000     0.000000000000000     0.000000000000000
1 23
     0.408541596132935    -0.794946598909150     0.000000000000000
    -0.379614322297517     0.446163292550906     0.000000000000000
     0.000000000000000     0.000000000000000     0.067965960904165
1 24
    -1.004277564383091     0.000000000000000     0.000000000000000
     0.000000000000000     0.841679104360426     0.000000000000000
     0.000000000000000     0.000000000000000    -0.018308681569334
1 25
    -0.071841929582300     0.102264764411565     0.000000000000000
     0.517597041023198     0.926546818266140     0.000000000000000
     0.000000000000000     0.000000000000000     0.067965960904165
1 26
    -0.071841929582300    -0.102264764411565     0.000000000000000
    -0.517597041023198     0.926546818266141     0.000000000000000
     0.000000000000000     0.000000000000000     0.067965960904165
1 27
     0.000000000000000     0.000000000000000     0.000000000000000
     0.000000000000000     0.000000000000000     0.000000000000000
     0.000000000000000     0.000000000000000     0.000000000000000
1 28
     0.000000000000000     0.000000000000000     0.000000000000000
     0.000000000000000     0.000000000000000     0.000000000000000
     0.000000000000000     0.000000000000000     0.000000000000000
1 29
    -1.507990491222374     0.000000000000001     0.000000000000000
     0.000000000000000   -17.931309064559947     0.000000000000000
     0.000000000000000     0.000000000000000    -0.921777641135644
1 30
     0.380189937174547    -0.799322684708591     0.000000000000000
    -0.799322684708590    -0.542788397197211     0.000000000000000
     0.000000000000000     0.000000000000000    -0.018308681569334
1 31
     0.000000000000000     0.000000000000000     0.000000000000000
     0.000000000000000     0.000000000000000     0.000000000000000
     0.000000000000000     0.000000000000000     0.000000000000000
1 32
     0.380189937174547     0.799322684708590     0.000000000000000
     0.799322684708590    -0.542788397197211     0.000000000000000
     0.000000000000000     0.000000000000000    -0.018308681569334
2 1
    -2.620002588620833    -0.522181381173207     0.000000000000000
     0.522181381173208     1.548372300657983     0.000000000000000
     0.000000000000000     0.000000000000000    -0.115503718681049
2 2
    32.014521715008712    -0.000000000000005     0.000000000000000
    -0.000000000000005    32.014521715008705     0.000000000000000
     0.000000000000000     0.000000000000000     3.163817861066129
2 3
    -2.620002588620833     0.522181381173208     0.000000000000000
    -0.522181381173207     1.548372300657983     0.000000000000000
     0.000000000000000     0.000000000000000    -0.115503718681049
2 4
     0.000000000000000     0.000000000000000     0.000000000000000
     0.000000000000000     0.000000000000000     0.000000000000000
     0.000000000000000     0.000000000000000     0.000000000000000
2 5
     0.506278578338279     2.327140654479508     0.000000000000000
     1.282777892133093    -1.577908866301128     0.000000000000000
     0.000000000000000     0.000000000000000    -0.115503718681049
2 6
     0.506278578338280    -2.327140654479508     0.000000000000000
    -1.282777892133093    -1.577908866301127     0.000000000000000
     0.000000000000000     0.000000000000000    -0.115503718681049
2 7
    -0.451784245768275    -0.216450631202297     0.000000000000000
    -0.216450631202297    -0.201848585386454     0.000000000000000
     0.000000000000000     0.000000000000000    -0.009722057714982
2 8
    -0.451784245768275     0.216450631202297     0.000000000000000
     0.216450631202297    -0.201848585386454     0.000000000000000
     0.000000000000000     0.000000000000000    -0.009722057714982
2 9
    -0.076880755195543     0.000000000000000     0.000000000000000
     0.000000000000000    -0.576752075959185     0.000000000000000
     0.000000000000000     0.000000000000000    -0.009722057714982
2 10
     0.000000000000000     0.000000000000000     0.000000000000000
     0.000000000000000     0.000000000000000     0.000000000000000
     0.000000000000000     0.000000000000000     0.000000000000000
2 11
    -0.076880755195543     0.000000000000000     0.000000000000000
     0.000000000000000    -0.576752075959185     0.000000000000000
     0.000000000000000     0.000000000000000    -0.009722057714982
2 12
     0.000000000000000     0.000000000000000     0.000000000000000
     0.000000000000000     0.000000000000000     0.000000000000000
     0.000000000000000     0.000000000000000     0.000000000000000
2 13
    -0.451784245768275    -0.216450631202297     0.000000000000000
    -0.216450631202297    -0.201848585386454     0.000000000000000
     0.000000000000000     0.000000000000000    -0.009722057714982
2 14
     0.506278578338280    -1.282777892133093     0.000000000000000
    -2.327140654479508    -1.577908866301127     0.000000000000000
     0.000000000000000     0.000000000000000    -0.115503718681049
2 15
     0.506278578338279     1.282777892133093     0.000000000000000
     2.327140654479508    -1.577908866301128     0.000000000000000
     0.000000000000000     0.000000000000000    -0.115503718681049
2 16
    -0.451784245768275     0.216450631202297     0.000000000000000
     0.216450631202297    -0.201848585386454     0.000000000000000
     0.000000000000000     0.000000000000000    -0.009722057714982
2 17
   -13.825479421225563     7.111505549477575     0.000000000000000
     7.111505549477575    -5.613820134556769     0.000000000000000
     0.000000000000000     0.000000000000000    -0.921777641135644
2 18
   -13.825479421225561    -7.111505549477573     0.000000000000000
    -7.111505549477572    -5.613820134556765     0.000000000000000
     0.000000000000000     0.000000000000000    -0.921777641135644
2 19
     0.945357666475127     0.069683419580135     0.000000000000000
     0.485015696191769    -0.090652777791285     0.000000000000000
     0.000000000000000     0.000000000000000     0.067965960904165
2 20
     0.945357666475127    -0.069683419580136     0.000000000000000
    -0.485015696191769    -0.090652777791285     0.000000000000000
     0.000000000000000     0.000000000000000     0.067965960904165
2 21
    -1.004277564383091     0.000000000000000     0.000000000000000
     0.000000000000000     0.841679104360426     0.000000000000000
     0.000000000000000     0.000000000000000    -0.018308681569334
2 22
     0.408541596132935     0.794946598909150     0.000000000000000
     0.379614322297517     0.446163292550906     0.000000000000000
     0.000000000000000     0.000000000000000     0.067965960904165
2 23
     0.000000000000000     0.000000000000000     0.000000000000000
     0.000000000000000     0.000000000000000     0.000000000000000
     0.000000000000000     0.000000000000000     0.000000000000000
2 24
     0.408541596132935    -0.794946598909150     0.000000000000000
    -0.379614322297517     0.446163292550906     0.000000000000000
     0.000000000000000     0.000000000000000     0.067965960904165
2 25
     0.000000000000000     0.000000000000000     0.000000000000000
     0.000000000000000     0.000000000000000     0.000000000000000
     0.000000000000000     0.000000000000000     0.000000000000000
2 26
    -0.071841929582300     0.102264764411565     0.000000000000000
     0.517597041023198     0.926546818266140     0.000000000000000
     0.000000000000000     0.000000000000000     0.067965960904165
2 27
    -0.071841929582300    -0.102264764411565     0.000000000000000
    -0.517597041023198     0.926546818266141     0.000000000000000
     0.000000000000000     0.000000000000000     0.067965960904165
2 28
     0.000000000000000     0.000000000000000     0.000000000000000
     0.000000000000000     0.000000000000000     0.000000000000000
     0.000000000000000     0.000000000000000     0.000000000000000
2 29
     0.380189937174547     0.799322684708590     0.000000000000000
     0.799322684708590    -0.542788397197211     0.000000000000000
     0.000000000000000     0.000000000000000    -0.018308681569334
2 30
    -1.507990491222374     0.000000000000001     0.000000000000000
     0.000000000000000   -17.931309064559947     0.000000000000000
     0.000000000000000     0.000000000000000    -0.921777641135644
2 31
     0.380189937174547    -0.799322684708591     0.000000000000000
    -0.799322684708590    -0.542788397197211     0.000000000000000
     0.000000000000000     0.000000000000000    -0.018308681569334
2 32
     0.000000000000000     0.000000000000000     0.000000000000000
     0.000000000000000     0.000000000000000     0.000000000000000
     0.000000000000000     0.000000000000000     0.000000000000000
3 1
     0.000000000000000     0.000000000000000     0.000000000000000
     0.000000000000000     0.000000000000000     0.000000000000000
     0.000000000000000     0.000000000000000     0.000000000000000
3 2
    -2.620002588620833    -0.522181381173207     0.000000000000000
     0.522181381173208     1.548372300657983     0.000000000000000
     0.000000000000000     0.000000000000000    -0.115503718681049
3 3
    32.014521715008712    -0.000000000000005     0.000000000000000
    -0.000000000000005    32.014521715008705     0.000000000000000
     0.000000000000000     0.000000000000000     3.163817861066129
3 4
    -2.620002588620833     0.522181381173208     0.000000000000000
    -0.522181381173207     1.548372300657983     0.000000000000000
     0.000000000000000     0.000000000000000    -0.115503718681049
3 5
    -0.451784245768275     0.216450631202297     0.000000000000000
     0.216450631202297    -0.201848585386454     0.000000000000000
     0.000000000000000     0.000000000000000    -0.009722057714982
3 6
     0.506278578338279     2.327140654479508     0.000000000000000
     1.282777892133093    -1.577908866301128     0.000000000000000
     0.000000000000000     0.000000000000000    -0.115503718681049
3 7
     0.506278578338280    -2.327140654479508     0.000000000000000
    -1.282777892133093    -1.577908866301127     0.000000000000000
     0.000000000000000     0.000000000000000    -0.115503718681049
3 8
    -0.451784245768275    -0.216450631202297     0.000000000000000
    -0.216450631202297    -0.201848585386454     0.000000000000000
     0.000000000000000     0.000000000000000    -0.009722057714982
3 9
     0.000000000000000     0.000000000000000     0.000000000000000
     0.000000000000000     0.000000000000000     0.000000000000000
     0.000000000000000     0.000000000000000     0.000000000000000
3 10
    -0.076880755195543     0.000000000000000     0.000000000000000
     0.000000000000000    -0.576752075959185     0.000000000000000
     0.000000000000000     0.000000000000000    -0.009722057714982
3 11
     0.000000000000000     0.000000000000000     0.000000000000000
     0.000000000000000     0.000000000000000     0.000000000000000
     0.000000000000000     0.000000000000000     0.000000000000000
3 12
    -0.076880755195543     0.000000000000000     0.000000000000000
     0.000000000000000    -0.576752075959185     0.000000000000000
     0.000000000000000     0.000000000000000    -0.009722057714982
3 13
    -0.451784245768275     0.216450631202297     0.000000000000000
     0.216450631202297    -0.201848585386454     0.000000000000000
     0.000000000000000     0.000000000000000    -0.009722057714982
3 14
    -0.451784245768275    -0.216450631202297     0.000000000000000
    -0.216450631202297    -0.201848585386454     0.000000000000000
     0.000000000000000     0.000000000000000    -0.009722057714982
3 15
     0.506278578338280    -1.282777892133093     0.000000000000000
    -2.327140654479508    -1.577908866301127     0.000000000000000
     0.000000000000000     0.000000000000000    -0.115503718681049
3 16
     0.506278578338279     1.282777892133093     0.000000000000000
     2.327140654479508    -1.577908866301128     0.000000000000000
     0.000000000000000     0.000000000000000    -0.115503718681049
3 17
     0.945357666475127    -0.069683419580136     0.000000000000000
    -0.485015696191769    -0.090652777791285     0.000000000000000
     0.000000000000000     0.000000000000000     0.067965960904165
3 18
   -13.825479421225563     7.111505549477575     0.000000000000000
     7.111505549477575    -5.613820134556769     0.000000000000000
     0.000000000000000     0.000000000000000    -0.921777641135644
3 19
   -13.825479421225561    -7.111505549477573     0.000000000000000
    -7.111505549477572    -5.613820134556765     0.000000000000000
     0.000000000000000     0.000000000000000    -0.921777641135644
3 20
     0.945357666475127     0.069683419580135     0.000000000000000
     0.485015696191769    -0.090652777791285     0.000000000000000
     0.000000000000000     0.000000000000000     0.067965960904165
3 21
     0.408541596132935    -0.794946598909150     0.000000000000000
    -0.379614322297517     0.446163292550906     0.000000000000000
     0.000000000000000     0.000000000000000     0.067965960904165
3 22
    -1.004277564383091     0.000000000000000     0.000000000000000
     0.000000000000000     0.841679104360426     0.000000000000000
     0.000000000000000     0.000000000000000    -0.018308681569334
3 23
     0.408541596132935     0.794946598909150     0.000000000000000
     0.379614322297517     0.446163292550906     0.000000000000000
     0.000000000000000     0.000000000000000     0.067965960904165
3 24
     0.000000000000000     0.000000000000000     0.000000000000000
     0.000000000000000     0.000000000000000     0.000000000000000
     0.000000000000000     0.000000000000000     0.000000000000000
3 25
     0.000000000000000     0.000000000000000     0.000000000000000
     0.000000000000000     0.000000000000000     0.000000000000000
     0.000000000000000     0.000000000000000     0.000000000000000
3 26
     0.000000000000000     0.000000000000000     0.000000000000000
     0.000000000000000     0.000000000000000     0.000000000000000
     0.000000000000000     0.000000000000000     0.000000000000000
3 27
    -0.071841929582300     0.102264764411565     0.000000000000000
     0.517597041023198     0.926546818266140     0.000000000000000
     0.000000000000000     0.000000000000000     0.067965960904165
3 28
    -0.071841929582300    -0.102264764411565     0.000000000000000
    -0.517597041023198     0.926546818266141     0.000000000000000
     0.000000000000000     0.000000000000000     0.067965960904165
3 29
     0.000000000000000     0.000000000000000     0.000000000000000
     0.000000000000000     0.000000000000000     0.000000000000000
     0.000000000000000     0.000000000000000     0.000000000000000
3 30
     0.380189937174547     0.799322684708590     0.000000000000000
     0.799322684708590    -0.542788397197211     0.000000000000000
     0.000000000000000     0.000000000000000    -0.018308681569334
3 31
    -1.507990491222374     0.000000000000001     0.000000000000000
     0.000000000000000   -17.931309064559947     0.000000000000000
     0.000000000000000     0.000000000000000    -0.921777641135644
3 32
     0.380189937174547    -0.799322684708591     0.000000000000000
    -0.799322684708590    -0.542788397197211     0.000000000000000
     0.000000000000000     0.000000000000000    -0.018308681569334
4 1
    -2.620002588620833     0.522181381173208     0.000000000000000
    -0.522181381173207     1.548372300657983     0.000000000000000
     0.000000000000000     0.000000000000000    -0.115503718681049
4 2
     0.000000000000000     0.000000000000000     0.000000000000000
     0.000000000000000     0.000000000000000     0.000000000000000
     0.000000000000000     0.000000000000000     0.000000000000000
4 3
    -2.620002588620833    -0.522181381173207     0.000000000000000
     0.522181381173208     1.548372300657983     0.000000000000000
     0.000000000000000     0.000000000000000    -0.115503718681049
4 4
    32.014521715008712    -0.000000000000005     0.000000000000000
    -0.000000000000005    32.014521715008705     0.000000000000000
     0.000000000000000     0.000000000000000     3.163817861066129
4 5
    -0.451784245768275    -0.216450631202297     0.000000000000000
    -0.216450631202297    -0.201848585386454     0.000000000000000
     0.000000000000000     0.000000000000000    -0.009722057714982
4 6
    -0.451784245768275     0.216450631202297     0.000000000000000
     0.216450631202297    -0.201848585386454     0.000000000000000
     0.000000000000000     0.000000000000000    -0.009722057714982
4 7
     0.506278578338279     2.327140654479508     0.000000000000000
     1.282777892133093    -1.577908866301128     0.000000000000000
     0.000000000000000     0.000000000000000    -0.115503718681049
4 8
     0.506278578338280    -2.327140654479508     0.000000000000000
    -1.282777892133093    -1.577908866301127     0.000000000000000
     0.000000000000000     0.000000000000000    -0.115503718681049
4 9
    -0.076880755195543     0.000000000000000     0.000000000000000
     0.000000000000000    -0.576752075959185     0.000000000000000
     0.000000000000000     0.000000000000000    -0.009722057714982
4 10
     0.000000000000000     0.000000000000000     0.000000000000000
     0.000000000000000     0.000000000000000     0.000000000000000
     0.000000000000000     0.000000000000000     0.000000000000000
4 11
    -0.076880755195543     0.000000000000000     0.000000000000000
     0.000000000000000    -0.576752075959185     0.000000000000000
     0.000000000000000     0.000000000000000    -0.009722057714982
4 12
     0.000000000000000     0.000000000000000     0.000000000000000
     0.000000000000000     0.000000000000000     0.000000000000000
     0.000000000000000     0.000000000000000     0.000000000000000
4 13
     0.506278578338279     1.282777892133093     0.000000000000000
     2.327140654479508    -1.577908866301128     0.000000000000000
     0.000000000000000     0.000000000000000    -0.115503718681049
4 14
    -0.451784245768275     0.216450631202297     0.000000000000000
     0.216450631202297    -0.201848585386454     0.000000000000000
     0.000000000000000     0.000000000000000    -0.009722057714982
4 15
    -0.451784245768275    -0.216450631202297     0.000000000000000
    -0.216450631202297    -0.201848585386454     0.000000000000000
     0.000000000000000     0.000000000000000    -0.009722057714982
4 16
     0.506278578338280    -1.282777892133093     0.000000000000000
    -2.327140654479508    -1.577908866301127     0.000000000000000
     0.000000000000000     0.000000000000000    -0.115503718681049
4 17
     0.945357666475127     0.069683419580135     0.000000000000000
     0.485015696191769    -0.090652777791285     0.000000000000000
     0.000000000000000     0.000000000000000     0.067965960904165
4 18
     0.945357666475127    -0.069683419580136     0.000000000000000
    -0.485015696191769    -0.090652777791285     0.000000000000000
     0.000000000000000     0.000000000000000     0.067965960904165
4 19
   -13.825479421225563     7.111505549477575     0.000000000000000
     7.111505549477575    -5.613820134556769     0.000000000000000
     0.000000000000000     0.000000000000000    -0.921777641135644
4 20
   -13.825479421225561    -7.111505549477573     0.000000000000000
    -7.111505549477572    -5.613820134556765     0.000000000000000
     0.000000000000000     0.000000000000000    -0.921777641135644
4 21
     0.000000000000000     0.000000000000000     0.000000000000000
     0.000000000000000     0.000000000000000     0.000000000000000
     0.000000000000000     0.000000000000000     0.000000000000000
4 22
     0.408541596132935    -0.794946598909150     0.000000000000000
    -0.379614322297517     0.446163292550906     0.000000000000000
     0.000000000000000     0.000000000000000     0.067965960904165
4 23
    -1.004277564383091     0.000000000000000     0.000000000000000
     0.000000000000000     0.841679104360426     0.000000000000000
     0.000000000000000     0.000000000000000    -0.018308681569334
4 24
     0.408541596132935     0.794946598909150     0.000000000000000
     0.379614322297517     0.446163292550906     0.000000000000000
     0.000000000000000     0.000000000000000     0.067965960904165
4 25
    -0.071841929582300    -0.102264764411565     0.000000000000000
    -0.517597041023198     0.926546818266141     0.000000000000000
     0.000000000000000     0.000000000000000     0.067965960904165
4 26
     0.000000000000000     0.000000000000000     0.000000000000000
     0.000000000000000     0.000000000000000     0.000000000000000
     0.000000000000000     0.000000000000000     0.000000000000000
4 27
     0.000000000000000     0.000000000000000     0.000000000000000
     0.000000000000000     0.000000000000000     0.000000000000000
     0.000000000000000     0.000000000000000     0.000000000000000
4 28
    -0.071841929582300     0.102264764411565     0.000000000000000
     0.517597041023198     0.926546818266140     0.000000000000000
     0.000000000000000     0.000000000000000     0.067965960904165
4 29
     0.380189937174547    -0.799322684708591     0.000000000000000
    -0.799322684708590    -0.542788397197211     0.000000000000000
     0.000000000000000     0.000000000000000    -0.018308681569334
4 30
     0.000000000000000     0.000000000000000     0.000000000000000
     0.000000000000000     0.000000000000000     0.000000000000000
     0.000000000000000     0.000000000000000     0.000000000000000
4 31
     0.380189937174547     0.799322684708590     0.000000000000000
     0.799322684708590    -0.542788397197211     0.000000000000000
     0.000000000000000     0.000000000000000    -0.018308681569334
4 32
    -1.507990491222374     0.000000000000001     0.000000000000000
     0.000000000000000   -17.931309064559947     0.000000000000000
     0.000000000000000     0.000000000000000    -0.921777641135644
5 1
     0.506278578338280    -1.282777892133093     0.000000000000000
    -2.327140654479508    -1.577908866301127     0.000000000000000
     0.000000000000000     0.000000000000000    -0.115503718681049
5 2
     0.506278578338279     1.282777892133093     0.000000000000000
     2.327140654479508    -1.577908866301128     0.000000000000000
     0.000000000000000     0.000000000000000    -0.115503718681049
5 3
    -0.451784245768275     0.216450631202297     0.000000000000000
     0.216450631202297    -0.201848585386454     0.000000000000000
     0.000000000000000     0.000000000000000    -0.009722057714982
5 4
    -0.451784245768275    -0.216450631202297     0.000000000000000
    -0.216450631202297    -0.201848585386454     0.000000000000000
     0.000000000000000     0.000000000000000    -0.009722057714982
5 5
    32.014521715008712    -0.000000000000005     0.000000000000000
    -0.000000000000005    32.014521715008705     0.000000000000000
     0.000000000000000     0.000000000000000     3.163817861066129
5 6
    -2.620002588620833     0.522181381173208     0.000000000000000
    -0.522181381173207     1.548372300657983     0.000000000000000
     0.000000000000000     0.000000000000000    -0.115503718681049
5 7
     0.000000000000000     0.000000000000000     0.000000000000000
     0.000000000000000     0.000000000000000     0.000000000000000
     0.000000000000000     0.000000000000000     0.000000000000000
5 8
    -2.620002588620833    -0.522181381173207     0.000000000000000
     0.522181381173208     1.548372300657983     0.000000000000000
     0.000000000000000     0.000000000000000    -0.115503718681049
5 9
     0.506278578338280    -2.327140654479508     0.000000000000000
    -1.282777892133093    -1.577908866301127     0.000000000000000
     0.000000000000000     0.000000000000000    -0.115503718681049
5 10
    -0.451784245768275    -0.216450631202297     0.000000000000000
    -0.216450631202297    -0.201848585386454     0.000000000000000
     0.000000000000000     0.000000000000000    -0.009722057714982
5 11
    -0.451784245768275     0.216450631202297     0.000000000000000
     0.216450631202297    -0.201848585386454     0.000000000000000
     0.000000000000000     0.000000000000000    -0.009722057714982
5 12
     0.506278578338279     2.327140654479508     0.000000000000000
     1.282777892133093    -1.577908866301128     0.000000000000000
     0.000000000000000     0.000000000000000    -0.115503718681049
5 13
     0.000000000000000     0.000000000000000     0.000000000000000
     0.000000000000000     0.000000000000000     0.000000000000000
     0.000000000000000     0.000000000000000     0.000000000000000
5 14
    -0.076880755195543     0.000000000000000     0.000000000000000
     0.000000000000000    -0.576752075959185     0.000000000000000
     0.000000000000000     0.000000000000000    -0.009722057714982
5 15
     0.000000000000000     0.000000000000000     0.000000000000000
     0.000000000000000     0.000000000000000     0.000000000000000
     0.000000000000000     0.000000000000000     0.000000000000000
5 16
    -0.076880755195543     0.000000000000000     0.000000000000000
     0.000000000000000    -0.576752075959185     0.000000000000000
     0.000000000000000     0.000000000000000    -0.009722057714982
5 17
    -1.507990491222374     0.000000000000001     0.000000000000000
     0.000000000000000   -17.931309064559947     0.000000000000000
     0.000000000000000     0.000000000000000    -0.921777641135644
5 18
     0.380189937174547    -0.799322684708591     0.000000000000000
    -0.799322684708590    -0.542788397197211     0.000000000000000
     0.000000000000000     0.000000000000000    -0.018308681569334
5 19
     0.000000000000000     0.000000000000000     0.000000000000000
     0.000000000000000     0.000000000000000     0.000000000000000
     0.000000000000000     0.000000000000000     0.000000000000000
5 20
     0.380189937174547     0.799322684708590     0.000000000000000
     0.799322684708590    -0.542788397197211     0.000000000000000
     0.000000000000000     0.000000000000000    -0.018308681569334
5 21
   -13.825479421225561    -7.111505549477573     0.000000000000000
    -7.111505549477572    -5.613820134556765     0.000000000000000
     0.000000000000000     0.000000000000000    -0.921777641135644
5 22
     0.945357666475127     0.069683419580135     0.000000000000000
     0.485015696191769    -0.090652777791285     0.000000000000000
     0.000000000000000     0.000000000000000     0.067965960904165
5 23
     0.945357666475127    -0.069683419580136     0.000000000000000
    -0.485015696191769    -0.090652777791285     0.000000000000000
     0.000000000000000     0.000000000000000     0.067965960904165
5 24
   -13.825479421225563     7.111505549477575     0.000000000000000
     7.111505549477575    -5.613820134556769     0.000000000000000
     0.000000000000000     0.000000000000000    -0.921777641135644
5 25
     0.408541596132935     0.794946598909150     0.000000000000000
     0.379614322297517     0.446163292550906     0.000000000000000
     0.000000000000000     0.000000000000000     0.067965960904165
5 26
     0.000000000000000     0.000000000000000     0.000000000000000
     0.000000000000000     0.000000000000000     0.000000000000000
     0.000000000000000     0.000000000000000     0.000000000000000
5 27
     0.408541596132935    -0.794946598909150     0.000000000000000
    -0.379614322297517     0.446163292550906     0.000000000000000
     0.000000000000000     0.000000000000000     0.067965960904165
5 28
    -1.004277564383091     0.000000000000000     0.000000000000000
     0.000000000000000     0.841679104360426     0.000000000000000
     0.000000000000000     0.000000000000000    -0.018308681569334
5 29
    -0.071841929582300     0.102264764411565     0.000000000000000
     0.517597041023198     0.926546818266140     0.000000000000000
     0.000000000000000     0.000000000000000     0.067965960904165
5 30
    -0.071841929582300    -0.102264764411565     0.000000000000000
    -0.517597041023198     0.926546818266141     0.000000000000000
     0.000000000000000     0.000000000000000     0.067965960904165
5 31
     0.000000000000000     0.000000000000000     0.000000000000000
     0.000000000000000     0.000000000000000     0.000000000000000
     0.000000000000000     0.000000000000000     0.000000000000000
5 32
     0.000000000000000     0.000000000000000     0.000000000000000
     0.000000000000000     0.000000000000000     0.000000000000000
     0.000000000000000     0.000000000000000     0.000000000000000
6 1
    -0.451784245768275    -0.216450631202297     0.000000000000000
    -0.216450631202297    -0.201848585386454     0.000000000000000
     0.000000000000000     0.000000000000000    -0.009722057714982
6 2
     0.506278578338280    -1.282777892133093     0.000000000000000
    -2.327140654479508    -1.577908866301127     0.000000000000000
     0.000000000000000     0.000000000000000    -0.115503718681049
6 3
     0.506278578338279     1.282777892133093     0.000000000000000
     2.327140654479508    -1.577908866301128     0.000000000000000
     0.000000000000000     0.000000000000000    -0.115503718681049
6 4
    -0.451784245768275     0.216450631202297     0.000000000000000
     0.216450631202297    -0.201848585386454     0.000000000000000
     0.000000000000000     0.000000000000000    -0.009722057714982
6 5
    -2.620002588620833    -0.522181381173207     0.000000000000000
     0.522181381173208     1.548372300657983     0.000000000000000
     0.000000000000000     0.000000000000000    -0.115503718681049
6 6
    32.014521715008712    -0.000000000000005     0.000000000000000
    -0.000000000000005    32.014521715008705     0.000000000000000
     0.000000000000000     0.000000000000000     3.163817861066129
6 7
    -2.620002588620833     0.522181381173208     0.000000000000000
    -0.522181381173207     1.548372300657983     0.000000000000000
     0.000000000000000     0.000000000000000    -0.115503718681049
6 8
     0.000000000000000     0.000000000000000     0.000000000000000
     0.000000000000000     0.000000000000000     0.000000000000000
     0.000000000000000     0.000000000000000     0.000000000000000
6 9
     0.506278578338279     2.327140654479508     0.000000000000000
     1.282777892133093    -1.577908866301128     0.000000000000000
     0.000000000000000     0.000000000000000    -0.115503718681049
6 10
     0.506278578338280    -2.327140654479508     0.000000000000000
    -1.282777892133093    -1.577908866301127     0.000000000000000
     0.000000000000000     0.000000000000000    -0.115503718681049
6 11
    -0.451784245768275    -0.216450631202297     0.000000000000000
    -0.216450631202297    -0.201848585386454     0.000000000000000
     0.000000000000000     0.000000000000000    -0.009722057714982
6 12
    -0.451784245768275     0.216450631202297     0.000000000000000
     0.216450631202297    -0.201848585386454     0.000000000000000
     0.000000000000000     0.000000000000000    -0.009722057714982
6 13
    -0.076880755195543     0.000000000000000     0.000000000000000
     0.000000000000000    -0.576752075959185     0.000000000000000
     0.000000000000000     0.000000000000000    -0.009722057714982
6 14
     0.000000000000000     0.000000000000000     0.000000000000000
     0.000000000000000     0.000000000000000     0.000000000000000
     0.000000000000000     0.000000000000000     0.000000000000000
6 15
    -0.076880755195543     0.000000000000000     0.000000000000000
     0.000000000000000    -0.576752075959185     0.000000000000000
     0.000000000000000     0.000000000000000    -0.009722057714982
6 16
     0.000000000000000     0.000000000000000     0.000000000000000
     0.000000000000000     0.000000000000000     0.000000000000000
     0.000000000000000     0.000000000000000     0.000000000000000
6 17
     0.380189937174547     0.799322684708590     0.000000000000000
     0.799322684708590    -0.542788397197211     0.000000000000000
     0.000000000000000     0.000000000000000    -0.018308681569334
6 18
    -1.507990491222374     0.000000000000001     0.000000000000000
     0.000000000000000   -17.931309064559947     0.000000000000000
     0.000000000000000     0.000000000000000    -0.921777641135644
6 19
     0.380189937174547    -0.799322684708591     0.000000000000000
    -0.799322684708590    -0.542788397197211     0.000000000000000
     0.000000000000000     0.000000000000000    -0.018308681569334
6 20
     0.000000000000000     0.000000000000000     0.000000000000000
     0.000000000000000     0.000000000000000     0.000000000000000
     0.000000000000000     0.000000000000000     0.000000000000000
6 21
   -13.825479421225563     7.111505549477575     0.000000000000000
     7.111505549477575    -5.613820134556769     0.000000000000000
     0.000000000000000     0.000000000000000    -0.921777641135644
6 22
   -13.825479421225561    -7.111505549477573     0.000000000000000
    -7.111505549477572    -5.613820134556765     0.000000000000000
     0.000000000000000     0.000000000000000    -0.921777641135644
6 23
     0.945357666475127     0.069683419580135     0.000000000000000
     0.485015696191769    -0.090652777791285     0.000000000000000
     0.000000000000000     0.000000000000000     0.067965960904165
6 24
     0.945357666475127    -0.069683419580136     0.000000000000000
    -0.485015696191769    -0.090652777791285     0.000000000000000
     0.000000000000000     0.000000000000000     0.067965960904165
6 25
    -1.004277564383091     0.000000000000000     0.000000000000000
     0.000000000000000     0.841679104360426     0.000000000000000
     0.000000000000000     0.000000000000000    -0.018308681569334
6 26
     0.408541596132935     0.794946598909150     0.000000000000000
     0.379614322297517     0.446163292550906     0.000000000000000
     0.000000000000000     0.000000000000000     0.067965960904165
6 27
     0.000000000000000     0.000000000000000     0.000000000000000
     0.000000000000000     0.000000000000000     0.000000000000000
     0.000000000000000     0.000000000000000     0.000000000000000
6 28
     0.408541596132935    -0.794946598909150     0.000000000000000
    -0.379614322297517     0.446163292550906     0.000000000000000
     0.000000000000000     0.000000000000000     0.067965960904165
6 29
     0.000000000000000     0.000000000000000     0.000000000000000
     0.000000000000000     0.000000000000000     0.000000000000000
     0.000000000000000     0.000000000000000     0.000000000000000
6 30
    -0.071841929582300     0.102264764411565     0.000000000000000
     0.517597041023198     0.926546818266140     0.000000000000000
     0.000000000000000     0.000000000000000     0.067965960904165
6 31
    -0.071841929582300    -0.102264764411565     0.000000000000000
    -0.517597041023198     0.926546818266141     0.000000000000000
     0.000000000000000     0.000000000000000     0.067965960904165
6 32
     0.000000000000000     0.000000000000000     0.000000000000000
     0.000000000000000     0.000000000000000     0.000000000000000
     0.000000000000000     0.000000000000000     0.000000000000000
7 1
    -0.451784245768275     0.216450631202297     0.000000000000000
     0.216450631202297    -0.201848585386454     0.000000000000000
     0.000000000000000     0.000000000000000    -0.009722057714982
7 2
    -0.451784245768275    -0.216450631202297     0.000000000000000
    -0.216450631202297    -0.201848585386454     0.000000000000000
     0.000000000000000     0.000000000000000    -0.009722057714982
7 3
     0.506278578338280    -1.282777892133093     0.000000000000000
    -2.327140654479508    -1.577908866301127     0.000000000000000
     0.000000000000000     0.000000000000000    -0.115503718681049
7 4
     0.506278578338279     1.282777892133093     0.000000000000000
     2.327140654479508    -1.577908866301128     0.000000000000000
     0.000000000000000     0.000000000000000    -0.115503718681049
7 5
     0.000000000000000     0.000000000000000     0.000000000000000
     0.000000000000000     0.000000000000000     0.000000000000000
     0.000000000000000     0.000000000000000     0.000000000000000
7 6
    -2.620002588620833    -0.522181381173207     0.000000000000000
     0.522181381173208     1.548372300657983     0.000000000000000
     0.000000000000000     0.000000000000000    -0.115503718681049
7 7
    32.014521715008712    -0.000000000000005     0.000000000000000
    -0.000000000000005    32.014521715008705     0.000000000000000
     0.000000000000000     0.000000000000000     3.163817861066129
7 8
    -2.620002588620833     0.522181381173208     0.000000000000000
    -0.522181381173207     1.548372300657983     0.000000000000000
     0.000000000000000     0.000000000000000    -0.115503718681049
7 9
    -0.451784245768275     0.216450631202297     0.000000000000000
     0.216450631202297    -0.201848585386454     0.000000000000000
     0.000000000000000     0.000000000000000    -0.009722057714982
7 10
     0.506278578338279     2.327140654479508     0.000000000000000
     1.282777892133093    -1.577908866301128     0.000000000000000
     0.000000000000000     0.000000000000000    -0.115503718681049
7 11
     0.506278578338280    -2.327140654479508     0.000000000000000
    -1.282777892133093    -1.577908866301127     0.000000000000000
     0.000000000000000     0.000000000000000    -0.115503718681049
7 12
    -0.451784245768275    -0.216450631202297     0.000000000000000
    -0.216450631202297    -0.201848585386454     0.000000000000000
     0.000000000000000     0.000000000000000    -0.009722057714982
7 13
     0.000000000000000     0.000000000000000     0.000000000000000
     0.000000000000000     0.000000000000000     0.000000000000000
     0.000000000000000     0.000000000000000     0.000000000000000
7 14
    -0.076880755195543     0.000000000000000     0.000000000000000
     0.000000000000000    -0.576752075959185     0.000000000000000
     0.000000000000000     0.000000000000000    -0.009722057714982
7 15
     0.000000000000000     0.000000000000000     0.000000000000000
     0.000000000000000     0.000000000000000     0.000000000000000
     0.000000000000000     0.000000000000000     0.000000000000000
7 16
    -0.076880755195543     0.000000000000000     0.000000000000000
     0.000000000000000    -0.576752075959185     0.000000000000000
     0.000000000000000     0.000000000000000    -0.009722057714982
7 17
     0.000000000000000     0.000000000000000     0.000000000000000
     0.000000000000000     0.000000000000000     0.000000000000000
     0.000000000000000     0.000000000000000     0.000000000000000
7 18
     0.380189937174547     0.799322684708590     0.000000000000000
     0.799322684708590    -0.542788397197211     0.000000000000000
     0.000000000000000     0.000000000000000    -0.018308681569334
7 19
    -1.507990491222374     0.000000000000001     0.000000000000000
     0.000000000000000   -17.931309064559947     0.000000000000000
     0.000000000000000     0.000000000000000    -0.921777641135644
7 20
     0.380189937174547    -0.799322684708591     0.000000000000000
    -0.799322684708590    -0.542788397197211     0.000000000000000
     0.000000000000000     0.000000000000000    -0.018308681569334
7 21
     0.945357666475127    -0.069683419580136     0.000000000000000
    -0.485015696191769    -0.090652777791285     0.000000000000000
     0.000000000000000     0.000000000000000     0.067965960904165
7 22
   -13.825479421225563     7.111505549477575     0.000000000000000
     7.111505549477575    -5.613820134556769     0.000000000000000
     0.000000000000000     0.000000000000000    -0.921777641135644
7 23
   -13.825479421225561    -7.111505549477573     0.000000000000000
    -7.111505549477572    -5.613820134556765     0.000000000000000
     0.000000000000000     0.000000000000000    -0.921777641135644
7 24
     0.945357666475127     0.069683419580135     0.000000000000000
     0.485015696191769    -0.090652777791285     0.000000000000000
     0.000000000000000     0.000000000000000     0.067965960904165
7 25
     0.408541596132935    -0.794946598909150     0.000000000000000
    -0.379614322297517     0.446163292550906     0.000000000000000
     0.000000000000000     0.000000000000000     0.067965960904165
7 26
    -1.004277564383091     0.000000000000000     0.000000000000000
     0.000000000000000     0.841679104360426     0.000000000000000
     0.000000000000000     0.000000000000000    -0.018308681569334
7 27
     0.408541596132935     0.794946598909150     0.000000000000000
     0.379614322297517     0.446163292550906     0.000000000000000
     0.000000000000000     0.000000000000000     0.067965960904165
7 28
     0.000000000000000     0.000000000000000     0.000000000000000
     0.000000000000000     0.000000000000000     0.000000000000000
     0.000000000000000     0.000000000000000     0.000000000000000
7 29
     0.000000000000000     0.000000000000000     0.000000000000000
     0.000000000000000     0.000000000000000     0.000000000000000
     0.000000000000000     0.000000000000000     0.000000000000000
7 30
     0.000000000000000     0.000000000000000     0.000000000000000
     0.000000000000000     0.000000000000000     0.000000000000000
     0.000000000000000     0.000000000000000     0.000000000000000
7 31
    -0.071841929582300     0.102264764411565     0.000000000000000
     0.517597041023198     0.926546818266140     0.000000000000000
     0.000000000000000     0.000000000000000     0.067965960904165
7 32
    -0.071841929582300    -0.102264764411565     0.000000000000000
    -0.517597041023198     0.926546818266141     0.000000000000000
     0.000000000000000     0.000000000000000     0.067965960904165
8 1
     0.506278578338279     1.282777892133093     0.000000000000000
     2.327140654479508    -1.577908866301128     0.000000000000000
     0.000000000000000     0.000000000000000    -0.115503718681049
8 2
    -0.451784245768275     0.216450631202297     0.000000000000000
     0.216450631202297    -0.201848585386454     0.000000000000000
     0.000000000000000     0.000000000000000    -0.009722057714982
8 3
    -0.451784245768275    -0.216450631202297     0.000000000000000
    -0.216450631202297    -0.201848585386454     0.000000000000000
     0.000000000000000     0.000000000000000    -0.009722057714982
8 4
     0.506278578338280    -1.282777892133093     0.000000000000000
    -2.327140654479508    -1.577908866301127     0.000000000000000
     0.000000000000000     0.000000000000000    -0.115503718681049
8 5
    -2.620002588620833     0.522181381173208     0.000000000000000
    -0.522181381173207     1.548372300657983     0.000000000000000
     0.000000000000000     0.000000000000000    -0.115503718681049
8 6
     0.000000000000000     0.000000000000000     0.000000000000000
     0.000000000000000     0.000000000000000     0.000000000000000
     0.000000000000000     0.000000000000000     0.000000000000000
8 7
    -2.620002588620833    -0.522181381173207     0.000000000000000
     0.522181381173208     1.548372300657983     0.000000000000000
     0.000000000000000     0.000000000000000    -0.115503718681049
8 8
    32.014521715008712    -0.000000000000005     0.000000000000000
    -0.000000000000005    32.014521715008705     0.000000000000000
     0.000000000000000     0.000000000000000     3.163817861066129
8 9
    -0.451784245768275    -0.216450631202297     0.000000000000000
    -0.216450631202297    -0.201848585386454     0.000000000000000
     0.000000000000000     0.000000000000000    -0.009722057714982
8 10
    -0.451784245768275     0.216450631202297     0.000000000000000
     0.216450631202297    -0.201848585386454     0.000000000000000
     0.000000000000000     0.000000000000000    -0.009722057714982
8 11
     0.506278578338279     2.327140654479508     0.000000000000000
     1.282777892133093    -1.577908866301128     0.000000000000000
     0.000000000000000     0.000000000000000    -0.115503718681049
8 12
     0.506278578338280    -2.327140654479508     0.000000000000000
    -1.282777892133093    -1.577908866301127     0.000000000000000
     0.000000000000000     0.000000000000000    -0.115503718681049
8 13
    -0.076880755195543     0.000000000000000     0.000000000000000
     0.000000000000000    -0.576752075959185     0.000000000000000
     0.000000000000000     0.000000000000000    -0.009722057714982
8 14
     0.000000000000000     0.000000000000000     0.000000000000000
     0.000000000000000     0.000000000000000     0.000000000000000
     0.000000000000000     0.000000000000000     0.000000000000000
8 15
    -0.076880755195543     0.000000000000000     0.000000000000000
     0.000000000000000    -0.576752075959185     0.000000000000000
     0.000000000000000     0.000000000000000    -0.009722057714982
8 16
     0.000000000000000     0.000000000000000     0.000000000000000
     0.000000000000000     0.000000000000000     0.000000000000000
     0.000000000000000     0.000000000000000     0.000000000000000
8 17
     0.380189937174547    -0.799322684708591     0.000000000000000
    -0.799322684708590    -0.542788397197211     0.000000000000000
     0.000000000000000     0.000000000000000    -0.018308681569334
8 18
     0.000000000000000     0.000000000000000     0.000000000000000
     0.000000000000000     0.000000000000000     0.000000000000000
     0.000000000000000     0.000000000000000     0.000000000000000
8 19
     0.380189937174547     0.799322684708590     0.000000000000000
     0.799322684708590    -0.542788397197211     0.000000000000000
     0.000000000000000     0.000000000000000    -0.018308681569334
8 20
    -1.507990491222374     0.000000000000001     0.000000000000000
     0.000000000000000   -17.931309064559947     0.000000000000000
     0.000000000000000     0.000000000000000    -0.921777641135644
8 21
     0.945357666475127     0.069683419580135     0.000000000000000
     0.485015696191769    -0.090652777791285     0.000000000000000
     0.000000000000000     0.000000000000000     0.067965960904165
8 22
     0.945357666475127    -0.069683419580136     0.000000000000000
    -0.485015696191769    -0.090652777791285     0.000000000000000
     0.000000000000000     0.000000000000000     0.067965960904165
8 23
   -13.825479421225563     7.111505549477575     0.000000000000000
     7.111505549477575    -5.613820134556769     0.000000000000000
     0.000000000000000     0.000000000000000    -0.921777641135644
8 24
   -13.825479421225561    -7.111505549477573     0.000000000000000
    -7.111505549477572    -5.613820134556765     0.000000000000000
     0.000000000000000     0.000000000000000    -0.921777641135644
8 25
     0.000000000000000     0.000000000000000     0.000000000000000
     0.000000000000000     0.000000000000000     0.000000000000000
     0.000000000000000     0.000000000000000     0.000000000000000
8 26
     0.408541596132935    -0.794946598909150     0.000000000000000
    -0.379614322297517     0.446163292550906     0.000000000000000
     0.000000000000000     0.000000000000000     0.067965960904165
8 27
    -1.004277564383091     0.000000000000000     0.000000000000000
     0.000000000000000     0.841679104360426     0.000000000000000
     0.000000000000000     0.000000000000000    -0.018308681569334
8 28
     0.408541596132935     0.794946598909150     0.000000000000000
     0.379614322297517     0.446163292550906     0.000000000000000
     0.000000000000000     0.000000000000000     0.067965960904165
8 29
    -0.071841929582300    -0.102264764411565     0.000000000000000
    -0.517597041023198     0.926546818266141     0.000000000000000
     0.000000000000000     0.000000000000000     0.067965960904165
8 30
     0.000000000000000     0.000000000000000     0.000000000000000
     0.000000000000000     0.000000000000000     0.000000000000000
     0.000000000000000     0.000000000000000     0.000000000000000
8 31
     0.000000000000000     0.000000000000000     0.000000000000000
     0.000000000000000     0.000000000000000     0.000000000000000
     0.000000000000000     0.000000000000000     0.000000000000000
8 32
    -0.071841929582300     0.102264764411565     0.000000000000000
     0.517597041023198     0.926546818266140     0.000000000000000
     0.000000000000000     0.000000000000000     0.067965960904165
9 1
     0.000000000000000     0.000000000000000     0.000000000000000
     0.000000000000000     0.000000000000000     0.000000000000000
     0.000000000000000     0.000000000000000     0.000000000000000
9 2
    -0.076880755195543     0.000000000000000     0.000000000000000
     0.000000000000000    -0.576752075959185     0.000000000000000
     0.000000000000000     0.000000000000000    -0.009722057714982
9 3
     0.000000000000000     0.000000000000000     0.000000000000000
     0.000000000000000     0.000000000000000     0.000000000000000
     0.000000000000000     0.000000000000000     0.000000000000000
9 4
    -0.076880755195543     0.000000000000000     0.000000000000000
     0.000000000000000    -0.576752075959185     0.000000000000000
     0.000000000000000     0.000000000000000    -0.009722057714982
9 5
     0.506278578338280    -1.282777892133093     0.000000000000000
    -2.327140654479508    -1.577908866301127     0.000000000000000
     0.000000000000000     0.000000000000000    -0.115503718681049
9 6
     0.506278578338279     1.282777892133093     0.000000000000000
     2.327140654479508    -1.577908866301128     0.000000000000000
     0.000000000000000     0.000000000000000    -0.115503718681049
9 7
    -0.451784245768275     0.216450631202297     0.000000000000000
     0.216450631202297    -0.201848585386454     0.000000000000000
     0.000000000000000     0.000000000000000    -0.009722057714982
9 8
    -0.451784245768275    -0.216450631202297     0.000000000000000
    -0.216450631202297    -0.201848585386454     0.000000000000000
     0.000000000000000     0.000000000000000    -0.009722057714982
9 9
    32.014521715008712    -0.000000000000005     0.000000000000000
    -0.000000000000005    32.014521715008705     0.000000000000000
     0.000000000000000     0.000000000000000     3.163817861066129
9 10
    -2.620002588620833     0.522181381173208     0.000000000000000
    -0.522181381173207     1.548372300657983     0.000000000000000
     0.000000000000000     0.000000000000000    -0.115503718681049
9 11
     0.000000000000000     0.000000000000000     0.000000000000000
     0.000000000000000     0.000000000000000     0.000000000000000
     0.000000000000000     0.000000000000000     0.000000000000000
9 12
    -2.620002588620833    -0.522181381173207     0.000000000000000
     0.522181381173208     1.548372300657983     0.000000000000000
     0.000000000000000     0.000000000000000    -0.115503718681049
9 13
     0.506278578338280    -2.327140654479508     0.000000000000000
    -1.282777892133093    -1.577908866301127     0.000000000000000
     0.000000000000000     0.000000000000000    -0.115503718681049
9 14
    -0.451784245768275    -0.216450631202297     0.000000000000000
    -0.216450631202297    -0.201848585386454     0.000000000000000
     0.000000000000000     0.000000000000000    -0.009722057714982
9 15
    -0.451784245768275     0.216450631202297     0.000000000000000
     0.216450631202297    -0.201848585386454     0.000000000000000
     0.000000000000000     0.000000000000000    -0.009722057714982
9 16
     0.506278578338279     2.327140654479508     0.000000000000000
     1.282777892133093    -1.577908866301128     0.000000000000000
     0.000000000000000     0.000000000000000    -0.115503718681049
9 17
    -0.071841929582300     0.102264764411565     0.000000000000000
     0.517597041023198     0.926546818266140     0.000000000000000
     0.000000000000000     0.000000000000000     0.067965960904165
9 18
    -0.071841929582300    -0.102264764411565     0.000000000000000
    -0.517597041023198     0.926546818266141     0.000000000000000
     0.000000000000000     0.000000000000000     0.067965960904165
9 19
     0.000000000000000     0.000000000000000     0.000000000000000
     0.000000000000000     0.000000000000000     0.000000000000000
     0.000000000000000     0.000000000000000     0.000000000000000
9 20
     0.000000000000000     0.000000000000000     0.000000000000000
     0.000000000000000     0.000000000000000     0.000000000000000
     0.000000000000000     0.000000000000000     0.000000000000000
9 21
    -1.507990491222374     0.000000000000001     0.000000000000000
     0.000000000000000   -17.931309064559947     0.000000000000000
     0.000000000000000     0.000000000000000    -0.921777641135644
9 22
     0.380189937174547    -0.799322684708591     0.000000000000000
    -0.799322684708590    -0.542788397197211     0.000000000000000
     0.000000000000000     0.000000000000000    -0.018308681569334
9 23
     0.000000000000000     0.000000000000000     0.000000000000000
     0.000000000000000     0.000000000000000     0.000000000000000
     0.000000000000000     0.000000000000000     0.000000000000000
9 24
     0.380189937174547     0.799322684708590     0.000000000000000
     0.799322684708590    -0.542788397197211     0.000000000000000
     0.000000000000000     0.000000000000000    -0.018308681569334
9 25
   -13.825479421225561    -7.111505549477573     0.000000000000000
    -7.111505549477572    -5.613820134556765     0.000000000000000
     0.000000000000000     0.000000000000000    -0.921777641135644
9 26
     0.945357666475127     0.069683419580135     0.000000000000000
     0.485015696191769    -0.090652777791285     0.000000000000000
     0.000000000000000     0.000000000000000     0.067965960904165
9 27
     0.945357666475127    -0.069683419580136     0.000000000000000
    -0.485015696191769    -0.090652777791285     0.000000000000000
     0.000000000000000     0.000000000000000     0.067965960904165
9 28
   -13.825479421225563     7.111505549477575     0.000000000000000
     7.111505549477575    -5.613820134556769     0.000000000000000
     0.000000000000000     0.000000000000000    -0.921777641135644
9 29
     0.408541596132935     0.794946598909150     0.000000000000000
     0.379614322297517     0.446163292550906     0.000000000000000
     0.000000000000000     0.000000000000000     0.067965960904165
9 30
     0.000000000000000     0.000000000000000     0.000000000000000
     0.000000000000000     0.000000000000000     0.000000000000000
     0.000000000000000     0.000000000000000     0.000000000000000
9 31
     0.408541596132935    -0.794946598909150     0.000000000000000
    -0.379614322297517     0.446163292550906     0.000000000000000
     0.000000000000000     0.000000000000000     0.067965960904165
9 32
    -1.004277564383091     0.000000000000000     0.000000000000000
     0.000000000000000     0.841679104360426     0.000000000000000
     0.000000000000000     0.000000000000000    -0.018308681569334
10 1
    -0.076880755195543     0.000000000000000     0.000000000000000
     0.000000000000000    -0.576752075959185     0.000000000000000
     0.000000000000000     0.000000000000000    -0.009722057714982
10 2
     0.000000000000000     0.000000000000000     0.000000000000000
     0.000000000000000     0.000000000000000     0.000000000000000
     0.000000000000000     0.000000000000000     0.000000000000000
10 3
    -0.076880755195543     0.000000000000000     0.000000000000000
     0.000000000000000    -0.576752075959185     0.000000000000000
     0.000000000000000     0.000000000000000    -0.009722057714982
10 4
     0.000000000000000     0.000000000000000     0.000000000000000
     0.000000000000000     0.000000000000000     0.000000000000000
     0.000000000000000     0.000000000000000     0.000000000000000
10 5
    -0.451784245768275    -0.216450631202297     0.000000000000000
    -0.216450631202297    -0.201848585386454     0.000000000000000
     0.000000000000000     0.000000000000000    -0.009722057714982
10 6
     0.506278578338280    -1.282777892133093     0.000000000000000
    -2.327140654479508    -1.577908866301127     0.000000000000000
     0.000000000000000     0.000000000000000    -0.115503718681049
10 7
     0.506278578338279     1.282777892133093     0.000000000000000
     2.327140654479508    -1.577908866301128     0.000000000000000
     0.000000000000000     0.000000000000000    -0.115503718681049
10 8
    -0.451784245768275     0.216450631202297     0.000000000000000
     0.216450631202297    -0.201848585386454     0.000000000000000
     0.000000000000000     0.000000000000000    -0.009722057714982
10 9
    -2.620002588620833    -0.522181381173207     0.000000000000000
     0.522181381173208     1.548372300657983     0.000000000000000
     0.000000000000000     0.000000000000000    -0.115503718681049
10 10
    32.014521715008712    -0.000000000000005     0.000000000000000
    -0.000000000000005    32.014521715008705     0.000000000000000
     0.000000000000000     0.000000000000000     3.163817861066129
10 11
    -2.620002588620833     0.522181381173208     0.000000000000000
    -0.522181381173207     1.548372300657983     0.000000000000000
     0.000000000000000     0.000000000000000    -0.115503718681049
10 12
     0.000000000000000     0.000000000000000     0.000000000000000
     0.000000000000000     0.000000000000000     0.000000000000000
     0.000000000000000     0.000000000000000     0.000000000000000
10 13
     0.506278578338279     2.327140654479508     0.000000000000000
     1.282777892133093    -1.577908866301128     0.000000000000000
     0.000000000000000     0.000000000000000    -0.115503718681049
10 14
     0.506278578338280    -2.327140654479508     0.000000000000000
    -1.282777892133093    -1.577908866301127     0.000000000000000
     0.000000000000000     0.000000000000000    -0.115503718681049
10 15
    -0.451784245768275    -0.216450631202297     0.000000000000000
    -0.216450631202297    -0.201848585386454     0.000000000000000
     0.000000000000000     0.000000000000000    -0.009722057714982
10 16
    -0.451784245768275     0.216450631202297     0.000000000000000
     0.216450631202297    -0.201848585386454     0.000000000000000
     0.000000000000000     0.000000000000000    -0.009722057714982
10 17
     0.000000000000000     0.000000000000000     0.000000000000000
     0.000000000000000     0.000000000000000     0.000000000000000
     0.000000000000000     0.000000000000000     0.000000000000000
10 18
    -0.071841929582300     0.102264764411565     0.000000000000000
     0.517597041023198     0.926546818266140     0.000000000000000
     0.000000000000000     0.000000000000000     0.067965960904165
10 19
    -0.071841929582300    -0.102264764411565     0.000000000000000
    -0.517597041023198     0.926546818266141     0.000000000000000
     0.000000000000000     0.000000000000000     0.067965960904165
10 20
     0.000000000000000     0.000000000000000     0.000000000000000
     0.000000000000000     0.000000000000000     0.000000000000000
     0.000000000000000     0.000000000000000     0.000000000000000
10 21
     0.380189937174547     0.799322684708590     0.000000000000000
     0.799322684708590    -0.542788397197211     0.000000000000000
     0.000000000000000     0.000000000000000    -0.018308681569334
10 22
    -1.507990491222374     0.000000000000001     0.000000000000000
     0.000000000000000   -17.931309064559947     0.000000000000000
     0.000000000000000     0.000000000000000    -0.921777641135644
10 23
     0.380189937174547    -0.799322684708591     0.000000000000000
    -0.799322684708590    -0.542788397197211     0.000000000000000
     0.000000000000000     0.000000000000000    -0.018308681569334
10 24
     0.000000000000000     0.000000000000000     0.000000000000000
     0.000000000000000     0.000000000000000     0.000000000000000
     0.000000000000000     0.000000000000000     0.000000000000000
10 25
   -13.825479421225563     7.111505549477575     0.000000000000000
     7.111505549477575    -5.613820134556769     0.000000000000000
     0.000000000000000     0.000000000000000    -0.921777641135644
10 26
   -13.825479421225561    -7.111505549477573     0.000000000000000
    -7.111505549477572    -5.613820134556765     0.000000000000000
     0.000000000000000     0.000000000000000    -0.921777641135644
10 27
     0.945357666475127     0.069683419580135     0.000000000000000
     0.485015696191769    -0.090652777791285     0.000000000000000
     0.000000000000000     0.000000000000000     0.067965960904165
10 28
     0.945357666475127    -0.069683419580136     0.000000000000000
    -0.485015696191769    -0.090652777791285     0.000000000000000
     0.000000000000000     0.000000000000000     0.067965960904165
10 29
    -1.004277564383091     0.000000000000000     0.000000000000000
     0.000000000000000     0.841679104360426     0.000000000000000
     0.000000000000000     0.000000000000000    -0.018308681569334
10 30
     0.408541596132935     0.794946598909150     0.000000000000000
     0.379614322297517     0.446163292550906     0.000000000000000
     0.000000000000000     0.000000000000000     0.067965960904165
10 31
     0.000000000000000     0.000000000000000     0.000000000000000
     0.000000000000000     0.000000000000000     0.000000000000000
     0.000000000000000     0.000000000000000     0.000000000000000
10 32
     0.408541596132935    -0.794946598909150     0.000000000000000
    -0.379614322297517     0.446163292550906     0.000000000000000
     0.000000000000000     0.000000000000000     0.067965960904165
11 1
     0.000000000000000     0.000000000000000     0.000000000000000
     0.000000000000000     0.000000000000000     0.000000000000000
     0.000000000000000     0.000000000000000     0.000000000000000
11 2
    -0.076880755195543     0.000000000000000     0.000000000000000
     0.000000000000000    -0.576752075959185     0.000000000000000
     0.000000000000000     0.000000000000000    -0.009722057714982
11 3
     0.000000000000000     0.000000000000000     0.000000000000000
     0.000000000000000     0.000000000000000     0.000000000000000
     0.000000000000000     0.000000000000000     0.000000000000000
11 4
    -0.076880755195543     0.000000000000000     0.000000000000000
     0.000000000000000    -0.576752075959185     0.000000000000000
     0.000000000000000     0.000000000000000    -0.009722057714982
11 5
    -0.451784245768275     0.216450631202297     0.000000000000000
     0.216450631202297    -0.201848585386454     0.000000000000000
     0.000000000000000     0.000000000000000    -0.009722057714982
11 6
    -0.451784245768275    -0.216450631202297     0.000000000000000
    -0.216450631202297    -0.201848585386454     0.000000000000000
     0.000000000000000     0.000000000000000    -0.009722057714982
11 7
     0.506278578338280    -1.282777892133093     0.000000000000000
    -2.327140654479508    -1.577908866301127     0.000000000000000
     0.000000000000000     0.000000000000000    -0.115503718681049
11 8
     0.506278578338279     1.282777892133093     0.000000000000000
     2.327140654479508    -1.577908866301128     0.000000000000000
     0.000000000000000     0.000000000000000    -0.115503718681049
11 9
     0.000000000000000     0.000000000000000     0.000000000000000
     0.000000000000000     0.000000000000000     0.000000000000000
     0.000000000000000     0.000000000000000     0.000000000000000
11 10
    -2.620002588620833    -0.522181381173207     0.000000000000000
     0.522181381173208     1.548372300657983     0.000000000000000
     0.000000000000000     0.000000000000000    -0.115503718681049
11 11
    32.014521715008712    -0.000000000000005     0.000000000000000
    -0.000000000000005    32.014521715008705     0.000000000000000
     0.000000000000000     0.000000000000000     3.163817861066129
11 12
    -2.620002588620833     0.522181381173208     0.000000000000000
    -0.522181381173207     1.548372300657983     0.000000000000000
     0.000000000000000     0.000000000000000    -0.115503718681049
11 13
    -0.451784245768275     0.216450631202297     0.000000000000000
     0.216450631202297    -0.201848585386454     0.000000000000000
     0.000000000000000     0.000000000000000    -0.009722057714982
11 14
     0.506278578338279     2.327140654479508     0.000000000000000
     1.282777892133093    -1.577908866301128     0.000000000000000
     0.000000000000000     0.000000000000000    -0.115503718681049
11 15
     0.506278578338280    -2.327140654479508     0.000000000000000
    -1.282777892133093    -1.577908866301127     0.000000000000000
     0.000000000000000     0.000000000000000    -0.115503718681049
11 16
    -0.451784245768275    -0.216450631202297     0.000000000000000
    -0.216450631202297    -0.201848585386454     0.000000000000000
     0.000000000000000     0.000000000000000    -0.009722057714982
11 17
     0.000000000000000     0.000000000000000     0.000000000000000
     0.000000000000000     0.000000000000000     0.000000000000000
     0.000000000000000     0.000000000000000     0.000000000000000
11 18
     0.000000000000000     0.000000000000000     0.000000000000000
     0.000000000000000     0.000000000000000     0.000000000000000
     0.000000000000000     0.000000000000000     0.000000000000000
11 19
    -0.071841929582300     0.102264764411565     0.000000000000000
     0.517597041023198     0.926546818266140     0.000000000000000
     0.000000000000000     0.000000000000000     0.067965960904165
11 20
    -0.071841929582300    -0.102264764411565     0.000000000000000
    -0.517597041023198     0.926546818266141     0.000000000000000
     0.000000000000000     0.000000000000000     0.067965960904165
11 21
     0.000000000000000     0.000000000000000     0.000000000000000
     0.000000000000000     0.000000000000000     0.000000000000000
     0.000000000000000     0.000000000000000     0.000000000000000
11 22
     0.380189937174547     0.799322684708590     0.000000000000000
     0.799322684708590    -0.542788397197211     0.000000000000000
     0.000000000000000     0.000000000000000    -0.018308681569334
11 23
    -1.507990491222374     0.000000000000001     0.000000000000000
     0.000000000000000   -17.931309064559947     0.000000000000000
     0.000000000000000     0.000000000000000    -0.921777641135644
11 24
     0.380189937174547    -0.799322684708591     0.000000000000000
    -0.799322684708590    -0.542788397197211     0.000000000000000
     0.000000000000000     0.000000000000000    -0.018308681569334
11 25
     0.945357666475127    -0.069683419580136     0.000000000000000
    -0.485015696191769    -0.090652777791285     0.000000000000000
     0.000000000000000     0.000000000000000     0.067965960904165
11 26
   -13.825479421225563     7.111505549477575     0.000000000000000
     7.111505549477575    -5.613820134556769     0.000000000000000
     0.000000000000000     0.000000000000000    -0.921777641135644
11 27
   -13.825479421225561    -7.111505549477573     0.000000000000000
    -7.111505549477572    -5.613820134556765     0.000000000000000
     0.000000000000000     0.000000000000000    -0.921777641135644
11 28
     0.945357666475127     0.069683419580135     0.000000000000000
     0.485015696191769    -0.090652777791285     0.000000000000000
     0.000000000000000     0.000000000000000     0.067965960904165
11 29
     0.408541596132935    -0.794946598909150     0.000000000000000
    -0.379614322297517     0.446163292550906     0.000000000000000
     0.000000000000000     0.000000000000000     0.067965960904165
11 30
    -1.004277564383091     0.000000000000000     0.000000000000000
     0.000000000000000     0.841679104360426     0.000000000000000
     0.000000000000000     0.000000000000000    -0.018308681569334
11 31
     0.408541596132935     0.794946598909150     0.000000000000000
     0.379614322297517     0.446163292550906     0.000000000000000
     0.000000000000000     0.000000000000000     0.067965960904165
11 32
     0.000000000000000     0.000000000000000     0.000000000000000
     0.000000000000000     0.000000000000000     0.000000000000000
     0.000000000000000     0.000000000000000     0.000000000000000
12 1
    -0.076880755195543     0.000000000000000     0.000000000000000
     0.000000000000000    -0.576752075959185     0.000000000000000
     0.000000000000000     0.000000000000000    -0.009722057714982
12 2
     0.000000000000000     0.000000000000000     0.000000000000000
     0.000000000000000     0.000000000000000     0.000000000000000
     0.000000000000000     0.000000000000000     0.000000000000000
12 3
    -0.076880755195543     0.000000000000000     0.000000000000000
     0.000000000000000    -0.576752075959185     0.000000000000000
     0.000000000000000     0.000000000000000    -0.009722057714982
12 4
     0.000000000000000     0.000000000000000     0.000000000000000
     0.000000000000000     0.000000000000000     0.000000000000000
     0.000000000000000     0.000000000000000     0.000000000000000
12 5
     0.506278578338279     1.282777892133093     0.000000000000000
     2.327140654479508    -1.577908866301128     0.000000000000000
     0.000000000000000     0.000000000000000    -0.115503718681049
12 6
    -0.451784245768275     0.216450631202297     0.000000000000000
     0.216450631202297    -0.201848585386454     0.000000000000000
     0.000000000000000     0.000000000000000    -0.009722057714982
12 7
    -0.451784245768275    -0.216450631202297     0.000000000000000
    -0.216450631202297    -0.201848585386454     0.000000000000000
     0.000000000000000     0.000000000000000    -0.009722057714982
12 8
     0.506278578338280    -1.282777892133093     0.000000000000000
    -2.327140654479508    -1.577908866301127     0.000000000000000
     0.000000000000000     0.000000000000000    -0.115503718681049
12 9
    -2.620002588620833     0.522181381173208     0.000000000000000
    -0.522181381173207     1.548372300657983     0.000000000000000
     0.000000000000000     0.000000000000000    -0.115503718681049
12 10
     0.000000000000000     0.000000000000000     0.000000000000000
     0.000000000000000     0.000000000000000     0.000000000000000
     0.000000000000000     0.000000000000000     0.000000000000000
12 11
    -2.620002588620833    -0.522181381173207     0.000000000000000
     0.522181381173208     1.548372300657983     0.000000000000000
     0.000000000000000     0.000000000000000    -0.115503718681049
12 12
    32.014521715008712    -0.000000000000005     0.000000000000000
    -0.000000000000005    32.014521715008705     0.000000000000000
     0.000000000000000     0.000000000000000     3.163817861066129
12 13
    -0.451784245768275    -0.216450631202297     0.000000000000000
    -0.216450631202297    -0.201848585386454     0.000000000000000
     0.000000000000000     0.000000000000000    -0.009722057714982
12 14
    -0.451784245768275     0.216450631202297     0.000000000000000
     0.216450631202297    -0.201848585386454     0.000000000000000
     0.000000000000000     0.000000000000000    -0.009722057714982
12 15
     0.506278578338279     2.327140654479508     0.000000000000000
     1.282777892133093    -1.577908866301128     0.000000000000000
     0.000000000000000     0.000000000000000    -0.115503718681049
12 16
     0.506278578338280    -2.327140654479508     0.000000000000000
    -1.282777892133093    -1.577908866301127     0.000000000000000
     0.000000000000000     0.000000000000000    -0.115503718681049
12 17
    -0.071841929582300    -0.102264764411565     0.000000000000000
    -0.517597041023198     0.926546818266141     0.000000000000000
     0.000000000000000     0.000000000000000     0.067965960904165
12 18
     0.000000000000000     0.000000000000000     0.000000000000000
     0.000000000000000     0.000000000000000     0.000000000000000
     0.000000000000000     0.000000000000000     0.000000000000000
12 19
     0.000000000000000     0.000000000000000     0.000000000000000
     0.000000000000000     0.000000000000000     0.000000000000000
     0.000000000000000     0.000000000000000     0.000000000000000
12 20
    -0.071841929582300     0.102264764411565     0.000000000000000
     0.517597041023198     0.926546818266140     0.000000000000000
     0.000000000000000     0.000000000000000     0.067965960904165
12 21
     0.380189937174547    -0.799322684708591     0.000000000000000
    -0.799322684708590    -0.542788397197211     0.000000000000000
     0.000000000000000     0.000000000000000    -0.018308681569334
12 22
     0.000000000000000     0.000000000000000     0.000000000000000
     0.000000000000000     0.000000000000000     0.000000000000000
     0.000000000000000     0.000000000000000     0.000000000000000
12 23
     0.380189937174547     0.799322684708590     0.000000000000000
     0.799322684708590    -0.542788397197211     0.000000000000000
     0.000000000000000     0.000000000000000    -0.018308681569334
12 24
    -1.507990491222374     0.000000000000001     0.000000000000000
     0.000000000000000   -17.931309064559947     0.000000000000000
     0.000000000000000     0.000000000000000    -0.921777641135644
12 25
     0.945357666475127     0.069683419580135     0.000000000000000
     0.485015696191769    -0.090652777791285     0.000000000000000
     0.000000000000000     0.000000000000000     0.067965960904165
12 26
     0.945357666475127    -0.069683419580136     0.000000000000000
    -0.485015696191769    -0.090652777791285     0.000000000000000
     0.000000000000000     0.000000000000000     0.067965960904165
12 27
   -13.825479421225563     7.111505549477575     0.000000000000000
     7.111505549477575    -5.613820134556769     0.000000000000000
     0.000000000000000     0.000000000000000    -0.921777641135644
12 28
   -13.825479421225561    -7.111505549477573     0.000000000000000
    -7.111505549477572    -5.613820134556765     0.000000000000000
     0.000000000000000     0.000000000000000    -0.921777641135644
12 29
     0.000000000000000     0.000000000000000     0.000000000000000
     0.000000000000000     0.000000000000000     0.000000000000000
     0.000000000000000     0.000000000000000     0.000000000000000
12 30
     0.408541596132935    -0.794946598909150     0.000000000000000
    -0.379614322297517     0.446163292550906     0.000000000000000
     0.000000000000000     0.000000000000000     0.067965960904165
12 31
    -1.004277564383091     0.000000000000000     0.000000000000000
     0.000000000000000     0.841679104360426     0.000000000000000
     0.000000000000000     0.000000000000000    -0.018308681569334
12 32
     0.408541596132935     0.794946598909150     0.000000000000000
     0.379614322297517     0.446163292550906     0.000000000000000
     0.000000000000000     0.000000000000000     0.067965960904165
13 1
     0.506278578338280    -2.327140654479508     0.000000000000000
    -1.282777892133093    -1.577908866301127     0.000000000000000
     0.000000000000000     0.000000000000000    -0.115503718681049
13 2
    -0.451784245768275    -0.216450631202297     0.000000000000000
    -0.216450631202297    -0.201848585386454     0.000000000000000
     0.000000000000000     0.000000000000000    -0.009722057714982
13 3
    -0.451784245768275     0.216450631202297     0.000000000000000
     0.216450631202297    -0.201848585386454     0.000000000000000
     0.000000000000000     0.000000000000000    -0.009722057714982
13 4
     0.506278578338279     2.327140654479508     0.000000000000000
     1.282777892133093    -1.577908866301128     0.000000000000000
     0.000000000000000     0.000000000000000    -0.115503718681049
13 5
     0.000000000000000     0.000000000000000     0.000000000000000
     0.000000000000000     0.000000000000000     0.000000000000000
     0.000000000000000     0.000000000000000     0.000000000000000
13 6
    -0.076880755195543     0.000000000000000     0.000000000000000
     0.000000000000000    -0.576752075959185     0.000000000000000
     0.000000000000000     0.000000000000000    -0.009722057714982
13 7
     0.000000000000000     0.000000000000000     0.000000000000000
     0.000000000000000     0.000000000000000     0.000000000000000
     0.000000000000000     0.000000000000000     0.000000000000000
13 8
    -0.076880755195543     0.000000000000000     0.000000000000000
     0.000000000000000    -0.576752075959185     0.000000000000000
     0.000000000000000     0.000000000000000    -0.009722057714982
13 9
     0.506278578338280    -1.282777892133093     0.000000000000000
    -2.327140654479508    -1.577908866301127     0.000000000000000
     0.000000000000000     0.000000000000000    -0.115503718681049
13 10
     0.506278578338279     1.282777892133093     0.000000000000000
     2.327140654479508    -1.577908866301128     0.000000000000000
     0.000000000000000     0.000000000000000    -0.115503718681049
13 11
    -0.451784245768275     0.216450631202297     0.000000000000000
     0.216450631202297    -0.201848585386454     0.000000000000000
     0.000000000000000     0.000000000000000    -0.009722057714982
13 12
    -0.451784245768275    -0.216450631202297     0.000000000000000
    -0.216450631202297    -0.201848585386454     0.000000000000000
     0.000000000000000     0.000000000000000    -0.009722057714982
13 13
    32.014521715008712    -0.000000000000005     0.000000000000000
    -0.000000000000005    32.014521715008705     0.000000000000000
     0.000000000000000     0.000000000000000     3.163817861066129
13 14
    -2.620002588620833     0.522181381173208     0.000000000000000
    -0.522181381173207     1.548372300657983     0.000000000000000
     0.000000000000000     0.000000000000000    -0.115503718681049
13 15
     0.000000000000000     0.000000000000000     0.000000000000000
     0.000000000000000     0.000000000000000     0.000000000000000
     0.000000000000000     0.000000000000000     0.000000000000000
13 16
    -2.620002588620833    -0.522181381173207     0.000000000000000
     0.522181381173208     1.548372300657983     0.000000000000000
     0.000000000000000     0.000000000000000    -0.115503718681049
13 17
     0.408541596132935     0.794946598909150     0.000000000000000
     0.379614322297517     0.446163292550906     0.000000000000000
     0.000000000000000     0.000000000000000     0.067965960904165
13 18
     0.000000000000000     0.000000000000000     0.000000000000000
     0.000000000000000     0.000000000000000     0.000000000000000
     0.000000000000000     0.000000000000000     0.000000000000000
13 19
     0.408541596132935    -0.794946598909150     0.000000000000000
    -0.379614322297517     0.446163292550906     0.000000000000000
     0.000000000000000     0.000000000000000     0.067965960904165
13 20
    -1.004277564383091     0.000000000000000     0.000000000000000
     0.000000000000000     0.841679104360426     0.000000000000000
     0.000000000000000     0.000000000000000    -0.018308681569334
13 21
    -0.071841929582300     0.102264764411565     0.000000000000000
     0.517597041023198     0.926546818266140     0.000000000000000
     0.000000000000000     0.000000000000000     0.067965960904165
13 22
    -0.071841929582300    -0.102264764411565     0.000000000000000
    -0.517597041023198     0.926546818266141     0.000000000000000
     0.000000000000000     0.000000000000000     0.067965960904165
13 23
     0.000000000000000     0.000000000000000     0.000000000000000
     0.000000000000000     0.000000000000000     0.000000000000000
     0.000000000000000     0.000000000000000     0.000000000000000
13 24
     0.000000000000000     0.000000000000000     0.000000000000000
     0.000000000000000     0.000000000000000     0.000000000000000
     0.000000000000000     0.000000000000000     0.000000000000000
13 25
    -1.507990491222374     0.000000000000001     0.000000000000000
     0.000000000000000   -17.931309064559947     0.000000000000000
     0.000000000000000     0.000000000000000    -0.921777641135644
13 26
     0.380189937174547    -0.799322684708591     0.000000000000000
    -0.799322684708590    -0.542788397197211     0.000000000000000
     0.000000000000000     0.000000000000000    -0.018308681569334
13 27
     0.000000000000000     0.000000000000000     0.000000000000000
     0.000000000000000     0.000000000000000     0.000000000000000
     0.000000000000000     0.000000000000000     0.000000000000000
13 28
     0.380189937174547     0.799322684708590     0.000000000000000
     0.799322684708590    -0.542788397197211     0.000000000000000
     0.000000000000000     0.000000000000000    -0.018308681569334
13 29
   -13.825479421225561    -7.111505549477573     0.000000000000000
    -7.111505549477572    -5.613820134556765     0.000000000000000
     0.000000000000000     0.000000000000000    -0.921777641135644
13 30
     0.945357666475127     0.069683419580135     0.000000000000000
     0.485015696191769    -0.090652777791285     0.000000000000000
     0.000000000000000     0.000000000000000     0.067965960904165
13 31
     0.945357666475127    -0.069683419580136     0.000000000000000
    -0.485015696191769    -0.090652777791285     0.000000000000000
     0.000000000000000     0.000000000000000     0.067965960904165
13 32
   -13.825479421225563     7.111505549477575     0.000000000000000
     7.111505549477575    -5.613820134556769     0.000000000000000
     0.000000000000000     0.000000000000000    -0.921777641135644
14 1
     0.506278578338279     2.327140654479508     0.000000000000000
     1.282777892133093    -1.577908866301128     0.000000000000000
     0.000000000000000     0.000000000000000    -0.115503718681049
14 2
     0.506278578338280    -2.327140654479508     0.000000000000000
    -1.282777892133093    -1.577908866301127     0.000000000000000
     0.000000000000000     0.000000000000000    -0.115503718681049
14 3
    -0.451784245768275    -0.216450631202297     0.000000000000000
    -0.216450631202297    -0.201848585386454     0.000000000000000
     0.000000000000000     0.000000000000000    -0.009722057714982
14 4
    -0.451784245768275     0.216450631202297     0.000000000000000
     0.216450631202297    -0.201848585386454     0.000000000000000
     0.000000000000000     0.000000000000000    -0.009722057714982
14 5
    -0.076880755195543     0.000000000000000     0.000000000000000
     0.000000000000000    -0.576752075959185     0.000000000000000
     0.000000000000000     0.000000000000000    -0.009722057714982
14 6
     0.000000000000000     0.000000000000000     0.000000000000000
     0.000000000000000     0.000000000000000     0.000000000000000
     0.000000000000000     0.000000000000000     0.000000000000000
14 7
    -0.076880755195543     0.000000000000000     0.000000000000000
     0.000000000000000    -0.576752075959185     0.000000000000000
     0.000000000000000     0.000000000000000    -0.009722057714982
14 8
     0.000000000000000     0.000000000000000     0.000000000000000
     0.000000000000000     0.000000000000000     0.000000000000000
     0.000000000000000     0.000000000000000     0.000000000000000
14 9
    -0.451784245768275    -0.216450631202297     0.000000000000000
    -0.216450631202297    -0.201848585386454     0.000000000000000
     0.000000000000000     0.000000000000000    -0.009722057714982
14 10
     0.506278578338280    -1.282777892133093     0.000000000000000
    -2.327140654479508    -1.577908866301127     0.000000000000000
     0.000000000000000     0.000000000000000    -0.115503718681049
14 11
     0.506278578338279     1.282777892133093     0.000000000000000
     2.327140654479508    -1.577908866301128     0.000000000000000
     0.000000000000000     0.000000000000000    -0.115503718681049
14 12
    -0.451784245768275     0.216450631202297     0.000000000000000
     0.216450631202297    -0.201848585386454     0.000000000000000
     0.000000000000000     0.000000000000000    -0.009722057714982
14 13
    -2.620002588620833    -0.522181381173207     0.000000000000000
     0.522181381173208     1.548372300657983     0.000000000000000
     0.000000000000000     0.000000000000000    -0.115503718681049
14 14
    32.014521715008712    -0.000000000000005     0.000000000000000
    -0.000000000000005    32.014521715008705     0.000000000000000
     0.000000000000000     0.000000000000000     3.163817861066129
14 15
    -2.620002588620833     0.522181381173208     0.000000000000000
    -0.522181381173207     1.548372300657983     0.000000000000000
     0.000000000000000     0.000000000000000    -0.115503718681049
14 16
     0.000000000000000     0.000000000000000     0.000000000000000
     0.000000000000000     0.000000000000000     0.000000000000000
     0.000000000000000     0.000000000000000     0.000000000000000
14 17
    -1.004277564383091     0.000000000000000     0.000000000000000
     0.000000000000000     0.841679104360426     0.000000000000000
     0.000000000000000     0.000000000000000    -0.018308681569334
14 18
     0.408541596132935     0.794946598909150     0.000000000000000
     0.379614322297517     0.446163292550906     0.000000000000000
     0.000000000000000     0.000000000000000     0.067965960904165
14 19
     0.000000000000000     0.000000000000000     0.000000000000000
     0.000000000000000     0.000000000000000     0.000000000000000
     0.000000000000000     0.000000000000000     0.000000000000000
14 20
     0.408541596132935    -0.794946598909150     0.000000000000000
    -0.379614322297517     0.446163292550906     0.000000000000000
     0.000000000000000     0.000000000000000     0.067965960904165
14 21
     0.000000000000000     0.000000000000000     0.000000000000000
     0.000000000000000     0.000000000000000     0.000000000000000
     0.000000000000000     0.000000000000000     0.000000000000000
14 22
    -0.071841929582300     0.102264764411565     0.000000000000000
     0.517597041023198     0.926546818266140     0.000000000000000
     0.000000000000000     0.000000000000000     0.067965960904165
14 23
    -0.071841929582300    -0.102264764411565     0.000000000000000
    -0.517597041023198     0.926546818266141     0.000000000000000
     0.000000000000000     0.000000000000000     0.067965960904165
14 24
     0.000000000000000     0.000000000000000     0.000000000000000
     0.000000000000000     0.000000000000000     0.000000000000000
     0.000000000000000     0.000000000000000     0.000000000000000
14 25
     0.380189937174547     0.799322684708590     0.000000000000000
     0.799322684708590    -0.542788397197211     0.000000000000000
     0.000000000000000     0.000000000000000    -0.018308681569334
14 26
    -1.507990491222374     0.000000000000001     0.000000000000000
     0.000000000000000   -17.931309064559947     0.000000000000000
     0.000000000000000     0.000000000000000    -0.921777641135644
14 27
     0.380189937174547    -0.799322684708591     0.000000000000000
    -0.799322684708590    -0.542788397197211     0.000000000000000
     0.000000000000000     0.000000000000000    -0.018308681569334
14 28
     0.000000000000000     0.000000000000000     0.000000000000000
     0.000000000000000     0.000000000000000     0.000000000000000
     0.000000000000000     0.000000000000000     0.000000000000000
14 29
   -13.825479421225563     7.111505549477575     0.000000000000000
     7.111505549477575    -5.613820134556769     0.000000000000000
     0.000000000000000     0.000000000000000    -0.921777641135644
14 30
   -13.825479421225561    -7.111505549477573     0.000000000000000
    -7.111505549477572    -5.613820134556765     0.000000000000000
     0.000000000000000     0.000000000000000    -0.921777641135644
14 31
     0.945357666475127     0.069683419580135     0.000000000000000
     0.485015696191769    -0.090652777791285     0.000000000000000
     0.000000000000000     0.000000000000000     0.067965960904165
14 32
     0.945357666475127    -0.069683419580136     0.000000000000000
    -0.485015696191769    -0.090652777791285     0.000000000000000
     0.000000000000000     0.000000000000000     0.067965960904165
15 1
    -0.451784245768275     0.216450631202297     0.000000000000000
     0.216450631202297    -0.201848585386454     0.000000000000000
     0.000000000000000     0.000000000000000    -0.009722057714982
15 2
     0.506278578338279     2.327140654479508     0.000000000000000
     1.282777892133093    -1.577908866301128     0.000000000000000
     0.000000000000000     0.000000000000000    -0.115503718681049
15 3
     0.506278578338280    -2.327140654479508     0.000000000000000
    -1.282777892133093    -1.577908866301127     0.000000000000000
     0.000000000000000     0.000000000000000    -0.115503718681049
15 4
    -0.451784245768275    -0.216450631202297     0.000000000000000
    -0.216450631202297    -0.201848585386454     0.000000000000000
     0.000000000000000     0.000000000000000    -0.009722057714982
15 5
     0.000000000000000     0.000000000000000     0.000000000000000
     0.000000000000000     0.000000000000000     0.000000000000000
     0.000000000000000     0.000000000000000     0.000000000000000
15 6
    -0.076880755195543     0.000000000000000     0.000000000000000
     0.000000000000000    -0.576752075959185     0.000000000000000
     0.000000000000000     0.000000000000000    -0.009722057714982
15 7
     0.000000000000000     0.000000000000000     0.000000000000000
     0.000000000000000     0.000000000000000     0.000000000000000
     0.000000000000000     0.000000000000000     0.000000000000000
15 8
    -0.076880755195543     0.000000000000000     0.000000000000000
     0.000000000000000    -0.576752075959185     0.000000000000000
     0.000000000000000     0.000000000000000    -0.009722057714982
15 9
    -0.451784245768275     0.216450631202297     0.000000000000000
     0.216450631202297    -0.201848585386454     0.000000000000000
     0.000000000000000     0.000000000000000    -0.009722057714982
15 10
    -0.451784245768275    -0.216450631202297     0.000000000000000
    -0.216450631202297    -0.201848585386454     0.000000000000000
     0.000000000000000     0.000000000000000    -0.009722057714982
15 11
     0.506278578338280    -1.282777892133093     0.000000000000000
    -2.327140654479508    -1.577908866301127     0.000000000000000
     0.000000000000000     0.000000000000000    -0.115503718681049
15 12
     0.506278578338279     1.282777892133093     0.000000000000000
     2.327140654479508    -1.577908866301128     0.000000000000000
     0.000000000000000     0.000000000000000    -0.115503718681049
15 13
     0.000000000000000     0.000000000000000     0.000000000000000
     0.000000000000000     0.000000000000000     0.000000000000000
     0.000000000000000     0.000000000000000     0.000000000000000
15 14
    -2.620002588620833    -0.522181381173207     0.000000000000000
     0.522181381173208     1.548372300657983     0.000000000000000
     0.000000000000000     0.000000000000000    -0.115503718681049
15 15
    32.014521715008712    -0.000000000000005     0.000000000000000
    -0.000000000000005    32.014521715008705     0.000000000000000
     0.000000000000000     0.000000000000000     3.163817861066129
15 16
    -2.620002588620833     0.522181381173208     0.000000000000000
    -0.522181381173207     1.548372300657983     0.000000000000000
     0.000000000000000     0.000000000000000    -0.115503718681049
15 17
     0.408541596132935    -0.794946598909150     0.000000000000000
    -0.379614322297517     0.446163292550906     0.000000000000000
     0.000000000000000     0.000000000000000     0.067965960904165
15 18
    -1.004277564383091     0.000000000000000     0.000000000000000
     0.000000000000000     0.841679104360426     0.000000000000000
     0.000000000000000     0.000000000000000    -0.018308681569334
15 19
     0.408541596132935     0.794946598909150     0.000000000000000
     0.379614322297517     0.446163292550906     0.000000000000000
     0.000000000000000     0.000000000000000     0.067965960904165
15 20
     0.000000000000000     0.000000000000000     0.000000000000000
     0.000000000000000     0.000000000000000     0.000000000000000
     0.000000000000000     0.000000000000000     0.000000000000000
15 21
     0.000000000000000     0.000000000000000     0.000000000000000
     0.000000000000000     0.000000000000000     0.000000000000000
     0.000000000000000     0.000000000000000     0.000000000000000
15 22
     0.000000000000000     0.000000000000000     0.000000000000000
     0.000000000000000     0.000000000000000     0.000000000000000
     0.000000000000000     0.000000000000000     0.000000000000000
15 23
    -0.071841929582300     0.102264764411565     0.000000000000000
     0.517597041023198     0.926546818266140     0.000000000000000
     0.000000000000000     0.000000000000000     0.067965960904165
15 24
    -0.071841929582300    -0.102264764411565     0.000000000000000
    -0.517597041023198     0.926546818266141     0.000000000000000
     0.000000000000000     0.000000000000000     0.067965960904165
15 25
     0.000000000000000     0.000000000000000     0.000000000000000
     0.000000000000000     0.000000000000000     0.000000000000000
     0.000000000000000     0.000000000000000     0.000000000000000
15 26
     0.380189937174547     0.799322684708590     0.000000000000000
     0.799322684708590    -0.542788397197211     0.000000000000000
     0.000000000000000     0.000000000000000    -0.018308681569334
15 27
    -1.507990491222374     0.000000000000001     0.000000000000000
     0.000000000000000   -17.931309064559947     0.000000000000000
     0.000000000000000     0.000000000000000    -0.921777641135644
15 28
     0.380189937174547    -0.799322684708591     0.000000000000000
    -0.799322684708590    -0.542788397197211     0.000000000000000
     0.000000000000000     0.000000000000000    -0.018308681569334
15 29
     0.945357666475127    -0.069683419580136     0.000000000000000
    -0.485015696191769    -0.090652777791285     0.000000000000000
     0.000000000000000     0.000000000000000     0.067965960904165
15 30
   -13.825479421225563     7.111505549477575     0.000000000000000
     7.111505549477575    -5.613820134556769     0.000000000000000
     0.000000000000000     0.000000000000000    -0.921777641135644
15 31
   -13.825479421225561    -7.111505549477573     0.000000000000000
    -7.111505549477572    -5.613820134556765     0.000000000000000
     0.000000000000000     0.000000000000000    -0.921777641135644
15 32
     0.945357666475127     0.069683419580135     0.000000000000000
     0.485015696191769    -0.090652777791285     0.000000000000000
     0.000000000000000     0.000000000000000     0.067965960904165
16 1
    -0.451784245768275    -0.216450631202297     0.000000000000000
    -0.216450631202297    -0.201848585386454     0.000000000000000
     0.000000000000000     0.000000000000000    -0.009722057714982
16 2
    -0.451784245768275     0.216450631202297     0.000000000000000
     0.216450631202297    -0.201848585386454     0.000000000000000
     0.000000000000000     0.000000000000000    -0.009722057714982
16 3
     0.506278578338279     2.327140654479508     0.000000000000000
     1.282777892133093    -1.577908866301128     0.000000000000000
     0.000000000000000     0.000000000000000    -0.115503718681049
16 4
     0.506278578338280    -2.327140654479508     0.000000000000000
    -1.282777892133093    -1.577908866301127     0.000000000000000
     0.000000000000000     0.000000000000000    -0.115503718681049
16 5
    -0.076880755195543     0.000000000000000     0.000000000000000
     0.000000000000000    -0.576752075959185     0.000000000000000
     0.000000000000000     0.000000000000000    -0.009722057714982
16 6
     0.000000000000000     0.000000000000000     0.000000000000000
     0.000000000000000     0.000000000000000     0.000000000000000
     0.000000000000000     0.000000000000000     0.000000000000000
16 7
    -0.076880755195543     0.000000000000000     0.000000000000000
     0.000000000000000    -0.576752075959185     0.000000000000000
     0.000000000000000     0.000000000000000    -0.009722057714982
16 8
     0.000000000000000     0.000000000000000     0.000000000000000
     0.000000000000000     0.000000000000000     0.000000000000000
     0.000000000000000     0.000000000000000     0.000000000000000
16 9
     0.506278578338279     1.282777892133093     0.000000000000000
     2.327140654479508    -1.577908866301128     0.000000000000000
     0.000000000000000     0.000000000000000    -0.115503718681049
16 10
    -0.451784245768275     0.216450631202297     0.000000000000000
     0.216450631202297    -0.201848585386454     0.000000000000000
     0.000000000000000     0.000000000000000    -0.009722057714982
16 11
    -0.451784245768275    -0.216450631202297     0.000000000000000
    -0.216450631202297    -0.201848585386454     0.000000000000000
     0.000000000000000     0.000000000000000    -0.009722057714982
16 12
     0.506278578338280    -1.282777892133093     0.000000000000000
    -2.327140654479508    -1.577908866301127     0.000000000000000
     0.000000000000000     0.000000000000000    -0.115503718681049
16 13
    -2.620002588620833     0.522181381173208     0.000000000000000
    -0.522181381173207     1.548372300657983     0.000000000000000
     0.000000000000000     0.000000000000000    -0.115503718681049
16 14
     0.000000000000000     0.000000000000000     0.000000000000000
     0.000000000000000     0.000000000000000     0.000000000000000
     0.000000000000000     0.000000000000000     0.000000000000000
16 15
    -2.620002588620833    -0.522181381173207     0.000000000000000
     0.522181381173208     1.548372300657983     0.000000000000000
     0.000000000000000     0.000000000000000    -0.115503718681049
16 16
    32.014521715008712    -0.000000000000005     0.000000000000000
    -0.000000000000005    32.014521715008705     0.000000000000000
     0.000000000000000     0.000000000000000     3.163817861066129
16 17
     0.000000000000000     0.000000000000000     0.000000000000000
     0.000000000000000     0.000000000000000     0.000000000000000
     0.000000000000000     0.000000000000000     0.000000000000000
16 18
     0.408541596132935    -0.794946598909150     0.000000000000000
    -0.379614322297517     0.446163292550906     0.000000000000000
     0.000000000000000     0.000000000000000     0.067965960904165
16 19
    -1.004277564383091     0.000000000000000     0.000000000000000
     0.000000000000000     0.841679104360426     0.000000000000000
     0.000000000000000     0.000000000000000    -0.018308681569334
16 20
     0.408541596132935     0.794946598909150     0.000000000000000
     0.379614322297517     0.446163292550906     0.000000000000000
     0.000000000000000     0.000000000000000     0.067965960904165
16 21
    -0.071841929582300    -0.102264764411565     0.000000000000000
    -0.517597041023198     0.926546818266141     0.000000000000000
     0.000000000000000     0.000000000000000     0.067965960904165
16 22
     0.000000000000000     0.000000000000000     0.000000000000000
     0.000000000000000     0.000000000000000     0.000000000000000
     0.000000000000000     0.000000000000000     0.000000000000000
16 23
     0.000000000000000     0.000000000000000     0.000000000000000
     0.000000000000000     0.000000000000000     0.000000000000000
     0.000000000000000     0.000000000000000     0.000000000000000
16 24
    -0.071841929582300     0.102264764411565     0.000000000000000
     0.517597041023198     0.926546818266140     0.000000000000000
     0.000000000000000     0.000000000000000     0.067965960904165
16 25
     0.380189937174547    -0.799322684708591     0.000000000000000
    -0.799322684708590    -0.542788397197211     0.000000000000000
     0.000000000000000     0.000000000000000    -0.018308681569334
16 26
     0.000000000000000     0.000000000000000     0.000000000000000
     0.000000000000000     0.000000000000000     0.000000000000000
     0.000000000000000     0.000000000000000     0.000000000000000
16 27
     0.380189937174547     0.799322684708590     0.000000000000000
     0.799322684708590    -0.542788397197211     0.000000000000000
     0.000000000000000     0.000000000000000    -0.018308681569334
16 28
    -1.507990491222374     0.000000000000001     0.000000000000000
     0.000000000000000   -17.931309064559947     0.000000000000000
     0.000000000000000     0.000000000000000    -0.921777641135644
16 29
     0.945357666475127     0.069683419580135     0.000000000000000
     0.485015696191769    -0.090652777791285     0.000000000000000
     0.000000000000000     0.000000000000000     0.067965960904165
16 30
     0.945357666475127    -0.069683419580136     0.000000000000000
    -0.485015696191769    -0.090652777791285     0.000000000000000
     0.000000000000000     0.000000000000000     0.067965960904165
16 31
   -13.825479421225563     7.111505549477575     0.000000000000000
     7.111505549477575    -5.613820134556769     0.000000000000000
     0.000000000000000     0.000000000000000    -0.921777641135644
16 32
   -13.825479421225561    -7.111505549477573     0.000000000000000
    -7.111505549477572    -5.613820134556765     0.000000000000000
     0.000000000000000     0.000000000000000    -0.921777641135644
17 1
   -13.825479421225561    -7.111505549477572     0.000000000000000
    -7.111505549477573    -5.613820134556765     0.000000000000000
     0.000000000000000     0.000000000000000    -0.921777641135644
17 2
   -13.825479421225563     7.111505549477575     0.000000000000000
     7.111505549477575    -5.613820134556769     0.000000000000000
     0.000000000000000     0.000000000000000    -0.921777641135644
17 3
     0.945357666475127    -0.485015696191769     0.000000000000000
    -0.069683419580136    -0.090652777791285     0.000000000000000
     0.000000000000000     0.000000000000000     0.067965960904165
17 4
     0.945357666475127     0.485015696191769     0.000000000000000
     0.069683419580135    -0.090652777791285     0.000000000000000
     0.000000000000000     0.000000000000000     0.067965960904165
17 5
    -1.507990491222374     0.000000000000000     0.000000000000000
     0.000000000000001   -17.931309064559947     0.000000000000000
     0.000000000000000     0.000000000000000    -0.921777641135644
17 6
     0.380189937174547     0.799322684708590     0.000000000000000
     0.799322684708590    -0.542788397197211     0.000000000000000
     0.000000000000000     0.000000000000000    -0.018308681569334
17 7
     0.000000000000000     0.000000000000000     0.000000000000000
     0.000000000000000     0.000000000000000     0.000000000000000
     0.000000000000000     0.000000000000000     0.000000000000000
17 8
     0.380189937174547    -0.799322684708590     0.000000000000000
    -0.799322684708591    -0.542788397197211     0.000000000000000
     0.000000000000000     0.000000000000000    -0.018308681569334
17 9
    -0.071841929582300     0.517597041023198     0.000000000000000
     0.102264764411565     0.926546818266140     0.000000000000000
     0.000000000000000     0.000000000000000     0.067965960904165
17 10
     0.000000000000000     0.000000000000000     0.000000000000000
     0.000000000000000     0.000000000000000     0.000000000000000
     0.000000000000000     0.000000000000000     0.000000000000000
17 11
     0.000000000000000     0.000000000000000     0.000000000000000
     0.000000000000000     0.000000000000000     0.000000000000000
     0.000000000000000     0.000000000000000     0.000000000000000
17 12
    -0.071841929582300    -0.517597041023198     0.000000000000000
    -0.102264764411565     0.926546818266141     0.000000000000000
     0.000000000000000     0.000000000000000     0.067965960904165
17 13
     0.408541596132935     0.379614322297517     0.000000000000000
     0.794946598909150     0.446163292550906     0.000000000000000
     0.000000000000000     0.000000000000000     0.067965960904165
17 14
    -1.004277564383091     0.000000000000000     0.000000000000000
     0.000000000000000     0.841679104360426     0.000000000000000
     0.000000000000000     0.000000000000000    -0.018308681569334
17 15
     0.408541596132935    -0.379614322297517     0.000000000000000
    -0.794946598909150     0.446163292550906     0.000000000000000
     0.000000000000000     0.000000000000000     0.067965960904165
17 16
     0.000000000000000     0.000000000000000     0.000000000000000
     0.000000000000000     0.000000000000000     0.000000000000000
     0.000000000000000     0.000000000000000     0.000000000000000
17 17
    33.552960831987953    -0.000000000000006     0.000000000000000
    -0.000000000000006    33.552960831987946     0.000000000000000
     0.000000000000000     0.000000000000000     0.930024753204388
17 18
    -2.223116278710565     0.086930205329496     0.000000000000000
    -0.086930205329496     0.472222899512604     0.000000000000000
     0.000000000000000     0.000000000000000     0.291026513999152
17 19
     0.000000000000000     0.000000000000000     0.000000000000000
     0.000000000000000     0.000000000000000     0.000000000000000
     0.000000000000000     0.000000000000000     0.000000000000000
17 20
    -2.223116278710565    -0.086930205329496     0.000000000000000
     0.086930205329496     0.472222899512604     0.000000000000000
     0.000000000000000     0.000000000000000     0.291026513999152
17 21
    -0.201611895043188    -1.254046305407864     0.000000000000000
    -1.080185894748872    -1.549281484154772     0.000000000000000
     0.000000000000000     0.000000000000000     0.291026513999152
17 22
    -0.385417573436644    -0.245650156497483     0.000000000000000
    -0.245650156497483    -0.101765205476052     0.000000000000000
     0.000000000000000     0.000000000000000    -0.043953439084893
17 23
    -0.385417573436644     0.245650156497483     0.000000000000000
     0.245650156497483    -0.101765205476053     0.000000000000000
     0.000000000000000     0.000000000000000    -0.043953439084893
17 24
    -0.201611895043189     1.254046305407865     0.000000000000000
     1.080185894748873    -1.549281484154773     0.000000000000000
     0.000000000000000     0.000000000000000     0.291026513999152
17 25
     0.000000000000000     0.000000000000000     0.000000000000000
     0.000000000000000     0.000000000000000     0.000000000000000
     0.000000000000000     0.000000000000000     0.000000000000000
17 26
     0.040060978504243    -0.000000000000000     0.000000000000000
    -0.000000000000000    -0.527243757416939     0.000000000000000
     0.000000000000000     0.000000000000000    -0.043953439084893
17 27
     0.000000000000000     0.000000000000000     0.000000000000000
     0.000000000000000     0.000000000000000     0.000000000000000
     0.000000000000000     0.000000000000000     0.000000000000000
17 28
     0.040060978504243    -0.000000000000000     0.000000000000000
    -0.000000000000000    -0.527243757416939     0.000000000000000
     0.000000000000000     0.000000000000000    -0.043953439084893
17 29
    -0.201611895043188    -1.080185894748872     0.000000000000000
    -1.254046305407864    -1.549281484154772     0.000000000000000
     0.000000000000000     0.000000000000000     0.291026513999152
17 30
    -0.201611895043189     1.080185894748873     0.000000000000000
     1.254046305407865    -1.549281484154773     0.000000000000000
     0.000000000000000     0.000000000000000     0.291026513999152
17 31
    -0.385417573436644     0.245650156497483     0.000000000000000
     0.245650156497483    -0.101765205476053     0.000000000000000
     0.000000000000000     0.000000000000000    -0.043953439084893
17 32
    -0.385417573436644    -0.245650156497483     0.000000000000000
    -0.245650156497483    -0.101765205476052     0.000000000000000
     0.000000000000000     0.000000000000000    -0.043953439084893
18 1
     0.945357666475127     0.485015696191769     0.000000000000000
     0.069683419580135    -0.090652777791285     0.000000000000000
     0.000000000000000     0.000000000000000     0.067965960904165
18 2
   -13.825479421225561    -7.111505549477572     0.000000000000000
    -7.111505549477573    -5.613820134556765     0.000000000000000
     0.000000000000000     0.000000000000000    -0.921777641135644
18 3
   -13.825479421225563     7.111505549477575     0.000000000000000
     7.111505549477575    -5.613820134556769     0.000000000000000
     0.000000000000000     0.000000000000000    -0.921777641135644
18 4
     0.945357666475127    -0.485015696191769     0.000000000000000
    -0.069683419580136    -0.090652777791285     0.000000000000000
     0.000000000000000     0.000000000000000     0.067965960904165
18 5
     0.380189937174547    -0.799322684708590     0.000000000000000
    -0.799322684708591    -0.542788397197211     0.000000000000000
     0.000000000000000     0.000000000000000    -0.018308681569334
18 6
    -1.507990491222374     0.000000000000000     0.000000000000000
     0.000000000000001   -17.931309064559947     0.000000000000000
     0.000000000000000     0.000000000000000    -0.921777641135644
18 7
     0.380189937174547     0.799322684708590     0.000000000000000
     0.799322684708590    -0.542788397197211     0.000000000000000
     0.000000000000000     0.000000000000000    -0.018308681569334
18 8
     0.000000000000000     0.000000000000000     0.000000000000000
     0.000000000000000     0.000000000000000     0.000000000000000
     0.000000000000000     0.000000000000000     0.000000000000000
18 9
    -0.071841929582300    -0.517597041023198     0.000000000000000
    -0.102264764411565     0.926546818266141     0.000000000000000
     0.000000000000000     0.000000000000000     0.067965960904165
18 10
    -0.071841929582300     0.517597041023198     0.000000000000000
     0.102264764411565     0.926546818266140     0.000000000000000
     0.000000000000000     0.000000000000000     0.067965960904165
18 11
     0.000000000000000     0.000000000000000     0.000000000000000
     0.000000000000000     0.000000000000000     0.000000000000000
     0.000000000000000     0.000000000000000     0.000000000000000
18 12
     0.000000000000000     0.000000000000000     0.000000000000000
     0.000000000000000     0.000000000000000     0.000000000000000
     0.000000000000000     0.000000000000000     0.000000000000000
18 13
     0.000000000000000     0.000000000000000     0.000000000000000
     0.000000000000000     0.000000000000000     0.000000000000000
     0.000000000000000     0.000000000000000     0.000000000000000
18 14
     0.408541596132935     0.379614322297517     0.000000000000000
     0.794946598909150     0.446163292550906     0.000000000000000
     0.000000000000000     0.000000000000000     0.067965960904165
18 15
    -1.004277564383091     0.000000000000000     0.000000000000000
     0.000000000000000     0.841679104360426     0.000000000000000
     0.000000000000000     0.000000000000000    -0.018308681569334
18 16
     0.408541596132935    -0.379614322297517     0.000000000000000
    -0.794946598909150     0.446163292550906     0.000000000000000
     0.000000000000000     0.000000000000000     0.067965960904165
18 17
    -2.223116278710565    -0.086930205329496     0.000000000000000
     0.086930205329496     0.472222899512604     0.000000000000000
     0.000000000000000     0.000000000000000     0.291026513999152
18 18
    33.552960831987953    -0.000000000000006     0.000000000000000
    -0.000000000000006    33.552960831987946     0.000000000000000
     0.000000000000000     0.000000000000000     0.930024753204388
18 19
    -2.223116278710565     0.086930205329496     0.000000000000000
    -0.086930205329496     0.472222899512604     0.000000000000000
     0.000000000000000     0.000000000000000     0.291026513999152
18 20
     0.000000000000000     0.000000000000000     0.000000000000000
     0.000000000000000     0.000000000000000     0.000000000000000
     0.000000000000000     0.000000000000000     0.000000000000000
18 21
    -0.201611895043189     1.254046305407865     0.000000000000000
     1.080185894748873    -1.549281484154773     0.000000000000000
     0.000000000000000     0.000000000000000     0.291026513999152
18 22
    -0.201611895043188    -1.254046305407864     0.000000000000000
    -1.080185894748872    -1.549281484154772     0.000000000000000
     0.000000000000000     0.000000000000000     0.291026513999152
18 23
    -0.385417573436644    -0.245650156497483     0.000000000000000
    -0.245650156497483    -0.101765205476052     0.000000000000000
     0.000000000000000     0.000000000000000    -0.043953439084893
18 24
    -0.385417573436644     0.245650156497483     0.000000000000000
     0.245650156497483    -0.101765205476053     0.000000000000000
     0.000000000000000     0.000000000000000    -0.043953439084893
18 25
     0.040060978504243    -0.000000000000000     0.000000000000000
    -0.000000000000000    -0.527243757416939     0.000000000000000
     0.000000000000000     0.000000000000000    -0.043953439084893
18 26
     0.000000000000000     0.000000000000000     0.000000000000000
     0.000000000000000     0.000000000000000     0.000000000000000
     0.000000000000000     0.000000000000000     0.000000000000000
18 27
     0.040060978504243    -0.000000000000000     0.000000000000000
    -0.000000000000000    -0.527243757416939     0.000000000000000
     0.000000000000000     0.000000000000000    -0.043953439084893
18 28
     0.000000000000000     0.000000000000000     0.000000000000000
     0.000000000000000     0.000000000000000     0.000000000000000
     0.000000000000000     0.000000000000000     0.000000000000000
18 29
    -0.385417573436644    -0.245650156497483     0.000000000000000
    -0.245650156497483    -0.101765205476052     0.000000000000000
     0.000000000000000     0.000000000000000    -0.043953439084893
18 30
    -0.201611895043188    -1.080185894748872     0.000000000000000
    -1.254046305407864    -1.549281484154772     0.000000000000000
     0.000000000000000     0.000000000000000     0.291026513999152
18 31
    -0.201611895043189     1.080185894748873     0.000000000000000
     1.254046305407865    -1.549281484154773     0.000000000000000
     0.000000000000000     0.000000000000000     0.291026513999152
18 32
    -0.385417573436644     0.245650156497483     0.000000000000000
     0.245650156497483    -0.101765205476053     0.000000000000000
     0.000000000000000     0.000000000000000    -0.043953439084893
19 1
     0.945357666475127    -0.485015696191769     0.000000000000000
    -0.069683419580136    -0.090652777791285     0.000000000000000
     0.000000000000000     0.000000000000000     0.067965960904165
19 2
     0.945357666475127     0.485015696191769     0.000000000000000
     0.069683419580135    -0.090652777791285     0.000000000000000
     0.000000000000000     0.000000000000000     0.067965960904165
19 3
   -13.825479421225561    -7.111505549477572     0.000000000000000
    -7.111505549477573    -5.613820134556765     0.000000000000000
     0.000000000000000     0.000000000000000    -0.921777641135644
19 4
   -13.825479421225563     7.111505549477575     0.000000000000000
     7.111505549477575    -5.613820134556769     0.000000000000000
     0.000000000000000     0.000000000000000    -0.921777641135644
19 5
     0.000000000000000     0.000000000000000     0.000000000000000
     0.000000000000000     0.000000000000000     0.000000000000000
     0.000000000000000     0.000000000000000     0.000000000000000
19 6
     0.380189937174547    -0.799322684708590     0.000000000000000
    -0.799322684708591    -0.542788397197211     0.000000000000000
     0.000000000000000     0.000000000000000    -0.018308681569334
19 7
    -1.507990491222374     0.000000000000000     0.000000000000000
     0.000000000000001   -17.931309064559947     0.000000000000000
     0.000000000000000     0.000000000000000    -0.921777641135644
19 8
     0.380189937174547     0.799322684708590     0.000000000000000
     0.799322684708590    -0.542788397197211     0.000000000000000
     0.000000000000000     0.000000000000000    -0.018308681569334
19 9
     0.000000000000000     0.000000000000000     0.000000000000000
     0.000000000000000     0.000000000000000     0.000000000000000
     0.000000000000000     0.000000000000000     0.000000000000000
19 10
    -0.071841929582300    -0.517597041023198     0.000000000000000
    -0.102264764411565     0.926546818266141     0.000000000000000
     0.000000000000000     0.000000000000000     0.067965960904165
19 11
    -0.071841929582300     0.517597041023198     0.000000000000000
     0.102264764411565     0.926546818266140     0.000000000000000
     0.000000000000000     0.000000000000000     0.067965960904165
19 12
     0.000000000000000     0.000000000000000     0.000000000000000
     0.000000000000000     0.000000000000000     0.000000000000000
     0.000000000000000     0.000000000000000     0.000000000000000
19 13
     0.408541596132935    -0.379614322297517     0.000000000000000
    -0.794946598909150     0.446163292550906     0.000000000000000
     0.000000000000000     0.000000000000000     0.067965960904165
19 14
     0.000000000000000     0.000000000000000     0.000000000000000
     0.000000000000000     0.000000000000000     0.000000000000000
     0.000000000000000     0.000000000000000     0.000000000000000
19 15
     0.408541596132935     0.379614322297517     0.000000000000000
     0.794946598909150     0.446163292550906     0.000000000000000
     0.000000000000000     0.000000000000000     0.067965960904165
19 16
    -1.004277564383091     0.000000000000000     0.000000000000000
     0.000000000000000     0.841679104360426     0.000000000000000
     0.000000000000000     0.000000000000000    -0.018308681569334
19 17
     0.000000000000000     0.000000000000000     0.000000000000000
     0.000000000000000     0.000000000000000     0.000000000000000
     0.000000000000000     0.000000000000000     0.000000000000000
19 18
    -2.223116278710565    -0.086930205329496     0.000000000000000
     0.086930205329496     0.472222899512604     0.000000000000000
     0.000000000000000     0.000000000000000     0.291026513999152
19 19
    33.552960831987953    -0.000000000000006     0.000000000000000
    -0.000000000000006    33.552960831987946     0.000000000000000
     0.000000000000000     0.000000000000000     0.930024753204388
19 20
    -2.223116278710565     0.086930205329496     0.000000000000000
    -0.086930205329496     0.472222899512604     0.000000000000000
     0.000000000000000     0.000000000000000     0.291026513999152
19 21
    -0.385417573436644     0.245650156497483     0.000000000000000
     0.245650156497483    -0.101765205476053     0.000000000000000
     0.000000000000000     0.000000000000000    -0.043953439084893
19 22
    -0.201611895043189     1.254046305407865     0.000000000000000
     1.080185894748873    -1.549281484154773     0.000000000000000
     0.000000000000000     0.000000000000000     0.291026513999152
19 23
    -0.201611895043188    -1.254046305407864     0.000000000000000
    -1.080185894748872    -1.549281484154772     0.000000000000000
     0.000000000000000     0.000000000000000     0.291026513999152
19 24
    -0.385417573436644    -0.245650156497483     0.000000000000000
    -0.245650156497483    -0.101765205476052     0.000000000000000
     0.000000000000000     0.000000000000000    -0.043953439084893
19 25
     0.000000000000000     0.000000000000000     0.000000000000000
     0.000000000000000     0.000000000000000     0.000000000000000
     0.000000000000000     0.000000000000000     0.000000000000000
19 26
     0.040060978504243    -0.000000000000000     0.000000000000000
    -0.000000000000000    -0.527243757416939     0.000000000000000
     0.000000000000000     0.000000000000000    -0.043953439084893
19 27
     0.000000000000000     0.000000000000000     0.000000000000000
     0.000000000000000     0.000000000000000     0.000000000000000
     0.000000000000000     0.000000000000000     0.000000000000000
19 28
     0.040060978504243    -0.000000000000000     0.000000000000000
    -0.000000000000000    -0.527243757416939     0.000000000000000
     0.000000000000000     0.000000000000000    -0.043953439084893
19 29
    -0.385417573436644     0.245650156497483     0.000000000000000
     0.245650156497483    -0.101765205476053     0.000000000000000
     0.000000000000000     0.000000000000000    -0.043953439084893
19 30
    -0.385417573436644    -0.245650156497483     0.000000000000000
    -0.245650156497483    -0.101765205476052     0.000000000000000
     0.000000000000000     0.000000000000000    -0.043953439084893
19 31
    -0.201611895043188    -1.080185894748872     0.000000000000000
    -1.254046305407864    -1.549281484154772     0.000000000000000
     0.000000000000000     0.000000000000000     0.291026513999152
19 32
    -0.201611895043189     1.080185894748873     0.000000000000000
     1.254046305407865    -1.549281484154773     0.000000000000000
     0.000000000000000     0.000000000000000     0.291026513999152
20 1
   -13.825479421225563     7.111505549477575     0.000000000000000
     7.111505549477575    -5.613820134556769     0.000000000000000
     0.000000000000000     0.000000000000000    -0.921777641135644
20 2
     0.945357666475127    -0.485015696191769     0.000000000000000
    -0.069683419580136    -0.090652777791285     0.000000000000000
     0.000000000000000     0.000000000000000     0.067965960904165
20 3
     0.945357666475127     0.485015696191769     0.000000000000000
     0.069683419580135    -0.090652777791285     0.000000000000000
     0.000000000000000     0.000000000000000     0.067965960904165
20 4
   -13.825479421225561    -7.111505549477572     0.000000000000000
    -7.111505549477573    -5.613820134556765     0.000000000000000
     0.000000000000000     0.000000000000000    -0.921777641135644
20 5
     0.380189937174547     0.799322684708590     0.000000000000000
     0.799322684708590    -0.542788397197211     0.000000000000000
     0.000000000000000     0.000000000000000    -0.018308681569334
20 6
     0.000000000000000     0.000000000000000     0.000000000000000
     0.000000000000000     0.000000000000000     0.000000000000000
     0.000000000000000     0.000000000000000     0.000000000000000
20 7
     0.380189937174547    -0.799322684708590     0.000000000000000
    -0.799322684708591    -0.542788397197211     0.000000000000000
     0.000000000000000     0.000000000000000    -0.018308681569334
20 8
    -1.507990491222374     0.000000000000000     0.000000000000000
     0.000000000000001   -17.931309064559947     0.000000000000000
     0.000000000000000     0.000000000000000    -0.921777641135644
20 9
     0.000000000000000     0.000000000000000     0.000000000000000
     0.000000000000000     0.000000000000000     0.000000000000000
     0.000000000000000     0.000000000000000     0.000000000000000
20 10
     0.000000000000000     0.000000000000000     0.000000000000000
     0.000000000000000     0.000000000000000     0.000000000000000
     0.000000000000000     0.000000000000000     0.000000000000000
20 11
    -0.071841929582300    -0.517597041023198     0.000000000000000
    -0.102264764411565     0.926546818266141     0.000000000000000
     0.000000000000000     0.000000000000000     0.067965960904165
20 12
    -0.071841929582300     0.517597041023198     0.000000000000000
     0.102264764411565     0.926546818266140     0.000000000000000
     0.000000000000000     0.000000000000000     0.067965960904165
20 13
    -1.004277564383091     0.000000000000000     0.000000000000000
     0.000000000000000     0.841679104360426     0.000000000000000
     0.000000000000000     0.000000000000000    -0.018308681569334
20 14
     0.408541596132935    -0.379614322297517     0.000000000000000
    -0.794946598909150     0.446163292550906     0.000000000000000
     0.000000000000000     0.000000000000000     0.067965960904165
20 15
     0.000000000000000     0.000000000000000     0.000000000000000
     0.000000000000000     0.000000000000000     0.000000000000000
     0.000000000000000     0.000000000000000     0.000000000000000
20 16
     0.408541596132935     0.379614322297517     0.000000000000000
     0.794946598909150     0.446163292550906     0.000000000000000
     0.000000000000000     0.000000000000000     0.067965960904165
20 17
    -2.223116278710565     0.086930205329496     0.000000000000000
    -0.086930205329496     0.472222899512604     0.000000000000000
     0.000000000000000     0.000000000000000     0.291026513999152
20 18
     0.000000000000000     0.000000000000000     0.000000000000000
     0.000000000000000     0.000000000000000     0.000000000000000
     0.000000000000000     0.000000000000000     0.000000000000000
20 19
    -2.223116278710565    -0.086930205329496     0.000000000000000
     0.086930205329496     0.472222899512604     0.000000000000000
     0.000000000000000     0.000000000000000     0.291026513999152
20 20
    33.552960831987953    -0.000000000000006     0.000000000000000
    -0.000000000000006    33.552960831987946     0.000000000000000
     0.000000000000000     0.000000000000000     0.930024753204388
20 21
    -0.385417573436644    -0.245650156497483     0.000000000000000
    -0.245650156497483    -0.101765205476052     0.000000000000000
     0.000000000000000     0.000000000000000    -0.043953439084893
20 22
    -0.385417573436644     0.245650156497483     0.000000000000000
     0.245650156497483    -0.101765205476053     0.000000000000000
     0.000000000000000     0.000000000000000    -0.043953439084893
20 23
    -0.201611895043189     1.254046305407865     0.000000000000000
     1.080185894748873    -1.549281484154773     0.000000000000000
     0.000000000000000     0.000000000000000     0.291026513999152
20 24
    -0.201611895043188    -1.254046305407864     0.000000000000000
    -1.080185894748872    -1.549281484154772     0.000000000000000
     0.000000000000000     0.000000000000000     0.291026513999152
20 25
     0.040060978504243    -0.000000000000000     0.000000000000000
    -0.000000000000000    -0.527243757416939     0.000000000000000
     0.000000000000000     0.000000000000000    -0.043953439084893
20 26
     0.000000000000000     0.000000000000000     0.000000000000000
     0.000000000000000     0.000000000000000     0.000000000000000
     0.000000000000000     0.000000000000000     0.000000000000000
20 27
     0.040060978504243    -0.000000000000000     0.000000000000000
    -0.000000000000000    -0.527243757416939     0.000000000000000
     0.000000000000000     0.000000000000000    -0.043953439084893
20 28
     0.000000000000000     0.000000000000000     0.000000000000000
     0.000000000000000     0.000000000000000     0.000000000000000
     0.000000000000000     0.000000000000000     0.000000000000000
20 29
    -0.201611895043189     1.080185894748873     0.000000000000000
     1.254046305407865    -1.549281484154773     0.000000000000000
     0.000000000000000     0.000000000000000     0.291026513999152
20 30
    -0.385417573436644     0.245650156497483     0.000000000000000
     0.245650156497483    -0.101765205476053     0.000000000000000
     0.000000000000000     0.000000000000000    -0.043953439084893
20 31
    -0.385417573436644    -0.245650156497483     0.000000000000000
    -0.245650156497483    -0.101765205476052     0.000000000000000
     0.000000000000000     0.000000000000000    -0.043953439084893
20 32
    -0.201611895043188    -1.080185894748872     0.000000000000000
    -1.254046305407864    -1.549281484154772     0.000000000000000
     0.000000000000000     0.000000000000000     0.291026513999152
21 1
     0.408541596132935     0.379614322297517     0.000000000000000
     0.794946598909150     0.446163292550906     0.000000000000000
     0.000000000000000     0.000000000000000     0.067965960904165
21 2
    -1.004277564383091     0.000000000000000     0.000000000000000
     0.000000000000000     0.841679104360426     0.000000000000000
     0.000000000000000     0.000000000000000    -0.018308681569334
21 3
     0.408541596132935    -0.379614322297517     0.000000000000000
    -0.794946598909150     0.446163292550906     0.000000000000000
     0.000000000000000     0.000000000000000     0.067965960904165
21 4
     0.000000000000000     0.000000000000000     0.000000000000000
     0.000000000000000     0.000000000000000     0.000000000000000
     0.000000000000000     0.000000000000000     0.000000000000000
21 5
   -13.825479421225561    -7.111505549477572     0.000000000000000
    -7.111505549477573    -5.613820134556765     0.000000000000000
     0.000000000000000     0.000000000000000    -0.921777641135644
21 6
   -13.825479421225563     7.111505549477575     0.000000000000000
     7.111505549477575    -5.613820134556769     0.000000000000000
     0.000000000000000     0.000000000000000    -0.921777641135644
21 7
     0.945357666475127    -0.485015696191769     0.000000000000000
    -0.069683419580136    -0.090652777791285     0.000000000000000
     0.000000000000000     0.000000000000000     0.067965960904165
21 8
     0.945357666475127     0.485015696191769     0.000000000000000
     0.069683419580135    -0.090652777791285     0.000000000000000
     0.000000000000000     0.000000000000000     0.067965960904165
21 9
    -1.507990491222374     0.000000000000000     0.000000000000000
     0.000000000000001   -17.931309064559947     0.000000000000000
     0.000000000000000     0.000000000000000    -0.921777641135644
21 10
     0.380189937174547     0.799322684708590     0.000000000000000
     0.799322684708590    -0.542788397197211     0.000000000000000
     0.000000000000000     0.000000000000000    -0.018308681569334
21 11
     0.000000000000000     0.000000000000000     0.000000000000000
     0.000000000000000     0.000000000000000     0.000000000000000
     0.000000000000000     0.000000000000000     0.000000000000000
21 12
     0.380189937174547    -0.799322684708590     0.000000000000000
    -0.799322684708591    -0.542788397197211     0.000000000000000
     0.000000000000000     0.000000000000000    -0.018308681569334
21 13
    -0.071841929582300     0.517597041023198     0.000000000000000
     0.102264764411565     0.926546818266140     0.000000000000000
     0.000000000000000     0.000000000000000     0.067965960904165
21 14
     0.000000000000000     0.000000000000000     0.000000000000000
     0.000000000000000     0.000000000000000     0.000000000000000
     0.000000000000000     0.000000000000000     0.000000000000000
21 15
     0.000000000000000     0.000000000000000     0.000000000000000
     0.000000000000000     0.000000000000000     0.000000000000000
     0.000000000000000     0.000000000000000     0.000000000000000
21 16
    -0.071841929582300    -0.517597041023198     0.000000000000000
    -0.102264764411565     0.926546818266141     0.000000000000000
     0.000000000000000     0.000000000000000     0.067965960904165
21 17
    -0.201611895043188    -1.080185894748872     0.000000000000000
    -1.254046305407864    -1.549281484154772     0.000000000000000
     0.000000000000000     0.000000000000000     0.291026513999152
21 18
    -0.201611895043189     1.080185894748873     0.000000000000000
     1.254046305407865    -1.549281484154773     0.000000000000000
     0.000000000000000     0.000000000000000     0.291026513999152
21 19
    -0.385417573436644     0.245650156497483     0.000000000000000
     0.245650156497483    -0.101765205476053     0.000000000000000
     0.000000000000000     0.000000000000000    -0.043953439084893
21 20
    -0.385417573436644    -0.245650156497483     0.000000000000000
    -0.245650156497483    -0.101765205476052     0.000000000000000
     0.000000000000000     0.000000000000000    -0.043953439084893
21 21
    33.552960831987953    -0.000000000000006     0.000000000000000
    -0.000000000000006    33.552960831987946     0.000000000000000
     0.000000000000000     0.000000000000000     0.930024753204388
21 22
    -2.223116278710565     0.086930205329496     0.000000000000000
    -0.086930205329496     0.472222899512604     0.000000000000000
     0.000000000000000     0.000000000000000     0.291026513999152
21 23
     0.000000000000000     0.000000000000000     0.000000000000000
     0.000000000000000     0.000000000000000     0.000000000000000
     0.000000000000000     0.000000000000000     0.000000000000000
21 24
    -2.223116278710565    -0.086930205329496     0.000000000000000
     0.086930205329496     0.472222899512604     0.000000000000000
     0.000000000000000     0.000000000000000     0.291026513999152
21 25
    -0.201611895043188    -1.254046305407864     0.000000000000000
    -1.080185894748872    -1.549281484154772     0.000000000000000
     0.000000000000000     0.000000000000000     0.291026513999152
21 26
    -0.385417573436644    -0.245650156497483     0.000000000000000
    -0.245650156497483    -0.101765205476052     0.000000000000000
     0.000000000000000     0.000000000000000    -0.043953439084893
21 27
    -0.385417573436644     0.245650156497483     0.000000000000000
     0.245650156497483    -0.101765205476053     0.000000000000000
     0.000000000000000     0.000000000000000    -0.043953439084893
21 28
    -0.201611895043189     1.254046305407865     0.000000000000000
     1.080185894748873    -1.549281484154773     0.000000000000000
     0.000000000000000     0.000000000000000     0.291026513999152
21 29
     0.000000000000000     0.000000000000000     0.000000000000000
     0.000000000000000     0.000000000000000     0.000000000000000
     0.000000000000000     0.000000000000000     0.000000000000000
21 30
     0.040060978504243    -0.000000000000000     0.000000000000000
    -0.000000000000000    -0.527243757416939     0.000000000000000
     0.000000000000000     0.000000000000000    -0.043953439084893
21 31
     0.000000000000000     0.000000000000000     0.000000000000000
     0.000000000000000     0.000000000000000     0.000000000000000
     0.000000000000000     0.000000000000000     0.000000000000000
21 32
     0.040060978504243    -0.000000000000000     0.000000000000000
    -0.000000000000000    -0.527243757416939     0.000000000000000
     0.000000000000000     0.000000000000000    -0.043953439084893
22 1
     0.000000000000000     0.000000000000000     0.000000000000000
     0.000000000000000     0.000000000000000     0.000000000000000
     0.000000000000000     0.000000000000000     0.000000000000000
22 2
     0.408541596132935     0.379614322297517     0.000000000000000
     0.794946598909150     0.446163292550906     0.000000000000000
     0.000000000000000     0.000000000000000     0.067965960904165
22 3
    -1.004277564383091     0.000000000000000     0.000000000000000
     0.000000000000000     0.841679104360426     0.000000000000000
     0.000000000000000     0.000000000000000    -0.018308681569334
22 4
     0.408541596132935    -0.379614322297517     0.000000000000000
    -0.794946598909150     0.446163292550906     0.000000000000000
     0.000000000000000     0.000000000000000     0.067965960904165
22 5
     0.945357666475127     0.485015696191769     0.000000000000000
     0.069683419580135    -0.090652777791285     0.000000000000000
     0.000000000000000     0.000000000000000     0.067965960904165
22 6
   -13.825479421225561    -7.111505549477572     0.000000000000000
    -7.111505549477573    -5.613820134556765     0.000000000000000
     0.000000000000000     0.000000000000000    -0.921777641135644
22 7
   -13.825479421225563     7.111505549477575     0.000000000000000
     7.111505549477575    -5.613820134556769     0.000000000000000
     0.000000000000000     0.000000000000000    -0.921777641135644
22 8
     0.945357666475127    -0.485015696191769     0.000000000000000
    -0.069683419580136    -0.090652777791285     0.000000000000000
     0.000000000000000     0.000000000000000     0.067965960904165
22 9
     0.380189937174547    -0.799322684708590     0.000000000000000
    -0.799322684708591    -0.542788397197211     0.000000000000000
     0.000000000000000     0.000000000000000    -0.018308681569334
22 10
    -1.507990491222374     0.000000000000000     0.000000000000000
     0.000000000000001   -17.931309064559947     0.000000000000000
     0.000000000000000     0.000000000000000    -0.921777641135644
22 11
     0.380189937174547     0.799322684708590     0.000000000000000
     0.799322684708590    -0.542788397197211     0.000000000000000
     0.000000000000000     0.000000000000000    -0.018308681569334
22 12
     0.000000000000000     0.000000000000000     0.000000000000000
     0.000000000000000     0.000000000000000     0.000000000000000
     0.000000000000000     0.000000000000000     0.000000000000000
22 13
    -0.071841929582300    -0.517597041023198     0.000000000000000
    -0.102264764411565     0.926546818266141     0.000000000000000
     0.000000000000000     0.000000000000000     0.067965960904165
22 14
    -0.071841929582300     0.517597041023198     0.000000000000000
     0.102264764411565     0.926546818266140     0.000000000000000
     0.000000000000000     0.000000000000000     0.067965960904165
22 15
     0.000000000000000     0.000000000000000     0.000000000000000
     0.000000000000000     0.000000000000000     0.000000000000000
     0.000000000000000     0.000000000000000     0.000000000000000
22 16
     0.000000000000000     0.000000000000000     0.000000000000000
     0.000000000000000     0.000000000000000     0.000000000000000
     0.000000000000000     0.000000000000000     0.000000000000000
22 17
    -0.385417573436644    -0.245650156497483     0.000000000000000
    -0.245650156497483    -0.101765205476052     0.000000000000000
     0.000000000000000     0.000000000000000    -0.043953439084893
22 18
    -0.201611895043188    -1.080185894748872     0.000000000000000
    -1.254046305407864    -1.549281484154772     0.000000000000000
     0.000000000000000     0.000000000000000     0.291026513999152
22 19
    -0.201611895043189     1.080185894748873     0.000000000000000
     1.254046305407865    -1.549281484154773     0.000000000000000
     0.000000000000000     0.000000000000000     0.291026513999152
22 20
    -0.385417573436644     0.245650156497483     0.000000000000000
     0.245650156497483    -0.101765205476053     0.000000000000000
     0.000000000000000     0.000000000000000    -0.043953439084893
22 21
    -2.223116278710565    -0.086930205329496     0.000000000000000
     0.086930205329496     0.472222899512604     0.000000000000000
     0.000000000000000     0.000000000000000     0.291026513999152
22 22
    33.552960831987953    -0.000000000000006     0.000000000000000
    -0.000000000000006    33.552960831987946     0.000000000000000
     0.000000000000000     0.000000000000000     0.930024753204388
22 23
    -2.223116278710565     0.086930205329496     0.000000000000000
    -0.086930205329496     0.472222899512604     0.000000000000000
     0.000000000000000     0.000000000000000     0.291026513999152
22 24
     0.000000000000000     0.000000000000000     0.000000000000000
     0.000000000000000     0.000000000000000     0.000000000000000
     0.000000000000000     0.000000000000000     0.000000000000000
22 25
    -0.201611895043189     1.254046305407865     0.000000000000000
     1.080185894748873    -1.549281484154773     0.000000000000000
     0.000000000000000     0.000000000000000     0.291026513999152
22 26
    -0.201611895043188    -1.254046305407864     0.000000000000000
    -1.080185894748872    -1.549281484154772     0.000000000000000
     0.000000000000000     0.000000000000000     0.291026513999152
22 27
    -0.385417573436644    -0.245650156497483     0.000000000000000
    -0.245650156497483    -0.101765205476052     0.000000000000000
     0.000000000000000     0.000000000000000    -0.043953439084893
22 28
    -0.385417573436644     0.245650156497483     0.000000000000000
     0.245650156497483    -0.101765205476053     0.000000000000000
     0.000000000000000     0.000000000000000    -0.043953439084893
22 29
     0.040060978504243    -0.000000000000000     0.000000000000000
    -0.000000000000000    -0.527243757416939     0.000000000000000
     0.000000000000000     0.000000000000000    -0.043953439084893
22 30
     0.000000000000000     0.000000000000000     0.000000000000000
     0.000000000000000     0.000000000000000     0.000000000000000
     0.000000000000000     0.000000000000000     0.000000000000000
22 31
     0.040060978504243    -0.000000000000000     0.000000000000000
    -0.000000000000000    -0.527243757416939     0.000000000000000
     0.000000000000000     0.000000000000000    -0.043953439084893
22 32
     0.000000000000000     0.000000000000000     0.000000000000000
     0.000000000000000     0.000000000000000     0.000000000000000
     0.000000000000000     0.000000000000000     0.000000000000000
23 1
     0.408541596132935    -0.379614322297517     0.000000000000000
    -0.794946598909150     0.446163292550906     0.000000000000000
     0.000000000000000     0.000000000000000     0.067965960904165
23 2
     0.000000000000000     0.000000000000000     0.000000000000000
     0.000000000000000     0.000000000000000     0.000000000000000
     0.000000000000000     0.000000000000000     0.000000000000000
23 3
     0.408541596132935     0.379614322297517     0.000000000000000
     0.794946598909150     0.446163292550906     0.000000000000000
     0.000000000000000     0.000000000000000     0.067965960904165
23 4
    -1.004277564383091     0.000000000000000     0.000000000000000
     0.000000000000000     0.841679104360426     0.000000000000000
     0.000000000000000     0.000000000000000    -0.018308681569334
23 5
     0.945357666475127    -0.485015696191769     0.000000000000000
    -0.069683419580136    -0.090652777791285     0.000000000000000
     0.000000000000000     0.000000000000000     0.067965960904165
23 6
     0.945357666475127     0.485015696191769     0.000000000000000
     0.069683419580135    -0.090652777791285     0.000000000000000
     0.000000000000000     0.000000000000000     0.067965960904165
23 7
   -13.825479421225561    -7.111505549477572     0.000000000000000
    -7.111505549477573    -5.613820134556765     0.000000000000000
     0.000000000000000     0.000000000000000    -0.921777641135644
23 8
   -13.825479421225563     7.111505549477575     0.000000000000000
     7.111505549477575    -5.613820134556769     0.000000000000000
     0.000000000000000     0.000000000000000    -0.921777641135644
23 9
     0.000000000000000     0.000000000000000     0.000000000000000
     0.000000000000000     0.000000000000000     0.000000000000000
     0.000000000000000     0.000000000000000     0.000000000000000
23 10
     0.380189937174547    -0.799322684708590     0.000000000000000
    -0.799322684708591    -0.542788397197211     0.000000000000000
     0.000000000000000     0.000000000000000    -0.018308681569334
23 11
    -1.507990491222374     0.000000000000000     0.000000000000000
     0.000000000000001   -17.931309064559947     0.000000000000000
     0.000000000000000     0.000000000000000    -0.921777641135644
23 12
     0.380189937174547     0.799322684708590     0.000000000000000
     0.799322684708590    -0.542788397197211     0.000000000000000
     0.000000000000000     0.000000000000000    -0.018308681569334
23 13
     0.000000000000000     0.000000000000000     0.000000000000000
     0.000000000000000     0.000000000000000     0.000000000000000
     0.000000000000000     0.000000000000000     0.000000000000000
23 14
    -0.071841929582300    -0.517597041023198     0.000000000000000
    -0.102264764411565     0.926546818266141     0.000000000000000
     0.000000000000000     0.000000000000000     0.067965960904165
23 15
    -0.071841929582300     0.517597041023198     0.000000000000000
     0.102264764411565     0.926546818266140     0.000000000000000
     0.000000000000000     0.000000000000000     0.067965960904165
23 16
     0.000000000000000     0.000000000000000     0.000000000000000
     0.000000000000000     0.000000000000000     0.000000000000000
     0.000000000000000     0.000000000000000     0.000000000000000
23 17
    -0.385417573436644     0.245650156497483     0.000000000000000
     0.245650156497483    -0.101765205476053     0.000000000000000
     0.000000000000000     0.000000000000000    -0.043953439084893
23 18
    -0.385417573436644    -0.245650156497483     0.000000000000000
    -0.245650156497483    -0.101765205476052     0.000000000000000
     0.000000000000000     0.000000000000000    -0.043953439084893
23 19
    -0.201611895043188    -1.080185894748872     0.000000000000000
    -1.254046305407864    -1.549281484154772     0.000000000000000
     0.000000000000000     0.000000000000000     0.291026513999152
23 20
    -0.201611895043189     1.080185894748873     0.000000000000000
     1.254046305407865    -1.549281484154773     0.000000000000000
     0.000000000000000     0.000000000000000     0.291026513999152
23 21
     0.000000000000000     0.000000000000000     0.000000000000000
     0.000000000000000     0.000000000000000     0.000000000000000
     0.000000000000000     0.000000000000000     0.000000000000000
23 22
    -2.223116278710565    -0.086930205329496     0.000000000000000
     0.086930205329496     0.472222899512604     0.000000000000000
     0.000000000000000     0.000000000000000     0.291026513999152
23 23
    33.552960831987953    -0.000000000000006     0.000000000000000
    -0.000000000000006    33.552960831987946     0.000000000000000
     0.000000000000000     0.000000000000000     0.930024753204388
23 24
    -2.223116278710565     0.086930205329496     0.000000000000000
    -0.086930205329496     0.472222899512604     0.000000000000000
     0.000000000000000     0.000000000000000     0.291026513999152
23 25
    -0.385417573436644     0.245650156497483     0.000000000000000
     0.245650156497483    -0.101765205476053     0.000000000000000
     0.000000000000000     0.000000000000000    -0.043953439084893
23 26
    -0.201611895043189     1.254046305407865     0.000000000000000
     1.080185894748873    -1.549281484154773     0.000000000000000
     0.000000000000000     0.000000000000000     0.291026513999152
23 27
    -0.201611895043188    -1.254046305407864     0.000000000000000
    -1.080185894748872    -1.549281484154772     0.000000000000000
     0.000000000000000     0.000000000000000     0.291026513999152
23 28
    -0.385417573436644    -0.245650156497483     0.000000000000000
    -0.245650156497483    -0.101765205476052     0.000000000000000
     0.000000000000000     0.000000000000000    -0.043953439084893
23 29
     0.000000000000000     0.000000000000000     0.000000000000000
     0.000000000000000     0.000000000000000     0.000000000000000
     0.000000000000000     0.000000000000000     0.000000000000000
23 30
     0.040060978504243    -0.000000000000000     0.000000000000000
    -0.000000000000000    -0.527243757416939     0.000000000000000
     0.000000000000000     0.000000000000000    -0.043953439084893
23 31
     0.000000000000000     0.000000000000000     0.000000000000000
     0.000000000000000     0.000000000000000     0.000000000000000
     0.000000000000000     0.000000000000000     0.000000000000000
23 32
     0.040060978504243    -0.000000000000000     0.000000000000000
    -0.000000000000000    -0.527243757416939     0.000000000000000
     0.000000000000000     0.000000000000000    -0.043953439084893
24 1
    -1.004277564383091     0.000000000000000     0.000000000000000
     0.000000000000000     0.841679104360426     0.000000000000000
     0.000000000000000     0.000000000000000    -0.018308681569334
24 2
     0.408541596132935    -0.379614322297517     0.000000000000000
    -0.794946598909150     0.446163292550906     0.000000000000000
     0.000000000000000     0.000000000000000     0.067965960904165
24 3
     0.000000000000000     0.000000000000000     0.000000000000000
     0.000000000000000     0.000000000000000     0.000000000000000
     0.000000000000000     0.000000000000000     0.000000000000000
24 4
     0.408541596132935     0.379614322297517     0.000000000000000
     0.794946598909150     0.446163292550906     0.000000000000000
     0.000000000000000     0.000000000000000     0.067965960904165
24 5
   -13.825479421225563     7.111505549477575     0.000000000000000
     7.111505549477575    -5.613820134556769     0.000000000000000
     0.000000000000000     0.000000000000000    -0.921777641135644
24 6
     0.945357666475127    -0.485015696191769     0.000000000000000
    -0.069683419580136    -0.090652777791285     0.000000000000000
     0.000000000000000     0.000000000000000     0.067965960904165
24 7
     0.945357666475127     0.485015696191769     0.000000000000000
     0.069683419580135    -0.090652777791285     0.000000000000000
     0.000000000000000     0.000000000000000     0.067965960904165
24 8
   -13.825479421225561    -7.111505549477572     0.000000000000000
    -7.111505549477573    -5.613820134556765     0.000000000000000
     0.000000000000000     0.000000000000000    -0.921777641135644
24 9
     0.380189937174547     0.799322684708590     0.000000000000000
     0.799322684708590    -0.542788397197211     0.000000000000000
     0.000000000000000     0.000000000000000    -0.018308681569334
24 10
     0.000000000000000     0.000000000000000     0.000000000000000
     0.000000000000000     0.000000000000000     0.000000000000000
     0.000000000000000     0.000000000000000     0.000000000000000
24 11
     0.380189937174547    -0.799322684708590     0.000000000000000
    -0.799322684708591    -0.542788397197211     0.000000000000000
     0.000000000000000     0.000000000000000    -0.018308681569334
24 12
    -1.507990491222374     0.000000000000000     0.000000000000000
     0.000000000000001   -17.931309064559947     0.000000000000000
     0.000000000000000     0.000000000000000    -0.921777641135644
24 13
     0.000000000000000     0.000000000000000     0.000000000000000
     0.000000000000000     0.000000000000000     0.000000000000000
     0.000000000000000     0.000000000000000     0.000000000000000
24 14
     0.000000000000000     0.000000000000000     0.000000000000000
     0.000000000000000     0.000000000000000     0.000000000000000
     0.000000000000000     0.000000000000000     0.000000000000000
24 15
    -0.071841929582300    -0.517597041023198     0.000000000000000
    -0.102264764411565     0.926546818266141     0.000000000000000
     0.000000000000000     0.000000000000000     0.067965960904165
24 16
    -0.071841929582300     0.517597041023198     0.000000000000000
     0.102264764411565     0.926546818266140     0.000000000000000
     0.000000000000000     0.000000000000000     0.067965960904165
24 17
    -0.201611895043189     1.080185894748873     0.000000000000000
     1.254046305407865    -1.549281484154773     0.000000000000000
     0.000000000000000     0.000000000000000     0.291026513999152
24 18
    -0.385417573436644     0.245650156497483     0.000000000000000
     0.245650156497483    -0.101765205476053     0.000000000000000
     0.000000000000000     0.000000000000000    -0.043953439084893
24 19
    -0.385417573436644    -0.245650156497483     0.000000000000000
    -0.245650156497483    -0.101765205476052     0.000000000000000
     0.000000000000000     0.000000000000000    -0.043953439084893
24 20
    -0.201611895043188    -1.080185894748872     0.000000000000000
    -1.254046305407864    -1.549281484154772     0.000000000000000
     0.000000000000000     0.000000000000000     0.291026513999152
24 21
    -2.223116278710565     0.086930205329496     0.000000000000000
    -0.086930205329496     0.472222899512604     0.000000000000000
     0.000000000000000     0.000000000000000     0.291026513999152
24 22
     0.000000000000000     0.000000000000000     0.000000000000000
     0.000000000000000     0.000000000000000     0.000000000000000
     0.000000000000000     0.000000000000000     0.000000000000000
24 23
    -2.223116278710565    -0.086930205329496     0.000000000000000
     0.086930205329496     0.472222899512604     0.000000000000000
     0.000000000000000     0.000000000000000     0.291026513999152
24 24
    33.552960831987953    -0.000000000000006     0.000000000000000
    -0.000000000000006    33.552960831987946     0.000000000000000
     0.000000000000000     0.000000000000000     0.930024753204388
24 25
    -0.385417573436644    -0.245650156497483     0.000000000000000
    -0.245650156497483    -0.101765205476052     0.000000000000000
     0.000000000000000     0.000000000000000    -0.043953439084893
24 26
    -0.385417573436644     0.245650156497483     0.000000000000000
     0.245650156497483    -0.101765205476053     0.000000000000000
     0.000000000000000     0.000000000000000    -0.043953439084893
24 27
    -0.201611895043189     1.254046305407865     0.000000000000000
     1.080185894748873    -1.549281484154773     0.000000000000000
     0.000000000000000     0.000000000000000     0.291026513999152
24 28
    -0.201611895043188    -1.254046305407864     0.000000000000000
    -1.080185894748872    -1.549281484154772     0.000000000000000
     0.000000000000000     0.000000000000000     0.291026513999152
24 29
     0.040060978504243    -0.000000000000000     0.000000000000000
    -0.000000000000000    -0.527243757416939     0.000000000000000
     0.000000000000000     0.000000000000000    -0.043953439084893
24 30
     0.000000000000000     0.000000000000000     0.000000000000000
     0.000000000000000     0.000000000000000     0.000000000000000
     0.000000000000000     0.000000000000000     0.000000000000000
24 31
     0.040060978504243    -0.000000000000000     0.000000000000000
    -0.000000000000000    -0.527243757416939     0.000000000000000
     0.000000000000000     0.000000000000000    -0.043953439084893
24 32
     0.000000000000000     0.000000000000000     0.000000000000000
     0.000000000000000     0.000000000000000     0.000000000000000
     0.000000000000000     0.000000000000000     0.000000000000000
25 1
    -0.071841929582300     0.517597041023198     0.000000000000000
     0.102264764411565     0.926546818266140     0.000000000000000
     0.000000000000000     0.000000000000000     0.067965960904165
25 2
     0.000000000000000     0.000000000000000     0.000000000000000
     0.000000000000000     0.000000000000000     0.000000000000000
     0.000000000000000     0.000000000000000     0.000000000000000
25 3
     0.000000000000000     0.000000000000000     0.000000000000000
     0.000000000000000     0.000000000000000     0.000000000000000
     0.000000000000000     0.000000000000000     0.000000000000000
25 4
    -0.071841929582300    -0.517597041023198     0.000000000000000
    -0.102264764411565     0.926546818266141     0.000000000000000
     0.000000000000000     0.000000000000000     0.067965960904165
25 5
     0.408541596132935     0.379614322297517     0.000000000000000
     0.794946598909150     0.446163292550906     0.000000000000000
     0.000000000000000     0.000000000000000     0.067965960904165
25 6
    -1.004277564383091     0.000000000000000     0.000000000000000
     0.000000000000000     0.841679104360426     0.000000000000000
     0.000000000000000     0.000000000000000    -0.018308681569334
25 7
     0.408541596132935    -0.379614322297517     0.000000000000000
    -0.794946598909150     0.446163292550906     0.000000000000000
     0.000000000000000     0.000000000000000     0.067965960904165
25 8
     0.000000000000000     0.000000000000000     0.000000000000000
     0.000000000000000     0.000000000000000     0.000000000000000
     0.000000000000000     0.000000000000000     0.000000000000000
25 9
   -13.825479421225561    -7.111505549477572     0.000000000000000
    -7.111505549477573    -5.613820134556765     0.000000000000000
     0.000000000000000     0.000000000000000    -0.921777641135644
25 10
   -13.825479421225563     7.111505549477575     0.000000000000000
     7.111505549477575    -5.613820134556769     0.000000000000000
     0.000000000000000     0.000000000000000    -0.921777641135644
25 11
     0.945357666475127    -0.485015696191769     0.000000000000000
    -0.069683419580136    -0.090652777791285     0.000000000000000
     0.000000000000000     0.000000000000000     0.067965960904165
25 12
     0.945357666475127     0.485015696191769     0.000000000000000
     0.069683419580135    -0.090652777791285     0.000000000000000
     0.000000000000000     0.000000000000000     0.067965960904165
25 13
    -1.507990491222374     0.000000000000000     0.000000000000000
     0.000000000000001   -17.931309064559947     0.000000000000000
     0.000000000000000     0.000000000000000    -0.921777641135644
25 14
     0.380189937174547     0.799322684708590     0.000000000000000
     0.799322684708590    -0.542788397197211     0.000000000000000
     0.000000000000000     0.000000000000000    -0.018308681569334
25 15
     0.000000000000000     0.000000000000000     0.000000000000000
     0.000000000000000     0.000000000000000     0.000000000000000
     0.000000000000000     0.000000000000000     0.000000000000000
25 16
     0.380189937174547    -0.799322684708590     0.000000000000000
    -0.799322684708591    -0.542788397197211     0.000000000000000
     0.000000000000000     0.000000000000000    -0.018308681569334
25 17
     0.000000000000000     0.000000000000000     0.000000000000000
     0.000000000000000     0.000000000000000     0.000000000000000
     0.000000000000000     0.000000000000000     0.000000000000000
25 18
     0.040060978504243    -0.000000000000000     0.000000000000000
    -0.000000000000000    -0.527243757416939     0.000000000000000
     0.000000000000000     0.000000000000000    -0.043953439084893
25 19
     0.000000000000000     0.000000000000000     0.000000000000000
     0.000000000000000     0.000000000000000     0.000000000000000
     0.000000000000000     0.000000000000000     0.000000000000000
25 20
     0.040060978504243    -0.000000000000000     0.000000000000000
    -0.000000000000000    -0.527243757416939     0.000000000000000
     0.000000000000000     0.000000000000000    -0.043953439084893
25 21
    -0.201611895043188    -1.080185894748872     0.000000000000000
    -1.254046305407864    -1.549281484154772     0.000000000000000
     0.000000000000000     0.000000000000000     0.291026513999152
25 22
    -0.201611895043189     1.080185894748873     0.000000000000000
     1.254046305407865    -1.549281484154773     0.000000000000000
     0.000000000000000     0.000000000000000     0.291026513999152
25 23
    -0.385417573436644     0.245650156497483     0.000000000000000
     0.245650156497483    -0.101765205476053     0.000000000000000
     0.000000000000000     0.000000000000000    -0.043953439084893
25 24
    -0.385417573436644    -0.245650156497483     0.000000000000000
    -0.245650156497483    -0.101765205476052     0.000000000000000
     0.000000000000000     0.000000000000000    -0.043953439084893
25 25
    33.552960831987953    -0.000000000000006     0.000000000000000
    -0.000000000000006    33.552960831987946     0.000000000000000
     0.000000000000000     0.000000000000000     0.930024753204388
25 26
    -2.223116278710565     0.086930205329496     0.000000000000000
    -0.086930205329496     0.472222899512604     0.000000000000000
     0.000000000000000     0.000000000000000     0.291026513999152
25 27
     0.000000000000000     0.000000000000000     0.000000000000000
     0.000000000000000     0.000000000000000     0.000000000000000
     0.000000000000000     0.000000000000000     0.000000000000000
25 28
    -2.223116278710565    -0.086930205329496     0.000000000000000
     0.086930205329496     0.472222899512604     0.000000000000000
     0.000000000000000     0.000000000000000     0.291026513999152
25 29
    -0.201611895043188    -1.254046305407864     0.000000000000000
    -1.080185894748872    -1.549281484154772     0.000000000000000
     0.000000000000000     0.000000000000000     0.291026513999152
25 30
    -0.385417573436644    -0.245650156497483     0.000000000000000
    -0.245650156497483    -0.101765205476052     0.000000000000000
     0.000000000000000     0.000000000000000    -0.043953439084893
25 31
    -0.385417573436644     0.245650156497483     0.000000000000000
     0.245650156497483    -0.101765205476053     0.000000000000000
     0.000000000000000     0.000000000000000    -0.043953439084893
25 32
    -0.201611895043189     1.254046305407865     0.000000000000000
     1.080185894748873    -1.549281484154773     0.000000000000000
     0.000000000000000     0.000000000000000     0.291026513999152
26 1
    -0.071841929582300    -0.517597041023198     0.000000000000000
    -0.102264764411565     0.926546818266141     0.000000000000000
     0.000000000000000     0.000000000000000     0.067965960904165
26 2
    -0.071841929582300     0.517597041023198     0.000000000000000
     0.102264764411565     0.926546818266140     0.000000000000000
     0.000000000000000     0.000000000000000     0.067965960904165
26 3
     0.000000000000000     0.000000000000000     0.000000000000000
     0.000000000000000     0.000000000000000     0.000000000000000
     0.000000000000000     0.000000000000000     0.000000000000000
26 4
     0.000000000000000     0.000000000000000     0.000000000000000
     0.000000000000000     0.000000000000000     0.000000000000000
     0.000000000000000     0.000000000000000     0.000000000000000
26 5
     0.000000000000000     0.000000000000000     0.000000000000000
     0.000000000000000     0.000000000000000     0.000000000000000
     0.000000000000000     0.000000000000000     0.000000000000000
26 6
     0.408541596132935     0.379614322297517     0.000000000000000
     0.794946598909150     0.446163292550906     0.000000000000000
     0.000000000000000     0.000000000000000     0.067965960904165
26 7
    -1.004277564383091     0.000000000000000     0.000000000000000
     0.000000000000000     0.841679104360426     0.000000000000000
     0.000000000000000     0.000000000000000    -0.018308681569334
26 8
     0.408541596132935    -0.379614322297517     0.000000000000000
    -0.794946598909150     0.446163292550906     0.000000000000000
     0.000000000000000     0.000000000000000     0.067965960904165
26 9
     0.945357666475127     0.485015696191769     0.000000000000000
     0.069683419580135    -0.090652777791285     0.000000000000000
     0.000000000000000     0.000000000000000     0.067965960904165
26 10
   -13.825479421225561    -7.111505549477572     0.000000000000000
    -7.111505549477573    -5.613820134556765     0.000000000000000
     0.000000000000000     0.000000000000000    -0.921777641135644
26 11
   -13.825479421225563     7.111505549477575     0.000000000000000
     7.111505549477575    -5.613820134556769     0.000000000000000
     0.000000000000000     0.000000000000000    -0.921777641135644
26 12
     0.945357666475127    -0.485015696191769     0.000000000000000
    -0.069683419580136    -0.090652777791285     0.000000000000000
     0.000000000000000     0.000000000000000     0.067965960904165
26 13
     0.380189937174547    -0.799322684708590     0.000000000000000
    -0.799322684708591    -0.542788397197211     0.000000000000000
     0.000000000000000     0.000000000000000    -0.018308681569334
26 14
    -1.507990491222374     0.000000000000000     0.000000000000000
     0.000000000000001   -17.931309064559947     0.000000000000000
     0.000000000000000     0.000000000000000    -0.921777641135644
26 15
     0.380189937174547     0.799322684708590     0.000000000000000
     0.799322684708590    -0.542788397197211     0.000000000000000
     0.000000000000000     0.000000000000000    -0.018308681569334
26 16
     0.000000000000000     0.000000000000000     0.000000000000000
     0.000000000000000     0.000000000000000     0.000000000000000
     0.000000000000000     0.000000000000000     0.000000000000000
26 17
     0.040060978504243    -0.000000000000000     0.000000000000000
    -0.000000000000000    -0.527243757416939     0.000000000000000
     0.000000000000000     0.000000000000000    -0.043953439084893
26 18
     0.000000000000000     0.000000000000000     0.000000000000000
     0.000000000000000     0.000000000000000     0.000000000000000
     0.000000000000000     0.000000000000000     0.000000000000000
26 19
     0.040060978504243    -0.000000000000000     0.000000000000000
    -0.000000000000000    -0.527243757416939     0.000000000000000
     0.000000000000000     0.000000000000000    -0.043953439084893
26 20
     0.000000000000000     0.000000000000000     0.000000000000000
     0.000000000000000     0.000000000000000     0.000000000000000
     0.000000000000000     0.000000000000000     0.000000000000000
26 21
    -0.385417573436644    -0.245650156497483     0.000000000000000
    -0.245650156497483    -0.101765205476052     0.000000000000000
     0.000000000000000     0.000000000000000    -0.043953439084893
26 22
    -0.201611895043188    -1.080185894748872     0.000000000000000
    -1.254046305407864    -1.549281484154772     0.000000000000000
     0.000000000000000     0.000000000000000     0.291026513999152
26 23
    -0.201611895043189     1.080185894748873     0.000000000000000
     1.254046305407865    -1.549281484154773     0.000000000000000
     0.000000000000000     0.000000000000000     0.291026513999152
26 24
    -0.385417573436644     0.245650156497483     0.000000000000000
     0.245650156497483    -0.101765205476053     0.000000000000000
     0.000000000000000     0.000000000000000    -0.043953439084893
26 25
    -2.223116278710565    -0.086930205329496     0.000000000000000
     0.086930205329496     0.472222899512604     0.000000000000000
     0.000000000000000     0.000000000000000     0.291026513999152
26 26
    33.552960831987953    -0.000000000000006     0.000000000000000
    -0.000000000000006    33.552960831987946     0.000000000000000
     0.000000000000000     0.000000000000000     0.930024753204388
26 27
    -2.223116278710565     0.086930205329496     0.000000000000000
    -0.086930205329496     0.472222899512604     0.000000000000000
     0.000000000000000     0.000000000000000     0.291026513999152
26 28
     0.000000000000000     0.000000000000000     0.000000000000000
     0.000000000000000     0.000000000000000     0.000000000000000
     0.000000000000000     0.000000000000000     0.000000000000000
26 29
    -0.201611895043189     1.254046305407865     0.000000000000000
     1.080185894748873    -1.549281484154773     0.000000000000000
     0.000000000000000     0.000000000000000     0.291026513999152
26 30
    -0.201611895043188    -1.254046305407864     0.000000000000000
    -1.080185894748872    -1.549281484154772     0.000000000000000
     0.000000000000000     0.000000000000000     0.291026513999152
26 31
    -0.385417573436644    -0.245650156497483     0.000000000000000
    -0.245650156497483    -0.101765205476052     0.000000000000000
     0.000000000000000     0.000000000000000    -0.043953439084893
26 32
    -0.385417573436644     0.245650156497483     0.000000000000000
     0.245650156497483    -0.101765205476053     0.000000000000000
     0.000000000000000     0.000000000000000    -0.043953439084893
27 1
     0.000000000000000     0.000000000000000     0.000000000000000
     0.000000000000000     0.000000000000000     0.000000000000000
     0.000000000000000     0.000000000000000     0.000000000000000
27 2
    -0.071841929582300    -0.517597041023198     0.000000000000000
    -0.102264764411565     0.926546818266141     0.000000000000000
     0.000000000000000     0.000000000000000     0.067965960904165
27 3
    -0.071841929582300     0.517597041023198     0.000000000000000
     0.102264764411565     0.926546818266140     0.000000000000000
     0.000000000000000     0.000000000000000     0.067965960904165
27 4
     0.000000000000000     0.000000000000000     0.000000000000000
     0.000000000000000     0.000000000000000     0.000000000000000
     0.000000000000000     0.000000000000000     0.000000000000000
27 5
     0.408541596132935    -0.379614322297517     0.000000000000000
    -0.794946598909150     0.446163292550906     0.000000000000000
     0.000000000000000     0.000000000000000     0.067965960904165
27 6
     0.000000000000000     0.000000000000000     0.000000000000000
     0.000000000000000     0.000000000000000     0.000000000000000
     0.000000000000000     0.000000000000000     0.000000000000000
27 7
     0.408541596132935     0.379614322297517     0.000000000000000
     0.794946598909150     0.446163292550906     0.000000000000000
     0.000000000000000     0.000000000000000     0.067965960904165
27 8
    -1.004277564383091     0.000000000000000     0.000000000000000
     0.000000000000000     0.841679104360426     0.000000000000000
     0.000000000000000     0.000000000000000    -0.018308681569334
27 9
     0.945357666475127    -0.485015696191769     0.000000000000000
    -0.069683419580136    -0.090652777791285     0.000000000000000
     0.000000000000000     0.000000000000000     0.067965960904165
27 10
     0.945357666475127     0.485015696191769     0.000000000000000
     0.069683419580135    -0.090652777791285     0.000000000000000
     0.000000000000000     0.000000000000000     0.067965960904165
27 11
   -13.825479421225561    -7.111505549477572     0.000000000000000
    -7.111505549477573    -5.613820134556765     0.000000000000000
     0.000000000000000     0.000000000000000    -0.921777641135644
27 12
   -13.825479421225563     7.111505549477575     0.000000000000000
     7.111505549477575    -5.613820134556769     0.000000000000000
     0.000000000000000     0.000000000000000    -0.921777641135644
27 13
     0.000000000000000     0.000000000000000     0.000000000000000
     0.000000000000000     0.000000000000000     0.000000000000000
     0.000000000000000     0.000000000000000     0.000000000000000
27 14
     0.380189937174547    -0.799322684708590     0.000000000000000
    -0.799322684708591    -0.542788397197211     0.000000000000000
     0.000000000000000     0.000000000000000    -0.018308681569334
27 15
    -1.507990491222374     0.000000000000000     0.000000000000000
     0.000000000000001   -17.931309064559947     0.000000000000000
     0.000000000000000     0.000000000000000    -0.921777641135644
27 16
     0.380189937174547     0.799322684708590     0.000000000000000
     0.799322684708590    -0.542788397197211     0.000000000000000
     0.000000000000000     0.000000000000000    -0.018308681569334
27 17
     0.000000000000000     0.000000000000000     0.000000000000000
     0.000000000000000     0.000000000000000     0.000000000000000
     0.000000000000000     0.000000000000000     0.000000000000000
27 18
     0.040060978504243    -0.000000000000000     0.000000000000000
    -0.000000000000000    -0.527243757416939     0.000000000000000
     0.000000000000000     0.000000000000000    -0.043953439084893
27 19
     0.000000000000000     0.000000000000000     0.000000000000000
     0.000000000000000     0.000000000000000     0.000000000000000
     0.000000000000000     0.000000000000000     0.000000000000000
27 20
     0.040060978504243    -0.000000000000000     0.000000000000000
    -0.000000000000000    -0.527243757416939     0.000000000000000
     0.000000000000000     0.000000000000000    -0.043953439084893
27 21
    -0.385417573436644     0.245650156497483     0.000000000000000
     0.245650156497483    -0.101765205476053     0.000000000000000
     0.000000000000000     0.000000000000000    -0.043953439084893
27 22
    -0.385417573436644    -0.245650156497483     0.000000000000000
    -0.245650156497483    -0.101765205476052     0.000000000000000
     0.000000000000000     0.000000000000000    -0.043953439084893
27 23
    -0.201611895043188    -1.080185894748872     0.000000000000000
    -1.254046305407864    -1.549281484154772     0.000000000000000
     0.000000000000000     0.000000000000000     0.291026513999152
27 24
    -0.201611895043189     1.080185894748873     0.000000000000000
     1.254046305407865    -1.549281484154773     0.000000000000000
     0.000000000000000     0.000000000000000     0.291026513999152
27 25
     0.000000000000000     0.000000000000000     0.000000000000000
     0.000000000000000     0.000000000000000     0.000000000000000
     0.000000000000000     0.000000000000000     0.000000000000000
27 26
    -2.223116278710565    -0.086930205329496     0.000000000000000
     0.086930205329496     0.472222899512604     0.000000000000000
     0.000000000000000     0.000000000000000     0.291026513999152
27 27
    33.552960831987953    -0.000000000000006     0.000000000000000
    -0.000000000000006    33.552960831987946     0.000000000000000
     0.000000000000000     0.000000000000000     0.930024753204388
27 28
    -2.223116278710565     0.086930205329496     0.000000000000000
    -0.086930205329496     0.472222899512604     0.000000000000000
     0.000000000000000     0.000000000000000     0.291026513999152
27 29
    -0.385417573436644     0.245650156497483     0.000000000000000
     0.245650156497483    -0.101765205476053     0.000000000000000
     0.000000000000000     0.000000000000000    -0.043953439084893
27 30
    -0.201611895043189     1.254046305407865     0.000000000000000
     1.080185894748873    -1.549281484154773     0.000000000000000
     0.000000000000000     0.000000000000000     0.291026513999152
27 31
    -0.201611895043188    -1.254046305407864     0.000000000000000
    -1.080185894748872    -1.549281484154772     0.000000000000000
     0.000000000000000     0.000000000000000     0.291026513999152
27 32
    -0.385417573436644    -0.245650156497483     0.000000000000000
    -0.245650156497483    -0.101765205476052     0.000000000000000
     0.000000000000000     0.000000000000000    -0.043953439084893
28 1
     0.000000000000000     0.000000000000000     0.000000000000000
     0.000000000000000     0.000000000000000     0.000000000000000
     0.000000000000000     0.000000000000000     0.000000000000000
28 2
     0.000000000000000     0.000000000000000     0.000000000000000
     0.000000000000000     0.000000000000000     0.000000000000000
     0.000000000000000     0.000000000000000     0.000000000000000
28 3
    -0.071841929582300    -0.517597041023198     0.000000000000000
    -0.102264764411565     0.926546818266141     0.000000000000000
     0.000000000000000     0.000000000000000     0.067965960904165
28 4
    -0.071841929582300     0.517597041023198     0.000000000000000
     0.102264764411565     0.926546818266140     0.000000000000000
     0.000000000000000     0.000000000000000     0.067965960904165
28 5
    -1.004277564383091     0.000000000000000     0.000000000000000
     0.000000000000000     0.841679104360426     0.000000000000000
     0.000000000000000     0.000000000000000    -0.018308681569334
28 6
     0.408541596132935    -0.379614322297517     0.000000000000000
    -0.794946598909150     0.446163292550906     0.000000000000000
     0.000000000000000     0.000000000000000     0.067965960904165
28 7
     0.000000000000000     0.000000000000000     0.000000000000000
     0.000000000000000     0.000000000000000     0.000000000000000
     0.000000000000000     0.000000000000000     0.000000000000000
28 8
     0.408541596132935     0.379614322297517     0.000000000000000
     0.794946598909150     0.446163292550906     0.000000000000000
     0.000000000000000     0.000000000000000     0.067965960904165
28 9
   -13.825479421225563     7.111505549477575     0.000000000000000
     7.111505549477575    -5.613820134556769     0.000000000000000
     0.000000000000000     0.000000000000000    -0.921777641135644
28 10
     0.945357666475127    -0.485015696191769     0.000000000000000
    -0.069683419580136    -0.090652777791285     0.000000000000000
     0.000000000000000     0.000000000000000     0.067965960904165
28 11
     0.945357666475127     0.485015696191769     0.000000000000000
     0.069683419580135    -0.090652777791285     0.000000000000000
     0.000000000000000     0.000000000000000     0.067965960904165
28 12
   -13.825479421225561    -7.111505549477572     0.000000000000000
    -7.111505549477573    -5.613820134556765     0.000000000000000
     0.000000000000000     0.000000000000000    -0.921777641135644
28 13
     0.380189937174547     0.799322684708590     0.000000000000000
     0.799322684708590    -0.542788397197211     0.000000000000000
     0.000000000000000     0.000000000000000    -0.018308681569334
28 14
     0.000000000000000     0.000000000000000     0.000000000000000
     0.000000000000000     0.000000000000000     0.000000000000000
     0.000000000000000     0.000000000000000     0.000000000000000
28 15
     0.380189937174547    -0.799322684708590     0.000000000000000
    -0.799322684708591    -0.542788397197211     0.000000000000000
     0.000000000000000     0.000000000000000    -0.018308681569334
28 16
    -1.507990491222374     0.000000000000000     0.000000000000000
     0.000000000000001   -17.931309064559947     0.000000000000000
     0.000000000000000     0.000000000000000    -0.921777641135644
28 17
     0.040060978504243    -0.000000000000000     0.000000000000000
    -0.000000000000000    -0.527243757416939     0.000000000000000
     0.000000000000000     0.000000000000000    -0.043953439084893
28 18
     0.000000000000000     0.000000000000000     0.000000000000000
     0.000000000000000     0.000000000000000     0.000000000000000
     0.000000000000000     0.000000000000000     0.000000000000000
28 19
     0.040060978504243    -0.000000000000000     0.000000000000000
    -0.000000000000000    -0.527243757416939     0.000000000000000
     0.000000000000000     0.000000000000000    -0.043953439084893
28 20
     0.000000000000000     0.000000000000000     0.000000000000000
     0.000000000000000     0.000000000000000     0.000000000000000
     0.000000000000000     0.000000000000000     0.000000000000000
28 21
    -0.201611895043189     1.080185894748873     0.000000000000000
     1.254046305407865    -1.549281484154773     0.000000000000000
     0.000000000000000     0.000000000000000     0.291026513999152
28 22
    -0.385417573436644     0.245650156497483     0.000000000000000
     0.245650156497483    -0.101765205476053     0.000000000000000
     0.000000000000000     0.000000000000000    -0.043953439084893
28 23
    -0.385417573436644    -0.245650156497483     0.000000000000000
    -0.245650156497483    -0.101765205476052     0.000000000000000
     0.000000000000000     0.000000000000000    -0.043953439084893
28 24
    -0.201611895043188    -1.080185894748872     0.000000000000000
    -1.254046305407864    -1.549281484154772     0.000000000000000
     0.000000000000000     0.000000000000000     0.291026513999152
28 25
    -2.223116278710565     0.086930205329496     0.000000000000000
    -0.086930205329496     0.472222899512604     0.000000000000000
     0.000000000000000     0.000000000000000     0.291026513999152
28 26
     0.000000000000000     0.000000000000000     0.000000000000000
     0.000000000000000     0.000000000000000     0.000000000000000
     0.000000000000000     0.000000000000000     0.000000000000000
28 27
    -2.223116278710565    -0.086930205329496     0.000000000000000
     0.086930205329496     0.472222899512604     0.000000000000000
     0.000000000000000     0.000000000000000     0.291026513999152
28 28
    33.552960831987953    -0.000000000000006     0.000000000000000
    -0.000000000000006    33.552960831987946     0.000000000000000
     0.000000000000000     0.000000000000000     0.930024753204388
28 29
    -0.385417573436644    -0.245650156497483     0.000000000000000
    -0.245650156497483    -0.101765205476052     0.000000000000000
     0.000000000000000     0.000000000000000    -0.043953439084893
28 30
    -0.385417573436644     0.245650156497483     0.000000000000000
     0.245650156497483    -0.101765205476053     0.000000000000000
     0.000000000000000     0.000000000000000    -0.043953439084893
28 31
    -0.201611895043189     1.254046305407865     0.000000000000000
     1.080185894748873    -1.549281484154773     0.000000000000000
     0.000000000000000     0.000000000000000     0.291026513999152
28 32
    -0.201611895043188    -1.254046305407864     0.000000000000000
    -1.080185894748872    -1.549281484154772     0.000000000000000
     0.000000000000000     0.000000000000000     0.291026513999152
29 1
    -1.507990491222374     0.000000000000000     0.000000000000000
     0.000000000000001   -17.931309064559947     0.000000000000000
     0.000000000000000     0.000000000000000    -0.921777641135644
29 2
     0.380189937174547     0.799322684708590     0.000000000000000
     0.799322684708590    -0.542788397197211     0.000000000000000
     0.000000000000000     0.000000000000000    -0.018308681569334
29 3
     0.000000000000000     0.000000000000000     0.000000000000000
     0.000000000000000     0.000000000000000     0.000000000000000
     0.000000000000000     0.000000000000000     0.000000000000000
29 4
     0.380189937174547    -0.799322684708590     0.000000000000000
    -0.799322684708591    -0.542788397197211     0.000000000000000
     0.000000000000000     0.000000000000000    -0.018308681569334
29 5
    -0.071841929582300     0.517597041023198     0.000000000000000
     0.102264764411565     0.926546818266140     0.000000000000000
     0.000000000000000     0.000000000000000     0.067965960904165
29 6
     0.000000000000000     0.000000000000000     0.000000000000000
     0.000000000000000     0.000000000000000     0.000000000000000
     0.000000000000000     0.000000000000000     0.000000000000000
29 7
     0.000000000000000     0.000000000000000     0.000000000000000
     0.000000000000000     0.000000000000000     0.000000000000000
     0.000000000000000     0.000000000000000     0.000000000000000
29 8
    -0.071841929582300    -0.517597041023198     0.000000000000000
    -0.102264764411565     0.926546818266141     0.000000000000000
     0.000000000000000     0.000000000000000     0.067965960904165
29 9
     0.408541596132935     0.379614322297517     0.000000000000000
     0.794946598909150     0.446163292550906     0.000000000000000
     0.000000000000000     0.000000000000000     0.067965960904165
29 10
    -1.004277564383091     0.000000000000000     0.000000000000000
     0.000000000000000     0.841679104360426     0.000000000000000
     0.000000000000000     0.000000000000000    -0.018308681569334
29 11
     0.408541596132935    -0.379614322297517     0.000000000000000
    -0.794946598909150     0.446163292550906     0.000000000000000
     0.000000000000000     0.000000000000000     0.067965960904165
29 12
     0.000000000000000     0.000000000000000     0.000000000000000
     0.000000000000000     0.000000000000000     0.000000000000000
     0.000000000000000     0.000000000000000     0.000000000000000
29 13
   -13.825479421225561    -7.111505549477572     0.000000000000000
    -7.111505549477573    -5.613820134556765     0.000000000000000
     0.000000000000000     0.000000000000000    -0.921777641135644
29 14
   -13.825479421225563     7.111505549477575     0.000000000000000
     7.111505549477575    -5.613820134556769     0.000000000000000
     0.000000000000000     0.000000000000000    -0.921777641135644
29 15
     0.945357666475127    -0.485015696191769     0.000000000000000
    -0.069683419580136    -0.090652777791285     0.000000000000000
     0.000000000000000     0.000000000000000     0.067965960904165
29 16
     0.945357666475127     0.485015696191769     0.000000000000000
     0.069683419580135    -0.090652777791285     0.000000000000000
     0.000000000000000     0.000000000000000     0.067965960904165
29 17
    -0.201611895043188    -1.254046305407864     0.000000000000000
    -1.080185894748872    -1.549281484154772     0.000000000000000
     0.000000000000000     0.000000000000000     0.291026513999152
29 18
    -0.385417573436644    -0.245650156497483     0.000000000000000
    -0.245650156497483    -0.101765205476052     0.000000000000000
     0.000000000000000     0.000000000000000    -0.043953439084893
29 19
    -0.385417573436644     0.245650156497483     0.000000000000000
     0.245650156497483    -0.101765205476053     0.000000000000000
     0.000000000000000     0.000000000000000    -0.043953439084893
29 20
    -0.201611895043189     1.254046305407865     0.000000000000000
     1.080185894748873    -1.549281484154773     0.000000000000000
     0.000000000000000     0.000000000000000     0.291026513999152
29 21
     0.000000000000000     0.000000000000000     0.000000000000000
     0.000000000000000     0.000000000000000     0.000000000000000
     0.000000000000000     0.000000000000000     0.000000000000000
29 22
     0.040060978504243    -0.000000000000000     0.000000000000000
    -0.000000000000000    -0.527243757416939     0.000000000000000
     0.000000000000000     0.000000000000000    -0.043953439084893
29 23
     0.000000000000000     0.000000000000000     0.000000000000000
     0.000000000000000     0.000000000000000     0.000000000000000
     0.000000000000000     0.000000000000000     0.000000000000000
29 24
     0.040060978504243    -0.000000000000000     0.000000000000000
    -0.000000000000000    -0.527243757416939     0.000000000000000
     0.000000000000000     0.000000000000000    -0.043953439084893
29 25
    -0.201611895043188    -1.080185894748872     0.000000000000000
    -1.254046305407864    -1.549281484154772     0.000000000000000
     0.000000000000000     0.000000000000000     0.291026513999152
29 26
    -0.201611895043189     1.080185894748873     0.000000000000000
     1.254046305407865    -1.549281484154773     0.000000000000000
     0.000000000000000     0.000000000000000     0.291026513999152
29 27
    -0.385417573436644     0.245650156497483     0.000000000000000
     0.245650156497483    -0.101765205476053     0.000000000000000
     0.000000000000000     0.000000000000000    -0.043953439084893
29 28
    -0.385417573436644    -0.245650156497483     0.000000000000000
    -0.245650156497483    -0.101765205476052     0.000000000000000
     0.000000000000000     0.000000000000000    -0.043953439084893
29 29
    33.552960831987953    -0.000000000000006     0.000000000000000
    -0.000000000000006    33.552960831987946     0.000000000000000
     0.000000000000000     0.000000000000000     0.930024753204388
29 30
    -2.223116278710565     0.086930205329496     0.000000000000000
    -0.086930205329496     0.472222899512604     0.000000000000000
     0.000000000000000     0.000000000000000     0.291026513999152
29 31
     0.000000000000000     0.000000000000000     0.000000000000000
     0.000000000000000     0.000000000000000     0.000000000000000
     0.000000000000000     0.000000000000000     0.000000000000000
29 32
    -2.223116278710565    -0.086930205329496     0.000000000000000
     0.086930205329496     0.472222899512604     0.000000000000000
     0.000000000000000     0.000000000000000     0.291026513999152
30 1
     0.380189937174547    -0.799322684708590     0.000000000000000
    -0.799322684708591    -0.542788397197211     0.000000000000000
     0.000000000000000     0.000000000000000    -0.018308681569334
30 2
    -1.507990491222374     0.000000000000000     0.000000000000000
     0.000000000000001   -17.931309064559947     0.000000000000000
     0.000000000000000     0.000000000000000    -0.921777641135644
30 3
     0.380189937174547     0.799322684708590     0.000000000000000
     0.799322684708590    -0.542788397197211     0.000000000000000
     0.000000000000000     0.000000000000000    -0.018308681569334
30 4
     0.000000000000000     0.000000000000000     0.000000000000000
     0.000000000000000     0.000000000000000     0.000000000000000
     0.000000000000000     0.000000000000000     0.000000000000000
30 5
    -0.071841929582300    -0.517597041023198     0.000000000000000
    -0.102264764411565     0.926546818266141     0.000000000000000
     0.000000000000000     0.000000000000000     0.067965960904165
30 6
    -0.071841929582300     0.517597041023198     0.000000000000000
     0.102264764411565     0.926546818266140     0.000000000000000
     0.000000000000000     0.000000000000000     0.067965960904165
30 7
     0.000000000000000     0.000000000000000     0.000000000000000
     0.000000000000000     0.000000000000000     0.000000000000000
     0.000000000000000     0.000000000000000     0.000000000000000
30 8
     0.000000000000000     0.000000000000000     0.000000000000000
     0.000000000000000     0.000000000000000     0.000000000000000
     0.000000000000000     0.000000000000000     0.000000000000000
30 9
     0.000000000000000     0.000000000000000     0.000000000000000
     0.000000000000000     0.000000000000000     0.000000000000000
     0.000000000000000     0.000000000000000     0.000000000000000
30 10
     0.408541596132935     0.379614322297517     0.000000000000000
     0.794946598909150     0.446163292550906     0.000000000000000
     0.000000000000000     0.000000000000000     0.067965960904165
30 11
    -1.004277564383091     0.000000000000000     0.000000000000000
     0.000000000000000     0.841679104360426     0.000000000000000
     0.000000000000000     0.000000000000000    -0.018308681569334
30 12
     0.408541596132935    -0.379614322297517     0.000000000000000
    -0.794946598909150     0.446163292550906     0.000000000000000
     0.000000000000000     0.000000000000000     0.067965960904165
30 13
     0.945357666475127     0.485015696191769     0.000000000000000
     0.069683419580135    -0.090652777791285     0.000000000000000
     0.000000000000000     0.000000000000000     0.067965960904165
30 14
   -13.825479421225561    -7.111505549477572     0.000000000000000
    -7.111505549477573    -5.613820134556765     0.000000000000000
     0.000000000000000     0.000000000000000    -0.921777641135644
30 15
   -13.825479421225563     7.111505549477575     0.000000000000000
     7.111505549477575    -5.613820134556769     0.000000000000000
     0.000000000000000     0.000000000000000    -0.921777641135644
30 16
     0.945357666475127    -0.485015696191769     0.000000000000000
    -0.069683419580136    -0.090652777791285     0.000000000000000
     0.000000000000000     0.000000000000000     0.067965960904165
30 17
    -0.201611895043189     1.254046305407865     0.000000000000000
     1.080185894748873    -1.549281484154773     0.000000000000000
     0.000000000000000     0.000000000000000     0.291026513999152
30 18
    -0.201611895043188    -1.254046305407864     0.000000000000000
    -1.080185894748872    -1.549281484154772     0.000000000000000
     0.000000000000000     0.000000000000000     0.291026513999152
30 19
    -0.385417573436644    -0.245650156497483     0.000000000000000
    -0.245650156497483    -0.101765205476052     0.000000000000000
     0.000000000000000     0.000000000000000    -0.043953439084893
30 20
    -0.385417573436644     0.245650156497483     0.000000000000000
     0.245650156497483    -0.101765205476053     0.000000000000000
     0.000000000000000     0.000000000000000    -0.043953439084893
30 21
     0.040060978504243    -0.000000000000000     0.000000000000000
    -0.000000000000000    -0.527243757416939     0.000000000000000
     0.000000000000000     0.000000000000000    -0.043953439084893
30 22
     0.000000000000000     0.000000000000000     0.000000000000000
     0.000000000000000     0.000000000000000     0.000000000000000
     0.000000000000000     0.000000000000000     0.000000000000000
30 23
     0.040060978504243    -0.000000000000000     0.000000000000000
    -0.000000000000000    -0.527243757416939     0.000000000000000
     0.000000000000000     0.000000000000000    -0.043953439084893
30 24
     0.000000000000000     0.000000000000000     0.000000000000000
     0.000000000000000     0.000000000000000     0.000000000000000
     0.000000000000000     0.000000000000000     0.000000000000000
30 25
    -0.385417573436644    -0.245650156497483     0.000000000000000
    -0.245650156497483    -0.101765205476052     0.000000000000000
     0.000000000000000     0.000000000000000    -0.043953439084893
30 26
    -0.201611895043188    -1.080185894748872     0.000000000000000
    -1.254046305407864    -1.549281484154772     0.000000000000000
     0.000000000000000     0.000000000000000     0.291026513999152
30 27
    -0.201611895043189     1.080185894748873     0.000000000000000
     1.254046305407865    -1.549281484154773     0.000000000000000
     0.000000000000000     0.000000000000000     0.291026513999152
30 28
    -0.385417573436644     0.245650156497483     0.000000000000000
     0.245650156497483    -0.101765205476053     0.000000000000000
     0.000000000000000     0.000000000000000    -0.043953439084893
30 29
    -2.223116278710565    -0.086930205329496     0.000000000000000
     0.086930205329496     0.472222899512604     0.000000000000000
     0.000000000000000     0.000000000000000     0.291026513999152
30 30
    33.552960831987953    -0.000000000000006     0.000000000000000
    -0.000000000000006    33.552960831987946     0.000000000000000
     0.000000000000000     0.000000000000000     0.930024753204388
30 31
    -2.223116278710565     0.086930205329496     0.000000000000000
    -0.086930205329496     0.472222899512604     0.000000000000000
     0.000000000000000     0.000000000000000     0.291026513999152
30 32
     0.000000000000000     0.000000000000000     0.000000000000000
     0.000000000000000     0.000000000000000     0.000000000000000
     0.000000000000000     0.000000000000000     0.000000000000000
31 1
     0.000000000000000     0.000000000000000     0.000000000000000
     0.000000000000000     0.000000000000000     0.000000000000000
     0.000000000000000     0.000000000000000     0.000000000000000
31 2
     0.380189937174547    -0.799322684708590     0.000000000000000
    -0.799322684708591    -0.542788397197211     0.000000000000000
     0.000000000000000     0.000000000000000    -0.018308681569334
31 3
    -1.507990491222374     0.000000000000000     0.000000000000000
     0.000000000000001   -17.931309064559947     0.000000000000000
     0.000000000000000     0.000000000000000    -0.921777641135644
31 4
     0.380189937174547     0.799322684708590     0.000000000000000
     0.799322684708590    -0.542788397197211     0.000000000000000
     0.000000000000000     0.000000000000000    -0.018308681569334
31 5
     0.000000000000000     0.000000000000000     0.000000000000000
     0.000000000000000     0.000000000000000     0.000000000000000
     0.000000000000000     0.000000000000000     0.000000000000000
31 6
    -0.071841929582300    -0.517597041023198     0.000000000000000
    -0.102264764411565     0.926546818266141     0.000000000000000
     0.000000000000000     0.000000000000000     0.067965960904165
31 7
    -0.071841929582300     0.517597041023198     0.000000000000000
     0.102264764411565     0.926546818266140     0.000000000000000
     0.000000000000000     0.000000000000000     0.067965960904165
31 8
     0.000000000000000     0.000000000000000     0.000000000000000
     0.000000000000000     0.000000000000000     0.000000000000000
     0.000000000000000     0.000000000000000     0.000000000000000
31 9
     0.408541596132935    -0.379614322297517     0.000000000000000
    -0.794946598909150     0.446163292550906     0.000000000000000
     0.000000000000000     0.000000000000000     0.067965960904165
31 10
     0.000000000000000     0.000000000000000     0.000000000000000
     0.000000000000000     0.000000000000000     0.000000000000000
     0.000000000000000     0.000000000000000     0.000000000000000
31 11
     0.408541596132935     0.379614322297517     0.000000000000000
     0.794946598909150     0.446163292550906     0.000000000000000
     0.000000000000000     0.000000000000000     0.067965960904165
31 12
    -1.004277564383091     0.000000000000000     0.000000000000000
     0.000000000000000     0.841679104360426     0.000000000000000
     0.000000000000000     0.000000000000000    -0.018308681569334
31 13
     0.945357666475127    -0.485015696191769     0.000000000000000
    -0.069683419580136    -0.090652777791285     0.000000000000000
     0.000000000000000     0.000000000000000     0.067965960904165
31 14
     0.945357666475127     0.485015696191769     0.000000000000000
     0.069683419580135    -0.090652777791285     0.000000000000000
     0.000000000000000     0.000000000000000     0.067965960904165
31 15
   -13.825479421225561    -7.111505549477572     0.000000000000000
    -7.111505549477573    -5.613820134556765     0.000000000000000
     0.000000000000000     0.000000000000000    -0.921777641135644
31 16
   -13.825479421225563     7.111505549477575     0.000000000000000
     7.111505549477575    -5.613820134556769     0.000000000000000
     0.000000000000000     0.000000000000000    -0.921777641135644
31 17
    -0.385417573436644     0.245650156497483     0.000000000000000
     0.245650156497483    -0.101765205476053     0.000000000000000
     0.000000000000000     0.000000000000000    -0.043953439084893
31 18
    -0.201611895043189     1.254046305407865     0.000000000000000
     1.080185894748873    -1.549281484154773     0.000000000000000
     0.000000000000000     0.000000000000000     0.291026513999152
31 19
    -0.201611895043188    -1.254046305407864     0.000000000000000
    -1.080185894748872    -1.549281484154772     0.000000000000000
     0.000000000000000     0.000000000000000     0.291026513999152
31 20
    -0.385417573436644    -0.245650156497483     0.000000000000000
    -0.245650156497483    -0.101765205476052     0.000000000000000
     0.000000000000000     0.000000000000000    -0.043953439084893
31 21
     0.000000000000000     0.000000000000000     0.000000000000000
     0.000000000000000     0.000000000000000     0.000000000000000
     0.000000000000000     0.000000000000000     0.000000000000000
31 22
     0.040060978504243    -0.000000000000000     0.000000000000000
    -0.000000000000000    -0.527243757416939     0.000000000000000
     0.000000000000000     0.000000000000000    -0.043953439084893
31 23
     0.000000000000000     0.000000000000000     0.000000000000000
     0.000000000000000     0.000000000000000     0.000000000000000
     0.000000000000000     0.000000000000000     0.000000000000000
31 24
     0.040060978504243    -0.000000000000000     0.000000000000000
    -0.000000000000000    -0.527243757416939     0.000000000000000
     0.000000000000000     0.000000000000000    -0.043953439084893
31 25
    -0.385417573436644     0.245650156497483     0.000000000000000
     0.245650156497483    -0.101765205476053     0.000000000000000
     0.000000000000000     0.000000000000000    -0.043953439084893
31 26
    -0.385417573436644    -0.245650156497483     0.000000000000000
    -0.245650156497483    -0.101765205476052     0.000000000000000
     0.000000000000000     0.000000000000000    -0.043953439084893
31 27
    -0.201611895043188    -1.080185894748872     0.000000000000000
    -1.254046305407864    -1.549281484154772     0.000000000000000
     0.000000000000000     0.000000000000000     0.291026513999152
31 28
    -0.201611895043189     1.080185894748873     0.000000000000000
     1.254046305407865    -1.549281484154773     0.000000000000000
     0.000000000000000     0.000000000000000     0.291026513999152
31 29
     0.000000000000000     0.000000000000000     0.000000000000000
     0.000000000000000     0.000000000000000     0.000000000000000
     0.000000000000000     0.000000000000000     0.000000000000000
31 30
    -2.223116278710565    -0.086930205329496     0.000000000000000
     0.086930205329496     0.472222899512604     0.000000000000000
     0.000000000000000     0.000000000000000     0.291026513999152
31 31
    33.552960831987953    -0.000000000000006     0.000000000000000
    -0.000000000000006    33.552960831987946     0.000000000000000
     0.000000000000000     0.000000000000000     0.930024753204388
31 32
    -2.223116278710565     0.086930205329496     0.000000000000000
    -0.086930205329496     0.472222899512604     0.000000000000000
     0.000000000000000     0.000000000000000     0.291026513999152
32 1
     0.380189937174547     0.799322684708590     0.000000000000000
     0.799322684708590    -0.542788397197211     0.000000000000000
     0.000000000000000     0.000000000000000    -0.018308681569334
32 2
     0.000000000000000     0.000000000000000     0.000000000000000
     0.000000000000000     0.000000000000000     0.000000000000000
     0.000000000000000     0.000000000000000     0.000000000000000
32 3
     0.380189937174547    -0.799322684708590     0.000000000000000
    -0.799322684708591    -0.542788397197211     0.000000000000000
     0.000000000000000     0.000000000000000    -0.018308681569334
32 4
    -1.507990491222374     0.000000000000000     0.000000000000000
     0.000000000000001   -17.931309064559947     0.000000000000000
     0.000000000000000     0.000000000000000    -0.921777641135644
32 5
     0.000000000000000     0.000000000000000     0.000000000000000
     0.000000000000000     0.000000000000000     0.000000000000000
     0.000000000000000     0.000000000000000     0.000000000000000
32 6
     0.000000000000000     0.000000000000000     0.000000000000000
     0.000000000000000     0.000000000000000     0.000000000000000
     0.000000000000000     0.000000000000000     0.000000000000000
32 7
    -0.071841929582300    -0.517597041023198     0.000000000000000
    -0.102264764411565     0.926546818266141     0.000000000000000
     0.000000000000000     0.000000000000000     0.067965960904165
32 8
    -0.071841929582300     0.517597041023198     0.000000000000000
     0.102264764411565     0.926546818266140     0.000000000000000
     0.000000000000000     0.000000000000000     0.067965960904165
32 9
    -1.004277564383091     0.000000000000000     0.000000000000000
     0.000000000000000     0.841679104360426     0.000000000000000
     0.000000000000000     0.000000000000000    -0.018308681569334
32 10
     0.408541596132935    -0.379614322297517     0.000000000000000
    -0.794946598909150     0.446163292550906     0.000000000000000
     0.000000000000000     0.000000000000000     0.067965960904165
32 11
     0.000000000000000     0.000000000000000     0.000000000000000
     0.000000000000000     0.000000000000000     0.000000000000000
     0.000000000000000     0.000000000000000     0.000000000000000
32 12
     0.408541596132935     0.379614322297517     0.000000000000000
     0.794946598909150     0.446163292550906     0.000000000000000
     0.000000000000000     0.000000000000000     0.067965960904165
32 13
   -13.825479421225563     7.111505549477575     0.000000000000000
     7.111505549477575    -5.613820134556769     0.000000000000000
     0.000000000000000     0.000000000000000    -0.921777641135644
32 14
     0.945357666475127    -0.485015696191769     0.000000000000000
    -0.069683419580136    -0.090652777791285     0.000000000000000
     0.000000000000000     0.000000000000000     0.067965960904165
32 15
     0.945357666475127     0.485015696191769     0.000000000000000
     0.069683419580135    -0.090652777791285     0.000000000000000
     0.000000000000000     0.000000000000000     0.067965960904165
32 16
   -13.825479421225561    -7.111505549477572     0.000000000000000
    -7.111505549477573    -5.613820134556765     0.000000000000000
     0.000000000000000     0.000000000000000    -0.921777641135644
32 17
    -0.385417573436644    -0.245650156497483     0.000000000000000
    -0.245650156497483    -0.101765205476052     0.000000000000000
     0.000000000000000     0.000000000000000    -0.043953439084893
32 18
    -0.385417573436644     0.245650156497483     0.000000000000000
     0.245650156497483    -0.101765205476053     0.000000000000000
     0.000000000000000     0.000000000000000    -0.043953439084893
32 19
    -0.201611895043189     1.254046305407865     0.000000000000000
     1.080185894748873    -1.549281484154773     0.000000000000000
     0.000000000000000     0.000000000000000     0.291026513999152
32 20
    -0.201611895043188    -1.254046305407864     0.000000000000000
    -1.080185894748872    -1.549281484154772     0.000000000000000
     0.000000000000000     0.000000000000000     0.291026513999152
32 21
     0.040060978504243    -0.000000000000000     0.000000000000000
    -0.000000000000000    -0.527243757416939     0.000000000000000
     0.000000000000000     0.000000000000000    -0.043953439084893
32 22
     0.000000000000000     0.000000000000000     0.000000000000000
     0.000000000000000     0.000000000000000     0.000000000000000
     0.000000000000000     0.000000000000000     0.000000000000000
32 23
     0.040060978504243    -0.000000000000000     0.000000000000000
    -0.000000000000000    -0.527243757416939     0.000000000000000
     0.000000000000000     0.000000000000000    -0.043953439084893
32 24
     0.000000000000000     0.000000000000000     0.000000000000000
     0.000000000000000     0.000000000000000     0.000000000000000
     0.000000000000000     0.000000000000000     0.000000000000000
32 25
    -0.201611895043189     1.080185894748873     0.000000000000000
     1.254046305407865    -1.549281484154773     0.000000000000000
     0.000000000000000     0.000000000000000     0.291026513999152
32 26
    -0.385417573436644     0.245650156497483     0.000000000000000
     0.245650156497483    -0.101765205476053     0.000000000000000
     0.000000000000000     0.000000000000000    -0.043953439084893
32 27
    -0.385417573436644    -0.245650156497483     0.000000000000000
    -0.245650156497483    -0.101765205476052     0.000000000000000
     0.000000000000000     0.000000000000000    -0.043953439084893
32 28
    -0.201611895043188    -1.080185894748872     0.000000000000000
    -1.254046305407864    -1.549281484154772     0.000000000000000
     0.000000000000000     0.000000000000000     0.291026513999152
32 29
    -2.223116278710565     0.086930205329496     0.000000000000000
    -0.086930205329496     0.472222899512604     0.000000000000000
     0.000000000000000     0.000000000000000     0.291026513999152
32 30
     0.000000000000000     0.000000000000000     0.000000000000000
     0.000000000000000     0.000000000000000     0.000000000000000
     0.000000000000000     0.000000000000000     0.000000000000000
32 31
    -2.223116278710565    -0.086930205329496     0.000000000000000
     0.086930205329496     0.472222899512604     0.000000000000000
     0.000000000000000     0.000000000000000     0.291026513999152
32 32
    33.552960831987953    -0.000000000000006     0.000000000000000
    -0.000000000000006    33.552960831987946     0.000000000000000
     0.000000000000000     0.000000000000000     0.930024753204388