216  
12   

1    
  0.0068039810808119  -0.0000000000000000   0.0073284269425269
  -0.1744964200   -0.0003762800   -0.1978254600
   0.0082409900    0.0073197100   -0.0049439900
   0.0008175500   -0.0001678500    0.0004822200
   0.0001653100   -0.0000116800   -0.0000359700
   0.0008463300    0.0001206100    0.0004276300
   0.0076862600   -0.0076406600   -0.0049121600
   0.0035333200   -0.0047491200   -0.0051550700
   0.0002334100   -0.0006536400    0.0002344100
   0.0000116900    0.0000179800   -0.0000140900
   0.0000055400   -0.0000272900   -0.0000252600
   0.0002645000    0.0006260100    0.0002599300
   0.0037308200    0.0052054700   -0.0047013200
  -0.0001034000    0.0006603700    0.0004488600
  -0.0000133200    0.0000041800   -0.0000338100
   0.0000257000   -0.0000006700   -0.0000723000
  -0.0000082700    0.0000048800   -0.0000051800
  -0.0000466000   -0.0006728100    0.0004608600
   0.0013585000    0.0000087200    0.0002473400
   0.0000087100    0.0000877400   -0.0000459900
  -0.0000252900    0.0000261100   -0.0000394400
  -0.0000148000   -0.0000293200    0.0000006700
   0.0000323200   -0.0000772700   -0.0000253800
   0.0000011100    0.0000113700   -0.0000152400
  -0.0000434100   -0.0000009100   -0.0000235500
  -0.0000807900    0.0004089400    0.0004223000
   0.0013588600    0.0000175400    0.0002474700
  -0.0000667300   -0.0003519000    0.0004886300
   0.0000040200   -0.0000199500   -0.0000176500
   0.0000253500   -0.0000013200   -0.0000721000
  -0.0000283800    0.0000476200   -0.0000209700
   0.0033793400    0.0099670700   -0.0051388500
   0.0038805000   -0.0099923800   -0.0047165000
   0.0002619200    0.0006370100    0.0002721600
   0.0000027800   -0.0000092200   -0.0000223400
   0.0000126100   -0.0000323100   -0.0000165500
   0.0002370000   -0.0006421300    0.0002221200
   0.0065260900   -0.0026076500    0.0142367700
  -0.0000145600   -0.0005953500    0.0006744800
   0.0000276000    0.0000243300    0.0000291900
   0.0000541200    0.0000009900   -0.0000267600
   0.0008767400    0.0006621800    0.0005763200
   0.0514215700   -0.0233181200    0.0536963400
  -0.0001336100    0.0000720100    0.0006336400
  -0.0000260100    0.0000039800    0.0000250500
  -0.0000221900    0.0000123900    0.0000096700
  -0.0000723200    0.0000218800    0.0000774400
   0.0002560300   -0.0008842100    0.0006225100
  -0.0029680100   -0.0015487400    0.0017261900
   0.0000256700    0.0000175100    0.0000538200
   0.0000150000   -0.0000219600    0.0000166900
  -0.0000078700    0.0000078100    0.0000014100
   0.0000186700   -0.0000512400   -0.0000516100
   0.0001421100   -0.0000869700   -0.0000234200
  -0.0000198900   -0.0001103000   -0.0000740500
   0.0000072400    0.0000102200    0.0000252800
  -0.0000333800   -0.0000269800    0.0000501700
  -0.0000243100    0.0000015700   -0.0000232600
   0.0000025700    0.0000163100    0.0000180600
  -0.0000138000    0.0000142400    0.0000059100
  -0.0000244700   -0.0000034600    0.0000067300
   0.0006310200    0.0001395600    0.0005896300
   0.0001230900    0.0006051500    0.0006778900
  -0.0001398800    0.0001464200    0.0000414100
  -0.0000063400   -0.0000047000    0.0000162800
  -0.0000331900   -0.0000094700   -0.0000075000
  -0.0000467900    0.0000945200   -0.0001396100
   0.0110388500    0.0260850800    0.0341562800
  -0.0009564500   -0.0011716300    0.0012924600
  -0.0001761100    0.0001062400    0.0000153200
  -0.0000263200   -0.0000160300    0.0000119600
   0.0000771000   -0.0001470700   -0.0001132700
   0.0017248200    0.0026992900    0.0021539000
   0.0531269800    0.0242893800    0.0559121700
   0.0008383400   -0.0004678600    0.0006578200
   0.0000355900    0.0000017000   -0.0000153600
   0.0000187300   -0.0000253600    0.0000395600
  -0.0000175300    0.0005672200    0.0007093400
   0.0068325300    0.0024373000    0.0141183800
   0.0003453000    0.0007948400    0.0007573400
  -0.0000663400   -0.0000335800    0.0000865100
  -0.0000217400   -0.0000142300    0.0000175800
  -0.0000308500    0.0000121700    0.0000115500
  -0.0001675200   -0.0001084900    0.0006048400
  -0.0029286800    0.0016010800    0.0016502400
  -0.0000002800    0.0000310500   -0.0000357700
  -0.0000050700   -0.0000100900    0.0000140600
   0.0000182300    0.0000227500    0.0000224800
   0.0000134700   -0.0000027200    0.0000605300
  -0.0000251400    0.0001035400   -0.0000810200
   0.0001663000    0.0000510400   -0.0000134900
  -0.0000260100    0.0000148800   -0.0000077900
  -0.0000086100    0.0000203700    0.0000499200
   0.0000066300   -0.0000163200    0.0000325200
  -0.0000395500   -0.0000080800    0.0000063300
  -0.0000083600   -0.0000082200    0.0000166500
   0.0000070600   -0.0000213400    0.0000292300
   0.0001379200   -0.0005988000    0.0007780700
   0.0004764500   -0.0001871400    0.0005726100
  -0.0000652000   -0.0001066100   -0.0001629500
  -0.0000250300    0.0000093000    0.0000057400
  -0.0000126300   -0.0000008500    0.0000304200
  -0.0001006100   -0.0001347200    0.0000691500
   0.0110563100   -0.0265472500    0.0348088100
   0.0018190600   -0.0027510200    0.0020019600
   0.0000723800    0.0001836500   -0.0001284100
  -0.0000260500    0.0000265300    0.0000183200
  -0.0001560800   -0.0000943200    0.0000345500
  -0.0009554200    0.0011295400    0.0013043800
   0.0001645300    0.0000743800    0.0005577500
   0.0000339900    0.0000057300    0.0000017900
  -0.0000065600   -0.0000023700    0.0000175200
   0.0000092500    0.0000252100   -0.0000187400
  -0.0001057900    0.0000815900    0.0003332400
   0.0000564800   -0.0003088200   -0.0004069100
   0.0000330100    0.0000208100   -0.0000204300
  -0.0000055900   -0.0000050800    0.0000217500
   0.0000070600   -0.0000019600    0.0000308400
  -0.0000063100   -0.0000162700    0.0000023800
  -0.0000192800    0.0000063000    0.0000024200
  -0.0000103400    0.0000332500    0.0000896500
  -0.0000035600   -0.0000016100    0.0000187800
   0.0000034900    0.0000075100    0.0000272900
  -0.0000017900    0.0000032800    0.0000153600
   0.0000041000    0.0000001100    0.0000343800
  -0.0000048000   -0.0000131000    0.0000140600
   0.0000088200    0.0000005300    0.0000254000
   0.0000184300   -0.0000254000   -0.0000294300
   0.0000017700   -0.0000114100    0.0000145900
  -0.0000033700    0.0000003900    0.0000275200
  -0.0000025400   -0.0000004000    0.0000283600
   0.0000021000   -0.0000017300    0.0000323700
  -0.0000014600   -0.0000056600    0.0000329500
   0.0000358100   -0.0001573900    0.0004452200
  -0.0000049600   -0.0000143800    0.0000012800
  -0.0000123500    0.0000042000    0.0000159200
  -0.0000015100    0.0000026100    0.0000310900
   0.0000086400    0.0000074800    0.0000118500
  -0.0000337000   -0.0000148800    0.0000886400
  -0.0002964200    0.0002042800   -0.0005544700
   0.0000138700   -0.0000085800    0.0000444200
   0.0000020400    0.0000080900    0.0000233100
  -0.0000026600   -0.0000035000    0.0000384100
  -0.0000251800   -0.0000023300    0.0000450500
   0.0002380600    0.0001054300   -0.0002633100
   0.0000097500    0.0000055400    0.0000456100
  -0.0000043500   -0.0000036000    0.0000267400
   0.0000014400   -0.0000020100    0.0000313500
   0.0000064400   -0.0000067000    0.0000222300
  -0.0000025600    0.0000016400    0.0000706900
   0.0000036800    0.0000016200   -0.0000094200
  -0.0000079300   -0.0000037600    0.0000243400
   0.0000009400    0.0000002800    0.0000280700
   0.0000005300    0.0000001400    0.0000255500
   0.0000061500   -0.0000018800    0.0000255100
   0.0000195600    0.0000018600    0.0000219700
  -0.0000130900    0.0000097300    0.0000376700
   0.0000000600    0.0000009000    0.0000304200
   0.0000007100   -0.0000000800    0.0000258500
   0.0000012200    0.0000004000    0.0000333100
   0.0000021400    0.0000020600    0.0000269500
  -0.0000005900   -0.0000008100    0.0000297100
  -0.0000021900    0.0000014600    0.0000186400
  -0.0000011000    0.0000100900    0.0000211000
   0.0000006200    0.0000042600    0.0000259600
   0.0000027300    0.0000002300    0.0000262600
   0.0000021200   -0.0000000200    0.0000309900
   0.0000027300    0.0000000600    0.0000283400
  -0.0000023300    0.0000006600    0.0000188400
   0.0000004200   -0.0000087600    0.0000584000
   0.0000110600    0.0000126100    0.0000283300
   0.0000012100   -0.0000012300    0.0000361900
   0.0000024700    0.0000002700    0.0000290600
   0.0000006100    0.0000004600    0.0000238400
  -0.0000147600    0.0000077300    0.0000331600
   0.0000117800   -0.0000040700   -0.0000357500
  -0.0000008000   -0.0000155400    0.0000366600
   0.0000014600   -0.0000026600    0.0000217600
  -0.0000012300   -0.0000023000    0.0000220100
   0.0000047000   -0.0000176900    0.0000252500
   0.0000088600    0.0000037100    0.0000198000
   0.0001832100    0.0001720400    0.0000780800
  -0.0000183300    0.0000887700   -0.0000759600
   0.0000160200   -0.0000042400   -0.0000566300
  -0.0000076200   -0.0000133200   -0.0000767700
   0.0000811200    0.0001374300    0.0000029400
  -0.0001649800    0.0000276600   -0.0002820700
   0.0000633800   -0.0000881300   -0.0000932800
  -0.0000018900   -0.0000122400   -0.0000405200
   0.0000045900    0.0000018900   -0.0000893900
   0.0000014600    0.0000100800   -0.0000422300
  -0.0000823500   -0.0001120000    0.0000197500
   0.0000254200    0.0000520500   -0.0002632900
  -0.0000025200    0.0000156600   -0.0000510900
   0.0000035300    0.0000006800   -0.0000914600
   0.0000004700   -0.0000020400   -0.0000868200
   0.0000006900    0.0000126600   -0.0000830700
   0.0000159200    0.0000123700   -0.0000864500
   0.0000122300   -0.0000103400   -0.0000404900
  -0.0000167000   -0.0000000300   -0.0000611100
   0.0000190500    0.0000019300   -0.0000404400
   0.0000095800   -0.0000119100   -0.0000727200
   0.0000072900    0.0000015100   -0.0000868200
  -0.0000027800   -0.0000005800   -0.0000968400
  -0.0000083100    0.0000076600   -0.0000848900
   0.0001455600    0.0000035600   -0.0000532300
  -0.0001020500   -0.0000308100   -0.0000186900
  -0.0000012900    0.0000132200   -0.0000937700
   0.0000016500   -0.0000025700   -0.0000945800
   0.0000027300    0.0000031900   -0.0000979800
  -0.0000052600   -0.0000126500   -0.0000341200
  -0.0001158300   -0.0002007000   -0.0001039900
   0.0001009000   -0.0000431000   -0.0003073800
  -0.0000149400    0.0000120900   -0.0000708500
   0.0000047900   -0.0000087000   -0.0000854300
  -0.0000165600   -0.0000161600   -0.0000570600
   0.0000116900   -0.0000075300   -0.0002200900

1    
 -0.0068039810808119   0.0000000000000000  -0.0073284269425269
   0.1748266000   -0.0004247000    0.2007198800
  -0.0078127300   -0.0072385400    0.0049830200
  -0.0008082500    0.0001698800   -0.0005188000
  -0.0001639400    0.0000149000   -0.0000150100
  -0.0008610600   -0.0001154600   -0.0004930600
  -0.0081166600    0.0077256400    0.0047779600
  -0.0034499900    0.0048987200    0.0050360800
  -0.0002352500    0.0006409800   -0.0002852700
  -0.0000126900   -0.0000181500   -0.0000365500
   0.0000007900    0.0000291300   -0.0000280400
  -0.0002749500   -0.0006325600   -0.0003104400
  -0.0038179900   -0.0050644000    0.0047256000
   0.0001068200   -0.0006619100   -0.0004925400
   0.0000136000   -0.0000046900   -0.0000175900
  -0.0000234000    0.0000018800    0.0000204400
   0.0000056300   -0.0000114600   -0.0000460100
   0.0000377200    0.0006737400   -0.0005213400
  -0.0013590400   -0.0000260500   -0.0002978600
  -0.0000086700   -0.0000890600   -0.0000046600
   0.0000257200   -0.0000264600   -0.0000126700
   0.0000114900    0.0000255300   -0.0000511400
  -0.0000302000    0.0000762400   -0.0000260500
  -0.0000029500   -0.0000117800   -0.0000372100
   0.0000364800   -0.0000004300   -0.0000265900
   0.0000902200   -0.0004162100   -0.0004795400
  -0.0013603300   -0.0000225300   -0.0002987700
   0.0000596300    0.0003458300   -0.0005335800
  -0.0000046800    0.0000162500   -0.0000343500
  -0.0000277800   -0.0000024900    0.0000211300
   0.0000239200   -0.0000482400   -0.0000305600
  -0.0034710400   -0.0100848000    0.0049346300
  -0.0037966100    0.0098808900    0.0048280700
  -0.0002654700   -0.0006244100   -0.0003060600
  -0.0000061600    0.0000089300   -0.0000285800
  -0.0000120700    0.0000339400   -0.0000355500
  -0.0002378300    0.0006550800   -0.0002913200
  -0.0066165400    0.0025470700   -0.0142672900
  -0.0000116000    0.0005811000   -0.0006567200
  -0.0000308500   -0.0000235500   -0.0000032000
  -0.0000525500    0.0000001400    0.0000504300
  -0.0008985800   -0.0006479900   -0.0005644100
  -0.0534547400    0.0244954600   -0.0556841000
   0.0001123700   -0.0000782100   -0.0005930800
   0.0000284300   -0.0000030900   -0.0000020800
   0.0000199600   -0.0000138800    0.0000136700
   0.0000710400   -0.0000221400   -0.0000535600
  -0.0002714700    0.0008715300   -0.0006262000
   0.0029342300    0.0015440500   -0.0017069500
  -0.0000286300   -0.0000162500   -0.0000309800
  -0.0000169600    0.0000229600    0.0000069700
   0.0000074800   -0.0000077300    0.0000243000
  -0.0000201200    0.0000499700    0.0000773200
  -0.0001439500    0.0000896100    0.0000471700
   0.0000160200    0.0001132500    0.0000994700
  -0.0000089300   -0.0000107800   -0.0000031100
   0.0000310000    0.0000248100   -0.0000263400
   0.0000235300    0.0000009200    0.0000492100
  -0.0000031600   -0.0000169900    0.0000071900
   0.0000130800   -0.0000170000    0.0000197200
   0.0000228900    0.0000018700    0.0000183000
  -0.0006334000   -0.0001432400   -0.0005399200
  -0.0001416700   -0.0005846600   -0.0006681100
   0.0001376700   -0.0001414400   -0.0000204100
   0.0000038300    0.0000049000    0.0000066500
   0.0000337300    0.0000100100    0.0000314700
   0.0000422200   -0.0000962100    0.0001652500
  -0.0110304400   -0.0268654400   -0.0347734000
   0.0009124900    0.0011591900   -0.0012852600
   0.0001693200   -0.0001086700    0.0000082500
   0.0000251700    0.0000162000    0.0000120600
  -0.0000826400    0.0001499500    0.0001398500
  -0.0017637400   -0.0027225000   -0.0021355300
  -0.0511021500   -0.0231177500   -0.0538671600
  -0.0008220400    0.0004790500   -0.0006314500
  -0.0000379400    0.0000017600    0.0000336500
  -0.0000166700    0.0000239000   -0.0000209700
   0.0000389800   -0.0005804600   -0.0006836300
  -0.0067340200   -0.0025051900   -0.0140446200
  -0.0003359700   -0.0008030500   -0.0007168600
   0.0000668700    0.0000323800   -0.0000659200
   0.0000192800    0.0000130700    0.0000019700
   0.0000274200   -0.0000102400    0.0000077500
   0.0001834200    0.0001019000   -0.0006013500
   0.0029639400   -0.0016056200   -0.0016272000
  -0.0000019400   -0.0000295800    0.0000548600
   0.0000029400    0.0000107400    0.0000061600
  -0.0000189400   -0.0000225400   -0.0000049000
  -0.0000145400    0.0000015800   -0.0000413200
   0.0000260500   -0.0001014200    0.0000988600
  -0.0001674600   -0.0000483800    0.0000332900
   0.0000221800   -0.0000141600    0.0000270300
   0.0000083200   -0.0000226400   -0.0000307200
  -0.0000089700    0.0000168200   -0.0000129900
   0.0000382500    0.0000074600    0.0000128100
   0.0000075000    0.0000057800    0.0000015500
  -0.0000090000    0.0000198700   -0.0000115400
  -0.0001245800    0.0006203900   -0.0007495100
  -0.0004758800    0.0001822700   -0.0005798100
   0.0000650600    0.0001065000    0.0001810400
   0.0000220100   -0.0000087400    0.0000141800
   0.0000124300    0.0000010400   -0.0000107800
   0.0000982100    0.0001382100   -0.0000469500
  -0.0110693900    0.0257847300   -0.0341477700
  -0.0017787000    0.0027303400   -0.0019780400
  -0.0000723000   -0.0001827900    0.0001459900
   0.0000244900   -0.0000260400    0.0000011400
   0.0001576600    0.0000942000   -0.0000146000
   0.0010005100   -0.0011432600   -0.0012684900
  -0.0001699800   -0.0000775900   -0.0005098200
  -0.0000353800   -0.0000066000    0.0000464900
   0.0000051100    0.0000020600    0.0000312100
  -0.0000107300   -0.0000249700    0.0000667800
   0.0001051600   -0.0000816600   -0.0002851300
  -0.0000562400    0.0003077700    0.0004519900
  -0.0000346500   -0.0000201300    0.0000687100
   0.0000040300    0.0000051800    0.0000268200
  -0.0000082600    0.0000023000    0.0000172800
   0.0000046100    0.0000151700    0.0000459200
   0.0000181300   -0.0000057800    0.0000475100
   0.0000083800   -0.0000331600   -0.0000402300
   0.0000024800    0.0000015200    0.0000295600
  -0.0000048400   -0.0000069700    0.0000221700
  -0.0000004200   -0.0000033800    0.0000340600
  -0.0000048100   -0.0000001600    0.0000139200
   0.0000027900    0.0000131200    0.0000352200
  -0.0000108500   -0.0000010500    0.0000229100
  -0.0000197200    0.0000250100    0.0000785800
  -0.0000038500    0.0000123600    0.0000344300
   0.0000014000    0.0000000100    0.0000215100
   0.0000012800    0.0000005900    0.0000205900
  -0.0000038400    0.0000023100    0.0000165500
   0.0000002800    0.0000060200    0.0000155800
  -0.0000360600    0.0001600500   -0.0003981600
   0.0000029600    0.0000133400    0.0000474000
   0.0000108800   -0.0000049100    0.0000326800
   0.0000001800   -0.0000028000    0.0000183800
  -0.0000106500   -0.0000076000    0.0000377700
   0.0000328900    0.0000149600   -0.0000399200
   0.0002921500   -0.0002013200    0.0005907500
  -0.0000153400    0.0000090800    0.0000038400
  -0.0000033500   -0.0000077000    0.0000261300
   0.0000007800    0.0000038200    0.0000104000
   0.0000238800    0.0000024000    0.0000030800
  -0.0002406700   -0.0001069700    0.0003132100
  -0.0000121500   -0.0000057400    0.0000213700
   0.0000027100    0.0000027900    0.0000399600
  -0.0000029800    0.0000015900    0.0000348200
  -0.0000080000    0.0000064800    0.0000436000
   0.0000005700   -0.0000015900   -0.0000042200
  -0.0000049900   -0.0000014400    0.0000741300
   0.0000057200    0.0000037800    0.0000423000
  -0.0000024800   -0.0000002900    0.0000382100
  -0.0000021100    0.0000002400    0.0000407100
  -0.0000079700    0.0000011700    0.0000399600
  -0.0000207600   -0.0000016900    0.0000440300
   0.0000109400   -0.0000103300    0.0000280200
  -0.0000014600   -0.0000010000    0.0000356800
  -0.0000020200    0.0000006000    0.0000400500
  -0.0000036200   -0.0000005500    0.0000325200
  -0.0000034100   -0.0000026700    0.0000394400
  -0.0000015000    0.0000002400    0.0000357900
  -0.0000000600   -0.0000019300    0.0000476600
  -0.0000002500   -0.0000102400    0.0000447000
  -0.0000027100   -0.0000042100    0.0000397500
  -0.0000051700   -0.0000002000    0.0000394500
  -0.0000033700    0.0000004200    0.0000347700
  -0.0000046400    0.0000005500    0.0000377500
   0.0000007700   -0.0000007000    0.0000472100
  -0.0000021200    0.0000079800    0.0000088200
  -0.0000128800   -0.0000133300    0.0000380400
  -0.0000029200    0.0000008700    0.0000304100
  -0.0000039800   -0.0000005700    0.0000368300
  -0.0000030200   -0.0000006000    0.0000419000
   0.0000135600   -0.0000081000    0.0000329500
  -0.0000134000    0.0000050400    0.0000995300
  -0.0000009000    0.0000157800    0.0000298300
  -0.0000028700    0.0000028000    0.0000438300
  -0.0000009600    0.0000025900    0.0000437200
  -0.0000067200    0.0000177900    0.0000415000
  -0.0000102300   -0.0000030700    0.0000469200
  -0.0001803600   -0.0001695100   -0.0002573400
   0.0000177900   -0.0000895500   -0.0001142700
  -0.0000177900    0.0000041900   -0.0001321000
   0.0000057300    0.0000132800   -0.0001115400
  -0.0000813700   -0.0001354300   -0.0001915100
   0.0001597200   -0.0000301700    0.0000926200
  -0.0000650800    0.0000884400   -0.0000986600
   0.0000006700    0.0000126700   -0.0001488200
  -0.0000067200   -0.0000016200   -0.0000991500
  -0.0000019700   -0.0000096100   -0.0001459700
   0.0000789000    0.0001102900   -0.0002081400
  -0.0000249500   -0.0000507200    0.0000727000
   0.0000014700   -0.0000158500   -0.0001380700
  -0.0000061700   -0.0000008700   -0.0000972700
  -0.0000009700    0.0000022800   -0.0001012200
  -0.0000023100   -0.0000122500   -0.0001061000
  -0.0000170900   -0.0000120100   -0.0001017300
  -0.0000139500    0.0000098200   -0.0001489200
   0.0000147600   -0.0000002000   -0.0001277600
  -0.0000208200   -0.0000023000   -0.0001469800
  -0.0000095000    0.0000113200   -0.0001163300
  -0.0000089100   -0.0000013200   -0.0001024900
   0.0000006500    0.0000007700   -0.0000923000
   0.0000072300   -0.0000076500   -0.0001050300
  -0.0001457900   -0.0000020600   -0.0001370200
   0.0000991600    0.0000317100   -0.0001687100
  -0.0000010600   -0.0000127600   -0.0000947400
  -0.0000030600    0.0000017400   -0.0000942900
  -0.0000036300   -0.0000030100   -0.0000905000
   0.0000044400    0.0000137700   -0.0001551100
   0.0001099500    0.0001970200   -0.0000837400
  -0.0001001700    0.0000441300    0.0001140400
   0.0000118900   -0.0000109300   -0.0001185500
  -0.0000066200    0.0000094500   -0.0001029600
   0.0000160600    0.0000155200   -0.0001315900
  -0.0000109200    0.0000080200    0.0000313300

37   
  0.0068039810808119  -0.0000000000000000   0.0073284269425269
   0.0078146300   -0.0018690200    0.0130827700
   0.0523681300   -0.0238396800    0.0568522900
   0.0004207500   -0.0003001200    0.0010360900
   0.0000108200    0.0000247600    0.0000049100
   0.0000734700    0.0000712400   -0.0000197300
   0.0004805900    0.0002232400    0.0002148400
   0.0110656200    0.0254246700    0.0346907600
   0.0008570800    0.0022128800    0.0029838800
  -0.0001161400   -0.0001245200    0.0000585300
  -0.0000287300   -0.0000072700    0.0000032500
   0.0000283700   -0.0000209200   -0.0001739700
  -0.0000705000   -0.0016681000    0.0004623200
   0.0003369200    0.0006473400    0.0008567600
  -0.0001908100   -0.0001258500   -0.0000155800
  -0.0000344300   -0.0000128900   -0.0000157400
  -0.0000043800   -0.0000043000    0.0000086500
   0.0000089000    0.0000746900   -0.0000999500
   0.0004335100   -0.0006769900    0.0003971100
   0.0000216400   -0.0000363500    0.0000084400
  -0.0000162600   -0.0000072100   -0.0000096700
  -0.0000124200    0.0000172900   -0.0000033700
  -0.0000032900    0.0000145900    0.0000163300
  -0.0000326400   -0.0000667200   -0.0000230000
  -0.0000309000    0.0000310300    0.0000437400
   0.0000831600    0.0000256800   -0.0000039000
   0.0000361300    0.0001632400   -0.0001323700
   0.0000927500    0.0000327800    0.0000158400
  -0.0000329500   -0.0000194100   -0.0000109300
  -0.0000043000    0.0000107800   -0.0000103100
   0.0000144500   -0.0000201000    0.0000120800
   0.0000575700   -0.0003526500    0.0004440400
  -0.0029680300   -0.0005347100    0.0017179200
   0.0000844700    0.0004590400    0.0008058800
  -0.0000207100   -0.0000053300    0.0000222700
  -0.0000217600    0.0000100700    0.0000010100
  -0.0000740900   -0.0000249200    0.0000640200
  -0.0799840700    0.0003248300   -0.1116388000
   0.0041229800    0.0000115800   -0.0021393300
  -0.0000624400   -0.0000259700   -0.0001594300
   0.0000302600   -0.0000173000    0.0000537300
  -0.0000291400   -0.0000657500   -0.0001873100
   0.0056203000    0.0004957000   -0.0035630900
   0.0005131800    0.0018452700   -0.0022960000
  -0.0001448700   -0.0000640100    0.0000019400
   0.0000280300    0.0000069300    0.0000294800
   0.0000271000   -0.0000120100    0.0000272600
  -0.0002214200    0.0001080000    0.0001534800
   0.0008719200   -0.0034602800   -0.0034217800
  -0.0000372300   -0.0000431400   -0.0002041000
   0.0000199900    0.0000110500    0.0000214200
   0.0000087000    0.0000006400    0.0000502000
   0.0000249700   -0.0000081800    0.0000358200
   0.0000574700    0.0000602000   -0.0001451500
  -0.0000338500    0.0000907700    0.0000779500
  -0.0000010100    0.0000178800    0.0000393300
   0.0000062700    0.0000058900    0.0000204900
   0.0000109000   -0.0000037300    0.0000365900
   0.0000293800   -0.0000002300    0.0000678900
   0.0000165000    0.0000027100    0.0000298800
   0.0000002600    0.0000060700    0.0000255400
  -0.0000217300    0.0000236700   -0.0002166800
  -0.0000350100   -0.0000459000    0.0000776100
   0.0000420000    0.0000489200   -0.0001302100
   0.0000305700   -0.0000079100    0.0000299600
   0.0000088400    0.0000003800    0.0000507400
   0.0000144000    0.0000172800    0.0000260600
   0.0013096700    0.0027222900   -0.0030055500
   0.0000792500   -0.0016214200   -0.0027072900
  -0.0001044400    0.0000398500    0.0000416300
   0.0000273700   -0.0000163700    0.0000280400
   0.0000277700   -0.0000026700    0.0000283700
  -0.0002596800   -0.0001314200    0.0001156600
  -0.0020475700    0.0000007500    0.0128996000
   0.0023120500    0.0020806100    0.0014560600
   0.0000137700    0.0000672000    0.0000263900
   0.0000047800    0.0000003600    0.0000330300
   0.0000544300   -0.0001502900    0.0000601500
  -0.0002670600    0.0001550500   -0.0008583300
   0.0008022100    0.0006556400    0.0000034900
   0.0000569100    0.0000273100   -0.0001370500
   0.0000066700    0.0000190900    0.0000329700
  -0.0000023300   -0.0000128500    0.0000302400
   0.0000895600   -0.0000451700   -0.0002832000
  -0.0024234800    0.0004581600    0.0005818300
  -0.0001020400   -0.0000486000    0.0000673300
   0.0000093100   -0.0000077500    0.0000434700
   0.0000089000    0.0000007200    0.0000244400
   0.0000004400    0.0000120000    0.0000195200
  -0.0000101900    0.0000555900    0.0000191100
   0.0000338200    0.0000717400   -0.0002011100
   0.0000029900    0.0000010600    0.0000345400
  -0.0000010700    0.0000056500    0.0000416400
  -0.0000022400   -0.0000164200    0.0000212000
   0.0000023300   -0.0000008800    0.0000318600
   0.0000145600    0.0000227900    0.0000337200
  -0.0000045800   -0.0000059500    0.0000298900
  -0.0000856900    0.0001964300    0.0000836500
   0.0000096700    0.0000195800   -0.0002098000
  -0.0000338800   -0.0001204500    0.0000020400
   0.0000184800   -0.0000084700    0.0000362100
   0.0000101500    0.0000005200    0.0000231100
  -0.0000058800    0.0000163400    0.0000270000
  -0.0004807900    0.0003252400   -0.0011430500
  -0.0011458400   -0.0037142200    0.0017493900
   0.0001177000   -0.0000490200   -0.0002063200
   0.0000061800   -0.0000004300    0.0000342300
   0.0000012600   -0.0000248300    0.0000287000
  -0.0000049700   -0.0000231800   -0.0001945300
   0.0000252300    0.0000050600    0.0000811300
  -0.0000096500   -0.0000027400    0.0000451000
  -0.0000021500   -0.0000025700    0.0000644600
   0.0000019900   -0.0000016400    0.0000668100
   0.0000144700    0.0000027200    0.0000477800
  -0.0000011600    0.0000103100    0.0001089000
  -0.0000036600   -0.0000219200    0.0000403000
  -0.0000044000   -0.0000059900    0.0000623700
   0.0000029600   -0.0000008000    0.0000626800
   0.0000078400   -0.0000012000    0.0000625500
   0.0000083500    0.0000010300    0.0000525600
  -0.0000071900    0.0000005500    0.0000792900
   0.0000014300   -0.0000004500    0.0000664400
   0.0000030400   -0.0000001100    0.0000622400
   0.0000045800    0.0000009500    0.0000632200
   0.0000069200   -0.0000009100    0.0000646300
   0.0000067500   -0.0000010900    0.0000600400
   0.0000014500   -0.0000014400    0.0000558100
   0.0000009300   -0.0000013300    0.0000674300
   0.0000062000    0.0000069000    0.0000623900
   0.0000028900    0.0000067600    0.0000632400
   0.0000047800   -0.0000001400    0.0000616300
   0.0000037200   -0.0000000900    0.0000621600
   0.0000032100    0.0000011000    0.0000601700
   0.0000207600    0.0000152800    0.0000414800
   0.0000085600    0.0000061100    0.0000512500
   0.0000029000    0.0000042000    0.0000607500
   0.0000046100   -0.0000003900    0.0000622200
   0.0000046000    0.0000005600    0.0000618200
   0.0000021600    0.0000015000    0.0000548800
   0.0000166300   -0.0000156600    0.0000949600
   0.0000049400   -0.0000071800    0.0000685900
  -0.0000002400   -0.0000009300    0.0000585300
   0.0000047100   -0.0000010500    0.0000609600
   0.0000044800   -0.0000027400    0.0000568700
   0.0000039800    0.0000062200    0.0000905400
  -0.0000021300   -0.0000015600    0.0000453100
   0.0000028600    0.0000011900    0.0000370000
   0.0000031800   -0.0000004700    0.0000378900
   0.0000026600    0.0000005200    0.0000390300
   0.0000045400   -0.0000009200    0.0000346200
   0.0000033700   -0.0000017500    0.0000465000
   0.0000035200   -0.0000013900    0.0000340400
   0.0000031300    0.0000000300    0.0000367400
   0.0000036200   -0.0000000200    0.0000379800
   0.0000038600   -0.0000006900    0.0000384800
   0.0000040300   -0.0000003000    0.0000376800
   0.0000032600    0.0000016300    0.0000375300
   0.0000039300    0.0000001500    0.0000380300
   0.0000034200    0.0000001100    0.0000380100
   0.0000034100   -0.0000001800    0.0000376300
   0.0000034200    0.0000001000    0.0000386900
   0.0000023400    0.0000011200    0.0000382300
   0.0000033100   -0.0000015800    0.0000378600
   0.0000033400   -0.0000013800    0.0000386800
   0.0000030600    0.0000002000    0.0000379900
   0.0000036600    0.0000005000    0.0000381500
   0.0000026900   -0.0000005100    0.0000368700
   0.0000029500   -0.0000001400    0.0000373500
   0.0000036000   -0.0000001900    0.0000387400
   0.0000038500    0.0000015300    0.0000330400
   0.0000028300   -0.0000000700    0.0000388200
   0.0000049200   -0.0000011400    0.0000369200
   0.0000031700   -0.0000002100    0.0000363300
   0.0000032100    0.0000001600    0.0000383000
   0.0000056500    0.0000003400    0.0000394300
   0.0000004800    0.0000030600    0.0000457200
   0.0000062100   -0.0000018700    0.0000361500
   0.0000037100   -0.0000006100    0.0000366300
   0.0000033100    0.0000003900    0.0000379500
   0.0000035200    0.0000013600    0.0000399800
   0.0000032400   -0.0000001200    0.0000389600
   0.0000063800    0.0000000100   -0.0001267800
  -0.0000033300    0.0000084600   -0.0000450900
   0.0000022100    0.0000079900   -0.0000713300
   0.0000044300    0.0000033200   -0.0000686900
  -0.0000000500   -0.0000079100   -0.0000776600
   0.0000316600   -0.0000038800   -0.0000497800
   0.0000013200   -0.0000158200   -0.0000449900
   0.0000131000   -0.0000021800   -0.0000597900
   0.0000035000    0.0000009700   -0.0000720000
  -0.0000002700   -0.0000001600   -0.0000744900
   0.0000062300    0.0000060500   -0.0000758400
   0.0000148400   -0.0000165800   -0.0000499700
  -0.0000000100    0.0000027700   -0.0000782100
   0.0000040000    0.0000004000   -0.0000735700
   0.0000032200    0.0000000700   -0.0000684100
   0.0000012600    0.0000029700   -0.0000730400
  -0.0000008400   -0.0000006800   -0.0000715500
   0.0000067900   -0.0000034800   -0.0000641100
   0.0000067800   -0.0000009900   -0.0000690700
   0.0000019500   -0.0000023100   -0.0000746500
   0.0000033600   -0.0000020700   -0.0000717400
   0.0000007900   -0.0000023600   -0.0000686200
   0.0000039500   -0.0000015000   -0.0000653200
   0.0000039700    0.0000015400   -0.0000708600
  -0.0000092400    0.0000036000   -0.0000814000
   0.0000172500   -0.0000036000   -0.0000675700
  -0.0000076700   -0.0000050600   -0.0000680100
   0.0000047000    0.0000002100   -0.0000645600
   0.0000038800    0.0000001100   -0.0000683000
   0.0000048100   -0.0000002700   -0.0000712600
   0.0000161000    0.0000220200   -0.0000472400
  -0.0000052400    0.0000056800   -0.0000475000
  -0.0000055900    0.0000070100   -0.0000637200
   0.0000056400   -0.0000014300   -0.0000671100
   0.0000052900    0.0000012900   -0.0000684300
   0.0000007000   -0.0000036400   -0.0000637900

37   
 -0.0068039810808119   0.0000000000000000  -0.0073284269425269
  -0.0076342100    0.0019540300   -0.0132732800
  -0.0502032200    0.0226430200   -0.0546732000
  -0.0003638200    0.0002986800   -0.0010230600
  -0.0000055500   -0.0000264700    0.0000053600
  -0.0000693500   -0.0000734800    0.0000304700
  -0.0005075100   -0.0002263600   -0.0001954700
  -0.0110026800   -0.0248622600   -0.0342381400
  -0.0008770900   -0.0021986500   -0.0029342600
   0.0001195200    0.0001219100   -0.0000501700
   0.0000307700    0.0000083300    0.0000063000
  -0.0000225500    0.0000236600    0.0001845400
   0.0000479400    0.0016750100   -0.0004802200
  -0.0003096700   -0.0006164000   -0.0008428100
   0.0001915300    0.0001267000    0.0000236200
   0.0000377100    0.0000122100    0.0000247400
   0.0000075100    0.0000052200    0.0000010500
  -0.0000035800   -0.0000761500    0.0001102900
  -0.0004446600    0.0006876800   -0.0003730600
  -0.0000139100    0.0000365700    0.0000021000
   0.0000207600    0.0000060800    0.0000192100
   0.0000163600   -0.0000171000    0.0000130500
   0.0000075000   -0.0000131200   -0.0000070500
   0.0000381300    0.0000671800    0.0000337900
   0.0000361300   -0.0000300800   -0.0000319800
  -0.0000782900   -0.0000255300    0.0000146200
  -0.0000327600   -0.0001643300    0.0001404700
  -0.0000857500   -0.0000340900   -0.0000074000
   0.0000386100    0.0000210000    0.0000208400
   0.0000091000   -0.0000086900    0.0000193300
  -0.0000072600    0.0000216100   -0.0000025400
  -0.0000695900    0.0003340500   -0.0004310700
   0.0029397500    0.0005345800   -0.0017126900
  -0.0000679300   -0.0004788200   -0.0007887100
   0.0000257900    0.0000058000   -0.0000118800
   0.0000268400   -0.0000102300    0.0000084400
   0.0000772600    0.0000230700   -0.0000535700
   0.0766374600    0.0002976200    0.0995657000
  -0.0040397200   -0.0000188300    0.0021969300
   0.0000679800    0.0000264000    0.0002601100
  -0.0000243700    0.0000174200    0.0000487700
   0.0000401200    0.0000663500    0.0002898900
  -0.0056836600   -0.0004910000    0.0036919600
  -0.0005365400   -0.0018330400    0.0023615500
   0.0001467700    0.0000615300    0.0000955600
  -0.0000221500   -0.0000054600    0.0000748600
  -0.0000216000    0.0000116200    0.0000749700
   0.0002277400   -0.0001090800   -0.0000499900
  -0.0008664200    0.0034473300    0.0035137600
   0.0000423400    0.0000434200    0.0003032000
  -0.0000135400   -0.0000106700    0.0000829300
  -0.0000045600    0.0000002200    0.0000525300
  -0.0000185400    0.0000086900    0.0000670700
  -0.0000514500   -0.0000649800    0.0002444600
   0.0000392600   -0.0000943300    0.0000233400
   0.0000063700   -0.0000178600    0.0000637500
  -0.0000009000   -0.0000056700    0.0000832000
  -0.0000053100    0.0000028400    0.0000670000
  -0.0000247400   -0.0000001600    0.0000349300
  -0.0000111500   -0.0000019100    0.0000727100
   0.0000053100   -0.0000059100    0.0000761700
   0.0000278200   -0.0000224800    0.0003194300
   0.0000390000    0.0000449000    0.0000232200
  -0.0000375300   -0.0000491600    0.0002305600
  -0.0000235100    0.0000077600    0.0000732400
  -0.0000039900    0.0000000600    0.0000522900
  -0.0000091200   -0.0000164000    0.0000772700
  -0.0013100200   -0.0027202400    0.0031108800
  -0.0000889500    0.0016090500    0.0027679500
   0.0001063400   -0.0000395900    0.0000606500
  -0.0000217200    0.0000150800    0.0000748000
  -0.0000221200    0.0000017200    0.0000751000
   0.0002700600    0.0001323000   -0.0000114100
   0.0020116300    0.0000018300   -0.0126866500
  -0.0022938900   -0.0020861400   -0.0013690400
  -0.0000071000   -0.0000661700    0.0000340400
   0.0000010800   -0.0000002300    0.0000245500
  -0.0000466700    0.0001502600   -0.0000033400
   0.0002990700   -0.0001759900    0.0009003500
  -0.0008384500   -0.0006563700    0.0000412400
  -0.0000461000   -0.0000241100    0.0001950300
  -0.0000008300   -0.0000175100    0.0000235300
   0.0000080100    0.0000121600    0.0000276400
  -0.0000848200    0.0000468300    0.0003458500
   0.0024185800   -0.0004602700   -0.0005236800
   0.0001063700    0.0000510200   -0.0000060800
  -0.0000026400    0.0000081200    0.0000135800
  -0.0000046300    0.0000002600    0.0000328700
   0.0000064400   -0.0000115300    0.0000378400
   0.0000157400   -0.0000575900    0.0000363600
  -0.0000259500   -0.0000718900    0.0002569800
   0.0000025000   -0.0000007600    0.0000222600
   0.0000065300   -0.0000057200    0.0000151700
   0.0000078200    0.0000156400    0.0000356900
   0.0000020000    0.0000005400    0.0000258900
  -0.0000091000   -0.0000220300    0.0000235300
   0.0000104200    0.0000061800    0.0000278600
   0.0000899800   -0.0001955400   -0.0000252900
  -0.0000044500   -0.0000218400    0.0002703300
   0.0000377000    0.0001194700    0.0000549200
  -0.0000114300    0.0000080700    0.0000204200
  -0.0000051600    0.0000002300    0.0000342100
   0.0000115800   -0.0000152800    0.0000295600
   0.0004862500   -0.0003065100    0.0011867300
   0.0011307700    0.0036465500   -0.0016473200
  -0.0001139900    0.0000501600    0.0002612300
  -0.0000001800   -0.0000004100    0.0000230000
   0.0000049400    0.0000241200    0.0000277300
   0.0000106500    0.0000204000    0.0002531200
  -0.0000206800   -0.0000047100    0.0000493000
   0.0000148200    0.0000025300    0.0000834600
   0.0000076500    0.0000025300    0.0000648900
   0.0000033400    0.0000020000    0.0000623700
  -0.0000093800   -0.0000023600    0.0000816900
   0.0000064800   -0.0000106200    0.0000194200
   0.0000090200    0.0000222400    0.0000886200
   0.0000092400    0.0000060400    0.0000665000
   0.0000025600    0.0000007100    0.0000659600
  -0.0000030300    0.0000010900    0.0000665600
  -0.0000030000   -0.0000012600    0.0000759900
   0.0000118300   -0.0000003200    0.0000494600
   0.0000042400    0.0000004600    0.0000626000
   0.0000020200    0.0000002600    0.0000665800
   0.0000008800   -0.0000008400    0.0000658500
  -0.0000019400    0.0000011600    0.0000645500
  -0.0000014500    0.0000015300    0.0000687700
   0.0000034700    0.0000018500    0.0000732500
   0.0000036500    0.0000010000    0.0000611600
  -0.0000007000   -0.0000073000    0.0000662400
   0.0000023100   -0.0000071500    0.0000656600
   0.0000005700   -0.0000001100    0.0000670400
   0.0000013900   -0.0000000400    0.0000667000
   0.0000022500   -0.0000006800    0.0000684900
  -0.0000154700   -0.0000148900    0.0000877700
  -0.0000034000   -0.0000055100    0.0000773300
   0.0000027900   -0.0000043400    0.0000680200
   0.0000009400    0.0000004900    0.0000663100
   0.0000008100   -0.0000002900    0.0000668100
   0.0000024400   -0.0000016200    0.0000741600
  -0.0000122400    0.0000154100    0.0000346100
   0.0000005400    0.0000063400    0.0000614800
   0.0000060900    0.0000005900    0.0000704200
   0.0000004100    0.0000008100    0.0000678100
   0.0000006300    0.0000020500    0.0000716800
   0.0000011500   -0.0000063900    0.0000383600
   0.0000070600    0.0000014600    0.0000440900
   0.0000019700   -0.0000011700    0.0000517200
   0.0000019600    0.0000002400    0.0000506100
   0.0000025100   -0.0000005400    0.0000493400
   0.0000005500    0.0000010100    0.0000537900
   0.0000017700    0.0000015400    0.0000426000
   0.0000016500    0.0000012600    0.0000545400
   0.0000014900   -0.0000001900    0.0000516100
   0.0000015600   -0.0000001500    0.0000507000
   0.0000012100    0.0000002500    0.0000496000
   0.0000010900    0.0000000200    0.0000511100
   0.0000019200   -0.0000018600    0.0000511800
   0.0000013400   -0.0000003700    0.0000503100
   0.0000014800    0.0000000000    0.0000505700
   0.0000018200    0.0000001800    0.0000504600
   0.0000016000    0.0000000500    0.0000495500
   0.0000026800   -0.0000012000    0.0000499500
   0.0000014700    0.0000013200    0.0000505800
   0.0000012800    0.0000010900    0.0000498400
   0.0000020700   -0.0000003600    0.0000510300
   0.0000014500   -0.0000008200    0.0000501700
   0.0000024100    0.0000002200    0.0000517400
   0.0000020900   -0.0000001600    0.0000511900
   0.0000016000    0.0000001900    0.0000496700
   0.0000012900   -0.0000011700    0.0000557500
   0.0000022600    0.0000004700    0.0000499600
   0.0000000100    0.0000013200    0.0000518600
   0.0000018200    0.0000002000    0.0000522100
   0.0000019900   -0.0000000700    0.0000500900
  -0.0000007000   -0.0000004300    0.0000487500
   0.0000044900   -0.0000032300    0.0000431700
  -0.0000011700    0.0000016000    0.0000525300
   0.0000012100    0.0000004900    0.0000520400
   0.0000016300   -0.0000005700    0.0000508100
   0.0000015900   -0.0000017200    0.0000488800
   0.0000020600   -0.0000000900    0.0000497700
  -0.0000009400    0.0000002300    0.0000077500
   0.0000084300   -0.0000080700   -0.0000735400
   0.0000037400   -0.0000080300   -0.0000482900
   0.0000004200   -0.0000031600   -0.0000508800
   0.0000055300    0.0000087100   -0.0000414700
  -0.0000259500    0.0000039100   -0.0000693200
   0.0000040300    0.0000157000   -0.0000737800
  -0.0000075400    0.0000028300   -0.0000601200
   0.0000017600   -0.0000013800   -0.0000477000
   0.0000059200    0.0000001100   -0.0000447900
  -0.0000011500   -0.0000066100   -0.0000445600
  -0.0000094900    0.0000164500   -0.0000695100
   0.0000054400   -0.0000026900   -0.0000417000
   0.0000008100   -0.0000000000   -0.0000463300
   0.0000022800    0.0000001100   -0.0000508800
   0.0000038900   -0.0000021700   -0.0000465300
   0.0000062700    0.0000011000   -0.0000492600
  -0.0000009200    0.0000040400   -0.0000568200
  -0.0000009100    0.0000012900   -0.0000508500
   0.0000029900    0.0000018100   -0.0000445300
   0.0000024200    0.0000016300   -0.0000481300
   0.0000042600    0.0000018800   -0.0000517000
   0.0000017200    0.0000012600   -0.0000551300
   0.0000010400   -0.0000015500   -0.0000496300
   0.0000139300   -0.0000033700   -0.0000382900
  -0.0000118200    0.0000042300   -0.0000518700
   0.0000131500    0.0000054400   -0.0000519700
   0.0000008100    0.0000002700   -0.0000556200
   0.0000014800    0.0000001400   -0.0000515300
   0.0000010000    0.0000005600   -0.0000487100
  -0.0000107700   -0.0000220100   -0.0000717500
   0.0000102700   -0.0000059900   -0.0000713200
   0.0000110700   -0.0000070500   -0.0000565400
  -0.0000000700    0.0000013200   -0.0000528300
   0.0000002700   -0.0000016400   -0.0000509000
   0.0000044800    0.0000030200   -0.0000557000

73   
  0.0068039810808119  -0.0000000000000000   0.0073284269425269
   0.0503444200    0.0226997800    0.0544280000
   0.0073882000    0.0021177200    0.0135396400
   0.0004489600   -0.0001698900    0.0002617800
   0.0000639900   -0.0000480400   -0.0000113700
   0.0000001100   -0.0000383300    0.0000039700
   0.0003535600    0.0003674900    0.0010609400
   0.0110424200   -0.0250878300    0.0342509100
   0.0000498800    0.0017219900    0.0003560300
   0.0000534900    0.0000553800   -0.0001700300
  -0.0000220500    0.0000151200    0.0000027500
  -0.0001237800    0.0001286300    0.0000443500
   0.0008094900   -0.0021501600    0.0028986000
   0.0004152900    0.0005584100    0.0004972300
   0.0000486400   -0.0000840100   -0.0000798900
   0.0000021000    0.0000024800    0.0000079900
  -0.0000290200    0.0000142400   -0.0000048500
  -0.0001976300    0.0001449500   -0.0000457900
   0.0001963500   -0.0005916100    0.0008212600
  -0.0000227400    0.0000553200   -0.0000174600
   0.0000024900   -0.0000145100    0.0000235000
  -0.0000030200   -0.0000177900    0.0000018900
  -0.0000231000   -0.0000002300   -0.0000186200
   0.0000169800    0.0000414100    0.0000101100
  -0.0000051300   -0.0000441000    0.0000322100
  -0.0000398700    0.0000186200   -0.0000095200
   0.0001105600   -0.0000501400    0.0000274800
   0.0000416700   -0.0001973800   -0.0001526900
   0.0000650900   -0.0000308600    0.0000030600
   0.0000154600    0.0000199800    0.0000127900
   0.0000060400   -0.0000122300   -0.0000084400
   0.0001540600   -0.0004235900    0.0008989500
  -0.0029243300    0.0004386900    0.0016336800
   0.0000231400    0.0002554100    0.0004234100
  -0.0000792100    0.0000428100    0.0000498700
  -0.0000172100   -0.0000058800    0.0000023100
  -0.0000036900    0.0000006100    0.0000155000
  -0.0020041700    0.0000008000    0.0127615100
  -0.0002323800   -0.0001311300   -0.0008813800
   0.0000538600    0.0001440900    0.0000794200
   0.0000072700    0.0000014300    0.0000509000
   0.0000165900   -0.0000645100    0.0000401000
   0.0022438900   -0.0020166100    0.0014985500
  -0.0023415700   -0.0004442300    0.0006153600
   0.0000653600    0.0000169600   -0.0002434700
   0.0000028200    0.0000091600    0.0000477000
   0.0000090100   -0.0000167000    0.0000515000
   0.0000520800   -0.0000102300   -0.0001251200
   0.0007570300   -0.0006286200    0.0000158600
  -0.0000132900   -0.0000596900    0.0000369300
   0.0000038500   -0.0000141000    0.0000381600
   0.0000134700   -0.0000000500    0.0000412500
   0.0000129200    0.0000134600    0.0000601100
  -0.0000984300    0.0000526300    0.0000829000
   0.0000119500   -0.0000934200   -0.0001929200
   0.0000081300   -0.0000008400    0.0000511800
   0.0000058200    0.0000154700    0.0000402600
   0.0000100900   -0.0000072600    0.0000585400
   0.0000047600   -0.0000017300    0.0000517600
  -0.0000098300    0.0000047200    0.0000487000
   0.0000118200   -0.0000213500    0.0000496000
  -0.0000265800    0.0001233000    0.0000179000
   0.0000349900   -0.0000073700   -0.0001844800
  -0.0000773000   -0.0001950800    0.0001027900
  -0.0000052400   -0.0000189600    0.0000452200
   0.0000123300   -0.0000002000    0.0000417700
   0.0000195100    0.0000092900    0.0000543900
  -0.0010918600    0.0035726300    0.0017941000
  -0.0004876200   -0.0003920900   -0.0011857200
  -0.0000051400    0.0000089300   -0.0001779000
   0.0000026400    0.0000211500    0.0000456600
   0.0000073100    0.0000045100    0.0000538300
   0.0001559600    0.0000819100   -0.0002088400
  -0.0804792700    0.0003351800   -0.1119706700
   0.0060678800   -0.0003969300   -0.0035221700
  -0.0000426300    0.0000432800   -0.0002002400
   0.0000266100    0.0000177000    0.0000102300
  -0.0000369600    0.0000193900   -0.0002021600
   0.0045046500   -0.0000831100   -0.0020999300
   0.0009416500    0.0035208800   -0.0033493000
  -0.0002194700   -0.0001299200    0.0000766900
   0.0000244000    0.0000102200   -0.0000012900
   0.0000277100   -0.0000034900   -0.0000088500
  -0.0001037100    0.0000612700   -0.0000391300
   0.0006272800   -0.0019939800   -0.0022585300
   0.0000367300   -0.0000594900   -0.0001741400
   0.0000232700    0.0000073400   -0.0000011800
   0.0000114400    0.0000000400    0.0000079600
   0.0000187300   -0.0000126800   -0.0000083700
  -0.0000141000    0.0000234800   -0.0002261600
   0.0000041300   -0.0000758500    0.0000180100
   0.0000373100   -0.0000063800    0.0000240600
   0.0000124300    0.0000022500   -0.0000050100
   0.0000055600   -0.0000035200   -0.0000046700
   0.0000064000   -0.0000120900   -0.0000047100
   0.0000087400   -0.0000078300   -0.0000076700
   0.0000087900   -0.0000013600   -0.0000010300
   0.0000395200   -0.0000312600   -0.0001765600
   0.0000038200    0.0000651500    0.0000183200
  -0.0000166500    0.0000032800   -0.0002261800
   0.0000172900   -0.0000074300   -0.0000068200
   0.0000114000   -0.0000000900    0.0000082000
   0.0000249400    0.0000129800   -0.0000032700
   0.0002065700    0.0019151500   -0.0026409400
   0.0013596800   -0.0029676000   -0.0029719100
  -0.0002285100    0.0001334600    0.0000692800
   0.0000222000   -0.0000056800   -0.0000032700
   0.0000309200    0.0000085900   -0.0000065900
  -0.0000972400   -0.0000596200   -0.0000355100
   0.0016329300    0.0010487100    0.0027052400
  -0.0000124500    0.0000234200   -0.0000517000
   0.0000078700    0.0000023200    0.0000456200
   0.0000129000   -0.0000062800    0.0000531300
   0.0000504600   -0.0000131900    0.0000536300
  -0.0004714300    0.0001708800    0.0001216000
   0.0000058600   -0.0000212500   -0.0000071000
   0.0000121500    0.0000040800    0.0000634200
   0.0000069800    0.0000042100    0.0000456600
   0.0000112700   -0.0000039300    0.0000735300
   0.0000283200   -0.0000388000    0.0000092300
   0.0000032000    0.0000375400   -0.0000865800
   0.0000034800   -0.0000008600    0.0000479700
   0.0000106200   -0.0000023500    0.0000462300
   0.0000030700   -0.0000023700    0.0000455700
   0.0000089900   -0.0000019400    0.0000504800
   0.0000168800    0.0000048200    0.0000445000
  -0.0000042000   -0.0000044300    0.0000516800
   0.0000032400    0.0000082200    0.0000516600
   0.0000051500   -0.0000009300    0.0000682700
   0.0000043100   -0.0000026700    0.0000466200
   0.0000061500   -0.0000012700    0.0000453500
   0.0000049600    0.0000023700    0.0000479200
   0.0000086600   -0.0000004100    0.0000474800
   0.0000148700    0.0000315400    0.0000453000
  -0.0000256700    0.0000183200   -0.0000432600
   0.0000227400    0.0000086500    0.0000354500
   0.0000090100   -0.0000023700    0.0000500700
   0.0000044000   -0.0000004700    0.0000458900
   0.0000115500    0.0000087400    0.0000607300
  -0.0001793000   -0.0012121700    0.0014037300
   0.0000583700   -0.0000322300   -0.0000640900
   0.0000030800   -0.0000165000    0.0000391300
   0.0000077700    0.0000011300    0.0000464800
   0.0000128200   -0.0000025700    0.0000568400
  -0.0000071000   -0.0000063500   -0.0001078800
  -0.0000185500   -0.0000222200    0.0000960100
  -0.0000127400   -0.0000209100    0.0000230500
   0.0000072600    0.0000008100    0.0000370000
   0.0000052900    0.0000017200    0.0000400200
  -0.0000057900    0.0000015100    0.0000439000
   0.0000362500   -0.0000099200    0.0000186900
  -0.0000256700   -0.0000110300    0.0000220500
   0.0000130400    0.0000026400    0.0000371800
   0.0000079500    0.0000004400    0.0000387500
   0.0000016600    0.0000034000    0.0000375200
  -0.0000058500    0.0000140600    0.0000451000
  -0.0000131600   -0.0000655400    0.0000033900
   0.0000063100   -0.0000026800    0.0000405100
   0.0000074900    0.0000000500    0.0000388700
   0.0000064500   -0.0000010700    0.0000383600
   0.0000026400    0.0000024900    0.0000364800
   0.0000163700   -0.0000066400    0.0000504900
   0.0000032200   -0.0000126500    0.0000402600
   0.0000084300    0.0000006500    0.0000421600
   0.0000082600   -0.0000069000    0.0000377700
   0.0000070700   -0.0000045500    0.0000350100
   0.0000056700    0.0000003500    0.0000406700
   0.0000080600   -0.0000004700    0.0000362900
   0.0000067600   -0.0000014500    0.0000403700
   0.0000016300    0.0000140100    0.0000326900
   0.0000146400    0.0000012200    0.0000346100
  -0.0000001000    0.0000148300    0.0000456800
   0.0000048300    0.0000016500    0.0000362300
   0.0000052100   -0.0000018000    0.0000362300
   0.0000098100    0.0000056100    0.0000452100
   0.0000195400    0.0000314800    0.0000569500
  -0.0000603000    0.0000269300    0.0000055500
  -0.0000106000    0.0000023800    0.0000405400
   0.0000044600    0.0000003300    0.0000406100
   0.0000123500   -0.0000047300    0.0000506800
   0.0000528700    0.0000379000    0.0000010500
   0.0002199000   -0.0000000200   -0.0004462100
  -0.0000345700    0.0000074300    0.0001700200
   0.0000261200   -0.0000555600   -0.0000701300
  -0.0000027600   -0.0000028000   -0.0000730300
   0.0000110200    0.0000281800   -0.0000942100
  -0.0000305900   -0.0002009600    0.0000815000
   0.0000221800    0.0000436800    0.0003005800
  -0.0000399900    0.0000058600   -0.0001278400
  -0.0000058800   -0.0000000300   -0.0000730300
   0.0000053400   -0.0000001700   -0.0000632400
  -0.0000170300   -0.0000189000   -0.0001246400
   0.0001907000    0.0000504700   -0.0000474900
   0.0000005900    0.0000331900   -0.0000791000
   0.0000005600   -0.0000075200   -0.0000734100
   0.0000040700   -0.0000000900   -0.0000627500
   0.0000059400   -0.0000019900   -0.0000628800
   0.0000165600   -0.0000068600   -0.0000863300
  -0.0000087400    0.0000684100   -0.0001134400
   0.0000038000   -0.0000035400   -0.0000739600
   0.0000064300    0.0000023700   -0.0000682500
   0.0000010500    0.0000061300   -0.0000677500
   0.0000081200    0.0000058000   -0.0000726700
   0.0000050300   -0.0000066900   -0.0000689100
   0.0000046900   -0.0000038800   -0.0000723200
   0.0000162400   -0.0000220000   -0.0000911900
  -0.0000493000    0.0000134200   -0.0001256500
   0.0000476600    0.0000228100   -0.0000737500
   0.0000016500    0.0000015700   -0.0000734500
   0.0000081500   -0.0000000300   -0.0000611000
   0.0000105900    0.0000036300   -0.0000673000
  -0.0001335500   -0.0000171100    0.0002557100
   0.0000327800    0.0001160800   -0.0000037300
   0.0000952700   -0.0000603000   -0.0000796400
   0.0000032500    0.0000011500   -0.0000749500
   0.0000120300    0.0000031900   -0.0000652300
  -0.0000231600   -0.0000085300   -0.0001461400

73   
 -0.0068039810808119   0.0000000000000000  -0.0073284269425269
  -0.0525245400   -0.0239117800   -0.0566420100
  -0.0075671400   -0.0020325500   -0.0133512400
  -0.0004235300    0.0001676200   -0.0002902400
  -0.0000662200    0.0000463900   -0.0000122600
  -0.0000046400    0.0000368400   -0.0000275600
  -0.0004092500   -0.0003711400   -0.0010874500
  -0.0110982500    0.0256561200   -0.0347173200
  -0.0000226600   -0.0017158700   -0.0003539600
  -0.0000553500   -0.0000526500    0.0001463300
   0.0000195600   -0.0000149400   -0.0000248100
   0.0001222200   -0.0001320400   -0.0000660400
  -0.0007870400    0.0021672400   -0.0029663200
  -0.0004060600   -0.0005486800   -0.0005332400
  -0.0000498300    0.0000846400    0.0000567800
  -0.0000046400   -0.0000024000   -0.0000297300
   0.0000254600   -0.0000148200   -0.0000179200
   0.0002006000   -0.0001448900    0.0000239700
  -0.0002233900    0.0006228100   -0.0008481700
   0.0000209200   -0.0000546300   -0.0000056100
  -0.0000052200    0.0000147200   -0.0000458800
  -0.0000008500    0.0000174500   -0.0000236600
   0.0000211900    0.0000006400   -0.0000036900
  -0.0000228500   -0.0000412500   -0.0000340700
  -0.0000007000    0.0000449500   -0.0000565900
   0.0000354400   -0.0000180200   -0.0000130100
  -0.0001162600    0.0000483800   -0.0000494700
  -0.0000428700    0.0001960500    0.0001302500
  -0.0000688000    0.0000297100   -0.0000259800
  -0.0000212200   -0.0000199500   -0.0000347300
  -0.0000091200    0.0000145600   -0.0000143800
  -0.0001714900    0.0004033600   -0.0009299300
   0.0029582800   -0.0004408800   -0.0016536700
  -0.0000113600   -0.0002751900   -0.0004480400
   0.0000771800   -0.0000444500   -0.0000732800
   0.0000139400    0.0000063600   -0.0000243400
  -0.0000000100    0.0000001500   -0.0000388400
   0.0020393300    0.0000007300   -0.0128470500
   0.0002008400    0.0001105100    0.0009639200
  -0.0000602700   -0.0001443100   -0.0000075400
  -0.0000125800   -0.0000019000    0.0000206700
  -0.0000218100    0.0000654900    0.0000281900
  -0.0022611800    0.0020123500   -0.0014560900
   0.0023486100    0.0004421600   -0.0005481600
  -0.0000688300   -0.0000169900    0.0003088500
  -0.0000082100   -0.0000093000    0.0000244600
  -0.0000138500    0.0000171100    0.0000198100
  -0.0000612800    0.0000127800    0.0001968300
  -0.0007215600    0.0006268200    0.0000691400
   0.0000078900    0.0000577200    0.0000353200
  -0.0000084500    0.0000143000    0.0000336900
  -0.0000184700    0.0000006600    0.0000299000
  -0.0000176300   -0.0000129900    0.0000102000
   0.0000961700   -0.0000508700   -0.0000140900
  -0.0000183100    0.0000918500    0.0002656700
  -0.0000115500   -0.0000003900    0.0000205600
  -0.0000103300   -0.0000158600    0.0000319700
  -0.0000142000    0.0000067800    0.0000127900
  -0.0000085300    0.0000020400    0.0000212500
   0.0000044700   -0.0000051100    0.0000224700
  -0.0000154700    0.0000223200    0.0000210800
   0.0000247900   -0.0001246400    0.0000535700
  -0.0000401500    0.0000051400    0.0002523500
   0.0000739100    0.0001972200   -0.0000319100
   0.0000006800    0.0000192000    0.0000263500
  -0.0000163700    0.0000003800    0.0000296800
  -0.0000245400   -0.0000101500    0.0000178000
   0.0011086800   -0.0036418300   -0.0017698600
   0.0004827300    0.0004098500    0.0012683200
  -0.0000000900   -0.0000118800    0.0002470400
  -0.0000075400   -0.0000214700    0.0000262100
  -0.0000118700   -0.0000051900    0.0000180800
  -0.0001582400   -0.0000813300    0.0002828300
   0.0835122600    0.0003189900    0.1115383100
  -0.0059932100    0.0004021100    0.0035213200
   0.0000339700   -0.0000430600    0.0002274900
  -0.0000318400   -0.0000177300    0.0000169400
   0.0000329000   -0.0000194300    0.0002313800
  -0.0045801100    0.0000746900    0.0021779400
  -0.0009450200   -0.0035321800    0.0033881800
   0.0002149200    0.0001278700   -0.0000494900
  -0.0000293500   -0.0000100300    0.0000278000
  -0.0000326600    0.0000036800    0.0000358000
   0.0001023300   -0.0000635900    0.0000717800
  -0.0006012400    0.0020031500    0.0023261800
  -0.0000415900    0.0000560100    0.0002052800
  -0.0000275000   -0.0000070100    0.0000276600
  -0.0000162500    0.0000007800    0.0000195300
  -0.0000230000    0.0000134500    0.0000359600
   0.0000103800   -0.0000231900    0.0002556600
  -0.0000075100    0.0000721700    0.0000109600
  -0.0000408900    0.0000055000    0.0000026000
  -0.0000167700   -0.0000028800    0.0000311300
  -0.0000096200    0.0000029900    0.0000319500
  -0.0000103100    0.0000123800    0.0000308800
  -0.0000141100    0.0000073800    0.0000356000
  -0.0000122900    0.0000021700    0.0000292100
  -0.0000431000    0.0000300700    0.0002060000
  -0.0000079800   -0.0000661600    0.0000108000
   0.0000125700   -0.0000017400    0.0002528100
  -0.0000219600    0.0000076100    0.0000339100
  -0.0000153000    0.0000005100    0.0000188300
  -0.0000295400   -0.0000132900    0.0000300800
  -0.0001918100   -0.0019192900    0.0027140600
  -0.0013568100    0.0029666100    0.0029944300
   0.0002192400   -0.0001321500   -0.0000432800
  -0.0000264900    0.0000052400    0.0000303200
  -0.0000353400   -0.0000096200    0.0000335500
   0.0000957400    0.0000591600    0.0000633600
  -0.0015920700   -0.0010145800   -0.0025253200
   0.0000087300   -0.0000229600    0.0001479500
  -0.0000122300   -0.0000024100    0.0000518900
  -0.0000171400    0.0000062400    0.0000446100
  -0.0000544400    0.0000125100    0.0000451000
   0.0004746400   -0.0001741100   -0.0000440600
  -0.0000088600    0.0000210500    0.0001041900
  -0.0000167100   -0.0000043000    0.0000334100
  -0.0000111700   -0.0000045000    0.0000514300
  -0.0000159000    0.0000037600    0.0000241600
  -0.0000314900    0.0000390300    0.0000893200
  -0.0000084900   -0.0000370300    0.0001813200
  -0.0000072200    0.0000003000    0.0000489300
  -0.0000150600    0.0000022000    0.0000507500
  -0.0000071800    0.0000023300    0.0000522700
  -0.0000132000    0.0000020500    0.0000472200
  -0.0000208900   -0.0000049000    0.0000527800
  -0.0000001500    0.0000043100    0.0000458100
  -0.0000079600   -0.0000088400    0.0000453100
  -0.0000090300    0.0000003000    0.0000287100
  -0.0000084400    0.0000023700    0.0000506800
  -0.0000102600    0.0000010700    0.0000518000
  -0.0000091800   -0.0000027600    0.0000492600
  -0.0000126000    0.0000003400    0.0000496100
  -0.0000187700   -0.0000309800    0.0000524600
   0.0000218600   -0.0000177700    0.0001407200
  -0.0000267000   -0.0000085700    0.0000612100
  -0.0000131900    0.0000023500    0.0000467700
  -0.0000085700    0.0000004200    0.0000515200
  -0.0000159500   -0.0000091200    0.0000370800
   0.0001693300    0.0011960300   -0.0012942700
  -0.0000613300    0.0000303200    0.0001591500
  -0.0000072700    0.0000160300    0.0000577000
  -0.0000122200   -0.0000014800    0.0000507700
  -0.0000170300    0.0000018900    0.0000405700
   0.0000027000    0.0000061700    0.0002041100
   0.0000143000    0.0000218800   -0.0000331500
   0.0000075600    0.0000196500    0.0000363600
  -0.0000115100   -0.0000011600    0.0000220200
  -0.0000094600   -0.0000019200    0.0000190200
   0.0000014200   -0.0000017100    0.0000153200
  -0.0000408200    0.0000097900    0.0000411800
   0.0000202000    0.0000106000    0.0000372900
  -0.0000176100   -0.0000029200    0.0000218300
  -0.0000122100   -0.0000008500    0.0000205400
  -0.0000059900   -0.0000040100    0.0000211600
   0.0000013500   -0.0000143400    0.0000145200
   0.0000083800    0.0000646000    0.0000564300
  -0.0000105400    0.0000022100    0.0000185000
  -0.0000119800   -0.0000001400    0.0000204000
  -0.0000105900    0.0000008500    0.0000203300
  -0.0000069600   -0.0000027100    0.0000223700
  -0.0000206800    0.0000063200    0.0000085100
  -0.0000077400    0.0000122900    0.0000187100
  -0.0000131300   -0.0000010500    0.0000170200
  -0.0000125800    0.0000065500    0.0000217800
  -0.0000113900    0.0000040100    0.0000239300
  -0.0000099400   -0.0000007400    0.0000185100
  -0.0000123000   -0.0000000100    0.0000229000
  -0.0000110200    0.0000012100    0.0000187000
  -0.0000061800   -0.0000135300    0.0000268900
  -0.0000186900   -0.0000009600    0.0000250400
  -0.0000042900   -0.0000147900    0.0000137300
  -0.0000092600   -0.0000019200    0.0000229100
  -0.0000094000    0.0000017200    0.0000228500
  -0.0000141000   -0.0000058800    0.0000136700
  -0.0000237300   -0.0000317400    0.0000036000
   0.0000552600   -0.0000271300    0.0000542800
   0.0000060800   -0.0000026400    0.0000188100
  -0.0000088100   -0.0000007300    0.0000187500
  -0.0000165700    0.0000042300    0.0000089000
  -0.0000568100   -0.0000376800    0.0000584000
  -0.0002180200    0.0000000100    0.0002976700
   0.0000308900   -0.0000032300   -0.0003164000
  -0.0000292400    0.0000552400   -0.0000806100
  -0.0000017600    0.0000027500   -0.0000781600
  -0.0000149100   -0.0000273600   -0.0000565900
   0.0000276300    0.0001987700   -0.0002323000
  -0.0000220200   -0.0000431200   -0.0004427800
   0.0000353800   -0.0000054800   -0.0000234100
   0.0000019600   -0.0000005400   -0.0000778800
  -0.0000093100   -0.0000001500   -0.0000876800
   0.0000134100    0.0000188100   -0.0000278500
  -0.0001937400   -0.0000505900   -0.0001041300
  -0.0000039100   -0.0000333900   -0.0000721400
  -0.0000048400    0.0000076700   -0.0000774900
  -0.0000077100    0.0000000800   -0.0000880500
  -0.0000099400    0.0000028300   -0.0000881800
  -0.0000209000    0.0000069400   -0.0000658300
   0.0000039500   -0.0000670300   -0.0000392000
  -0.0000074300    0.0000036200   -0.0000773800
  -0.0000107200   -0.0000031000   -0.0000821100
  -0.0000044600   -0.0000067500   -0.0000833400
  -0.0000123600   -0.0000063900   -0.0000791000
  -0.0000090500    0.0000062400   -0.0000831100
  -0.0000092500    0.0000037300   -0.0000795800
  -0.0000201900    0.0000216700   -0.0000602600
   0.0000457400   -0.0000126500   -0.0000252700
  -0.0000513800   -0.0000228000   -0.0000775500
  -0.0000057700   -0.0000014000   -0.0000782900
  -0.0000123900    0.0000000700   -0.0000902600
  -0.0000143200   -0.0000033600   -0.0000842900
   0.0001281700    0.0000157000   -0.0004015900
  -0.0000384700   -0.0001170200   -0.0001469600
  -0.0000981200    0.0000589100   -0.0000719500
  -0.0000070800   -0.0000015800   -0.0000763800
  -0.0000158700   -0.0000036700   -0.0000857200
   0.0000182000    0.0000082400   -0.0000059100

109  
  0.0068039810808119  -0.0000000000000000   0.0073284269425269
   0.0001598300    0.0000605600    0.0005241400
   0.0000637600   -0.0001829000   -0.0004455700
  -0.0000817200    0.0000661500    0.0002754800
   0.0000212800   -0.0000370100   -0.0000600600
   0.0000014900    0.0000016200   -0.0000246700
   0.0000358300   -0.0000150900   -0.0000401900
  -0.0001650500    0.0001415700   -0.0006897700
   0.0001298200    0.0000452000   -0.0002011400
   0.0000042300    0.0000490800   -0.0000148000
   0.0000151600   -0.0000035500   -0.0000136700
  -0.0000034400    0.0000030700   -0.0000098200
   0.0000026100    0.0000674100    0.0000202400
   0.0000452100   -0.0001426000    0.0004007300
   0.0000306400   -0.0000183200   -0.0000100200
   0.0000077900   -0.0000073600   -0.0000190700
   0.0000033800   -0.0000012800   -0.0000120600
   0.0000116800   -0.0000056100   -0.0000395300
  -0.0000579600   -0.0000361400    0.0000167200
  -0.0000094800    0.0000203600   -0.0000419500
   0.0000097400    0.0000128200   -0.0000107500
   0.0000057100    0.0000043000   -0.0000102800
   0.0000096200    0.0000087800   -0.0000133900
   0.0000060800    0.0000173600   -0.0000111800
   0.0000429300   -0.0000094500   -0.0000571600
   0.0000105200   -0.0000053800   -0.0000272200
   0.0000050300   -0.0000104300   -0.0000088800
   0.0000061300    0.0000018800   -0.0000280600
   0.0000189800   -0.0000142500   -0.0000137800
   0.0000068000   -0.0000036900   -0.0000213700
   0.0000080600   -0.0000008500   -0.0000155800
   0.0000057200    0.0000118300   -0.0000328800
   0.0000449800   -0.0000212700    0.0000077200
  -0.0000545600   -0.0000260500   -0.0000010000
   0.0000327800    0.0000279300   -0.0000688600
   0.0000122500   -0.0000020800   -0.0000094700
   0.0000070200   -0.0000008600   -0.0000217600
   0.0000026300   -0.0000128800    0.0000595500
   0.0000324500   -0.0000029900    0.0000355000
   0.0000136600    0.0000057100    0.0000122400
   0.0000058300    0.0000003900    0.0000262100
   0.0000037000    0.0000030800    0.0000175900
   0.0000064700   -0.0000178300   -0.0000132400
   0.0000244700    0.0000208800    0.0000539700
   0.0000231900    0.0000103700    0.0000348000
   0.0000085800   -0.0000040500    0.0000204400
   0.0000076700   -0.0000043400    0.0000158300
   0.0000096300    0.0000011200    0.0000101900
  -0.0000028600   -0.0000000300    0.0000339900
   0.0000110200    0.0000024400    0.0000105300
   0.0000069800   -0.0000022200    0.0000111500
   0.0000076400   -0.0000007700    0.0000147100
   0.0000136600    0.0000007900    0.0000152800
   0.0000110200    0.0000028800    0.0000153900
   0.0000290700    0.0000069100   -0.0000035600
   0.0000068500   -0.0000042400    0.0000219100
   0.0000102600    0.0000055700    0.0000190500
   0.0000128200   -0.0000020400    0.0000180100
   0.0000090900   -0.0000021800    0.0000209800
   0.0000034200   -0.0000003200    0.0000257900
   0.0000156500    0.0000022800    0.0000233200
   0.0000151600   -0.0000045800    0.0000213500
   0.0000043400    0.0000023000    0.0000114600
   0.0000115600    0.0000092900    0.0000192100
   0.0000108800   -0.0000003300    0.0000235800
   0.0000127800   -0.0000012200    0.0000233300
   0.0000056000   -0.0000004100    0.0000197400
   0.0000035700   -0.0000019500   -0.0000046200
   0.0000023200   -0.0000192000    0.0000413500
   0.0000088800    0.0000003700    0.0000106600
   0.0000090800    0.0000054800    0.0000257900
   0.0000095500   -0.0000002800    0.0000196400
   0.0000077500   -0.0000033100    0.0000150400
   0.0019151500    0.0011997400    0.0022892800
  -0.0007962100    0.0003640500    0.0003914300
   0.0000807700    0.0000163200   -0.0000181500
   0.0000160600    0.0000040400   -0.0000011500
   0.0000082900   -0.0000018900   -0.0000011800
  -0.0000348100    0.0000306500   -0.0000732000
  -0.0001662000   -0.0015652900    0.0013388300
   0.0000040200   -0.0000050400   -0.0001654800
   0.0000218400    0.0000157300   -0.0000013000
   0.0000080700   -0.0000021100   -0.0000024700
   0.0000019400    0.0000069000   -0.0000048100
   0.0000508300   -0.0000265200   -0.0001015700
   0.0000406700    0.0000358100   -0.0000327400
   0.0000350300    0.0000030300   -0.0000040900
   0.0000047000   -0.0000017300   -0.0000005800
   0.0000144000   -0.0000009300    0.0000028700
   0.0000064700    0.0000025600    0.0000021000
  -0.0000472700    0.0000395900   -0.0000671800
   0.0000058400   -0.0000010800   -0.0000015500
   0.0000123500    0.0000042100   -0.0000043800
   0.0000109300    0.0000005700   -0.0000015100
   0.0000074600   -0.0000035200   -0.0000070400
   0.0000017700    0.0000019400   -0.0000030700
   0.0000112700    0.0000076600    0.0000138300
   0.0000117400    0.0000036300   -0.0000055400
   0.0000098000   -0.0000184200   -0.0000116600
   0.0000038800   -0.0000005300    0.0000050800
   0.0000121400   -0.0000118200    0.0000033800
   0.0000114700   -0.0000026700   -0.0000109300
   0.0000066700   -0.0000003200   -0.0000015600
   0.0000128400   -0.0000422400   -0.0000576900
   0.0000095500    0.0000229300   -0.0001405500
   0.0000217200   -0.0000829700   -0.0000404300
   0.0000208000   -0.0000037600    0.0000169300
   0.0000107800    0.0000011300   -0.0000047100
   0.0000094300   -0.0000000600    0.0000173600
  -0.0892987300    0.0003939100   -0.1175528600
   0.0046770500   -0.0000134000   -0.0015693200
   0.0000118300    0.0000363800   -0.0002152600
   0.0000188300   -0.0000147900    0.0000256400
   0.0000121800   -0.0000525500   -0.0002136900
   0.0066209300    0.0004456000   -0.0034060000
   0.0006634300    0.0019312900   -0.0018551400
  -0.0000998300   -0.0000701400   -0.0000118400
   0.0000212700    0.0000007500   -0.0000055600
   0.0000205600   -0.0000096300    0.0000078600
  -0.0001738700    0.0001100900    0.0000885300
   0.0013147300   -0.0039053300   -0.0031318900
   0.0000012300   -0.0000397900   -0.0002232400
   0.0000159300    0.0000081500   -0.0000032100
   0.0000101000    0.0000004300    0.0000204600
   0.0000213900   -0.0000013500    0.0000064600
   0.0000190500    0.0000480500   -0.0002087100
   0.0000210300    0.0000557800    0.0000392500
   0.0000073500    0.0000040600    0.0000123400
   0.0000089200    0.0000019700    0.0000025500
   0.0000147300    0.0000002800    0.0000005500
   0.0000354300    0.0000067200    0.0000375300
   0.0000081600    0.0000074300    0.0000031500
   0.0000144000    0.0000111600   -0.0000031100
   0.0000019900    0.0000541300   -0.0002215800
   0.0000213100   -0.0000452700    0.0000391500
   0.0000144200   -0.0000428400   -0.0002094800
   0.0000286000   -0.0000086500    0.0000046300
   0.0000101300   -0.0000014600    0.0000218000
   0.0000111600   -0.0000004400   -0.0000016200
   0.0016865800    0.0032284400   -0.0027749300
   0.0002920900   -0.0016937700   -0.0022154700
  -0.0000867500    0.0000624000    0.0000065800
   0.0000262300   -0.0000089800    0.0000012200
   0.0000137200    0.0000010600   -0.0000005200
  -0.0001850600   -0.0001227900    0.0000759700
  -0.0015545600    0.0000008400    0.0135817900
   0.0023569000    0.0022526000    0.0013389000
   0.0000112500    0.0000975500    0.0000311600
   0.0000002900   -0.0000034900    0.0000324200
   0.0000837200   -0.0001540200    0.0000750400
  -0.0000369600   -0.0000077500   -0.0008946700
   0.0007708300    0.0004957500   -0.0002031300
   0.0000502700    0.0000011200   -0.0001774500
   0.0000027100    0.0000138100    0.0000359300
   0.0000042600   -0.0000121200    0.0000283800
   0.0001176200   -0.0000423800   -0.0003452800
  -0.0023696700    0.0004519400    0.0006304500
  -0.0001045000   -0.0000783200    0.0000619100
   0.0000052000   -0.0000192700    0.0000450500
   0.0000103900    0.0000002500    0.0000251400
   0.0000023600    0.0000183400    0.0000204900
  -0.0000150500    0.0000447400    0.0000447300
   0.0000444500    0.0001364100   -0.0002764000
   0.0000027500   -0.0000037800    0.0000356600
   0.0000110800    0.0000135500    0.0000418300
   0.0000073900   -0.0000153000    0.0000220600
   0.0000101100    0.0000033300    0.0000317700
   0.0000165200    0.0000290600    0.0000309600
  -0.0000047700   -0.0000018000    0.0000352800
  -0.0000691000    0.0002358600    0.0000838700
   0.0000484900    0.0000385100   -0.0002623200
  -0.0000586900   -0.0001406600    0.0000244100
   0.0000263500   -0.0000061500    0.0000339300
   0.0000101600   -0.0000013100    0.0000239300
  -0.0000112500    0.0000163000    0.0000298500
  -0.0004360300    0.0006325700   -0.0013067000
  -0.0012004900   -0.0038697700    0.0017617000
   0.0001916700   -0.0000855600   -0.0002955400
   0.0000057900   -0.0000045800    0.0000355400
  -0.0000005800   -0.0000301100    0.0000299500
  -0.0000464200   -0.0000558600   -0.0002589200
   0.0065475800   -0.0019729900    0.0131997300
   0.0571061700   -0.0272117400    0.0602108100
   0.0003716800   -0.0001748700    0.0009122400
   0.0000090400    0.0000344400   -0.0001077800
   0.0000906600    0.0000463900   -0.0001178500
   0.0005017300    0.0003050800    0.0001818800
   0.0099709400    0.0288674000    0.0364026300
   0.0020779400    0.0029443100    0.0032098500
  -0.0000787100   -0.0000941900   -0.0000243000
   0.0000063400   -0.0000114700   -0.0001085400
   0.0000593000   -0.0000635800   -0.0002574900
  -0.0004499900   -0.0014719300    0.0004208200
   0.0004386500    0.0005651800    0.0007430800
  -0.0001390400   -0.0001409400   -0.0001237300
  -0.0000056600   -0.0000064600   -0.0001174300
   0.0000129500   -0.0000027300   -0.0001045000
   0.0000636600    0.0000994500   -0.0001581700
   0.0003908300   -0.0007615200    0.0003566700
   0.0000204500   -0.0000385600   -0.0001026200
  -0.0000119700    0.0000095200   -0.0001274400
   0.0000050500    0.0000105700   -0.0001114700
   0.0000051900   -0.0000025600   -0.0000880200
  -0.0000091100   -0.0000707900   -0.0001227300
  -0.0000355700    0.0000376000   -0.0000295300
   0.0000732300    0.0000455500   -0.0001080600
   0.0000616400    0.0001751200   -0.0002417900
   0.0001252700    0.0000228200   -0.0000410100
  -0.0000351700   -0.0000133700   -0.0001196700
   0.0000101100    0.0000111200   -0.0001132300
   0.0000142100   -0.0000111700   -0.0000931700
   0.0001499600   -0.0004034600    0.0003774400
  -0.0030099300   -0.0014567300    0.0018098100
  -0.0000345600    0.0004649300    0.0007202500
  -0.0000171800   -0.0000094500   -0.0000555700
  -0.0000070500    0.0000008100   -0.0001041900
  -0.0000831000   -0.0000290300   -0.0000027000

109  
 -0.0068039810808119   0.0000000000000000  -0.0073284269425269
  -0.0001564800   -0.0000704800   -0.0005693500
  -0.0000555600    0.0001732600    0.0004158300
   0.0000906500   -0.0000783800   -0.0003103000
  -0.0000125600    0.0000275400    0.0000298100
   0.0000064900   -0.0000041400   -0.0000085000
  -0.0000363400    0.0000003600    0.0000051600
   0.0001876900   -0.0001313800    0.0006666300
  -0.0001317500   -0.0000348800    0.0001636800
   0.0000048500   -0.0000440300   -0.0000171000
  -0.0000129600    0.0000075400   -0.0000190700
   0.0000098200   -0.0000027900   -0.0000234900
   0.0000035600   -0.0000619100   -0.0000549200
  -0.0000320900    0.0001329300   -0.0004391400
  -0.0000368900    0.0000151000   -0.0000203000
   0.0000060200   -0.0000059400   -0.0000154800
  -0.0000012200   -0.0000001200   -0.0000208300
  -0.0000010100    0.0000001400    0.0000047900
   0.0000642400    0.0000376800   -0.0000500900
   0.0000074000   -0.0000161000    0.0000114400
   0.0000011100    0.0000063500   -0.0000224300
  -0.0000072200    0.0000065500   -0.0000240600
   0.0000022000    0.0000048800   -0.0000183100
   0.0000049600   -0.0000075900   -0.0000199300
  -0.0000325000    0.0000232400    0.0000253600
   0.0000032600    0.0000012000   -0.0000070800
  -0.0000092000   -0.0000043500   -0.0000246800
   0.0000048400   -0.0000085000   -0.0000042000
  -0.0000106400    0.0000036700   -0.0000183100
   0.0000058700   -0.0000038100   -0.0000089800
  -0.0000105600   -0.0000115800   -0.0000174700
  -0.0000063600   -0.0000161000   -0.0000013300
  -0.0000334400    0.0000308100   -0.0000394300
   0.0000639700    0.0000341600   -0.0000311700
  -0.0000266000   -0.0000208500    0.0000363900
  -0.0000121300   -0.0000015500   -0.0000236500
   0.0000066600    0.0000090300   -0.0000118400
   0.0000015000    0.0000106800   -0.0000365100
  -0.0000280100    0.0000111300   -0.0000114000
   0.0000015900   -0.0000041300    0.0000146000
  -0.0000044100   -0.0000000800    0.0000044000
   0.0000038300   -0.0000062300    0.0000064300
  -0.0000006100    0.0000201700    0.0000374300
  -0.0000142400   -0.0000163400   -0.0000159700
  -0.0000163700   -0.0000180000   -0.0000053200
  -0.0000014400    0.0000059400    0.0000144000
  -0.0000053400   -0.0000010800    0.0000076000
   0.0000001600    0.0000045900    0.0000174100
   0.0000060600   -0.0000037000   -0.0000078000
  -0.0000125100    0.0000034800    0.0000239800
   0.0000033200   -0.0000009200    0.0000124800
  -0.0000064400    0.0000004700    0.0000094100
  -0.0000015300    0.0000037200    0.0000097800
  -0.0000070000   -0.0000015700    0.0000146200
  -0.0000159700   -0.0000121700    0.0000292900
  -0.0000074600   -0.0000051900    0.0000095900
  -0.0000006500    0.0000019400    0.0000177400
  -0.0000000300   -0.0000061200    0.0000124000
  -0.0000079100   -0.0000040400    0.0000142200
  -0.0000024500   -0.0000008600    0.0000090600
   0.0000003800    0.0000018200    0.0000144100
   0.0000003500    0.0000068000    0.0000123700
  -0.0000057400   -0.0000026300    0.0000131700
  -0.0000066300    0.0000040500    0.0000114300
   0.0000004700    0.0000002600    0.0000054500
  -0.0000018200   -0.0000011300    0.0000150500
  -0.0000074500    0.0000001100    0.0000093100
   0.0000044500   -0.0000001200    0.0000307300
   0.0000113800    0.0000094100   -0.0000043400
  -0.0000118500   -0.0000106400    0.0000247100
  -0.0000005600   -0.0000003100    0.0000101400
  -0.0000037300   -0.0000019900    0.0000092000
   0.0000001300    0.0000022400    0.0000194800
  -0.0019492800   -0.0012339700   -0.0023331800
   0.0007976600   -0.0003500600   -0.0003587700
  -0.0000673200   -0.0000142100    0.0000306800
  -0.0000144100   -0.0000036100    0.0000092500
  -0.0000010700   -0.0000004000    0.0000159000
   0.0000414200   -0.0000290100    0.0000894500
   0.0001880000    0.0015828700   -0.0013485500
   0.0000015000   -0.0000032600    0.0001743300
  -0.0000146500   -0.0000138100    0.0000056500
  -0.0000049800   -0.0000031800    0.0000171800
   0.0000074500   -0.0000025400    0.0000166600
  -0.0000477700    0.0000232700    0.0001180800
  -0.0000419000   -0.0000299000    0.0000371200
  -0.0000248500   -0.0000062900    0.0000195100
  -0.0000028500    0.0000010600    0.0000150500
  -0.0000032300    0.0000054400    0.0000105000
  -0.0000014200   -0.0000011000    0.0000072600
   0.0000606100   -0.0000437000    0.0000811700
  -0.0000066400   -0.0000081800    0.0000100700
  -0.0000027100    0.0000030100    0.0000077200
   0.0000017800   -0.0000085900    0.0000101200
  -0.0000061800   -0.0000033900    0.0000119000
  -0.0000002200   -0.0000036300    0.0000086500
   0.0000042900   -0.0000045800   -0.0000126900
   0.0000034600   -0.0000007500    0.0000112300
  -0.0000105400    0.0000187800    0.0000251100
  -0.0000000200    0.0000138300    0.0000030600
  -0.0000002100    0.0000119500    0.0000078300
  -0.0000008000   -0.0000000000    0.0000127500
  -0.0000082300    0.0000003900    0.0000124000
  -0.0000046800    0.0000405800    0.0000707600
   0.0000035200   -0.0000318900    0.0001437100
  -0.0000245900    0.0000744200    0.0000458500
  -0.0000127100    0.0000092200   -0.0000134300
  -0.0000044100   -0.0000031000    0.0000151800
  -0.0000018800   -0.0000014000   -0.0000117200
   0.0854842600    0.0004047900    0.1181569700
  -0.0045988400    0.0000014100    0.0015838700
  -0.0000052400   -0.0000385000    0.0002712700
  -0.0000127400    0.0000153900    0.0000309300
  -0.0000024100    0.0000572000    0.0002721300
  -0.0066996200   -0.0004482200    0.0034984100
  -0.0006862000   -0.0019280000    0.0018807100
   0.0001005300    0.0000677200    0.0000628200
  -0.0000127100    0.0000002000    0.0000607200
  -0.0000132100    0.0000050700    0.0000480600
   0.0001816500   -0.0001177600   -0.0000319700
  -0.0012989900    0.0038972600    0.0031873800
   0.0000074300    0.0000388400    0.0002771000
  -0.0000103200   -0.0000082600    0.0000619900
  -0.0000028700    0.0000001400    0.0000361400
  -0.0000172800    0.0000072200    0.0000483400
  -0.0000043100   -0.0000501700    0.0002639600
  -0.0000195100   -0.0000640400    0.0000159500
  -0.0000048300   -0.0000078000    0.0000435300
  -0.0000005200   -0.0000006900    0.0000545500
  -0.0000070900   -0.0000045400    0.0000546900
  -0.0000292000   -0.0000117700    0.0000180400
  -0.0000060900   -0.0000073500    0.0000516300
  -0.0000022200   -0.0000087900    0.0000570500
   0.0000089400   -0.0000509200    0.0002778900
  -0.0000173000    0.0000446300    0.0000163400
  -0.0000101100    0.0000458600    0.0002633800
  -0.0000188400    0.0000091700    0.0000528400
  -0.0000026300   -0.0000010400    0.0000360400
  -0.0000079600   -0.0000000700    0.0000580100
  -0.0016879200   -0.0032287600    0.0028377600
  -0.0003003400    0.0017000500    0.0022290400
   0.0000890800   -0.0000623900    0.0000525800
  -0.0000226700    0.0000102400    0.0000550100
  -0.0000056000   -0.0000038500    0.0000535800
   0.0001985500    0.0001225000   -0.0000187500
   0.0015217400   -0.0000009600   -0.0133528900
  -0.0023356200   -0.0022574400   -0.0012596700
  -0.0000028200   -0.0000979200    0.0000220800
   0.0000058800    0.0000038500    0.0000172500
  -0.0000764000    0.0001582200   -0.0000256100
   0.0000698600   -0.0000135500    0.0009339100
  -0.0008051900   -0.0005015100    0.0002370900
  -0.0000409400    0.0000018100    0.0002291800
   0.0000059100   -0.0000122300    0.0000159100
   0.0000034800    0.0000076300    0.0000224200
  -0.0001132000    0.0000372800    0.0004023700
   0.0023620400   -0.0004485900   -0.0005771900
   0.0001124600    0.0000795500   -0.0000072300
   0.0000011700    0.0000191900    0.0000056000
  -0.0000038100   -0.0000000800    0.0000261000
   0.0000016500   -0.0000139000    0.0000335700
   0.0000271200   -0.0000450400    0.0000038400
  -0.0000399100   -0.0001407600    0.0003286600
   0.0000009900   -0.0000000300    0.0000154700
  -0.0000039200   -0.0000130400    0.0000097000
  -0.0000001000    0.0000104600    0.0000289100
  -0.0000043500   -0.0000079000    0.0000210400
  -0.0000136000   -0.0000276400    0.0000215800
   0.0000165700    0.0000041500    0.0000190700
   0.0000787600   -0.0002333700   -0.0000305500
  -0.0000440400   -0.0000418300    0.0003148600
   0.0000616200    0.0001423100    0.0000293400
  -0.0000166600    0.0000061500    0.0000179100
  -0.0000029800   -0.0000008700    0.0000276200
   0.0000151100   -0.0000160000    0.0000208300
   0.0004437800   -0.0006143800    0.0013459600
   0.0011894100    0.0037922500   -0.0016610200
  -0.0001878100    0.0000851000    0.0003423600
  -0.0000012700    0.0000059800    0.0000158900
   0.0000093400    0.0000279000    0.0000236900
   0.0000541500    0.0000509900    0.0003152700
  -0.0063409500    0.0020776300   -0.0136521500
  -0.0547200200    0.0258632600   -0.0580025300
  -0.0003090200    0.0001732800   -0.0011191500
  -0.0000059200   -0.0000345700   -0.0000973000
  -0.0000849500   -0.0000438000   -0.0000892900
  -0.0005243700   -0.0003030500   -0.0003862000
  -0.0099315400   -0.0282408400   -0.0361174500
  -0.0020868900   -0.0029128700   -0.0033773700
   0.0000876100    0.0000851300   -0.0001837500
  -0.0000030600    0.0000084700   -0.0001006600
  -0.0000481900    0.0000614200    0.0000521600
   0.0004358300    0.0014673100   -0.0006520000
  -0.0004104000   -0.0005373400   -0.0009469400
   0.0001436700    0.0001458400   -0.0000836800
   0.0000091000    0.0000058400   -0.0000900300
  -0.0000091900    0.0000066000   -0.0001045200
  -0.0000549200   -0.0001026500   -0.0000472800
  -0.0004050000    0.0007716100   -0.0005507200
  -0.0000077100    0.0000396400   -0.0001029600
   0.0000174200   -0.0000125300   -0.0000799100
  -0.0000026700   -0.0000114500   -0.0000972200
   0.0000002200   -0.0000011900   -0.0001181100
   0.0000200800    0.0000692600   -0.0000812500
   0.0000368100   -0.0000384200   -0.0001757700
  -0.0000644500   -0.0000471900   -0.0000996100
  -0.0000547100   -0.0001746200    0.0000338400
  -0.0001173800   -0.0000172600   -0.0001656200
   0.0000438100    0.0000190300   -0.0000876800
  -0.0000069200   -0.0000105200   -0.0000925400
  -0.0000056900    0.0000112600   -0.0001138000
  -0.0001597100    0.0003829800   -0.0005825100
   0.0029683800    0.0014596600   -0.0020198800
   0.0000538400   -0.0004904000   -0.0009195800
   0.0000222800    0.0000093200   -0.0001515500
   0.0000133700   -0.0000007300   -0.0001053500
   0.0000862800    0.0000276000   -0.0002053100

145  
  0.0068039810808119  -0.0000000000000000   0.0073284269425269
  -0.0000076100   -0.0000091700    0.0000279400
   0.0000007900   -0.0000397700   -0.0000446000
   0.0000168700   -0.0000155900    0.0000162500
  -0.0000014700   -0.0000036400   -0.0000062200
   0.0000003100   -0.0000028900   -0.0000055700
  -0.0000024600   -0.0000112900   -0.0000180200
  -0.0000145300    0.0000188600   -0.0000433000
   0.0000338300    0.0000274300   -0.0000461600
  -0.0000044600    0.0000038300   -0.0000031400
  -0.0000033100   -0.0000018300   -0.0000157000
  -0.0000026600   -0.0000048300   -0.0000137100
   0.0000055900    0.0000158900   -0.0000096900
   0.0000019700    0.0000101800    0.0000206400
  -0.0000075700   -0.0000089500   -0.0000178700
  -0.0000033100   -0.0000098300   -0.0000075800
  -0.0000022600   -0.0000029700   -0.0000070900
   0.0000084400   -0.0000073300   -0.0000077600
  -0.0000066900   -0.0000082600    0.0000061300
  -0.0000090900    0.0000014700   -0.0000125400
  -0.0000044000    0.0000124500   -0.0000176500
  -0.0000035900    0.0000063900   -0.0000074200
   0.0000042700    0.0000089600   -0.0000070300
   0.0000053900    0.0000078100   -0.0000108300
   0.0000024500    0.0000065900   -0.0000105100
   0.0000008400   -0.0000011000   -0.0000075800
  -0.0000110300   -0.0000039900   -0.0000166700
   0.0000002000    0.0000050000   -0.0000064600
   0.0000027700   -0.0000031000   -0.0000127900
   0.0000039500   -0.0000034200   -0.0000029600
  -0.0000058400   -0.0000073100   -0.0000103400
  -0.0000066400    0.0000037900   -0.0000190300
   0.0000132000    0.0000068900   -0.0000211300
  -0.0000060900    0.0000059300    0.0000090400
  -0.0000026500    0.0000040800   -0.0000061800
  -0.0000043000   -0.0000007600   -0.0000106300
   0.0000029500    0.0000053300   -0.0000103900
  -0.0000044800   -0.0000009000    0.0000327800
  -0.0000040500    0.0000038000    0.0000376100
   0.0000032200   -0.0000005200    0.0000272500
  -0.0000025000    0.0000001800    0.0000317800
  -0.0000017200   -0.0000008400    0.0000289500
   0.0000003400   -0.0000023300    0.0000244700
  -0.0000016300    0.0000032200    0.0000423700
   0.0000022900   -0.0000019500    0.0000285700
   0.0000020100    0.0000034600    0.0000337300
  -0.0000030500   -0.0000016700    0.0000278000
  -0.0000007900    0.0000019000    0.0000297600
  -0.0000017200   -0.0000011700    0.0000303600
  -0.0000075000    0.0000027600    0.0000310800
   0.0000049600   -0.0000001900    0.0000277900
  -0.0000027000    0.0000005000    0.0000268100
   0.0000010300    0.0000029900    0.0000275600
  -0.0000008200    0.0000019000    0.0000308100
   0.0000053300   -0.0000009900    0.0000263100
  -0.0000037100   -0.0000032900    0.0000318400
   0.0000014800    0.0000036600    0.0000337700
   0.0000022600   -0.0000045700    0.0000302400
  -0.0000043700   -0.0000034600    0.0000325500
  -0.0000033100    0.0000002800    0.0000337200
   0.0000035000    0.0000033100    0.0000342800
   0.0000033300   -0.0000002800    0.0000332700
  -0.0000049800   -0.0000023800    0.0000289600
  -0.0000018200    0.0000061800    0.0000311300
   0.0000024900    0.0000004600    0.0000301500
   0.0000014700   -0.0000013100    0.0000342100
  -0.0000043500    0.0000002300    0.0000301400
  -0.0000013300    0.0000024800    0.0000262900
   0.0000032500   -0.0000062000    0.0000346300
  -0.0000036000   -0.0000040600    0.0000312200
   0.0000013700    0.0000019700    0.0000329800
  -0.0000005100   -0.0000003300    0.0000300100
  -0.0000009800   -0.0000007000    0.0000322000
   0.0000423000    0.0000163500    0.0000127500
  -0.0000404100    0.0000341700    0.0000656700
  -0.0000005400    0.0000102000    0.0000179400
  -0.0000012900    0.0000077900    0.0000165600
  -0.0000027600   -0.0000009900    0.0000215100
  -0.0000279700   -0.0000224900    0.0000133000
   0.0000147300   -0.0000449500    0.0000323300
  -0.0000130800    0.0000003000    0.0000352400
  -0.0000002500   -0.0000044300    0.0000328000
  -0.0000048900   -0.0000029400    0.0000225200
  -0.0000105500    0.0000014700    0.0000158300
  -0.0000098200   -0.0000076900   -0.0000678200
  -0.0000038600    0.0000179000    0.0000050500
  -0.0000003900   -0.0000009400    0.0000333800
  -0.0000049100   -0.0000022300    0.0000193400
   0.0000001400    0.0000043600    0.0000180200
  -0.0000024900    0.0000129300    0.0000202900
   0.0000046200    0.0000109300    0.0000205200
   0.0000008500   -0.0000048400    0.0000190500
   0.0000001700    0.0000030700    0.0000185100
   0.0000041100   -0.0000033200    0.0000158400
  -0.0000033400   -0.0000019700    0.0000177900
  -0.0000054700   -0.0000001400    0.0000156400
   0.0000053900    0.0000020600    0.0000132700
   0.0000034700   -0.0000011100    0.0000183100
  -0.0000061700   -0.0000042500    0.0000212700
   0.0000066300    0.0000060400    0.0000302000
  -0.0000020700   -0.0000035100    0.0000180900
   0.0000016600   -0.0000018500    0.0000148400
  -0.0000037900    0.0000007300    0.0000198300
  -0.0000335200   -0.0000141900    0.0000059200
  -0.0000164700   -0.0000016800   -0.0000213700
  -0.0000152300   -0.0000037200    0.0000200100
   0.0000012900    0.0000032500    0.0000100900
   0.0000007500   -0.0000001200    0.0000191900
   0.0000002500   -0.0000012600    0.0000208100
  -0.0015282000   -0.0000006100    0.0134225300
  -0.0000644100   -0.0001185300   -0.0008733100
   0.0000607900    0.0001465400    0.0001058900
  -0.0000097800    0.0000026700    0.0000519100
   0.0000111700   -0.0000974300    0.0000363100
   0.0023263000   -0.0022954900    0.0013386800
  -0.0024528600   -0.0004238700    0.0005833100
   0.0000785000    0.0000267000   -0.0003742900
  -0.0000106800    0.0000144500    0.0000452900
  -0.0000035300   -0.0000152500    0.0000530600
   0.0000446900   -0.0000082200   -0.0001471700
   0.0008305400   -0.0004394000   -0.0001051800
  -0.0000407600   -0.0000535600    0.0000657300
  -0.0000051900   -0.0000177800    0.0000351000
   0.0000002200    0.0000003500    0.0000428900
  -0.0000022900    0.0000143500    0.0000646500
  -0.0001031000    0.0000735100    0.0000763000
   0.0000356800   -0.0001070500   -0.0002454900
  -0.0000028200   -0.0000064000    0.0000485000
  -0.0000016700    0.0000145800    0.0000383400
  -0.0000057200   -0.0000085000    0.0000611200
  -0.0000052600    0.0000005200    0.0000542300
  -0.0000137300    0.0000048200    0.0000480400
   0.0000120500   -0.0000246000    0.0000514200
  -0.0000607500    0.0001559700    0.0000306200
   0.0000329000   -0.0000202800   -0.0002597700
  -0.0000803700   -0.0002198100    0.0001108200
  -0.0000184200   -0.0000141200    0.0000501100
   0.0000005400   -0.0000009800    0.0000436600
   0.0000077100    0.0000067600    0.0000517900
  -0.0012292900    0.0038412700    0.0016759500
  -0.0003508100   -0.0006031400   -0.0012239700
  -0.0000201400    0.0000316500   -0.0002132100
  -0.0000126200    0.0000322300    0.0000513600
  -0.0000022800   -0.0000029300    0.0000483200
   0.0001649100    0.0000716800   -0.0002782300
  -0.0836008900    0.0003187200   -0.1148450600
   0.0066813300   -0.0004771000   -0.0037305100
   0.0000167300    0.0000659400   -0.0002069100
   0.0000152700    0.0000170500    0.0000429000
  -0.0000040100   -0.0000101300   -0.0001858700
   0.0042757200    0.0000683300   -0.0015367000
   0.0013969100    0.0039656200   -0.0033335600
  -0.0001886900   -0.0001109600    0.0001291400
   0.0000162300    0.0000117100    0.0000201300
   0.0000205100   -0.0000072100    0.0000104600
  -0.0001235700    0.0000704600    0.0000237200
   0.0005997900   -0.0017495000   -0.0019171100
   0.0000381000   -0.0000459500   -0.0001787100
   0.0000125300    0.0000028200    0.0000247100
   0.0000003800    0.0000001700    0.0000377300
   0.0000091800   -0.0000068400    0.0000065300
  -0.0000169800    0.0000366000   -0.0002120900
   0.0000022600   -0.0000697800    0.0000769100
   0.0000201400   -0.0000048700    0.0000568200
   0.0000061100    0.0000080500    0.0000204200
  -0.0000004800   -0.0000075100    0.0000097700
  -0.0000076000   -0.0000151300    0.0000310200
  -0.0000046900   -0.0000084800    0.0000129700
   0.0000108100   -0.0000075500    0.0000198100
   0.0000289700    0.0000154800   -0.0001682300
   0.0000027900    0.0000351100    0.0000753000
  -0.0000096600   -0.0000587900   -0.0002218600
   0.0000027100   -0.0000117600    0.0000148300
   0.0000004300   -0.0000007300    0.0000380500
   0.0000214900    0.0000119900    0.0000153900
   0.0002447400    0.0014100300   -0.0022365000
   0.0017545500   -0.0032198800   -0.0030139300
  -0.0002167800    0.0001260300    0.0001026200
   0.0000118900    0.0000080700    0.0000177000
   0.0000239200    0.0000109200    0.0000138400
  -0.0000980100   -0.0000595500    0.0000483300
   0.0547694400    0.0257932900    0.0585080300
   0.0063428100    0.0021771900    0.0137558600
   0.0005373700   -0.0002478600    0.0000667100
   0.0000949800   -0.0000651000   -0.0001190500
   0.0000148000   -0.0000259200   -0.0000976300
   0.0003322900    0.0001663300    0.0008710600
   0.0101061000   -0.0282684400    0.0364266700
  -0.0002587400    0.0015725900    0.0007298900
   0.0000370900    0.0000279900   -0.0002531700
  -0.0000068600    0.0000010600   -0.0000989300
  -0.0000594900    0.0001049300   -0.0000153600
   0.0019497400   -0.0028379200    0.0032064700
   0.0004589300    0.0007855100    0.0002027300
   0.0000257500   -0.0000817300   -0.0001592000
  -0.0000026700    0.0000039300   -0.0000877700
  -0.0000229600    0.0000099800   -0.0001147300
  -0.0001394100    0.0000987500   -0.0001079000
   0.0004287900   -0.0005830200    0.0007349500
  -0.0000241100    0.0000725300   -0.0001185900
  -0.0000045600   -0.0000018100   -0.0000840200
  -0.0000097900   -0.0000116900   -0.0001012300
  -0.0000086300   -0.0000028000   -0.0001111300
   0.0000145000    0.0000442000   -0.0000965200
  -0.0000675300   -0.0000233300   -0.0000251500
  -0.0000306900    0.0000256600   -0.0001081500
   0.0001127200   -0.0000103600   -0.0000404000
   0.0000421400   -0.0001397500   -0.0002269200
   0.0000902500   -0.0000473700   -0.0001090300
   0.0000058900    0.0000148800   -0.0000782100
  -0.0000063500   -0.0000050300   -0.0001107200
  -0.0000593100   -0.0005155100    0.0006045500
  -0.0029726600    0.0012789400    0.0019711000
   0.0001083100    0.0003943900    0.0003323400
  -0.0000964300    0.0000176300   -0.0000104100
  -0.0000171000   -0.0000084300   -0.0000961500
  -0.0000574400    0.0000049300   -0.0000407000

145  
 -0.0068039810808119   0.0000000000000000  -0.0073284269425269
   0.0000148500    0.0000017000   -0.0000268200
   0.0000041400    0.0000275600    0.0000458700
  -0.0000100500    0.0000037900   -0.0000149300
   0.0000063600   -0.0000056700    0.0000081400
   0.0000050000    0.0000008200    0.0000053600
  -0.0000000800   -0.0000032000    0.0000169400
   0.0000309300   -0.0000056600    0.0000446600
  -0.0000389100   -0.0000158200    0.0000460500
   0.0000103100    0.0000001700    0.0000040700
   0.0000027200    0.0000061200    0.0000160100
   0.0000059500    0.0000056000    0.0000136000
  -0.0000029200   -0.0000083700    0.0000084100
   0.0000099600   -0.0000210800   -0.0000224200
  -0.0000024200    0.0000059600    0.0000193500
   0.0000144600   -0.0000033800    0.0000059800
   0.0000010400    0.0000014800    0.0000074700
  -0.0000008200    0.0000018600    0.0000063200
   0.0000091600    0.0000099200   -0.0000060800
   0.0000033500    0.0000025700    0.0000144700
   0.0000124000    0.0000071500    0.0000168100
  -0.0000004500    0.0000046100    0.0000059900
   0.0000044600    0.0000056100    0.0000086300
   0.0000030200    0.0000023400    0.0000134400
   0.0000054800    0.0000071400    0.0000120800
   0.0000100800   -0.0000030500    0.0000062100
   0.0000040100   -0.0000109400    0.0000157400
   0.0000080200   -0.0000115300    0.0000074000
   0.0000028400   -0.0000076500    0.0000139700
   0.0000056800   -0.0000044000    0.0000058100
  -0.0000000600   -0.0000059600    0.0000105300
   0.0000036700   -0.0000071500    0.0000184400
  -0.0000044100    0.0000023400    0.0000215500
   0.0000129800    0.0000028800   -0.0000079900
   0.0000055900    0.0000037800    0.0000066200
   0.0000010800   -0.0000023700    0.0000103600
   0.0000077600    0.0000031200    0.0000101100
   0.0000059000   -0.0000016700    0.0000278300
   0.0000055400    0.0000050100    0.0000240700
   0.0000099400    0.0000028400    0.0000368700
   0.0000008800    0.0000000300    0.0000363100
   0.0000055800   -0.0000014000    0.0000326500
   0.0000030400    0.0000046500    0.0000369300
   0.0000100400    0.0000016200    0.0000332500
   0.0000012600   -0.0000059700    0.0000383600
   0.0000018500   -0.0000010800    0.0000382500
   0.0000031400   -0.0000037700    0.0000334700
   0.0000072300    0.0000027900    0.0000351300
   0.0000020100   -0.0000019900    0.0000334000
   0.0000032800    0.0000037200    0.0000410400
   0.0000028800   -0.0000030300    0.0000328100
   0.0000007400   -0.0000009400    0.0000348000
   0.0000076000    0.0000019800    0.0000346600
   0.0000031000   -0.0000001300    0.0000362800
   0.0000046600   -0.0000042900    0.0000370600
  -0.0000000500   -0.0000064600    0.0000365500
   0.0000051300    0.0000043200    0.0000403200
   0.0000077900   -0.0000034400    0.0000375400
   0.0000026200   -0.0000030000    0.0000398400
   0.0000011300   -0.0000010600    0.0000384800
   0.0000098900    0.0000009700    0.0000410000
   0.0000096000    0.0000027100    0.0000376700
   0.0000005900    0.0000019900    0.0000329700
   0.0000033300    0.0000079000    0.0000364300
   0.0000063500   -0.0000001500    0.0000359600
   0.0000064500   -0.0000015100    0.0000410500
  -0.0000008100    0.0000001500    0.0000356200
   0.0000061000   -0.0000040200    0.0000372300
   0.0000079600   -0.0000032400    0.0000401200
  -0.0000023700   -0.0000065700    0.0000412200
   0.0000036700    0.0000039500    0.0000400600
   0.0000038900   -0.0000014200    0.0000354800
   0.0000056000   -0.0000009200    0.0000391800
  -0.0000406200   -0.0000198400    0.0000366600
   0.0000420000   -0.0000250400   -0.0000145200
   0.0000133000   -0.0000079900    0.0000288400
  -0.0000001900   -0.0000074700    0.0000266400
   0.0000062100   -0.0000003400    0.0000276300
   0.0000318300    0.0000253100    0.0000363000
  -0.0000054300    0.0000493100    0.0000043700
   0.0000166900   -0.0000083500    0.0000091500
   0.0000041200    0.0000067700    0.0000066900
   0.0000054900   -0.0000024000    0.0000264800
   0.0000163100    0.0000025100    0.0000306600
   0.0000096300    0.0000047200    0.0001157100
  -0.0000005100   -0.0000113500    0.0000339800
   0.0000080500   -0.0000023400    0.0000178700
   0.0000034200    0.0000013100    0.0000301600
   0.0000075100    0.0000005800    0.0000303800
   0.0000053200   -0.0000110600    0.0000238100
   0.0000049400   -0.0000149600    0.0000269800
  -0.0000046300   -0.0000048600    0.0000250800
   0.0000063600    0.0000046000    0.0000200000
   0.0000058500   -0.0000044500    0.0000276400
   0.0000016100   -0.0000051300    0.0000220300
   0.0000039600   -0.0000010500    0.0000245700
   0.0000075400    0.0000012800    0.0000226500
   0.0000093000    0.0000040300    0.0000223000
   0.0000025300    0.0000042500    0.0000275200
  -0.0000062200    0.0000079300    0.0000129600
   0.0000115800    0.0000042000    0.0000283300
   0.0000060000   -0.0000011600    0.0000224500
  -0.0000010000   -0.0000000600    0.0000264600
   0.0000394400    0.0000130300    0.0000411700
   0.0000268600   -0.0000073900    0.0000582700
   0.0000099500   -0.0000061900    0.0000198100
   0.0000035400    0.0000028700    0.0000292800
   0.0000030900   -0.0000013600    0.0000268500
   0.0000039400   -0.0000007100    0.0000197100
   0.0015651000    0.0000004100   -0.0135051600
   0.0000423400    0.0000970700    0.0009774200
  -0.0000576600   -0.0001491200   -0.0000119200
   0.0000127000   -0.0000021500    0.0000421400
  -0.0000094400    0.0001036000    0.0000561800
  -0.0023324100    0.0022886600   -0.0012692600
   0.0024697700    0.0004235000   -0.0004953800
  -0.0000784300   -0.0000260100    0.0004602000
   0.0000160000   -0.0000131700    0.0000465600
   0.0000078700    0.0000116200    0.0000396900
  -0.0000471000    0.0000061000    0.0002394100
  -0.0007846900    0.0004373800    0.0002187200
   0.0000461800    0.0000534100    0.0000285000
   0.0000082100    0.0000179000    0.0000603000
   0.0000038400    0.0000001600    0.0000514300
   0.0000033100   -0.0000091100    0.0000272500
   0.0001132700   -0.0000716800    0.0000150600
  -0.0000414100    0.0001034200    0.0003389800
   0.0000024500    0.0000028900    0.0000454800
   0.0000071200   -0.0000134200    0.0000559100
   0.0000101800    0.0000046700    0.0000309800
   0.0000082100   -0.0000049300    0.0000379400
   0.0000133500   -0.0000041200    0.0000443400
  -0.0000028200    0.0000273800    0.0000405500
   0.0000694200   -0.0001565300    0.0000627100
  -0.0000327100    0.0000177500    0.0003507800
   0.0000826200    0.0002242600   -0.0000189400
   0.0000251100    0.0000144600    0.0000444700
   0.0000036800   -0.0000011400    0.0000519900
  -0.0000075000   -0.0000081200    0.0000424000
   0.0012515200   -0.0039118100   -0.0016324400
   0.0003547700    0.0006202800    0.0013282800
   0.0000210500   -0.0000369000    0.0003050400
   0.0000135200   -0.0000305700    0.0000422100
   0.0000067900    0.0000006100    0.0000426800
  -0.0001587100   -0.0000714300    0.0003732800
   0.0852186100    0.0004232100    0.1135612600
  -0.0065924200    0.0004772200    0.0037832300
  -0.0000166500   -0.0000680200    0.0002931700
  -0.0000126900   -0.0000165300    0.0000419000
   0.0000061200    0.0000144900    0.0002729800
  -0.0043425900   -0.0000803300    0.0016568100
  -0.0014000900   -0.0039781000    0.0034244400
   0.0001875300    0.0001086600   -0.0000409300
  -0.0000110400   -0.0000099400    0.0000670500
  -0.0000169000    0.0000038600    0.0000755600
   0.0001285600   -0.0000779400    0.0000671700
  -0.0005660500    0.0017565300    0.0020306500
  -0.0000339200    0.0000433400    0.0002690300
  -0.0000088100   -0.0000024300    0.0000613200
   0.0000026800    0.0000000900    0.0000484800
  -0.0000084600    0.0000110600    0.0000817900
   0.0000252800   -0.0000365700    0.0003001300
  -0.0000041200    0.0000618600    0.0000127200
  -0.0000194100    0.0000011800    0.0000285900
  -0.0000020500   -0.0000081900    0.0000665400
   0.0000043600    0.0000033800    0.0000762300
   0.0000103800    0.0000113000    0.0000577000
   0.0000051500    0.0000103100    0.0000755100
  -0.0000018300    0.0000097800    0.0000701500
  -0.0000223300   -0.0000158500    0.0002585700
  -0.0000015300   -0.0000362700    0.0000120400
   0.0000111400    0.0000641600    0.0003107400
   0.0000038300    0.0000125400    0.0000729400
   0.0000032400   -0.0000010900    0.0000480900
  -0.0000204400   -0.0000127300    0.0000705000
  -0.0002251900   -0.0014019800    0.0023615400
  -0.0017427600    0.0032190900    0.0030946700
   0.0002140000   -0.0001262900   -0.0000179900
  -0.0000104000   -0.0000067200    0.0000695100
  -0.0000195300   -0.0000129900    0.0000749400
   0.0001048100    0.0000600600    0.0000396700
  -0.0571409900   -0.0271357000   -0.0610870400
  -0.0065366900   -0.0020736700   -0.0136899400
  -0.0004976900    0.0002482700   -0.0002495200
  -0.0000920100    0.0000646900   -0.0000567900
  -0.0000104900    0.0000287000   -0.0000792800
  -0.0003775600   -0.0001623100   -0.0010483600
  -0.0101346500    0.0288935100   -0.0370800400
   0.0002824500   -0.0015764900   -0.0008766200
  -0.0000297100   -0.0000296600    0.0000739800
   0.0000101000   -0.0000042800   -0.0000781300
   0.0000697000   -0.0001142600   -0.0001577200
  -0.0019371000    0.0028667700   -0.0034172400
  -0.0004360700   -0.0007774000   -0.0003891600
  -0.0000190500    0.0000858600   -0.0000183100
   0.0000062900   -0.0000033900   -0.0000877400
   0.0000258100   -0.0000063900   -0.0000624200
   0.0001511200   -0.0001009300   -0.0000660600
  -0.0004479400    0.0006124600   -0.0009083700
   0.0000337500   -0.0000689500   -0.0000574700
   0.0000087800   -0.0000001800   -0.0000909800
   0.0000103100    0.0000102900   -0.0000751300
   0.0000132700   -0.0000012900   -0.0000626300
  -0.0000069000   -0.0000473900   -0.0000774800
   0.0000660200    0.0000228600   -0.0001525700
   0.0000354300   -0.0000271400   -0.0000688700
  -0.0001100600    0.0000115700   -0.0001349800
  -0.0000394900    0.0001456000    0.0000520300
  -0.0000851500    0.0000526300   -0.0000675500
  -0.0000062700   -0.0000147100   -0.0000954600
   0.0000106000    0.0000065100   -0.0000639300
   0.0000530900    0.0004897400   -0.0007889000
   0.0030216700   -0.0012785200   -0.0021430500
  -0.0000876500   -0.0004143900   -0.0005085700
   0.0001036000   -0.0000210000   -0.0001659500
   0.0000212900    0.0000083400   -0.0000812300
   0.0000616700   -0.0000033600   -0.0001360000

181  
  0.0068039810808119  -0.0000000000000000   0.0073284269425269
   0.0002147200    0.0001743000    0.0001393300
  -0.0001714400    0.0000317400   -0.0001755200
   0.0000831000   -0.0000386000    0.0000980300
   0.0000033700    0.0000121100    0.0000111400
   0.0000245300    0.0000107500    0.0000317800
  -0.0000096700   -0.0000647200    0.0000055300
  -0.0000972400   -0.0002123900   -0.0000184500
   0.0001073000    0.0000496600   -0.0002149600
   0.0000016900    0.0000299000    0.0000228200
   0.0000136000    0.0000042700    0.0000018500
  -0.0000183200    0.0000401100    0.0000242300
   0.0000199800    0.0000160400   -0.0001324500
   0.0000157400    0.0000857100    0.0001651700
   0.0000322000   -0.0000331400    0.0000211300
   0.0000121800   -0.0000055300   -0.0000093900
   0.0000095500   -0.0000079000   -0.0000101200
  -0.0000224500    0.0000086200    0.0000252200
   0.0000496300    0.0000336200   -0.0000607600
   0.0000081600   -0.0000117200    0.0000096400
   0.0000087000    0.0000132700   -0.0000057200
   0.0000038700    0.0000100000   -0.0000100500
   0.0000101700    0.0000084700    0.0000100200
   0.0000050300   -0.0000099900    0.0000337100
   0.0000280400    0.0000066300    0.0000469600
   0.0000279300    0.0000080700    0.0000183200
   0.0000445900   -0.0000302800    0.0000221600
   0.0000018600   -0.0000191900    0.0000256400
  -0.0000112500   -0.0000089900    0.0000223700
   0.0000177200   -0.0000064200   -0.0000013400
   0.0000051700   -0.0000027800   -0.0000003400
  -0.0000632100   -0.0000192200    0.0001184700
   0.0000392200   -0.0000477600   -0.0001732200
   0.0000579600   -0.0000099800   -0.0000150300
   0.0000066100    0.0000161000    0.0000478900
   0.0000135700   -0.0000027600   -0.0000017900
   0.0000113600   -0.0000072300    0.0000449900
   0.0000141900   -0.0000009300   -0.0000358600
   0.0000174100    0.0000083600    0.0000610600
   0.0000083100   -0.0000061600    0.0000180200
   0.0000105900    0.0000010900    0.0000281500
   0.0000093000   -0.0000063800    0.0000174500
   0.0000233800   -0.0000005800    0.0000238500
   0.0000148700   -0.0000002900    0.0000600000
   0.0000044700   -0.0000076400    0.0000339300
   0.0000128900   -0.0000036800    0.0000298800
   0.0000102200   -0.0000047500    0.0000257100
   0.0000049100    0.0000083700    0.0000236500
   0.0000122000   -0.0000002300    0.0000344700
  -0.0000126400    0.0000004500    0.0000219600
   0.0000095700    0.0000023200    0.0000241900
   0.0000091700   -0.0000013600    0.0000225300
   0.0000163200    0.0000014300    0.0000230600
   0.0000071200    0.0000051700    0.0000209900
   0.0000268000   -0.0000108100    0.0000274000
   0.0000071600   -0.0000011200    0.0000307900
   0.0000082200    0.0000073900    0.0000291300
   0.0000174800    0.0000037000    0.0000271300
   0.0000096400   -0.0000017500    0.0000261700
   0.0000097700    0.0000003200    0.0000270800
   0.0000108500    0.0000004500    0.0000264200
   0.0000057000    0.0000150800    0.0000230500
   0.0000113700    0.0000003400    0.0000323000
   0.0000083600    0.0000038700    0.0000242000
   0.0000123700    0.0000012000    0.0000198900
   0.0000120700   -0.0000017100    0.0000309400
   0.0000066800    0.0000022800    0.0000252600
   0.0000200700    0.0000095700    0.0000384900
   0.0000160100   -0.0000121500    0.0000597800
   0.0000021800    0.0000055800    0.0000272800
   0.0000082300    0.0000032000    0.0000210200
   0.0000107900   -0.0000008200    0.0000244700
   0.0000242100   -0.0000006400    0.0000304300
   0.0002176000   -0.0000003700   -0.0003633300
  -0.0000767100    0.0001145500    0.0002147000
   0.0000128500   -0.0000165100   -0.0000021100
   0.0000004200    0.0000005400    0.0000106700
   0.0000328300    0.0000108700    0.0000138200
   0.0000217100    0.0002667500    0.0002203400
   0.0000955300   -0.0002251200    0.0001311600
   0.0000039000    0.0000025900   -0.0000807300
   0.0000179100    0.0000018400    0.0000172400
   0.0000037900   -0.0000010400    0.0000131400
   0.0000755800   -0.0000436600    0.0000324900
  -0.0001849400   -0.0000432100    0.0002941200
   0.0000222100    0.0000274200   -0.0000134000
   0.0000148700    0.0000052900    0.0000232900
   0.0000105000   -0.0000015000    0.0000290600
   0.0000072800    0.0000042100    0.0000157600
   0.0000464200   -0.0000408600    0.0000177400
  -0.0000433600    0.0000018500   -0.0000399400
   0.0000055700   -0.0000062500    0.0000092200
   0.0000070100    0.0000007900    0.0000146800
   0.0000142200   -0.0000047700    0.0000160400
   0.0000091600    0.0000035000    0.0000129600
   0.0000064100    0.0000083800    0.0000108500
   0.0000098000    0.0000059800    0.0000152900
   0.0000190800   -0.0000225600   -0.0000062400
  -0.0000068000    0.0000424300   -0.0000272700
   0.0000062600    0.0000555600    0.0000068200
   0.0000155600   -0.0000014900    0.0000213600
   0.0000096700   -0.0000019200    0.0000188900
  -0.0000014000   -0.0000042400    0.0000135000
   0.0003004800   -0.0000301500    0.0001372200
  -0.0000739600   -0.0000798300    0.0002848400
  -0.0000289900   -0.0000168500   -0.0000316500
   0.0000097900    0.0000008100    0.0000221400
  -0.0000007100   -0.0000029600    0.0000116800
  -0.0000271800    0.0000096500   -0.0000502600
   0.0065178300   -0.0019859600    0.0133565500
   0.0000245400   -0.0006416400    0.0007724400
   0.0000483400    0.0000202500    0.0000750500
   0.0000567500   -0.0000008500    0.0000029700
   0.0008132600    0.0006745900    0.0006121100
   0.0546690800   -0.0257986700    0.0581463000
  -0.0001357300    0.0001008800    0.0007990500
  -0.0000192000    0.0000097700    0.0000888800
  -0.0000038300    0.0000146800    0.0000481600
  -0.0000773100    0.0000243100    0.0001526600
   0.0002363100   -0.0008072200    0.0005954000
  -0.0029941200   -0.0017173900    0.0019620400
   0.0000268900    0.0000168700    0.0000867800
   0.0000253000   -0.0000155700    0.0000516500
   0.0000020800    0.0000048800    0.0000477900
   0.0000137300   -0.0000316000   -0.0000117200
   0.0002025800   -0.0000362300    0.0000404800
  -0.0000186000   -0.0001308600   -0.0000212700
   0.0000147900    0.0000201200    0.0000523300
  -0.0000332200   -0.0000344900    0.0001223300
  -0.0000059100   -0.0000223600    0.0000242900
   0.0000195300    0.0000051100    0.0000507400
   0.0000067900    0.0000101800    0.0000412200
  -0.0000205500    0.0000201300    0.0000357900
   0.0006246000    0.0001023000    0.0007236700
   0.0001968700    0.0005729700    0.0006795900
  -0.0000564900    0.0001364800    0.0001020400
   0.0000159400   -0.0000034700    0.0000506700
  -0.0000007100   -0.0000057600    0.0000348500
  -0.0000203200    0.0001359000   -0.0000818600
   0.0099714300    0.0279858300    0.0359710800
  -0.0006787800   -0.0013428500    0.0007816500
  -0.0001392500    0.0000849100    0.0000717600
   0.0000085700   -0.0000223500    0.0000445900
   0.0001137600   -0.0001878700   -0.0000542100
   0.0022857200    0.0030408100    0.0031274400
   0.0571373900    0.0271612900    0.0609111300
   0.0008880500   -0.0007643300    0.0005390700
   0.0000792300    0.0000165600   -0.0000105300
   0.0000546900   -0.0000294600    0.0000609300
   0.0000245500    0.0006103600    0.0006873100
   0.0064619500    0.0021190300    0.0138211500
   0.0001846100    0.0008493600    0.0005464800
  -0.0000834300   -0.0000154700    0.0001310600
  -0.0000045000   -0.0000180300    0.0000384300
  -0.0000518900   -0.0000023500    0.0000907300
  -0.0001073200   -0.0000332100    0.0006696300
  -0.0029682400    0.0015562800    0.0021051900
   0.0000422300    0.0000484200   -0.0000283000
  -0.0000047800    0.0000015800    0.0000299700
   0.0000279800    0.0000201700    0.0000454000
   0.0000406300   -0.0000193800    0.0000828500
  -0.0000102000    0.0001010800   -0.0000339700
   0.0001873000    0.0000762900    0.0000368600
  -0.0000077100    0.0000097100    0.0000057600
  -0.0000548300    0.0000169900    0.0001101000
   0.0000152000   -0.0000240100    0.0000454600
  -0.0000108000   -0.0000095200    0.0000349700
   0.0000020000   -0.0000139300    0.0000329500
   0.0000208700   -0.0000067600    0.0000383400
   0.0001809600   -0.0005323500    0.0006161800
   0.0007397300   -0.0001294200    0.0005908700
  -0.0000225400   -0.0001169800   -0.0000779200
  -0.0000135600    0.0000108900    0.0000238700
   0.0000120700    0.0000049300    0.0000407000
  -0.0000752600   -0.0001441600    0.0000800200
   0.0101129700   -0.0290599200    0.0371331100
   0.0022257300   -0.0030047100    0.0031399000
   0.0001263200    0.0001619000   -0.0000441200
   0.0000040600    0.0000191700    0.0000352100
  -0.0001280100   -0.0000748000    0.0000480800
  -0.0004818600    0.0014287200    0.0010848300
  -0.1843441300   -0.0005778900   -0.2143279900
   0.0071556000    0.0067202700   -0.0047864500
   0.0010180600   -0.0002970600    0.0004220100
   0.0001034900    0.0000136800   -0.0000973400
   0.0009637400    0.0003340800    0.0004431300
   0.0070031200   -0.0066122100   -0.0051128900
   0.0039242000   -0.0049098200   -0.0049046100
   0.0005631800   -0.0004189600   -0.0000505500
  -0.0000453800    0.0000541700   -0.0001004900
  -0.0000445600   -0.0000417400   -0.0000952200
   0.0005214000    0.0004378900   -0.0000023000
   0.0039437100    0.0047894800   -0.0049928900
   0.0000356000    0.0008879300    0.0004399200
   0.0000190000   -0.0000370700   -0.0000875300
   0.0000297700    0.0000013600   -0.0001551300
   0.0000051900    0.0000327000   -0.0001074000
  -0.0000171500   -0.0008744300    0.0004256200
   0.0012830800    0.0000220300   -0.0000251300
   0.0000679200    0.0000247100   -0.0000869100
  -0.0000210400   -0.0000103000   -0.0000844800
  -0.0000374600    0.0000057700   -0.0001093700
   0.0000430200   -0.0000366100   -0.0001084700
  -0.0000396000    0.0000549100   -0.0001031500
  -0.0000168900   -0.0000606100   -0.0000915100
   0.0000174700    0.0002251800    0.0004499800
   0.0012847400   -0.0000229600   -0.0000264600
   0.0000000800   -0.0002762100    0.0004151200
   0.0000039300   -0.0000232500   -0.0001024500
   0.0000293100    0.0000012100   -0.0001549000
   0.0000208500    0.0000050900   -0.0000925900
   0.0039795100    0.0085391600   -0.0050703800
   0.0038850800   -0.0084203700   -0.0048319900
   0.0005696000    0.0004151000   -0.0000350900
  -0.0000410300    0.0000150400   -0.0000952200
  -0.0000501700    0.0000109700   -0.0001001700
   0.0005159000   -0.0004406500   -0.0000173200

181  
 -0.0068039810808119   0.0000000000000000  -0.0073284269425269
  -0.0001977500   -0.0001877000   -0.0001528500
   0.0001813600   -0.0000482000    0.0001703300
  -0.0000753900    0.0000271300   -0.0001038700
   0.0000068400   -0.0000185900   -0.0000154800
  -0.0000168200   -0.0000128000   -0.0000386600
   0.0000013500    0.0000470000   -0.0000122300
   0.0001183700    0.0002281200    0.0000085700
  -0.0001065300   -0.0000387100    0.0002103700
   0.0000078300   -0.0000243700   -0.0000294000
  -0.0000077100    0.0000011000   -0.0000083900
   0.0000168600   -0.0000395600   -0.0000315800
  -0.0000107600   -0.0000031900    0.0001278700
  -0.0000035200   -0.0000925600   -0.0001719900
  -0.0000374800    0.0000290700   -0.0000281300
   0.0000010100   -0.0000101200    0.0000008600
  -0.0000098700   -0.0000007500    0.0000032700
   0.0000364400   -0.0000144600   -0.0000328200
  -0.0000402300   -0.0000269700    0.0000570800
  -0.0000089600    0.0000199000   -0.0000139800
  -0.0000028000    0.0000071200   -0.0000015900
  -0.0000029900    0.0000042900    0.0000017100
   0.0000023900    0.0000138000   -0.0000148100
   0.0000122900    0.0000222700   -0.0000390400
  -0.0000198700    0.0000083200   -0.0000523100
  -0.0000161900   -0.0000129900   -0.0000270200
  -0.0000457300    0.0000207800   -0.0000299900
   0.0000119900    0.0000194100   -0.0000308200
   0.0000156500   -0.0000003900   -0.0000285000
  -0.0000036700   -0.0000061700   -0.0000017100
  -0.0000050900   -0.0000100700   -0.0000064200
   0.0000624400    0.0000105300   -0.0001267100
  -0.0000210500    0.0000572900    0.0001698700
  -0.0000545300    0.0000165300    0.0000101700
  -0.0000017600   -0.0000095800   -0.0000542500
  -0.0000078000    0.0000014800   -0.0000050700
  -0.0000004700    0.0000132500   -0.0000516100
  -0.0000052600   -0.0000013900    0.0000880600
  -0.0000142100   -0.0000015600   -0.0000075100
   0.0000073300    0.0000091000    0.0000370800
  -0.0000053200    0.0000011300    0.0000348400
  -0.0000057000    0.0000038600    0.0000348500
  -0.0000170700    0.0000020300    0.0000214100
  -0.0000035900    0.0000064600    0.0000052600
   0.0000032700    0.0000016700    0.0000245300
  -0.0000033900    0.0000044700    0.0000352800
  -0.0000088400   -0.0000004900    0.0000294600
   0.0000024100   -0.0000030900    0.0000267000
  -0.0000055400    0.0000012600    0.0000192400
   0.0000119600    0.0000054400    0.0000416900
   0.0000009900   -0.0000047900    0.0000284500
  -0.0000065400   -0.0000015000    0.0000276900
  -0.0000063500    0.0000023900    0.0000267400
   0.0000019400   -0.0000016100    0.0000378800
  -0.0000144300    0.0000079700    0.0000310500
  -0.0000070300   -0.0000044400    0.0000320800
  -0.0000002100    0.0000020400    0.0000334400
  -0.0000033900   -0.0000049200    0.0000313000
  -0.0000052100   -0.0000019900    0.0000383100
  -0.0000063700   -0.0000016400    0.0000411100
   0.0000028000    0.0000036300    0.0000434500
   0.0000077800   -0.0000150900    0.0000406300
  -0.0000090400   -0.0000003100    0.0000272100
  -0.0000047200    0.0000091000    0.0000417600
  -0.0000007100   -0.0000029400    0.0000387300
  -0.0000007600   -0.0000025200    0.0000368500
  -0.0000060500   -0.0000022400    0.0000375500
  -0.0000085100   -0.0000133600    0.0000156000
  -0.0000019600    0.0000037700    0.0000118300
  -0.0000067800   -0.0000153700    0.0000369600
   0.0000007800    0.0000030800    0.0000407300
  -0.0000023300    0.0000016400    0.0000359000
  -0.0000183300   -0.0000020400    0.0000296900
  -0.0002168200   -0.0000010900    0.0003902100
   0.0000809100   -0.0001073100   -0.0001788300
   0.0000024800    0.0000195800    0.0000352300
   0.0000051400    0.0000018600    0.0000149600
  -0.0000296900   -0.0000119900    0.0000218300
  -0.0000065200   -0.0002592900   -0.0001681000
  -0.0000826800    0.0002273100   -0.0001056500
   0.0000035700   -0.0000085200    0.0001111800
  -0.0000084200   -0.0000008800    0.0000065300
  -0.0000014600   -0.0000042600    0.0000197600
  -0.0000685100    0.0000475100    0.0000058500
   0.0001904300    0.0000363000   -0.0002518200
  -0.0000230800   -0.0000211200    0.0000378800
  -0.0000043900   -0.0000079000    0.0000134200
  -0.0000074800   -0.0000017400    0.0000091700
   0.0000018400   -0.0000003500    0.0000225900
  -0.0000369800    0.0000449200    0.0000116500
   0.0000555500   -0.0000036500    0.0000704400
  -0.0000054700    0.0000005700    0.0000178500
   0.0000008500    0.0000085500    0.0000126700
  -0.0000003000    0.0000035300    0.0000145000
  -0.0000047700   -0.0000080900    0.0000124900
  -0.0000026200   -0.0000101500    0.0000112700
   0.0000035900   -0.0000029700    0.0000035800
  -0.0000051700    0.0000234300    0.0000317700
   0.0000091800   -0.0000403700    0.0000571900
  -0.0000034300   -0.0000422500    0.0000154200
  -0.0000034000   -0.0000000900    0.0000102500
   0.0000015100   -0.0000027600    0.0000031000
   0.0000022000    0.0000045600    0.0000132600
  -0.0002807500    0.0000288500   -0.0000959800
   0.0000853000    0.0000711700   -0.0002641800
   0.0000237800    0.0000075100    0.0000579600
  -0.0000012600    0.0000058300    0.0000057200
   0.0000099400    0.0000041900    0.0000169300
   0.0000339500   -0.0000128400    0.0000791300
  -0.0066445100    0.0019042000   -0.0132712100
  -0.0000361600    0.0006293000   -0.0007042800
  -0.0000404400   -0.0000241800    0.0000065600
  -0.0000504400    0.0000020400    0.0000793900
  -0.0008267400   -0.0006570000   -0.0005423700
  -0.0568890400    0.0271241900   -0.0603263900
   0.0001270300   -0.0001029700   -0.0007033500
   0.0000237000   -0.0000078800   -0.0000108400
   0.0000130200   -0.0000122000    0.0000311300
   0.0000846800   -0.0000283400   -0.0000740000
  -0.0002398800    0.0007922000   -0.0005337800
   0.0029744000    0.0017134100   -0.0018844500
  -0.0000184700   -0.0000160300   -0.0000075600
  -0.0000174800    0.0000173600    0.0000322300
   0.0000046200   -0.0000042000    0.0000333900
  -0.0000064900    0.0000357000    0.0000911300
  -0.0001910400    0.0000384200    0.0000408700
   0.0000169300    0.0001270400    0.0001002000
  -0.0000095400   -0.0000226600    0.0000292500
   0.0000395800    0.0000330300   -0.0000414600
   0.0000142900    0.0000217400    0.0000548000
  -0.0000121200   -0.0000075300    0.0000285800
  -0.0000031700   -0.0000083100    0.0000389400
   0.0000325900   -0.0000180100    0.0000424600
  -0.0006199900   -0.0001094400   -0.0006183500
  -0.0002069600   -0.0005540100   -0.0006103500
   0.0000631200   -0.0001308500   -0.0000235500
  -0.0000056300    0.0000026400    0.0000323200
   0.0000080100    0.0000040500    0.0000483500
   0.0000238400   -0.0001371400    0.0001648900
  -0.0099271400   -0.0288106300   -0.0365638300
   0.0006504100    0.0013344900   -0.0007201000
   0.0001415800   -0.0000874400    0.0000066300
  -0.0000035700    0.0000253500    0.0000367900
  -0.0001096800    0.0001871400    0.0001327800
  -0.0023285400   -0.0030700500   -0.0030627700
  -0.0549024400   -0.0258365400   -0.0585929500
  -0.0008609800    0.0007809200   -0.0004467100
  -0.0000704700   -0.0000175600    0.0000841400
  -0.0000474900    0.0000282200    0.0000095700
  -0.0000002000   -0.0006203200   -0.0006011500
  -0.0063280000   -0.0021939100   -0.0137501100
  -0.0001646300   -0.0008639700   -0.0004466200
   0.0000877200    0.0000151500   -0.0000552100
   0.0000131700    0.0000205900    0.0000356900
   0.0000579100    0.0000010700   -0.0000154100
   0.0001314500    0.0000274000   -0.0006118500
   0.0029999000   -0.0015606500   -0.0020279300
  -0.0000336200   -0.0000480300    0.0001029300
   0.0000128300    0.0000001900    0.0000419600
  -0.0000223700   -0.0000197500    0.0000278000
  -0.0000337600    0.0000220200   -0.0000058100
   0.0000237500   -0.0001004800    0.0001049600
  -0.0001845300   -0.0000784000    0.0000411100
   0.0000131300   -0.0000099800    0.0000651200
   0.0000627600   -0.0000196000   -0.0000354900
  -0.0000089200    0.0000215000    0.0000297200
   0.0000177400    0.0000075800    0.0000406100
   0.0000025600    0.0000168200    0.0000414600
  -0.0000094900    0.0000087100    0.0000386500
  -0.0001555900    0.0005523500   -0.0005272200
  -0.0007328400    0.0001203100   -0.0005394600
   0.0000309000    0.0001187300    0.0001505700
   0.0000230500   -0.0000105200    0.0000492900
  -0.0000060400   -0.0000067300    0.0000324100
   0.0000817700    0.0001473700   -0.0000046200
  -0.0101415300    0.0282272100   -0.0363894800
  -0.0021661300    0.0029752400   -0.0030490700
  -0.0001155600   -0.0001618700    0.0001171100
   0.0000010200   -0.0000163500    0.0000382000
   0.0001397900    0.0000726200    0.0000301100
   0.0005247400   -0.0014371500   -0.0009934400
   0.1827835100   -0.0003899500    0.2129142600
  -0.0067089400   -0.0066568700    0.0046403700
  -0.0009915200    0.0002996400   -0.0006136000
  -0.0000978100   -0.0000130700   -0.0001043700
  -0.0009741600   -0.0003283400   -0.0006592800
  -0.0074308700    0.0066740500    0.0048400000
  -0.0038327300    0.0050569700    0.0046186800
  -0.0005554800    0.0004139100   -0.0001488600
   0.0000557700   -0.0000559900   -0.0001029300
   0.0000504300    0.0000402400   -0.0001097000
  -0.0005124200   -0.0004456600   -0.0002031200
  -0.0040214400   -0.0046408400    0.0048636500
  -0.0000203600   -0.0008907600   -0.0006386000
  -0.0000078600    0.0000414800   -0.0001155200
  -0.0000236200    0.0000003200   -0.0000471100
  -0.0000017400   -0.0000287000   -0.0000967900
   0.0000183800    0.0008724300   -0.0006337000
  -0.0012781000   -0.0000415000   -0.0001743000
  -0.0000551800   -0.0000217600   -0.0001155800
   0.0000294900    0.0000081600   -0.0001185100
   0.0000390200   -0.0000076800   -0.0000926300
  -0.0000346700    0.0000334100   -0.0000939600
   0.0000513000   -0.0000554300   -0.0000990800
   0.0000182200    0.0000619100   -0.0001112300
  -0.0000031700   -0.0002329400   -0.0006619500
  -0.0012766100    0.0000254200   -0.0001764400
  -0.0000002300    0.0002748900   -0.0006114700
   0.0000081600    0.0000260800   -0.0001021300
  -0.0000255000    0.0000003000   -0.0000465500
  -0.0000151800   -0.0000052200   -0.0001095200
  -0.0040586800   -0.0086440200    0.0047159100
  -0.0037911100    0.0083126600    0.0047616600
  -0.0005631900   -0.0004114200   -0.0001450500
   0.0000505900   -0.0000184100   -0.0001074000
   0.0000569600   -0.0000122800   -0.0001051700
  -0.0005080500    0.0004474300   -0.0002068000
