   6  150
1 1
    19.964195398704273     0.000000000000000     0.000000000000000
     0.000000000000000    19.964195398704270     0.000000000000000
     0.000000000000000     0.000000000000000    23.459362688061724
1 2
    -0.451724848577641    -0.977286503979431     0.011649869501877
     0.977286503979427    -0.242042328410485     0.023559949274255
    -0.011649869501877     0.023559949274255     0.552884703262831
1 3
    -0.126443920937161     0.005392512440923    -0.002939655647721
    -0.005392512440924     0.055657000898511     0.004930079173312
     0.002939655647721     0.004930079173312    -0.039840091286272
1 4
    -0.126443920937161    -0.005392512440924     0.002939655647721
     0.005392512440923     0.055657000898511     0.004930079173312
    -0.002939655647721     0.004930079173312    -0.039840091286272
1 5
    -0.451724848577641     0.977286503979427    -0.011649869501877
    -0.977286503979431    -0.242042328410485     0.023559949274255
     0.011649869501877     0.023559949274255     0.552884703262831
1 6
    -0.294462958452274     0.886491309382280     0.026228449334316
    -1.068081698576577    -0.399304218535853    -0.001690891697728
     0.014578579832439    -0.021869057576527     0.552884703262831
1 7
    -0.031100735709973     0.078552650299997     0.000886098798185
     0.078552650299997    -0.121805523302495     0.000511589379661
     0.002713803546763     0.001566815208251    -0.022754182714539
1 8
    -0.010325137657694    -0.000000000000000     0.000000000000000
    -0.000000000000000    -0.003940612869752     0.006267372209642
     0.000000000000000     0.001012140639431     0.005517517353210
1 9
    -0.031100735709972    -0.078552650299997    -0.000886098798185
    -0.078552650299997    -0.121805523302496     0.000511589379661
    -0.002713803546763     0.001566815208251    -0.022754182714539
1 10
    -0.294462958452274    -0.886491309382279    -0.026228449334316
     1.068081698576579    -0.399304218535853    -0.001690891697728
    -0.014578579832439    -0.021869057576527     0.552884703262831
1 11
     0.010131770439593    -0.084244524622052     0.002799745982897
    -0.073459499740205    -0.080918690478244    -0.005010856055961
     0.005739401630617     0.000080776882649    -0.039840091286272
1 12
    -0.005536744066738    -0.002764580328724     0.005427703548522
    -0.002764580328724    -0.008729006460709    -0.003133686104821
     0.000876539505950    -0.000506070319716     0.005517517353210
1 13
    -0.005536744066738     0.002764580328724    -0.005427703548522
     0.002764580328724    -0.008729006460709    -0.003133686104821
    -0.000876539505950    -0.000506070319716     0.005517517353210
1 14
     0.010131770439592     0.084244524622052    -0.002799745982897
     0.073459499740205    -0.080918690478243    -0.005010856055961
    -0.005739401630617     0.000080776882649    -0.039840091286272
1 15
    -0.167157917098757     0.000000000000000     0.000000000000000
     0.000000000000000     0.014251658086289    -0.003133630416503
     0.000000000000000    -0.001023178759322    -0.022754182714539
1 16
     0.010131770439593    -0.073459499740205     0.005739401630617
    -0.084244524622052    -0.080918690478244     0.000080776882649
     0.002799745982897    -0.005010856055961    -0.039840091286272
1 17
    -0.167157917098757     0.000000000000000     0.000000000000000
     0.000000000000000     0.014251658086289    -0.001023178759322
     0.000000000000000    -0.003133630416503    -0.022754182714539
1 18
     0.010131770439592     0.073459499740205    -0.005739401630617
     0.084244524622052    -0.080918690478243     0.000080776882649
    -0.002799745982897    -0.005010856055961    -0.039840091286272
1 19
    -0.005536744066738     0.002764580328724    -0.000876539505950
     0.002764580328724    -0.008729006460709    -0.000506070319716
    -0.005427703548522    -0.003133686104821     0.005517517353210
1 20
    -0.005536744066738    -0.002764580328724     0.000876539505950
    -0.002764580328724    -0.008729006460709    -0.000506070319716
     0.005427703548522    -0.003133686104821     0.005517517353210
1 21
    -0.294462958452274    -1.068081698576577     0.014578579832439
     0.886491309382280    -0.399304218535853    -0.021869057576527
     0.026228449334316    -0.001690891697728     0.552884703262831
1 22
    -0.294462958452274     1.068081698576579    -0.014578579832439
    -0.886491309382279    -0.399304218535853    -0.021869057576527
    -0.026228449334316    -0.001690891697728     0.552884703262831
1 23
    -0.031100735709972    -0.078552650299997    -0.002713803546763
    -0.078552650299997    -0.121805523302496     0.001566815208251
    -0.000886098798185     0.000511589379661    -0.022754182714539
1 24
    -0.010325137657694    -0.000000000000000     0.000000000000000
    -0.000000000000000    -0.003940612869752     0.001012140639431
     0.000000000000000     0.006267372209642     0.005517517353210
1 25
    -0.031100735709973     0.078552650299997     0.002713803546763
     0.078552650299997    -0.121805523302495     0.001566815208251
     0.000886098798185     0.000511589379661    -0.022754182714539
1 26
    -3.716047521376517    -1.430600230370385     2.776633454581736
    -1.430600230370383    -2.064132665162359     1.603090072443689
     2.758946013953054     1.592878223835444    -4.066563017270415
1 27
    -0.038779374634856     0.097716084273356    -0.032574088925312
    -0.038744963550096    -0.029112199596755    -0.008726043299896
     0.040667740622030    -0.012081715257607    -0.063991565950386
1 28
    -0.006686067975797    -0.000000000000000    -0.000000000000000
    -0.000000000000000    -0.000764691646530    -0.010502295635511
    -0.000000000000000    -0.003042617634755     0.003607215784892
1 29
    -0.038779374634856    -0.097716084273356     0.032574088925312
     0.038744963550095    -0.029112199596756    -0.008726043299896
    -0.040667740622030    -0.012081715257608    -0.063991565950386
1 30
    -3.716047521376521     1.430600230370369    -2.776633454581737
     1.430600230370369    -2.064132665162355     1.603090072443680
    -2.758946013953055     1.592878223835435    -4.066563017270415
1 31
    -0.005993749038289    -0.057673753313823    -0.023844019634889
     0.078787294509628    -0.061897825193322    -0.023846966864505
     0.009870797976637     0.041260154121998    -0.063991565950386
1 32
     0.009002039691329     0.002021651923592     0.001929581236577
     0.002021651923592     0.006667637126742     0.001114044246361
    -0.002108885071050    -0.001217565363461    -0.000881107602534
1 33
     0.009002039691329    -0.002021651923592    -0.001929581236577
    -0.002021651923592     0.006667637126742     0.001114044246361
     0.002108885071050    -0.001217565363461    -0.000881107602534
1 34
    -0.005993749038289     0.057673753313823     0.023844019634889
    -0.078787294509628    -0.061897825193322    -0.023846966864505
    -0.009870797976637     0.041260154121998    -0.063991565950386
1 35
     0.338398589501809     0.000000000000001     0.000000000000000
     0.000000000000001    -0.185280706642968     0.045424904216584
     0.000000000000000     0.166925059595113    -0.190513391206802
1 36
    -0.002245035728847    -0.002564031163256    -0.009095254818407
    -0.002564031163256    -0.005205723893480     0.005251147817756
    -0.002634984165700     0.001521308817377     0.003607215784892
1 37
     0.005500435844448    -0.000000000000000     0.000000000000000
    -0.000000000000000     0.010169240973622    -0.002228088492722
    -0.000000000000000     0.002435130726922    -0.000881107602534
1 38
    -0.002245035728847     0.002564031163256     0.009095254818407
     0.002564031163256    -0.005205723893480     0.005251147817756
     0.002634984165700     0.001521308817377     0.003607215784892
1 39
    -0.000503860069867    -0.004486526436956    -0.003053713088252
     0.004798479660253     0.025169321105103    -0.009343521194901
    -0.008466025022945     0.012444917440178     0.006772933551223
1 40
    -0.000503860069867     0.004486526436956     0.003053713088252
    -0.004798479660253     0.025169321105103    -0.009343521194901
     0.008466025022945     0.012444917440178     0.006772933551223
1 41
    -0.057064237674272     0.049301734147998     0.008730069290423
    -0.087159313675453    -0.010827336557339     0.032573010164401
    -0.030796942645393    -0.029178438864390    -0.063991565950386
1 42
    -0.057064237674272    -0.049301734147998    -0.008730069290423
     0.087159313675454    -0.010827336557339     0.032573010164401
     0.030796942645393    -0.029178438864390    -0.063991565950386
1 43
     0.018886105519444    -0.006396322192314    -0.009618583259708
    -0.015681328289522     0.005779355515792     0.002027167487156
     0.006544602139722    -0.013554251459034     0.006772933551223
1 44
     0.007913275907569     0.000000000000000     0.000000000000000
    -0.000000000000000     0.007913275907569     0.000000000000000
     0.000000000000000     0.000000000000000     0.004777505668679
1 45
     0.018886105519444     0.006396322192314     0.009618583259708
     0.015681328289522     0.005779355515792     0.002027167487156
    -0.006544602139721    -0.013554251459034     0.006772933551223
1 46
    -1.238175237055277     0.000000000000019     0.000000000000013
     0.000000000000019    -4.542004949483593    -3.206180144887370
     0.000000000000013    -3.185756447670881    -4.066563017270415
1 47
    -0.054360882606775     0.226759786948665     0.039339121016037
     0.226759786948665     0.207478765465615    -0.022712452108292
     0.144561342137600    -0.083462529797557    -0.190513391206802
1 48
     0.018615946103277    -0.015837304901171    -0.006564870171457
    -0.006552298803962     0.006049514931959     0.007316353707745
     0.015010627162666     0.001109334018856     0.006772933551223
1 49
     0.018615946103277     0.015837304901171     0.006564870171457
     0.006552298803962     0.006049514931959     0.007316353707745
    -0.015010627162666     0.001109334018856     0.006772933551223
1 50
    -0.054360882606773    -0.226759786948666    -0.039339121016037
    -0.226759786948666     0.207478765465614    -0.022712452108292
    -0.144561342137599    -0.083462529797557    -0.190513391206802
1 51
    -3.709856033282804    -1.426842329582635    -2.792749100101570
    -1.426842329582633    -2.062280427131436    -1.612394444722729
    -2.716705499322538    -1.568490651342807    -4.055771660406330
1 52
    -0.032290690130661     0.081848019157716     0.028302058167689
    -0.034626813007013    -0.027044559741783    -0.001825266624917
    -0.036379912754141     0.000318781837526    -0.072325141401628
1 53
    -0.003959156959550    -0.000000000000000     0.000000000000000
    -0.000000000000000    -0.000044209019067     0.009887710352963
     0.000000000000000     0.002741403871185    -0.000450997743722
1 54
    -0.032290690130661    -0.081848019157716    -0.028302058167689
     0.034626813007013    -0.027044559741783    -0.001825266624918
     0.036379912754141     0.000318781837526    -0.072325141401628
1 55
    -3.709856033282809     1.426842329582619     2.792749100101571
     1.426842329582620    -2.062280427131433    -1.612394444722721
     2.716705499322539    -1.568490651342798    -4.055771660406330
1 56
    -0.007908710277077    -0.048703755638856     0.012570301817986
     0.067771076525873    -0.051426539595367     0.025422934665063
    -0.017913883207508    -0.031665319551311    -0.072325141401628
1 57
     0.008101618510541     0.004833537785330    -0.003725992317362
     0.004833537785330     0.002520329827545    -0.002151202667427
     0.001313263053995     0.000758212777741    -0.002890099840854
1 58
     0.008101618510541    -0.004833537785330     0.003725992317362
    -0.004833537785330     0.002520329827544    -0.002151202667427
    -0.001313263053995     0.000758212777741    -0.002890099840854
1 59
    -0.007908710277077     0.048703755638856    -0.012570301817986
    -0.067771076525873    -0.051426539595367     0.025422934665063
     0.017913883207508    -0.031665319551311    -0.072325141401628
1 60
     0.338360179894909     0.000000000000001    -0.000000000000000
     0.000000000000001    -0.188548922914844    -0.032967672306880
    -0.000000000000000    -0.173937897776222    -0.181752263376718
1 61
    -0.001022946004188    -0.001695222185476     0.008563008350929
    -0.001695222185476    -0.002980419974429    -0.004943855176482
     0.002374125394479    -0.001370701935593    -0.000450997743722
1 62
    -0.000270314513954    -0.000000000000000    -0.000000000000000
    -0.000000000000000     0.010892262852040     0.004302405334855
     0.000000000000000    -0.001516425555481    -0.002890099840854
1 63
    -0.001022946004188     0.001695222185476    -0.008563008350929
     0.001695222185476    -0.002980419974429    -0.004943855176482
    -0.002374125394479    -0.001370701935593    -0.000450997743722
1 64
    -0.001954475674362    -0.006794167115451     0.003855768529788
     0.006758861999739     0.022999429670303     0.013360380010488
     0.011450415592779    -0.009548092021082     0.004293019685163
1 65
    -0.001954475674362     0.006794167115451    -0.003855768529788
    -0.006758861999739     0.022999429670303     0.013360380010488
    -0.011450415592779    -0.009548092021082     0.004293019685163
1 66
    -0.048803474400928     0.044160473450522    -0.015731756349703
    -0.072314358714207    -0.010531775471516    -0.023597668040145
     0.018466029546633     0.031346537713785    -0.072325141401628
1 67
    -0.048803474400928    -0.044160473450522     0.015731756349703
     0.072314358714207    -0.010531775471516    -0.023597668040145
    -0.018466029546633     0.031346537713785    -0.072325141401628
1 68
     0.016745665770592    -0.004037669697389     0.013498312758190
    -0.017590698812579     0.004299288225349    -0.003340996507335
    -0.002543682451539     0.014690396797777     0.004293019685163
1 69
     0.006260881132878     0.000000000000000     0.000000000000000
    -0.000000000000000     0.006260881132878     0.000000000000000
     0.000000000000000     0.000000000000000    -0.001069433089414
1 70
     0.016745665770592     0.004037669697389    -0.013498312758190
     0.017590698812579     0.004299288225349    -0.003340996507335
     0.002543682451539     0.014690396797777     0.004293019685163
1 71
    -1.238492624055750     0.000000000000019    -0.000000000000013
     0.000000000000019    -4.533643836358485     3.224788889445452
    -0.000000000000013     3.136981302685607    -4.055771660406330
1 72
    -0.056821647212407     0.228158334259256    -0.028550841721399
     0.228158334259256     0.206632904192471     0.016483836153440
    -0.150634638155070     0.086968948888111    -0.181752263376718
1 73
     0.016776240897682    -0.017573046254723     0.009642544228402
    -0.004020017139533     0.004268713098259    -0.010019383503153
    -0.013994098044318    -0.005142304776695     0.004293019685163
1 74
     0.016776240897682     0.017573046254723    -0.009642544228402
     0.004020017139533     0.004268713098259    -0.010019383503153
     0.013994098044318    -0.005142304776695     0.004293019685163
1 75
    -0.056821647212405    -0.228158334259257     0.028550841721399
    -0.228158334259257     0.206632904192470     0.016483836153440
     0.150634638155069     0.086968948888112    -0.181752263376718
1 76
    -0.010542482413011    -0.002989546993530    -0.022355041177307
    -0.002989546993530    -0.007090450890072    -0.012906689041464
    -0.020043929158731    -0.011572367895411    -0.058694418480735
1 77
    -0.001972713797830    -0.000041075706362    -0.000380559828843
    -0.000992556666824    -0.001178270047906     0.003554669747184
    -0.001968832648620    -0.002517760676713     0.000058072420648
1 78
    -0.001972713797830     0.000041075706362     0.000380559828843
     0.000992556666824    -0.001178270047906     0.003554669747184
     0.001968832648620    -0.002517760676713     0.000058072420648
1 79
    -0.010542482413011     0.002989546993530     0.022355041177307
     0.002989546993530    -0.007090450890072    -0.012906689041464
     0.020043929158731    -0.011572367895411    -0.058694418480735
1 80
    -0.007265558870688    -0.000000000000000     0.000000000000000
    -0.000000000000000     0.007869737475604     0.022763000264405
     0.000000000000000     0.047683605236314     0.050342283134785
1 81
    -0.001824456932064    -0.001078152808183     0.002888154388704
    -0.000126671847722    -0.001326526913673    -0.002106909353029
    -0.003164861030993    -0.000446178751149     0.000058072420648
1 82
     0.000495166221924     0.000000000000000     0.000000000000000
    -0.000000000000000     0.000495166221924     0.000000000000000
     0.000000000000000     0.000000000000000    -0.006262626012580
1 83
    -0.001824456932064     0.001078152808183    -0.002888154388704
     0.000126671847722    -0.001326526913673    -0.002106909353029
     0.003164861030993    -0.000446178751149     0.000058072420648
1 84
     0.002596234433420     0.001045353454913     0.004921214423236
    -0.000414921914928     0.002061116650024     0.005445954946442
     0.001326754161202    -0.002392661249992    -0.008687429962212
1 85
     0.002596234433420    -0.001045353454913    -0.004921214423236
     0.000414921914928     0.002061116650024     0.005445954946442
    -0.001326754161202    -0.002392661249992    -0.008687429962212
1 86
    -0.000929305038711     0.000390144338871     0.003268714217546
    -0.000561336621590    -0.002221678807026    -0.001447760394154
    -0.001196028382373     0.002963939427862     0.000058072420648
1 87
    -0.000929305038711    -0.000390144338871    -0.003268714217546
     0.000561336621590    -0.002221678807026    -0.001447760394154
     0.001196028382373     0.002963939427862     0.000058072420648
1 88
     0.000140934027092    -0.000071934723170     0.001305246656479
    -0.000071934723170     0.000223997090665     0.000753584508477
     0.001037590280552     0.000599053027785    -0.007508453279375
1 89
    -0.000102939117207     0.000000000000000     0.000000000000000
     0.000000000000000     0.001509331335881     0.000527965622289
     0.000000000000000     0.002563207299157    -0.005920441667584
1 90
     0.000140934027092     0.000071934723170    -0.001305246656479
     0.000071934723170     0.000223997090665     0.000753584508477
    -0.001037590280552     0.000599053027785    -0.007508453279375
1 91
    -0.005364435128602     0.000000000000000    -0.000000000000000
     0.000000000000000    -0.012268498174481     0.025813378082927
    -0.000000000000000     0.023144735790822    -0.058694418480735
1 92
     0.002467880960359    -0.000340817002706     0.007176942543102
     0.001119458367135     0.002189470123084     0.001538919234772
    -0.001408728344543     0.002345333433173    -0.008687429962212
1 93
     0.001106263722609    -0.000698133585073     0.000457231641227
    -0.000698133585073     0.000300128496065    -0.000263982811145
     0.002219802636235    -0.001281603649578    -0.005920441667584
1 94
     0.001106263722609     0.000698133585073    -0.000457231641227
     0.000698133585073     0.000300128496065    -0.000263982811145
    -0.002219802636235    -0.001281603649578    -0.005920441667584
1 95
     0.002467880960359     0.000340817002706    -0.007176942543102
    -0.001119458367135     0.002189470123084     0.001538919234772
     0.001408728344543     0.002345333433173    -0.008687429962212
1 96
     0.004085913389031    -0.006553775564847     0.019713336495327
    -0.006553775564847    -0.003481734784115    -0.011381500132203
     0.041295213478676    -0.023841802618157     0.050342283134785
1 97
     0.001921911231386     0.000804242597143     0.002255728119866
    -0.000656032772698     0.002735439852057    -0.006984874181213
    -0.002735482505744     0.000047327816818    -0.008687429962212
1 98
     0.000265528622451    -0.000000000000000     0.000000000000000
    -0.000000000000000     0.000099402495306    -0.001507169016954
     0.000000000000000    -0.001198106055571    -0.007508453279375
1 99
     0.001921911231386    -0.000804242597143    -0.002255728119866
     0.000656032772698     0.002735439852057    -0.006984874181213
     0.002735482505744     0.000047327816818    -0.008687429962212
1 100
     0.004085913389031     0.006553775564847    -0.019713336495327
     0.006553775564847    -0.003481734784115    -0.011381500132203
    -0.041295213478676    -0.023841802618157     0.050342283134785
1 101
    -0.003116597517459    -0.001019260579478     0.000329750528690
    -0.001019260579478    -0.001939656777587     0.000190381556504
    -0.001192453521380    -0.000688463361565    -0.011856303032946
1 102
    -0.001650162021645    -0.001252862806401    -0.000511155967664
     0.000978408577444    -0.001836948803590     0.001633210264275
     0.000694336684902     0.000218548591590    -0.005530802580370
1 103
    -0.001650162021645     0.001252862806401     0.000511155967664
    -0.000978408577444    -0.001836948803590     0.001633210264275
    -0.000694336684902     0.000218548591590    -0.005530802580370
1 104
    -0.003116597517459     0.001019260579478    -0.000329750528690
     0.001019260579478    -0.001939656777587     0.000190381556504
     0.001192453521380    -0.000688463361565    -0.011856303032946
1 105
    -0.000235117585193    -0.000000000000000     0.000000000000000
    -0.000000000000000    -0.003540165789004     0.004338587848348
    -0.000000000000000    -0.000504857353410    -0.001095571182144
1 106
    -0.001909094275331     0.001127903183811     0.001158823594751
    -0.001103368200034    -0.001578016549905    -0.001259279185431
     0.000536436974730     0.000492038912110    -0.005530802580370
1 107
    -0.001594484815490     0.000000000000000     0.000000000000000
     0.000000000000000    -0.001594484815490     0.000000000000000
     0.000000000000000     0.000000000000000    -0.004716509591610
1 108
    -0.001909094275331    -0.001127903183811    -0.001158823594751
     0.001103368200034    -0.001578016549905    -0.001259279185431
    -0.000536436974730     0.000492038912110    -0.005530802580370
1 109
    -0.002089042915708     0.000453010105883     0.001751217636518
    -0.000670298819592    -0.002172080750400    -0.000246574556180
    -0.002381867345633    -0.000759915975213    -0.006455110371943
1 110
    -0.002089042915708    -0.000453010105883    -0.001751217636518
     0.000670298819592    -0.002172080750400    -0.000246574556180
     0.002381867345633    -0.000759915975213    -0.006455110371943
1 111
    -0.001671409940878    -0.000966141085555     0.001669979562415
     0.001265130298290    -0.001815700884358    -0.000373931078844
    -0.000157899710173    -0.000710587503700    -0.005530802580370
1 112
    -0.001671409940878     0.000966141085556    -0.001669979562415
    -0.001265130298290    -0.001815700884358    -0.000373931078844
     0.000157899710173    -0.000710587503700    -0.005530802580370
1 113
    -0.001167426385008     0.000391863841322    -0.000083749176141
     0.000391863841322    -0.001619911773553    -0.000048352609389
    -0.000279430038181    -0.000161329007763    -0.004384576748590
1 114
    -0.003091256301105    -0.000000000000000    -0.000000000000000
    -0.000000000000000    -0.001032929658535    -0.000760626614068
    -0.000000000000000    -0.000104656580546    -0.005738422473077
1 115
    -0.001167426385008    -0.000391863841322     0.000083749176141
    -0.000391863841322    -0.001619911773553    -0.000048352609389
     0.000279430038181    -0.000161329007763    -0.004384576748590
1 116
    -0.001351186407651     0.000000000000000     0.000000000000000
     0.000000000000000    -0.003705067887395    -0.000380763113009
    -0.000000000000000     0.001376926723129    -0.011856303032946
1 117
    -0.002245410064741    -0.000580020204005     0.000662068988681
     0.000543288721469    -0.002015713601367     0.001639886238870
    -0.001849040212093    -0.001682799642156    -0.006455110371943
1 118
    -0.001547511319177    -0.000891281580876    -0.000658721970577
    -0.000891281580876    -0.002576674640462     0.000380313307034
    -0.000090635257426     0.000052328290273    -0.005738422473077
1 119
    -0.001547511319177     0.000891281580876     0.000658721970577
     0.000891281580876    -0.002576674640462     0.000380313307034
     0.000090635257426     0.000052328290273    -0.005738422473077
1 120
    -0.002245410064741     0.000580020204005    -0.000662068988681
    -0.000543288721469    -0.002015713601367     0.001639886238870
     0.001849040212093    -0.001682799642156    -0.006455110371943
1 121
    -0.002713903738051     0.001431127852616     0.003757327293220
     0.001431127852616    -0.001061379636146    -0.002169293924174
    -0.000437219293341     0.000252428676705    -0.001095571182144
1 122
    -0.002057232518713     0.000651933078324    -0.001089148647837
    -0.000471375847151    -0.002203891147395    -0.001393311682690
     0.000532827133540     0.002442715617369    -0.006455110371943
1 123
    -0.001846154467826     0.000000000000000    -0.000000000000000
     0.000000000000000    -0.000941183690735     0.000096705218778
    -0.000000000000000     0.000322658015527    -0.004384576748590
1 124
    -0.002057232518713    -0.000651933078324     0.001089148647837
     0.000471375847151    -0.002203891147395    -0.001393311682690
    -0.000532827133540     0.002442715617369    -0.006455110371943
1 125
    -0.002713903738051    -0.001431127852616    -0.003757327293220
    -0.001431127852616    -0.001061379636146    -0.002169293924174
     0.000437219293341     0.000252428676705    -0.001095571182144
1 126
    -0.004133567781552    -0.009517539842395    -0.020861277018002
    -0.009517539842395     0.006856340598507    -0.012044263901983
    -0.021273114387395    -0.012282038318064     0.008848012366823
1 127
    -0.001449733422452     0.000683004134417     0.004273455267126
     0.003016716465342    -0.001276276580899     0.007041037850898
     0.004767869924763    -0.014932253012397    -0.004899791339514
1 128
    -0.001751128418095    -0.000000000000000    -0.000000000000000
    -0.000000000000000     0.001050720906112    -0.003744523281447
     0.000000000000000     0.002660758135705    -0.002998839141000
1 129
    -0.001449733422452    -0.000683004134417    -0.004273455267126
    -0.003016716465342    -0.001276276580899     0.007041037850898
    -0.004767869924763    -0.014932253012397    -0.004899791339514
1 130
    -0.004133567781552     0.009517539842395     0.020861277018002
     0.009517539842395     0.006856340598507    -0.012044263901983
     0.021273114387395    -0.012282038318064     0.008848012366823
1 131
     0.000282385221860     0.002016677299780     0.008234445281448
    -0.000317035031145    -0.003008395225211     0.000180401897818
    -0.010547775482091     0.011595222982983    -0.004899791339514
1 132
    -0.000798674598311     0.000826256086241     0.000249427357528
     0.000826256086241    -0.001752752945933     0.000144006952012
    -0.001214959814852    -0.000701457376159    -0.003878418010782
1 133
    -0.000798674598311    -0.000826256086241    -0.000249427357528
    -0.000826256086241    -0.001752752945933     0.000144006952012
     0.001214959814852    -0.000701457376159    -0.003878418010782
1 134
     0.000282385221860    -0.002016677299780    -0.008234445281448
     0.000317035031145    -0.003008395225211     0.000180401897818
     0.010547775482091     0.011595222982983    -0.004899791339514
1 135
    -0.001615925699064    -0.000000000000000     0.000000000000000
    -0.000000000000000    -0.007043658085428     0.006362850626754
    -0.000000000000000    -0.005281911933957     0.028655317027021
1 136
     0.000350258575060    -0.001213236346170    -0.003242852286796
    -0.001213236346170    -0.001050666087043     0.001872261640724
     0.002304284138847    -0.001330379067853    -0.002998839141000
1 137
    -0.002229792119744     0.000000000000000     0.000000000000000
     0.000000000000000    -0.000321635424500    -0.000288013904024
    -0.000000000000000     0.001402914752318    -0.003878418010782
1 138
     0.000350258575060     0.001213236346170     0.003242852286796
     0.001213236346170    -0.001050666087043     0.001872261640724
    -0.002304284138847    -0.001330379067853    -0.002998839141000
1 139
    -0.001110711233257    -0.001255737271021     0.003773648144110
     0.000445359582608     0.001620707126729     0.002651236513466
    -0.001391592599547    -0.000861738717333    -0.000067988680527
1 140
    -0.001110711233257     0.001255737271021    -0.003773648144110
    -0.000445359582608     0.001620707126729     0.002651236513466
     0.001391592599547    -0.000861738717333    -0.000067988680527
1 141
    -0.002921666804435    -0.002166895331024     0.003960990014323
     0.000166816999900     0.000195656801084    -0.007221439748716
    -0.015315645406854     0.003337030029414    -0.004899791339514
1 142
    -0.002921666804435     0.002166895331024    -0.003960990014322
    -0.000166816999900     0.000195656801084    -0.007221439748716
     0.015315645406854     0.003337030029414    -0.004899791339514
1 143
     0.000586948704319    -0.000534784839344     0.004182862244158
    -0.002235881692973    -0.000076952810847     0.001942456901010
    -0.001442083920409    -0.000774285184260    -0.000067988680527
1 144
    -0.000060326044021     0.000000000000000     0.000000000000000
     0.000000000000000    -0.000060326044021     0.000000000000000
     0.000000000000000     0.000000000000000     0.006398982499355
1 145
     0.000586948704319     0.000534784839344    -0.004182862244158
     0.002235881692973    -0.000076952810847     0.001942456901010
     0.001442083920409    -0.000774285184260    -0.000067988680527
1 146
     0.012351294788537     0.000000000000000    -0.000000000000000
     0.000000000000000    -0.009628521971582     0.024088527803965
    -0.000000000000000     0.024564076636129     0.008848012366823
1 147
    -0.005686724988837     0.002350277065767     0.005510390283255
     0.002350277065767    -0.002972858795655    -0.003181425313377
    -0.004574269915359     0.002640955966978     0.028655317027021
1 148
     0.001288756369145    -0.001830692848766     0.000409214100048
    -0.000129595995137    -0.000778760475674    -0.004593693414477
    -0.000050491320862     0.001636023901593    -0.000067988680527
1 149
     0.001288756369145     0.001830692848766    -0.000409214100048
     0.000129595995137    -0.000778760475674    -0.004593693414477
     0.000050491320862     0.001636023901593    -0.000067988680527
1 150
    -0.005686724988837    -0.002350277065767    -0.005510390283255
    -0.002350277065767    -0.002972858795655    -0.003181425313377
     0.004574269915359     0.002640955966978     0.028655317027021
26 1
    -3.716047521376517    -1.430600230370383     2.758946013953054
    -1.430600230370385    -2.064132665162359     1.592878223835444
     2.776633454581736     1.603090072443689    -4.066563017270415
26 2
    -3.716047521376521     1.430600230370369    -2.758946013953055
     1.430600230370369    -2.064132665162355     1.592878223835435
    -2.776633454581737     1.603090072443680    -4.066563017270415
26 3
    -0.038779374634856     0.038744963550095    -0.040667740622030
    -0.097716084273356    -0.029112199596756    -0.012081715257608
     0.032574088925312    -0.008726043299896    -0.063991565950386
26 4
    -0.006686067975797    -0.000000000000000    -0.000000000000000
    -0.000000000000000    -0.000764691646530    -0.003042617634755
    -0.000000000000000    -0.010502295635511     0.003607215784892
26 5
    -0.038779374634856    -0.038744963550096     0.040667740622030
     0.097716084273356    -0.029112199596755    -0.012081715257607
    -0.032574088925312    -0.008726043299896    -0.063991565950386
26 6
    -1.238175237055277     0.000000000000019     0.000000000000013
     0.000000000000019    -4.542004949483593    -3.185756447670881
     0.000000000000013    -3.206180144887370    -4.066563017270415
26 7
    -0.054360882606773    -0.226759786948666    -0.144561342137599
    -0.226759786948666     0.207478765465614    -0.083462529797557
    -0.039339121016037    -0.022712452108292    -0.190513391206802
26 8
     0.018615946103277     0.006552298803962    -0.015010627162666
     0.015837304901171     0.006049514931959     0.001109334018856
     0.006564870171457     0.007316353707745     0.006772933551223
26 9
     0.018615946103277    -0.006552298803962     0.015010627162666
    -0.015837304901171     0.006049514931959     0.001109334018856
    -0.006564870171457     0.007316353707745     0.006772933551223
26 10
    -0.054360882606775     0.226759786948665     0.144561342137600
     0.226759786948665     0.207478765465615    -0.083462529797557
     0.039339121016037    -0.022712452108292    -0.190513391206802
26 11
    -0.057064237674272    -0.087159313675453    -0.030796942645393
     0.049301734147998    -0.010827336557339    -0.029178438864390
     0.008730069290423     0.032573010164401    -0.063991565950386
26 12
     0.018886105519444     0.015681328289522    -0.006544602139721
     0.006396322192314     0.005779355515792    -0.013554251459034
     0.009618583259708     0.002027167487156     0.006772933551223
26 13
     0.007913275907569    -0.000000000000000     0.000000000000000
     0.000000000000000     0.007913275907569     0.000000000000000
     0.000000000000000     0.000000000000000     0.004777505668679
26 14
     0.018886105519444    -0.015681328289522     0.006544602139722
    -0.006396322192314     0.005779355515792    -0.013554251459034
    -0.009618583259708     0.002027167487156     0.006772933551223
26 15
    -0.057064237674272     0.087159313675454     0.030796942645393
    -0.049301734147998    -0.010827336557339    -0.029178438864390
    -0.008730069290423     0.032573010164401    -0.063991565950386
26 16
    -0.002245035728847    -0.002564031163256    -0.002634984165700
    -0.002564031163256    -0.005205723893480     0.001521308817377
    -0.009095254818407     0.005251147817756     0.003607215784892
26 17
    -0.000503860069867    -0.004798479660253     0.008466025022945
     0.004486526436956     0.025169321105103     0.012444917440178
     0.003053713088252    -0.009343521194901     0.006772933551223
26 18
    -0.000503860069867     0.004798479660253    -0.008466025022945
    -0.004486526436956     0.025169321105103     0.012444917440178
    -0.003053713088252    -0.009343521194901     0.006772933551223
26 19
    -0.002245035728847     0.002564031163256     0.002634984165700
     0.002564031163256    -0.005205723893480     0.001521308817377
     0.009095254818407     0.005251147817756     0.003607215784892
26 20
     0.005500435844448    -0.000000000000000    -0.000000000000000
    -0.000000000000000     0.010169240973622     0.002435130726922
     0.000000000000000    -0.002228088492722    -0.000881107602534
26 21
    -0.005993749038289     0.078787294509628     0.009870797976637
    -0.057673753313823    -0.061897825193322     0.041260154121998
    -0.023844019634889    -0.023846966864505    -0.063991565950386
26 22
     0.338398589501809     0.000000000000001     0.000000000000000
     0.000000000000001    -0.185280706642968     0.166925059595113
     0.000000000000000     0.045424904216584    -0.190513391206802
26 23
    -0.005993749038289    -0.078787294509628    -0.009870797976637
     0.057673753313823    -0.061897825193322     0.041260154121998
     0.023844019634889    -0.023846966864505    -0.063991565950386
26 24
     0.009002039691329    -0.002021651923592     0.002108885071050
    -0.002021651923592     0.006667637126742    -0.001217565363461
    -0.001929581236577     0.001114044246361    -0.000881107602534
26 25
     0.009002039691329     0.002021651923592    -0.002108885071050
     0.002021651923592     0.006667637126742    -0.001217565363461
     0.001929581236577     0.001114044246361    -0.000881107602534
26 26
     9.925459091329333     0.000000000000000     0.000000000000000
     0.000000000000000     9.925459091329330     0.000000000000000
     0.000000000000000     0.000000000000000    12.652564981483620
26 27
    -0.718950515010734     0.021269285241741    -0.087831758556623
    -0.021269285241747     0.102533162913395    -0.012306238906836
     0.087831758556623    -0.012306238906835     0.308140962268737
26 28
     0.000140837807981    -0.002355354784536    -0.002105927540061
     0.002355354784536    -0.000805987795529     0.008832000005929
     0.002105927540061     0.008832000005929     0.021341381861126
26 29
     0.000140837807981     0.002355354784536     0.002105927540061
    -0.002355354784536    -0.000805987795529     0.008832000005929
    -0.002105927540061     0.008832000005929     0.021341381861126
26 30
    -0.718950515010734    -0.021269285241747     0.087831758556623
     0.021269285241741     0.102533162913395    -0.012306238906835
    -0.087831758556623    -0.012306238906836     0.308140962268737
26 31
    -0.102837756567636    -0.376982152180028    -0.054573394796672
    -0.334443581696540    -0.513579595529703    -0.069911414715679
     0.033258363759951     0.082217653622515     0.308140962268737
26 32
     0.018871747705212     0.007499192976074     0.012723619660864
     0.007499192976074     0.010212425538330     0.007345985236266
    -0.001482166720659    -0.000855729355156    -0.001542668319285
26 33
    -0.006646459399543    -0.000000000000000     0.000000000000000
    -0.000000000000000    -0.001632636933872     0.001498663695661
    -0.000000000000000    -0.000071916032147     0.004981819182225
26 34
     0.018871747705212    -0.007499192976074    -0.012723619660864
    -0.007499192976074     0.010212425538330     0.007345985236266
     0.001482166720659    -0.000855729355156    -0.001542668319285
26 35
    -0.102837756567638     0.376982152180030     0.054573394796672
     0.334443581696542    -0.513579595529702    -0.069911414715679
    -0.033258363759952     0.082217653622515     0.308140962268737
26 36
    -0.000569281394652     0.002765342297333     0.006595772601328
    -0.001945367271739    -0.000095868592897    -0.006239786751187
     0.008701700141389    -0.002592213254742     0.021341381861126
26 37
    -0.002886092550290    -0.002171048812668     0.001297880832172
    -0.002171048812668    -0.005393003783125    -0.000749331847830
    -0.000062281110778     0.000035958016073     0.004981819182225
26 38
    -0.002886092550290     0.002171048812668    -0.001297880832172
     0.002171048812668    -0.005393003783125    -0.000749331847830
     0.000062281110778     0.000035958016073     0.004981819182225
26 39
    -0.000569281394652    -0.002765342297333    -0.006595772601328
     0.001945367271739    -0.000095868592897    -0.006239786751187
    -0.008701700141389    -0.002592213254742     0.021341381861126
26 40
     0.005882764454889    -0.000000000000000    -0.000000000000000
    -0.000000000000000     0.023201408788653     0.001711458710313
     0.000000000000000    -0.014691970472532    -0.001542668319285
26 41
    -0.000569281394652    -0.001945367271739     0.008701700141389
     0.002765342297333    -0.000095868592897    -0.002592213254742
     0.006595772601328    -0.006239786751187     0.021341381861126
26 42
     0.005882764454889    -0.000000000000000     0.000000000000000
    -0.000000000000000     0.023201408788653    -0.014691970472532
    -0.000000000000000     0.001711458710313    -0.001542668319285
26 43
    -0.000569281394652     0.001945367271739    -0.008701700141389
    -0.002765342297333    -0.000095868592897    -0.002592213254742
    -0.006595772601328    -0.006239786751187     0.021341381861126
26 44
    -0.002886092550290     0.002171048812668     0.000062281110778
     0.002171048812668    -0.005393003783125     0.000035958016073
    -0.001297880832172    -0.000749331847830     0.004981819182225
26 45
    -0.002886092550290    -0.002171048812668    -0.000062281110778
    -0.002171048812668    -0.005393003783125     0.000035958016073
     0.001297880832172    -0.000749331847830     0.004981819182225
26 46
    -0.102837756567636    -0.334443581696540     0.033258363759951
    -0.376982152180028    -0.513579595529703     0.082217653622515
    -0.054573394796672    -0.069911414715679     0.308140962268737
26 47
    -0.102837756567638     0.334443581696542    -0.033258363759952
     0.376982152180030    -0.513579595529702     0.082217653622515
     0.054573394796672    -0.069911414715679     0.308140962268737
26 48
     0.018871747705212    -0.007499192976074     0.001482166720659
    -0.007499192976074     0.010212425538330    -0.000855729355156
    -0.012723619660864     0.007345985236266    -0.001542668319285
26 49
    -0.006646459399543    -0.000000000000000    -0.000000000000000
    -0.000000000000000    -0.001632636933872    -0.000071916032147
     0.000000000000000     0.001498663695661     0.004981819182225
26 50
     0.018871747705212     0.007499192976074    -0.001482166720659
     0.007499192976074     0.010212425538330    -0.000855729355156
     0.012723619660864     0.007345985236266    -0.001542668319285
26 51
     0.275487943623573     0.000000000000000     0.000000000000000
    -0.000000000000000     0.275487943623573     0.000000000000000
     0.000000000000000     0.000000000000000    -1.462070831597359
26 52
    -0.101781213749812    -0.093228444665656    -0.139742928341597
     0.090633905051150     0.156966133578663     0.113407447990521
    -0.146831376437064    -0.121102326980792    -0.039475998941992
26 53
    -0.003763382747955    -0.013505978386899    -0.000561899816982
     0.012817934686708     0.010684188199589    -0.004029948522334
    -0.000058244533973     0.004318330950762    -0.000914866338103
26 54
    -0.003763382747955     0.013505978386899     0.000561899816982
    -0.012817934686708     0.010684188199589    -0.004029948522334
     0.000058244533973     0.004318330950762    -0.000914866338103
26 55
    -0.101781213749812     0.093228444665656     0.139742928341597
    -0.090633905051151     0.156966133578663     0.113407447990522
     0.146831376437063    -0.121102326980791    -0.039475998941992
26 56
     0.091155828137902    -0.020758348019370     0.028342266767356
    -0.204620697736177    -0.035970908309050    -0.177724649938312
    -0.178293379841307    -0.066608538576737    -0.039475998941992
26 57
    -0.012540162389245    -0.009036761288655    -0.006095168420480
    -0.009036761288655    -0.002105409264031    -0.003519047128320
     0.001790972694810     0.001034018567460     0.022018283141260
26 58
    -0.000197618852474    -0.000000000000000    -0.000000000000000
    -0.000000000000000    -0.000571336212573    -0.002125302376101
    -0.000000000000000    -0.000228955462335    -0.002398204719161
26 59
    -0.012540162389245     0.009036761288655     0.006095168420480
     0.009036761288655    -0.002105409264030    -0.003519047128320
    -0.001790972694810     0.001034018567460     0.022018283141260
26 60
     0.091155828137901     0.020758348019370    -0.028342266767355
     0.204620697736177    -0.035970908309049    -0.177724649938312
     0.178293379841307    -0.066608538576737    -0.039475998941992
26 61
     0.006774363801064     0.006733963879980    -0.003770987704776
    -0.019589949193627     0.000146441650571     0.001528354745278
     0.003710662038322    -0.002209606721433    -0.000914866338103
26 62
    -0.000477906872548     0.000161824363841    -0.001840565848427
     0.000161824363841    -0.000291048192498     0.001062651188051
    -0.000198281246717     0.000114477731167    -0.002398204719161
26 63
    -0.000477906872548    -0.000161824363841     0.001840565848427
    -0.000161824363841    -0.000291048192498     0.001062651188051
     0.000198281246717     0.000114477731167    -0.002398204719161
26 64
     0.006774363801064    -0.006733963879980     0.003770987704776
     0.019589949193627     0.000146441650571     0.001528354745278
    -0.003710662038322    -0.002209606721433    -0.000914866338103
26 65
    -0.001407915188342    -0.000000000000000    -0.000000000000000
    -0.000000000000000    -0.013499726903178    -0.000024294919731
    -0.000000000000000    -0.003676881904805     0.020595806308786
26 66
     0.007370227124343    -0.019245927343532    -0.003209087887794
     0.007077985730075    -0.000449421672709     0.002501593777056
     0.003768906572295    -0.002108724229329    -0.000914866338103
26 67
     0.003111967298577     0.000000000000000    -0.000000000000000
     0.000000000000000    -0.017757538951853     0.007038094256640
     0.000000000000000    -0.002068037134919     0.022018283141260
26 68
     0.007370227124343     0.019245927343532     0.003209087887794
    -0.007077985730076    -0.000449421672709     0.002501593777056
    -0.003768906572295    -0.002108724229329    -0.000914866338103
26 69
    -0.001573731616741    -0.000518612947674    -0.000487356772075
    -0.000518612947674    -0.000974888966852    -0.000281375563549
    -0.001728461703075    -0.000997927829554    -0.002301624779471
26 70
    -0.001573731616741     0.000518612947674     0.000487356772075
     0.000518612947674    -0.000974888966852    -0.000281375563549
     0.001728461703075    -0.000997927829554    -0.002301624779471
26 71
     0.093402765355189    -0.203323427928924     0.168085195108952
    -0.019461078212118    -0.038217845526336     0.064317201947790
    -0.031462003404245     0.187710865557529    -0.039475998941992
26 72
     0.093402765355187     0.203323427928924    -0.168085195108952
     0.019461078212118    -0.038217845526336     0.064317201947791
     0.031462003404243     0.187710865557529    -0.039475998941992
26 73
    -0.010476773974469     0.005235908061414    -0.000021040017670
     0.005235908061414    -0.004430868117051     0.000012147459865
    -0.003184273136277     0.001838440952403     0.020595806308786
26 74
    -0.000675467641907     0.000000000000000    -0.000000000000000
     0.000000000000000    -0.001873152941686     0.000562751127098
    -0.000000000000000     0.001995855659109    -0.002301624779471
26 75
    -0.010476773974469    -0.005235908061414     0.000021040017670
    -0.005235908061414    -0.004430868117051     0.000012147459865
     0.003184273136276     0.001838440952403     0.020595806308786
26 76
    -0.001799745144882    -0.003546069743285     0.002900999021092
    -0.003546069743285     0.002294903496820     0.001674892565746
    -0.002591181262935    -0.001496019199675    -0.002241408535953
26 77
     0.003307064511060     0.000520652753315    -0.001090910395970
     0.003268719696055    -0.002620009737125     0.001104479780781
     0.002555775565374    -0.000112625174797     0.002612839516841
26 78
    -0.000634160891002    -0.000000000000000    -0.000000000000000
    -0.000000000000000    -0.000868607141086    -0.001264476836678
     0.000000000000000     0.001510975601644     0.000355135049461
26 79
     0.003307064511060    -0.000520652753315     0.001090910395970
    -0.003268719696055    -0.002620009737125     0.001104479780781
    -0.002555775565374    -0.000112625174797     0.002612839516841
26 80
    -0.001799745144882     0.003546069743285    -0.002900999021092
     0.003546069743285     0.002294903496820     0.001674892565746
     0.002591181262935    -0.001496019199675    -0.002241408535953
26 81
     0.000502605227699     0.004887875018235     0.000411052350138
     0.002139808075495     0.000184449546236    -0.001496996006553
     0.001180351520207     0.002269679153384     0.002612839516841
26 82
     0.001076811793935    -0.001148886071604     0.002688083620597
    -0.001148886071604     0.002403431159352     0.001551965801956
     0.000483103996209     0.000278920222258    -0.000594154033777
26 83
     0.001076811793935     0.001148886071604    -0.002688083620597
     0.001148886071604     0.002403431159352     0.001551965801956
    -0.000483103996209     0.000278920222258    -0.000594154033777
26 84
     0.000502605227699    -0.004887875018235    -0.000411052350138
    -0.002139808075495     0.000184449546236    -0.001496996006553
    -0.001180351520207     0.002269679153384     0.002612839516841
26 85
     0.003575945241772     0.000000000000000     0.000000000000000
     0.000000000000000    -0.005456997129660     0.001189381278567
     0.000000000000000     0.000645658727293    -0.000217114582052
26 86
    -0.000809995578565     0.000101518204198    -0.001095069063060
     0.000101518204198    -0.000692772453523     0.000632238418339
     0.001308543255522    -0.000755487800822     0.000355135049461
26 87
     0.003066740842060    -0.000000000000000     0.000000000000000
    -0.000000000000000     0.000413502111226    -0.003103931603912
     0.000000000000000    -0.000557840444516    -0.000594154033777
26 88
    -0.000809995578565    -0.000101518204198     0.001095069063060
    -0.000101518204198    -0.000692772453523     0.000632238418339
    -0.001308543255522    -0.000755487800822     0.000355135049461
26 89
     0.000677994025592     0.002041191774835    -0.000079982714112
     0.000929425491284     0.004153000365642    -0.000131605035964
     0.000167229322621     0.000146570900490     0.000826056677208
26 90
     0.000677994025592    -0.002041191774835     0.000079982714112
    -0.000929425491284     0.004153000365642    -0.000131605035964
    -0.000167229322621     0.000146570900490     0.000826056677208
26 91
    -0.002779087577856     0.000245121850810     0.001501962746108
     0.002993188793550     0.003466142351792     0.000392516225772
    -0.001375424045167    -0.002157053978587     0.002612839516841
26 92
    -0.002779087577856    -0.000245121850810    -0.001501962746108
    -0.002993188793550     0.003466142351792     0.000392516225772
     0.001375424045167    -0.002157053978587     0.002612839516841
26 93
     0.004570563789320    -0.001317950709643    -0.000153964661467
    -0.000206184426093     0.000260430601915    -0.000003464544302
     0.000210548784590     0.000071539391402     0.000826056677208
26 94
    -0.003698692698365     0.000000000000000     0.000000000000000
     0.000000000000000    -0.003698692698365     0.000000000000000
     0.000000000000000     0.000000000000000    -0.000673252464832
26 95
     0.004570563789320     0.001317950709643     0.000153964661467
     0.000206184426093     0.000260430601915    -0.000003464544302
    -0.000210548784590     0.000071539391402     0.000826056677208
26 96
     0.004342227817671     0.000000000000000     0.000000000000000
     0.000000000000000    -0.003847069465733    -0.003349785131492
    -0.000000000000000     0.002992038399350    -0.002241408535953
26 97
    -0.003198761536802     0.003911378782290     0.001030034402024
     0.003911378782290     0.001317709648914    -0.000594690639283
     0.000559156860011    -0.000322829363646    -0.000217114582052
26 98
     0.001997933771940    -0.001691493059152    -0.000073981947355
    -0.002803259342703     0.002833060619295     0.000135069580266
     0.000043319461969    -0.000218110291892     0.000826056677208
26 99
     0.001997933771940     0.001691493059152     0.000073981947355
     0.002803259342703     0.002833060619295     0.000135069580266
    -0.000043319461969    -0.000218110291892     0.000826056677208
26 100
    -0.003198761536802    -0.003911378782290    -0.001030034402024
    -0.003911378782290     0.001317709648914    -0.000594690639283
    -0.000559156860011    -0.000322829363646    -0.000217114582052
26 101
    -0.001929211165797    -0.003944268435771     0.001852705759653
    -0.003944268435771     0.002625237720500     0.001069660169065
    -0.000467085098096    -0.000269671707120    -0.003308346014114
26 102
     0.001275563900511    -0.000009414579219    -0.002243116925028
     0.001859706414241    -0.003922968512356     0.001024720519789
     0.000814933016889    -0.000103804602937    -0.000620995703273
26 103
    -0.003757163229531    -0.000000000000000    -0.000000000000000
    -0.000000000000000    -0.002693279563678    -0.001289096680080
     0.000000000000000     0.000927210928450    -0.000114625460793
26 104
     0.001275563900511     0.000009414579219     0.002243116925028
    -0.001859706414241    -0.003922968512356     0.001024720519789
    -0.000814933016889    -0.000103804602937    -0.000620995703273
26 105
    -0.001929211165797     0.003944268435771    -0.001852705759653
     0.003944268435771     0.002625237720500     0.001069660169065
     0.000467085098096    -0.000269671707120    -0.003308346014114
26 106
    -0.001822135542367     0.003648164021456    -0.000234124460598
     0.001779043027996    -0.000825269069477    -0.002454956500628
     0.000317569085272     0.000757654996477    -0.000620995703273
26 107
    -0.001187479546651    -0.001809191228961     0.003444233086984
    -0.001809191228961     0.000901594539461     0.001988528899922
    -0.000774334663729    -0.000447062326547    -0.001463507300112
26 108
    -0.001187479546651     0.001809191228961    -0.003444233086984
     0.001809191228961     0.000901594539461     0.001988528899922
     0.000774334663729    -0.000447062326547    -0.001463507300112
26 109
    -0.001822135542367    -0.003648164021456     0.000234124460598
    -0.001779043027996    -0.000825269069477    -0.002454956500628
    -0.000317569085272     0.000757654996477    -0.000620995703273
26 110
     0.000417559006729    -0.000000000000000     0.000000000000000
    -0.000000000000000    -0.007789052158963     0.000279798535764
     0.000000000000000     0.000484955812173    -0.000581662308840
26 111
    -0.002959250480141    -0.000460675140650    -0.001116390472883
    -0.000460675140650    -0.003491192313068     0.000644548340040
     0.000802988218704    -0.000463605464225    -0.000114625460793
26 112
     0.001946131582517     0.000000000000000     0.000000000000000
     0.000000000000000    -0.002232016589708    -0.003977057799844
    -0.000000000000000     0.000894124653094    -0.001463507300112
26 113
    -0.002959250480141     0.000460675140650     0.001116390472883
     0.000460675140650    -0.003491192313068     0.000644548340040
    -0.000802988218704    -0.000463605464225    -0.000114625460793
26 114
    -0.000748598023494     0.002222627085533     0.000138969229774
     0.001086332687894     0.002780816547349     0.001095550415491
     0.000582595438708    -0.000124456018080    -0.001425037190055
26 115
    -0.000748598023494    -0.002222627085533    -0.000138969229774
    -0.001086332687894     0.002780816547349     0.001095550415491
    -0.000582595438708    -0.000124456018080    -0.001425037190055
26 116
    -0.003424535275911     0.000853897110485     0.002008992464431
     0.002723018103945     0.000777130664066     0.001430235980839
    -0.000497363931618    -0.000653850393540    -0.000620995703273
26 117
    -0.003424535275911    -0.000853897110485    -0.002008992464431
    -0.002723018103945     0.000777130664066     0.001430235980839
     0.000497363931618    -0.000653850393540    -0.000620995703273
26 118
     0.003331284516582    -0.001269188594881     0.001018259105829
    -0.000132894197242    -0.001299065992728    -0.000427424324417
     0.000183515646043     0.000566770459090    -0.001425037190055
26 119
    -0.005752141813381     0.000000000000000     0.000000000000000
     0.000000000000000    -0.005752141813381     0.000000000000000
     0.000000000000000     0.000000000000000    -0.001859107365948
26 120
     0.003331284516582     0.001269188594881    -0.001018259105829
     0.000132894197242    -0.001299065992728    -0.000427424324417
    -0.000183515646043     0.000566770459090    -0.001425037190055
26 121
     0.004902462163649     0.000000000000000     0.000000000000000
     0.000000000000000    -0.004206435608946    -0.002139320338130
    -0.000000000000000     0.000539343414241    -0.003308346014114
26 122
    -0.005737399367540     0.003553566874235     0.000242312639913
     0.003553566874235    -0.001634093784694    -0.000139899267882
     0.000419984053055    -0.000242477906086    -0.000581662308840
26 123
     0.000465641292694    -0.001787374083956     0.000879289876055
    -0.002923668481595     0.001566577231161    -0.000668126091074
    -0.000399079792665    -0.000442314441010    -0.001425037190055
26 124
     0.000465641292694     0.001787374083956    -0.000879289876055
     0.002923668481595     0.001566577231161    -0.000668126091074
     0.000399079792665    -0.000442314441010    -0.001425037190055
26 125
    -0.005737399367540    -0.003553566874235    -0.000242312639913
    -0.003553566874235    -0.001634093784694    -0.000139899267882
    -0.000419984053055    -0.000242477906086    -0.000581662308840
26 126
     0.000772373261053     0.000000000000000     0.000000000000000
    -0.000000000000000     0.000772373261053     0.000000000000000
     0.000000000000000     0.000000000000000     0.009483644337305
26 127
    -0.000674959976975    -0.000835956975185    -0.000676031234124
     0.000362510289184     0.000574093026526    -0.000387415014372
     0.001619221857145    -0.000234387789053    -0.001173115701319
26 128
     0.000886144323822    -0.001290456785977    -0.000494840006702
    -0.000336352497807     0.001976430873463     0.001023625055610
    -0.000300208028823    -0.000438939531924     0.003638939327539
26 129
     0.000886144323822     0.001290456785977     0.000494840006702
     0.000336352497807     0.001976430873463     0.001023625055610
     0.000300208028823    -0.000438939531924     0.003638939327539
26 130
    -0.000674959976975     0.000835956975185     0.000676031234124
    -0.000362510289184     0.000574093026526    -0.000387415014372
    -0.001619221857145    -0.000234387789053    -0.001173115701319
26 131
     0.000056821346943    -0.000059983855168    -0.000673526861315
    -0.001258451119537    -0.000157688297392    -0.000391752715317
     0.000606625148916     0.001519481157177    -0.001173115701319
26 132
    -0.000128570917521     0.000380603302565    -0.001509442913492
     0.000380603302565    -0.000568053755902    -0.000871477272431
    -0.000758375374806    -0.000437848226791     0.002958617283061
26 133
     0.001184985535527     0.000000000000000     0.000000000000000
     0.000000000000000     0.001036579535790     0.000224238064147
    -0.000000000000000    -0.000159177221512     0.004537456498345
26 134
    -0.000128570917521    -0.000380603302565     0.001509442913492
    -0.000380603302565    -0.000568053755902    -0.000871477272431
     0.000758375374806    -0.000437848226791     0.002958617283061
26 135
     0.000056821346943     0.000059983855168     0.000673526861315
     0.001258451119537    -0.000157688297392    -0.000391752715317
    -0.000606625148916     0.001519481157177    -0.001173115701319
26 136
     0.000999430152619    -0.000401758101558     0.000639065298757
    -0.001355862389728     0.001863145044667    -0.000940356544417
    -0.000530236799783    -0.000040518013418     0.003638939327539
26 137
     0.001073681035724     0.000064261682923     0.000194195860047
     0.000064261682923     0.001147884035593    -0.000112119032073
    -0.000137851517533     0.000079588610756     0.004537456498345
26 138
     0.001073681035724    -0.000064261682923    -0.000194195860047
    -0.000064261682923     0.001147884035593    -0.000112119032073
     0.000137851517533     0.000079588610756     0.004537456498345
26 139
     0.000999430152619     0.000401758101558    -0.000639065298757
     0.001355862389728     0.001863145044667    -0.000940356544417
     0.000530236799783    -0.000040518013418     0.003638939327539
26 140
    -0.000290215394586     0.000000000000000     0.000000000000000
     0.000000000000000     0.001960356981237     0.000112440344536
     0.000000000000000     0.000168744680602     0.001816599962619
26 141
     0.002408288319488    -0.000542457747836     0.001133905305459
     0.000411646540334     0.000454286877798    -0.000083268511192
    -0.000230028770960     0.000479457545342     0.003638939327539
26 142
    -0.000787795175092     0.000000000000000    -0.000000000000000
     0.000000000000000     0.000091170501669     0.001742954544862
    -0.000000000000000     0.000875696453582     0.002958617283061
26 143
     0.002408288319488     0.000542457747836    -0.001133905305459
    -0.000411646540334     0.000454286877798    -0.000083268511192
     0.000230028770960     0.000479457545342     0.003638939327539
26 144
     0.000357362141178     0.000026125315957    -0.001085503857727
     0.000026125315957     0.000327195224777    -0.000626715944465
    -0.000095921059997    -0.000055380049810     0.002873367950812
26 145
     0.000357362141178    -0.000026125315957     0.001085503857727
    -0.000026125315957     0.000327195224777    -0.000626715944465
     0.000095921059997    -0.000055380049810     0.002873367950812
26 146
     0.000466838204358    -0.001021727776536     0.000002504372808
     0.000176739487833    -0.000567705154807     0.000779167729689
    -0.001012596708229    -0.001285093368124    -0.001173115701319
26 147
     0.000466838204358     0.001021727776536    -0.000002504372808
    -0.000176739487833    -0.000567705154807     0.000779167729689
     0.001012596708229    -0.001285093368124    -0.001173115701319
26 148
     0.001397713887281    -0.000974526425259     0.000097376194778
    -0.000974526425259     0.000272427699369    -0.000056220172268
     0.000146137180155    -0.000084372340301     0.001816599962619
26 149
     0.000312111766576    -0.000000000000000    -0.000000000000000
    -0.000000000000000     0.000372445599378     0.001253431888931
    -0.000000000000000     0.000110760099620     0.002873367950812
26 150
     0.001397713887281     0.000974526425259    -0.000097376194778
     0.000974526425259     0.000272427699369    -0.000056220172268
    -0.000146137180155    -0.000084372340301     0.001816599962619
51 1
    -3.709856033282804    -1.426842329582633    -2.716705499322538
    -1.426842329582635    -2.062280427131436    -1.568490651342807
    -2.792749100101570    -1.612394444722729    -4.055771660406330
51 2
    -3.709856033282809     1.426842329582620     2.716705499322539
     1.426842329582619    -2.062280427131433    -1.568490651342798
     2.792749100101571    -1.612394444722721    -4.055771660406330
51 3
    -0.032290690130661     0.034626813007013     0.036379912754141
    -0.081848019157716    -0.027044559741783     0.000318781837526
    -0.028302058167689    -0.001825266624918    -0.072325141401628
51 4
    -0.003959156959550    -0.000000000000000     0.000000000000000
    -0.000000000000000    -0.000044209019067     0.002741403871185
     0.000000000000000     0.009887710352963    -0.000450997743722
51 5
    -0.032290690130661    -0.034626813007013    -0.036379912754141
     0.081848019157716    -0.027044559741783     0.000318781837526
     0.028302058167689    -0.001825266624917    -0.072325141401628
51 6
    -1.238492624055750     0.000000000000019    -0.000000000000013
     0.000000000000019    -4.533643836358485     3.136981302685607
    -0.000000000000013     3.224788889445452    -4.055771660406330
51 7
    -0.056821647212405    -0.228158334259257     0.150634638155069
    -0.228158334259257     0.206632904192470     0.086968948888112
     0.028550841721399     0.016483836153440    -0.181752263376718
51 8
     0.016776240897682     0.004020017139533     0.013994098044318
     0.017573046254723     0.004268713098259    -0.005142304776695
    -0.009642544228402    -0.010019383503153     0.004293019685163
51 9
     0.016776240897682    -0.004020017139533    -0.013994098044318
    -0.017573046254723     0.004268713098259    -0.005142304776695
     0.009642544228402    -0.010019383503153     0.004293019685163
51 10
    -0.056821647212407     0.228158334259256    -0.150634638155070
     0.228158334259256     0.206632904192471     0.086968948888111
    -0.028550841721399     0.016483836153440    -0.181752263376718
51 11
    -0.048803474400928    -0.072314358714207     0.018466029546633
     0.044160473450522    -0.010531775471516     0.031346537713785
    -0.015731756349703    -0.023597668040145    -0.072325141401628
51 12
     0.016745665770592     0.017590698812579     0.002543682451539
     0.004037669697389     0.004299288225349     0.014690396797777
    -0.013498312758190    -0.003340996507335     0.004293019685163
51 13
     0.006260881132878    -0.000000000000000     0.000000000000000
     0.000000000000000     0.006260881132878     0.000000000000000
     0.000000000000000     0.000000000000000    -0.001069433089414
51 14
     0.016745665770592    -0.017590698812579    -0.002543682451539
    -0.004037669697389     0.004299288225349     0.014690396797777
     0.013498312758190    -0.003340996507335     0.004293019685163
51 15
    -0.048803474400928     0.072314358714207    -0.018466029546633
    -0.044160473450522    -0.010531775471516     0.031346537713785
     0.015731756349703    -0.023597668040145    -0.072325141401628
51 16
    -0.001022946004188    -0.001695222185476     0.002374125394479
    -0.001695222185476    -0.002980419974429    -0.001370701935593
     0.008563008350929    -0.004943855176482    -0.000450997743722
51 17
    -0.001954475674362    -0.006758861999739    -0.011450415592779
     0.006794167115451     0.022999429670303    -0.009548092021082
    -0.003855768529788     0.013360380010488     0.004293019685163
51 18
    -0.001954475674362     0.006758861999739     0.011450415592779
    -0.006794167115451     0.022999429670303    -0.009548092021082
     0.003855768529788     0.013360380010488     0.004293019685163
51 19
    -0.001022946004188     0.001695222185476    -0.002374125394479
     0.001695222185476    -0.002980419974429    -0.001370701935593
    -0.008563008350929    -0.004943855176482    -0.000450997743722
51 20
    -0.000270314513954    -0.000000000000000     0.000000000000000
    -0.000000000000000     0.010892262852040    -0.001516425555481
    -0.000000000000000     0.004302405334855    -0.002890099840854
51 21
    -0.007908710277077     0.067771076525873    -0.017913883207508
    -0.048703755638856    -0.051426539595367    -0.031665319551311
     0.012570301817986     0.025422934665063    -0.072325141401628
51 22
     0.338360179894909     0.000000000000001    -0.000000000000000
     0.000000000000001    -0.188548922914844    -0.173937897776222
    -0.000000000000000    -0.032967672306880    -0.181752263376718
51 23
    -0.007908710277077    -0.067771076525873     0.017913883207508
     0.048703755638856    -0.051426539595367    -0.031665319551311
    -0.012570301817986     0.025422934665063    -0.072325141401628
51 24
     0.008101618510541    -0.004833537785330    -0.001313263053995
    -0.004833537785330     0.002520329827544     0.000758212777741
     0.003725992317362    -0.002151202667427    -0.002890099840854
51 25
     0.008101618510541     0.004833537785330     0.001313263053995
     0.004833537785330     0.002520329827545     0.000758212777741
    -0.003725992317362    -0.002151202667427    -0.002890099840854
51 26
     0.275487943623573    -0.000000000000000     0.000000000000000
     0.000000000000000     0.275487943623573     0.000000000000000
     0.000000000000000     0.000000000000000    -1.462070831597359
51 27
    -0.101781213749812    -0.090633905051151     0.146831376437063
     0.093228444665656     0.156966133578663    -0.121102326980791
     0.139742928341597     0.113407447990522    -0.039475998941992
51 28
    -0.003763382747955    -0.012817934686708     0.000058244533973
     0.013505978386899     0.010684188199589     0.004318330950762
     0.000561899816982    -0.004029948522334    -0.000914866338103
51 29
    -0.003763382747955     0.012817934686708    -0.000058244533973
    -0.013505978386899     0.010684188199589     0.004318330950762
    -0.000561899816982    -0.004029948522334    -0.000914866338103
51 30
    -0.101781213749812     0.090633905051150    -0.146831376437064
    -0.093228444665656     0.156966133578663    -0.121102326980792
    -0.139742928341597     0.113407447990521    -0.039475998941992
51 31
     0.093402765355189    -0.019461078212118    -0.031462003404245
    -0.203323427928924    -0.038217845526336     0.187710865557529
     0.168085195108952     0.064317201947790    -0.039475998941992
51 32
    -0.010476773974469    -0.005235908061414     0.003184273136276
    -0.005235908061414    -0.004430868117051     0.001838440952403
     0.000021040017670     0.000012147459865     0.020595806308786
51 33
    -0.000675467641907     0.000000000000000    -0.000000000000000
     0.000000000000000    -0.001873152941686     0.001995855659109
    -0.000000000000000     0.000562751127098    -0.002301624779471
51 34
    -0.010476773974469     0.005235908061414    -0.003184273136277
     0.005235908061414    -0.004430868117051     0.001838440952403
    -0.000021040017670     0.000012147459865     0.020595806308786
51 35
     0.093402765355187     0.019461078212118     0.031462003404243
     0.203323427928924    -0.038217845526336     0.187710865557529
    -0.168085195108952     0.064317201947791    -0.039475998941992
51 36
     0.007370227124343     0.007077985730075     0.003768906572295
    -0.019245927343532    -0.000449421672709    -0.002108724229329
    -0.003209087887794     0.002501593777056    -0.000914866338103
51 37
    -0.001573731616741     0.000518612947674     0.001728461703075
     0.000518612947674    -0.000974888966852    -0.000997927829554
     0.000487356772075    -0.000281375563549    -0.002301624779471
51 38
    -0.001573731616741    -0.000518612947674    -0.001728461703075
    -0.000518612947674    -0.000974888966852    -0.000997927829554
    -0.000487356772075    -0.000281375563549    -0.002301624779471
51 39
     0.007370227124343    -0.007077985730076    -0.003768906572295
     0.019245927343532    -0.000449421672709    -0.002108724229329
     0.003209087887794     0.002501593777056    -0.000914866338103
51 40
     0.003111967298577     0.000000000000000     0.000000000000000
     0.000000000000000    -0.017757538951853    -0.002068037134919
    -0.000000000000000     0.007038094256640     0.022018283141260
51 41
     0.006774363801064    -0.019589949193627     0.003710662038322
     0.006733963879980     0.000146441650571    -0.002209606721433
    -0.003770987704776     0.001528354745278    -0.000914866338103
51 42
    -0.001407915188342    -0.000000000000000    -0.000000000000000
    -0.000000000000000    -0.013499726903178    -0.003676881904805
    -0.000000000000000    -0.000024294919731     0.020595806308786
51 43
     0.006774363801064     0.019589949193627    -0.003710662038322
    -0.006733963879980     0.000146441650571    -0.002209606721433
     0.003770987704776     0.001528354745278    -0.000914866338103
51 44
    -0.000477906872548    -0.000161824363841     0.000198281246717
    -0.000161824363841    -0.000291048192498     0.000114477731167
     0.001840565848427     0.001062651188051    -0.002398204719161
51 45
    -0.000477906872548     0.000161824363841    -0.000198281246717
     0.000161824363841    -0.000291048192498     0.000114477731167
    -0.001840565848427     0.001062651188051    -0.002398204719161
51 46
     0.091155828137902    -0.204620697736177    -0.178293379841307
    -0.020758348019370    -0.035970908309050    -0.066608538576737
     0.028342266767356    -0.177724649938312    -0.039475998941992
51 47
     0.091155828137901     0.204620697736177     0.178293379841307
     0.020758348019370    -0.035970908309049    -0.066608538576737
    -0.028342266767355    -0.177724649938312    -0.039475998941992
51 48
    -0.012540162389245     0.009036761288655    -0.001790972694810
     0.009036761288655    -0.002105409264030     0.001034018567460
     0.006095168420480    -0.003519047128320     0.022018283141260
51 49
    -0.000197618852474    -0.000000000000000    -0.000000000000000
    -0.000000000000000    -0.000571336212573    -0.000228955462335
    -0.000000000000000    -0.002125302376101    -0.002398204719161
51 50
    -0.012540162389245    -0.009036761288655     0.001790972694810
    -0.009036761288655    -0.002105409264031     0.001034018567460
    -0.006095168420480    -0.003519047128320     0.022018283141260
51 51
    10.395140287914989     0.000000000000000     0.000000000000000
     0.000000000000000    10.395140287914987     0.000000000000000
     0.000000000000000     0.000000000000000    13.226534663953515
51 52
    -0.793810028643391     0.015574827781382     0.088212721012070
    -0.015574827781389     0.106052748532809     0.013495846857612
    -0.088212721012070     0.013495846857612     0.302257743984693
51 53
    -0.001142484824769    -0.001122128428006    -0.000109606055646
     0.001122128428006    -0.002867250593534    -0.007261080965384
     0.000109606055646    -0.007261080965384     0.019760772912866
51 54
    -0.001142484824769     0.001122128428006     0.000109606055646
    -0.001122128428006    -0.002867250593534    -0.007261080965384
    -0.000109606055646    -0.007261080965384     0.019760772912866
51 55
    -0.793810028643391    -0.015574827781389    -0.088212721012070
     0.015574827781382     0.106052748532809     0.013495846857612
     0.088212721012070     0.013495846857612     0.302257743984693
51 56
    -0.118912945761240    -0.405226840258686     0.055794106730311
    -0.374077184695915    -0.568844334349342     0.069646533904596
    -0.032418614281758    -0.083142380762208     0.302257743984693
51 57
     0.015869306643268     0.009565247401426    -0.010372514901166
     0.009565247401426     0.004824310319111    -0.005988574270362
     0.005134212944627     0.002964239225657     0.000126880501931
51 58
    -0.008037568510168    -0.000000000000000     0.000000000000000
    -0.000000000000000    -0.002405353451660     0.000185027941870
    -0.000000000000000    -0.000134371115786     0.004345103789844
51 59
     0.015869306643268    -0.009565247401426     0.010372514901166
    -0.009565247401426     0.004824310319111    -0.005988574270362
    -0.005134212944627     0.002964239225657     0.000126880501931
51 60
    -0.118912945761242     0.405226840258689    -0.055794106730311
     0.374077184695918    -0.568844334349341     0.069646533904596
     0.032418614281758    -0.083142380762208     0.302257743984693
51 61
    -0.002436059151343     0.001868973913670    -0.006343083602781
    -0.000375282942342    -0.001573676266960     0.003535618854094
    -0.006233477547135     0.003725462111290     0.019760772912866
51 62
    -0.003813407216287    -0.002438820660122     0.000160238898069
    -0.002438820660122    -0.006629514745541    -0.000092513970935
    -0.000116368799805     0.000067185557893     0.004345103789844
51 63
    -0.003813407216287     0.002438820660122    -0.000160238898069
     0.002438820660122    -0.006629514745541    -0.000092513970935
     0.000116368799805     0.000067185557893     0.004345103789844
51 64
    -0.002436059151343    -0.001868973913670     0.006343083602781
     0.000375282942342    -0.001573676266960     0.003535618854094
     0.006233477547135     0.003725462111290     0.019760772912866
51 65
    -0.000698187842968    -0.000000000000000     0.000000000000000
    -0.000000000000000     0.021391804805347    -0.005928478451315
    -0.000000000000000     0.011977148540723     0.000126880501931
51 66
    -0.002436059151343    -0.000375282942342    -0.006233477547135
     0.001868973913670    -0.001573676266960     0.003725462111290
    -0.006343083602781     0.003535618854094     0.019760772912866
51 67
    -0.000698187842968    -0.000000000000000    -0.000000000000000
    -0.000000000000000     0.021391804805347     0.011977148540723
     0.000000000000000    -0.005928478451315     0.000126880501931
51 68
    -0.002436059151343     0.000375282942342     0.006233477547135
    -0.001868973913670    -0.001573676266960     0.003725462111290
     0.006343083602781     0.003535618854094     0.019760772912866
51 69
    -0.003813407216287     0.002438820660122     0.000116368799805
     0.002438820660122    -0.006629514745541     0.000067185557893
    -0.000160238898069    -0.000092513970935     0.004345103789844
51 70
    -0.003813407216287    -0.002438820660122    -0.000116368799805
    -0.002438820660122    -0.006629514745541     0.000067185557893
     0.000160238898069    -0.000092513970935     0.004345103789844
51 71
    -0.118912945761240    -0.374077184695915    -0.032418614281758
    -0.405226840258686    -0.568844334349342    -0.083142380762208
     0.055794106730311     0.069646533904596     0.302257743984693
51 72
    -0.118912945761242     0.374077184695918     0.032418614281758
     0.405226840258689    -0.568844334349341    -0.083142380762208
    -0.055794106730311     0.069646533904596     0.302257743984693
51 73
     0.015869306643268    -0.009565247401426    -0.005134212944627
    -0.009565247401426     0.004824310319111     0.002964239225657
     0.010372514901166    -0.005988574270362     0.000126880501931
51 74
    -0.008037568510168    -0.000000000000000    -0.000000000000000
    -0.000000000000000    -0.002405353451660    -0.000134371115786
     0.000000000000000     0.000185027941870     0.004345103789844
51 75
     0.015869306643268     0.009565247401426     0.005134212944627
     0.009565247401426     0.004824310319111     0.002964239225657
    -0.010372514901166    -0.005988574270362     0.000126880501931
51 76
    -0.081717849641907    -0.069309004529651    -0.187380265352936
    -0.069309004529651    -0.001686704796989    -0.108184046642341
    -0.155313411758166    -0.089670240087337    -0.183341226759533
51 77
    -0.000197552795855    -0.002607976259117     0.004808601849772
     0.000010891793897    -0.001976052598262    -0.002461459055793
     0.002870762512396    -0.000636171452588     0.008473385794931
51 78
    -0.003694907334414    -0.000000000000000    -0.000000000000000
    -0.000000000000000    -0.000824084198941    -0.000958630146424
    -0.000000000000000    -0.000290832187241     0.003176003080287
51 79
    -0.000197552795855     0.002607976259117    -0.004808601849772
    -0.000010891793897    -0.001976052598262    -0.002461459055793
    -0.002870762512396    -0.000636171452588     0.008473385794931
51 80
    -0.081717849641907     0.069309004529651     0.187380265352936
     0.069309004529651    -0.001686704796989    -0.108184046642341
     0.155313411758166    -0.089670240087336    -0.183341226759533
51 81
    -0.002655998208988     0.001430275914958     0.000272614852194
    -0.001188592138057     0.000482392814871     0.005395100886484
     0.000884440617095     0.002804238990261     0.008473385794931
51 82
    -0.001180106068459    -0.002299775161540     0.002705575138441
    -0.002299775161540     0.001475445548722     0.001562064534492
     0.000175907341406     0.000101560150913     0.002921765831210
51 83
    -0.001180106068459     0.002299775161540    -0.002705575138441
     0.002299775161540     0.001475445548722     0.001562064534492
    -0.000175907341406     0.000101560150913     0.002921765831210
51 84
    -0.002655998208988    -0.001430275914958    -0.000272614852194
     0.001188592138057     0.000482392814871     0.005395100886484
    -0.000884440617095     0.002804238990261     0.008473385794931
51 85
     0.001807194882095    -0.000000000000000    -0.000000000000000
    -0.000000000000000    -0.013052660996967    -0.005647251318732
    -0.000000000000000    -0.007570521818590     0.021075880909139
51 86
    -0.001541789982809    -0.001243102882546    -0.000830198059637
    -0.001243102882546    -0.002977201550546     0.000479315073212
    -0.000251868062389     0.000145416093621     0.003176003080287
51 87
     0.002803221357312     0.000000000000000     0.000000000000000
     0.000000000000000    -0.002507881877050    -0.003124129068983
     0.000000000000000    -0.000203120301826     0.002921765831210
51 88
    -0.001541789982809     0.001243102882546     0.000830198059637
     0.001243102882546    -0.002977201550546     0.000479315073212
     0.000251868062389     0.000145416093621     0.003176003080287
51 89
    -0.000121540675324     0.001463392938834     0.000934651620197
    -0.000167005233007     0.001648007849946     0.002346096048468
    -0.001334311865387    -0.000326032703741     0.005029798369698
51 90
    -0.000121540675324    -0.001463392938834    -0.000934651620197
     0.000167005233007     0.001648007849946     0.002346096048468
     0.001334311865387    -0.000326032703741     0.005029798369698
51 91
    -0.000406857086333     0.000109950094553    -0.004535986997578
     0.002728818147568    -0.001766748307784    -0.002933641830691
    -0.001986321895302    -0.002168067537674     0.008473385794931
51 92
    -0.000406857086333    -0.000109950094553     0.004535986997578
    -0.002728818147568    -0.001766748307784    -0.002933641830691
     0.001986321895302    -0.002168067537674     0.008473385794931
51 93
     0.001766973061829    -0.001257339147520     0.002499104587790
     0.000373059024321    -0.000240505887206    -0.000363615977455
    -0.000949508536598    -0.000992531620126     0.005029798369698
51 94
    -0.004451941900412     0.000000000000000     0.000000000000000
     0.000000000000000    -0.004451941900412     0.000000000000000
     0.000000000000000     0.000000000000000     0.005375651673299
51 95
     0.001766973061829     0.001257339147520    -0.002499104587790
    -0.000373059024321    -0.000240505887206    -0.000363615977455
     0.000949508536598    -0.000992531620126     0.005029798369698
51 96
     0.038328867625470     0.000000000000000    -0.000000000000001
     0.000000000000000    -0.121733422064366     0.216368093284682
    -0.000000000000001     0.179340480174673    -0.183341226759533
51 97
    -0.009337697027201     0.006434506343922    -0.004890663103577
     0.006434506343922    -0.001907769087671     0.002823625659366
    -0.006556264214803     0.003785260909295     0.021075880909139
51 98
     0.000644268375428    -0.000275134828593     0.001564452967593
    -0.001905533000433     0.000882198799194    -0.001982480071013
     0.000384803328789     0.001318564323866     0.005029798369698
51 99
     0.000644268375428     0.000275134828593    -0.001564452967593
     0.001905533000433     0.000882198799194    -0.001982480071013
    -0.000384803328789     0.001318564323866     0.005029798369698
51 100
    -0.009337697027201    -0.006434506343922     0.004890663103577
    -0.006434506343922    -0.001907769087671     0.002823625659366
     0.006556264214803     0.003785260909295     0.021075880909139
51 101
    -0.003749915229342    -0.003063504560713    -0.003561686626336
    -0.003063504560713    -0.000212484863759    -0.002056340732484
     0.005801371236155     0.003349423244863     0.000441092274898
51 102
     0.002623687904573     0.001388967958125    -0.000318143280500
     0.003951827964530    -0.004172233005202     0.002212900909057
    -0.000854560384153     0.000947443455137     0.000830865171187
51 103
    -0.004974940503770    -0.000000000000000    -0.000000000000000
    -0.000000000000000    -0.003516110215313    -0.001963986717474
    -0.000000000000000    -0.001193480708900    -0.001920206317743
51 104
     0.002623687904573    -0.001388967958125     0.000318143280500
    -0.003951827964530    -0.004172233005202     0.002212900909057
     0.000854560384153     0.000947443455137     0.000830865171187
51 105
    -0.003749915229342     0.003063504560713     0.003561686626336
     0.003063504560713    -0.000212484863759    -0.002056340732484
    -0.005801371236155     0.003349423244863     0.000441092274898
51 106
    -0.000160620305035     0.005559349058853     0.001757356763051
     0.002996489052449    -0.001387924795594    -0.001381970617485
     0.000393229908722    -0.001213792729313     0.000830865171187
51 107
    -0.002660598722008    -0.001786749700475     0.003379993720853
    -0.001786749700475    -0.000597437880921     0.001951440284593
    -0.000194885627604    -0.000112517269558    -0.000394243270556
51 108
    -0.002660598722008     0.001786749700475    -0.003379993720853
     0.001786749700475    -0.000597437880921     0.001951440284593
     0.000194885627604    -0.000112517269558    -0.000394243270556
51 109
    -0.000160620305035    -0.005559349058853    -0.001757356763051
    -0.002996489052449    -0.001387924795594    -0.001381970617485
    -0.000393229908722    -0.001213792729313     0.000830865171187
51 110
     0.003142478959614     0.000000000000000    -0.000000000000000
     0.000000000000000    -0.007312908940125    -0.000855236607104
     0.000000000000000     0.007309916535910     0.004522916631221
51 111
    -0.003880817787427    -0.000631692044807    -0.001700862390027
    -0.000631692044807    -0.004610232931656     0.000981993358737
    -0.001033584612834     0.000596740354450    -0.001920206317743
51 112
     0.000434142539623     0.000000000000000     0.000000000000000
     0.000000000000000    -0.003692179142552    -0.003902880569187
    -0.000000000000000     0.000225034539117    -0.000394243270556
51 113
    -0.003880817787427     0.000631692044807     0.001700862390027
     0.000631692044807    -0.004610232931656     0.000981993358737
     0.001033584612834     0.000596740354450    -0.001920206317743
51 114
    -0.002357792030549     0.001505138330483    -0.000615227732830
     0.001219720275622     0.002802451324069     0.001772572842725
    -0.001066815889990     0.001370362218364    -0.001350330718266
51 115
    -0.002357792030549    -0.001505138330483     0.000615227732830
    -0.001219720275622     0.002802451324069     0.001772572842725
     0.001066815889990     0.001370362218364    -0.001350330718266
51 116
    -0.004785885250482     0.000326091091121     0.002075500043551
     0.002888951097526     0.003237340149853    -0.000830930291572
     0.001247790292874     0.000266349274176     0.000830865171187
51 117
    -0.004785885250482    -0.000326091091121    -0.002075500043551
    -0.002888951097526     0.003237340149853    -0.000830930291572
    -0.001247790292874     0.000266349274176     0.000830865171187
51 118
     0.002692288872718    -0.001695945293309     0.001227479245444
    -0.001410527238448    -0.002247629579198    -0.001419089267106
     0.000653360548495    -0.001609070771075    -0.001350330718266
51 119
    -0.006474698081218     0.000000000000000     0.000000000000000
     0.000000000000000    -0.006474698081218     0.000000000000000
     0.000000000000000     0.000000000000000     0.000827196212581
51 120
     0.002692288872718     0.001695945293309    -0.001227479245444
     0.001410527238448    -0.002247629579198    -0.001419089267106
    -0.000653360548495    -0.001609070771075    -0.001350330718266
51 121
     0.001556230319032     0.000000000000000    -0.000000000000000
     0.000000000000000    -0.005518630412133     0.004112681464968
     0.000000000000000    -0.006698846489726     0.000441092274898
51 122
    -0.004699061965190     0.004527315763797    -0.000740656627998
     0.004527315763797     0.000528631984679     0.000427618303552
     0.006330573419642    -0.003654958267955     0.004522916631221
51 123
     0.000332492098111    -0.002772956541500     0.001842706978274
    -0.003058374596361     0.000112167195410    -0.000353483575619
     0.001720176438485     0.000238708552710    -0.001350330718266
51 124
     0.000332492098111     0.002772956541500    -0.001842706978274
     0.003058374596361     0.000112167195410    -0.000353483575619
    -0.001720176438485     0.000238708552710    -0.001350330718266
51 125
    -0.004699061965190    -0.004527315763797     0.000740656627998
    -0.004527315763797     0.000528631984679     0.000427618303552
    -0.006330573419642    -0.003654958267955     0.004522916631221
51 126
    -0.028553636694103     0.000000000000000     0.000000000000000
     0.000000000000000    -0.028553636694103     0.000000000000000
     0.000000000000000     0.000000000000000     0.050886309841796
51 127
    -0.000006126890523    -0.012201548011950    -0.008827574005563
    -0.016185989304470    -0.004788450465434    -0.031345514744745
    -0.002086979426618     0.017784902517736    -0.028967333180055
51 128
    -0.000433404544643     0.006336428414382    -0.001920224999448
    -0.002530812744990    -0.002755827419105     0.000384398367238
    -0.000381776366145     0.001630942533003     0.001449574609668
51 129
    -0.000433404544643    -0.006336428414382     0.001920224999448
     0.002530812744990    -0.002755827419105     0.000384398367238
     0.000381776366145     0.001630942533003     0.001449574609668
51 130
    -0.000006126890523     0.012201548011950     0.008827574005562
     0.016185989304470    -0.004788450465433    -0.031345514744745
     0.002086979426618     0.017784902517736    -0.028967333180056
51 131
    -0.015885033805155    -0.007018298122870    -0.031559799066430
    -0.003033856830350     0.011090456449198     0.008027854029768
     0.014358687670880    -0.010699828459494    -0.028967333180056
51 132
     0.005516128365078    -0.001230299455163     0.001574978134960
    -0.001230299455163     0.006936755808322     0.000909314050187
     0.003599059884053     0.002077918192888     0.006767082641357
51 133
     0.002314800763349     0.000000000000000     0.000000000000000
     0.000000000000000     0.000152911147010     0.001090879536414
     0.000000000000000     0.000132470186007    -0.001661378553989
51 134
     0.005516128365078     0.001230299455163    -0.001574978134960
     0.001230299455163     0.006936755808322     0.000909314050187
    -0.003599059884053     0.002077918192888     0.006767082641357
51 135
    -0.015885033805155     0.007018298122870     0.031559799066430
     0.003033856830350     0.011090456449198     0.008027854029768
    -0.014358687670880    -0.010699828459494    -0.028967333180056
51 136
    -0.000527341777122    -0.002476578058531    -0.000627213748522
     0.006390663100841    -0.002661890186626    -0.001855162814123
     0.001221549482621    -0.001146099298148     0.001449574609668
51 137
     0.000693383551095     0.000936125663964     0.000944729391003
     0.000936125663964     0.001774328359264    -0.000545439768207
     0.000114722546326    -0.000066235093003    -0.001661378553989
51 138
     0.000693383551095    -0.000936125663964    -0.000944729391003
    -0.000936125663964     0.001774328359264    -0.000545439768207
    -0.000114722546326    -0.000066235093003    -0.001661378553989
51 139
    -0.000527341777122     0.002476578058531     0.000627213748522
    -0.006390663100841    -0.002661890186626    -0.001855162814123
    -0.001221549482621    -0.001146099298148     0.001449574609668
51 140
     0.002262393294512     0.000000000000000    -0.000000000000000
     0.000000000000000    -0.006403893217037    -0.007234704031042
    -0.000000000000000    -0.007213451228490     0.005265291556735
51 141
    -0.003823101623856     0.004487855266144     0.001293011250925
    -0.004379385893227     0.000633869660109     0.001470764446885
     0.001603325848766    -0.000484843234855     0.001449574609668
51 142
     0.007647069529944    -0.000000000000000     0.000000000000000
    -0.000000000000000     0.004805814643456    -0.001818628100374
     0.000000000000000    -0.004155836385775     0.006767082641357
51 143
    -0.003823101623856    -0.004487855266144    -0.001293011250925
     0.004379385893227     0.000633869660109     0.001470764446885
    -0.001603325848766    -0.000484843234855     0.001449574609668
51 144
     0.000083355247237     0.000300725509293     0.000026148639053
     0.000300725509293    -0.000263892660247     0.000015096923796
     0.000563050303924     0.000325077244538    -0.001130350751489
51 145
     0.000083355247237    -0.000300725509293    -0.000026148639053
    -0.000300725509293    -0.000263892660247     0.000015096923796
    -0.000563050303924     0.000325077244538    -0.001130350751489
51 146
     0.008699294661743     0.011159911827860    -0.022732225060868
     0.007175470535340    -0.013493872017700     0.023317660714977
     0.016445667097498    -0.007085074058241    -0.028967333180056
51 147
     0.008699294661743    -0.011159911827859     0.022732225060867
    -0.007175470535340    -0.013493872017700     0.023317660714977
    -0.016445667097498    -0.007085074058241    -0.028967333180056
51 148
    -0.004237321589150     0.003752612137738    -0.006265437479744
     0.003752612137738     0.000095821666625     0.003617352015521
    -0.006247032012832     0.003606725614245     0.005265291556735
51 149
    -0.000437516613990    -0.000000000000000     0.000000000000000
    -0.000000000000000     0.000256979200980    -0.000030193847592
     0.000000000000000    -0.000650154489076    -0.001130350751489
51 150
    -0.004237321589150    -0.003752612137738     0.006265437479744
    -0.003752612137738     0.000095821666625     0.003617352015521
     0.006247032012832     0.003606725614245     0.005265291556735
76 1
    -0.010542482413011    -0.002989546993530    -0.020043929158731
    -0.002989546993530    -0.007090450890072    -0.011572367895411
    -0.022355041177307    -0.012906689041464    -0.058694418480735
76 2
    -0.007265558870688    -0.000000000000000     0.000000000000000
    -0.000000000000000     0.007869737475604     0.047683605236314
     0.000000000000000     0.022763000264405     0.050342283134785
76 3
    -0.010542482413011     0.002989546993530     0.020043929158731
     0.002989546993530    -0.007090450890072    -0.011572367895411
     0.022355041177307    -0.012906689041464    -0.058694418480735
76 4
    -0.001972713797830     0.000992556666824     0.001968832648620
     0.000041075706362    -0.001178270047906    -0.002517760676713
     0.000380559828843     0.003554669747184     0.000058072420648
76 5
    -0.001972713797830    -0.000992556666824    -0.001968832648620
    -0.000041075706362    -0.001178270047906    -0.002517760676713
    -0.000380559828843     0.003554669747184     0.000058072420648
76 6
     0.004085913389031    -0.006553775564847     0.041295213478676
    -0.006553775564847    -0.003481734784115    -0.023841802618157
     0.019713336495327    -0.011381500132203     0.050342283134785
76 7
     0.004085913389031     0.006553775564847    -0.041295213478676
     0.006553775564847    -0.003481734784115    -0.023841802618157
    -0.019713336495327    -0.011381500132203     0.050342283134785
76 8
     0.001921911231386     0.000656032772698     0.002735482505744
    -0.000804242597143     0.002735439852057     0.000047327816818
    -0.002255728119866    -0.006984874181213    -0.008687429962212
76 9
     0.000265528622451    -0.000000000000000     0.000000000000000
    -0.000000000000000     0.000099402495306    -0.001198106055571
     0.000000000000000    -0.001507169016954    -0.007508453279375
76 10
     0.001921911231386    -0.000656032772698    -0.002735482505744
     0.000804242597143     0.002735439852057     0.000047327816818
     0.002255728119866    -0.006984874181213    -0.008687429962212
76 11
    -0.005364435128602     0.000000000000000    -0.000000000000000
     0.000000000000000    -0.012268498174481     0.023144735790822
    -0.000000000000000     0.025813378082927    -0.058694418480735
76 12
     0.002467880960359    -0.001119458367135     0.001408728344543
     0.000340817002706     0.002189470123084     0.002345333433173
    -0.007176942543102     0.001538919234772    -0.008687429962212
76 13
     0.001106263722609     0.000698133585073    -0.002219802636235
     0.000698133585073     0.000300128496065    -0.001281603649578
    -0.000457231641227    -0.000263982811145    -0.005920441667584
76 14
     0.001106263722609    -0.000698133585073     0.002219802636235
    -0.000698133585073     0.000300128496065    -0.001281603649578
     0.000457231641227    -0.000263982811145    -0.005920441667584
76 15
     0.002467880960359     0.001119458367135    -0.001408728344543
    -0.000340817002706     0.002189470123084     0.002345333433173
     0.007176942543102     0.001538919234772    -0.008687429962212
76 16
    -0.000929305038711    -0.000561336621590    -0.001196028382373
     0.000390144338871    -0.002221678807026     0.002963939427862
     0.003268714217546    -0.001447760394154     0.000058072420648
76 17
     0.000140934027092     0.000071934723170    -0.001037590280552
     0.000071934723170     0.000223997090665     0.000599053027785
    -0.001305246656479     0.000753584508477    -0.007508453279375
76 18
    -0.000102939117207     0.000000000000000     0.000000000000000
     0.000000000000000     0.001509331335881     0.002563207299157
     0.000000000000000     0.000527965622289    -0.005920441667584
76 19
     0.000140934027092    -0.000071934723170     0.001037590280552
    -0.000071934723170     0.000223997090665     0.000599053027785
     0.001305246656479     0.000753584508477    -0.007508453279375
76 20
    -0.000929305038711     0.000561336621590     0.001196028382373
    -0.000390144338871    -0.002221678807026     0.002963939427862
    -0.003268714217546    -0.001447760394154     0.000058072420648
76 21
    -0.001824456932064    -0.000126671847722    -0.003164861030993
    -0.001078152808183    -0.001326526913673    -0.000446178751149
     0.002888154388704    -0.002106909353029     0.000058072420648
76 22
     0.002596234433420     0.000414921914928    -0.001326754161202
    -0.001045353454913     0.002061116650024    -0.002392661249992
    -0.004921214423236     0.005445954946442    -0.008687429962212
76 23
     0.002596234433420    -0.000414921914928     0.001326754161202
     0.001045353454913     0.002061116650024    -0.002392661249992
     0.004921214423236     0.005445954946442    -0.008687429962212
76 24
    -0.001824456932064     0.000126671847722     0.003164861030993
     0.001078152808183    -0.001326526913673    -0.000446178751149
    -0.002888154388704    -0.002106909353029     0.000058072420648
76 25
     0.000495166221924    -0.000000000000000     0.000000000000000
     0.000000000000000     0.000495166221924     0.000000000000000
     0.000000000000000     0.000000000000000    -0.006262626012580
76 26
    -0.001799745144882    -0.003546069743285    -0.002591181262935
    -0.003546069743285     0.002294903496820    -0.001496019199675
     0.002900999021092     0.001674892565746    -0.002241408535953
76 27
    -0.001799745144882     0.003546069743285     0.002591181262935
     0.003546069743285     0.002294903496820    -0.001496019199675
    -0.002900999021092     0.001674892565746    -0.002241408535953
76 28
     0.003307064511060    -0.003268719696055    -0.002555775565374
    -0.000520652753315    -0.002620009737125    -0.000112625174797
     0.001090910395970     0.001104479780781     0.002612839516841
76 29
    -0.000634160891002    -0.000000000000000     0.000000000000000
    -0.000000000000000    -0.000868607141086     0.001510975601644
    -0.000000000000000    -0.001264476836678     0.000355135049461
76 30
     0.003307064511060     0.003268719696055     0.002555775565374
     0.000520652753315    -0.002620009737125    -0.000112625174797
    -0.001090910395970     0.001104479780781     0.002612839516841
76 31
     0.004342227817671     0.000000000000000    -0.000000000000000
     0.000000000000000    -0.003847069465733     0.002992038399350
     0.000000000000000    -0.003349785131492    -0.002241408535953
76 32
    -0.003198761536802    -0.003911378782290    -0.000559156860011
    -0.003911378782290     0.001317709648914    -0.000322829363646
    -0.001030034402024    -0.000594690639283    -0.000217114582052
76 33
     0.001997933771940     0.002803259342703    -0.000043319461969
     0.001691493059152     0.002833060619295    -0.000218110291892
     0.000073981947355     0.000135069580266     0.000826056677208
76 34
     0.001997933771940    -0.002803259342703     0.000043319461969
    -0.001691493059152     0.002833060619295    -0.000218110291892
    -0.000073981947355     0.000135069580266     0.000826056677208
76 35
    -0.003198761536802     0.003911378782290     0.000559156860011
     0.003911378782290     0.001317709648914    -0.000322829363646
     0.001030034402024    -0.000594690639283    -0.000217114582052
76 36
    -0.002779087577856     0.002993188793550    -0.001375424045167
     0.000245121850810     0.003466142351792    -0.002157053978587
     0.001501962746108     0.000392516225772     0.002612839516841
76 37
     0.004570563789320     0.000206184426093    -0.000210548784590
     0.001317950709643     0.000260430601915     0.000071539391402
     0.000153964661467    -0.000003464544302     0.000826056677208
76 38
    -0.003698692698365     0.000000000000000     0.000000000000000
     0.000000000000000    -0.003698692698365     0.000000000000000
     0.000000000000000     0.000000000000000    -0.000673252464832
76 39
     0.004570563789320    -0.000206184426093     0.000210548784590
    -0.001317950709643     0.000260430601915     0.000071539391402
    -0.000153964661467    -0.000003464544302     0.000826056677208
76 40
    -0.002779087577856    -0.002993188793550     0.001375424045167
    -0.000245121850810     0.003466142351792    -0.002157053978587
    -0.001501962746108     0.000392516225772     0.002612839516841
76 41
    -0.000809995578565     0.000101518204198     0.001308543255522
     0.000101518204198    -0.000692772453523    -0.000755487800822
    -0.001095069063060     0.000632238418339     0.000355135049461
76 42
     0.000677994025592    -0.000929425491284    -0.000167229322621
    -0.002041191774835     0.004153000365642     0.000146570900490
     0.000079982714112    -0.000131605035964     0.000826056677208
76 43
     0.000677994025592     0.000929425491284     0.000167229322621
     0.002041191774835     0.004153000365642     0.000146570900490
    -0.000079982714112    -0.000131605035964     0.000826056677208
76 44
    -0.000809995578565    -0.000101518204198    -0.001308543255522
    -0.000101518204198    -0.000692772453523    -0.000755487800822
     0.001095069063060     0.000632238418339     0.000355135049461
76 45
     0.003066740842060    -0.000000000000000     0.000000000000000
    -0.000000000000000     0.000413502111226    -0.000557840444516
     0.000000000000000    -0.003103931603912    -0.000594154033777
76 46
     0.000502605227699     0.002139808075495     0.001180351520207
     0.004887875018235     0.000184449546236     0.002269679153384
     0.000411052350138    -0.001496996006553     0.002612839516841
76 47
     0.003575945241772     0.000000000000000     0.000000000000000
     0.000000000000000    -0.005456997129660     0.000645658727293
     0.000000000000000     0.001189381278567    -0.000217114582052
76 48
     0.000502605227699    -0.002139808075495    -0.001180351520207
    -0.004887875018235     0.000184449546236     0.002269679153384
    -0.000411052350138    -0.001496996006553     0.002612839516841
76 49
     0.001076811793935     0.001148886071604    -0.000483103996209
     0.001148886071604     0.002403431159352     0.000278920222258
    -0.002688083620597     0.001551965801956    -0.000594154033777
76 50
     0.001076811793935    -0.001148886071604     0.000483103996209
    -0.001148886071604     0.002403431159352     0.000278920222258
     0.002688083620597     0.001551965801956    -0.000594154033777
76 51
    -0.081717849641907    -0.069309004529651    -0.155313411758166
    -0.069309004529651    -0.001686704796989    -0.089670240087337
    -0.187380265352936    -0.108184046642341    -0.183341226759533
76 52
    -0.081717849641907     0.069309004529651     0.155313411758166
     0.069309004529651    -0.001686704796989    -0.089670240087336
     0.187380265352936    -0.108184046642341    -0.183341226759533
76 53
    -0.000197552795855    -0.000010891793897    -0.002870762512396
     0.002607976259117    -0.001976052598262    -0.000636171452588
    -0.004808601849772    -0.002461459055793     0.008473385794931
76 54
    -0.003694907334414    -0.000000000000000    -0.000000000000000
    -0.000000000000000    -0.000824084198941    -0.000290832187241
    -0.000000000000000    -0.000958630146424     0.003176003080287
76 55
    -0.000197552795855     0.000010891793897     0.002870762512396
    -0.002607976259117    -0.001976052598262    -0.000636171452588
     0.004808601849772    -0.002461459055793     0.008473385794931
76 56
     0.038328867625470     0.000000000000000    -0.000000000000001
     0.000000000000000    -0.121733422064366     0.179340480174673
    -0.000000000000001     0.216368093284682    -0.183341226759533
76 57
    -0.009337697027201    -0.006434506343922     0.006556264214803
    -0.006434506343922    -0.001907769087671     0.003785260909295
     0.004890663103577     0.002823625659366     0.021075880909139
76 58
     0.000644268375428     0.001905533000433    -0.000384803328789
     0.000275134828593     0.000882198799194     0.001318564323866
    -0.001564452967593    -0.001982480071013     0.005029798369698
76 59
     0.000644268375428    -0.001905533000433     0.000384803328789
    -0.000275134828593     0.000882198799194     0.001318564323866
     0.001564452967593    -0.001982480071013     0.005029798369698
76 60
    -0.009337697027201     0.006434506343922    -0.006556264214803
     0.006434506343922    -0.001907769087671     0.003785260909295
    -0.004890663103577     0.002823625659366     0.021075880909139
76 61
    -0.000406857086333     0.002728818147568    -0.001986321895302
     0.000109950094553    -0.001766748307784    -0.002168067537674
    -0.004535986997578    -0.002933641830691     0.008473385794931
76 62
     0.001766973061829    -0.000373059024321     0.000949508536598
     0.001257339147520    -0.000240505887206    -0.000992531620126
    -0.002499104587790    -0.000363615977455     0.005029798369698
76 63
    -0.004451941900412     0.000000000000000     0.000000000000000
     0.000000000000000    -0.004451941900412     0.000000000000000
     0.000000000000000     0.000000000000000     0.005375651673299
76 64
     0.001766973061829     0.000373059024321    -0.000949508536598
    -0.001257339147520    -0.000240505887206    -0.000992531620126
     0.002499104587790    -0.000363615977455     0.005029798369698
76 65
    -0.000406857086333    -0.002728818147568     0.001986321895302
    -0.000109950094553    -0.001766748307784    -0.002168067537674
     0.004535986997578    -0.002933641830691     0.008473385794931
76 66
    -0.001541789982809    -0.001243102882546    -0.000251868062389
    -0.001243102882546    -0.002977201550546     0.000145416093621
    -0.000830198059637     0.000479315073212     0.003176003080287
76 67
    -0.000121540675324     0.000167005233007     0.001334311865387
    -0.001463392938834     0.001648007849946    -0.000326032703741
    -0.000934651620197     0.002346096048468     0.005029798369698
76 68
    -0.000121540675324    -0.000167005233007    -0.001334311865387
     0.001463392938834     0.001648007849946    -0.000326032703741
     0.000934651620197     0.002346096048468     0.005029798369698
76 69
    -0.001541789982809     0.001243102882546     0.000251868062389
     0.001243102882546    -0.002977201550546     0.000145416093621
     0.000830198059637     0.000479315073212     0.003176003080287
76 70
     0.002803221357312     0.000000000000000     0.000000000000000
     0.000000000000000    -0.002507881877050    -0.000203120301826
     0.000000000000000    -0.003124129068983     0.002921765831210
76 71
    -0.002655998208988    -0.001188592138057     0.000884440617095
     0.001430275914958     0.000482392814871     0.002804238990261
     0.000272614852194     0.005395100886484     0.008473385794931
76 72
     0.001807194882095    -0.000000000000000    -0.000000000000000
    -0.000000000000000    -0.013052660996967    -0.007570521818590
    -0.000000000000000    -0.005647251318732     0.021075880909139
76 73
    -0.002655998208988     0.001188592138057    -0.000884440617095
    -0.001430275914958     0.000482392814871     0.002804238990261
    -0.000272614852194     0.005395100886484     0.008473385794931
76 74
    -0.001180106068459     0.002299775161540    -0.000175907341406
     0.002299775161540     0.001475445548722     0.000101560150913
    -0.002705575138441     0.001562064534492     0.002921765831210
76 75
    -0.001180106068459    -0.002299775161540     0.000175907341406
    -0.002299775161540     0.001475445548722     0.000101560150913
     0.002705575138441     0.001562064534492     0.002921765831210
76 76
    11.089084376877249     0.000000000000000     0.000000000000000
     0.000000000000000    11.089084376877247     0.000000000000000
     0.000000000000000     0.000000000000000    14.082020350191799
76 77
    -0.843414275630289     0.023698224368544    -0.109755933798010
    -0.023698224368551     0.087520906158886    -0.011997393340465
     0.109755933798010    -0.011997393340464     0.275706466086507
76 78
    -0.004795157280772    -0.004590823492716     0.001356093872304
     0.004590823492716    -0.000092480002381     0.004402059699735
    -0.001356093872304     0.004402059699735     0.029185792327521
76 79
    -0.004795157280772     0.004590823492716    -0.001356093872304
    -0.004590823492716    -0.000092480002381     0.004402059699735
     0.001356093872304     0.004402059699735     0.029185792327521
76 80
    -0.843414275630289    -0.023698224368551     0.109755933798010
     0.023698224368544     0.087520906158886    -0.011997393340464
    -0.109755933798010    -0.011997393340465     0.275706466086507
76 81
    -0.145212889288406    -0.426804982721601    -0.065268014311041
    -0.379408533984506    -0.610680480182996    -0.089052730214927
     0.044487919486968     0.101050123555392     0.275706466086507
76 82
     0.016835000450788     0.010687522554893     0.009882893901475
     0.010687522554893     0.004494112402713     0.005705891454389
    -0.003618593259287    -0.002089195792337     0.005370258304151
76 83
    -0.006139560309342    -0.000000000000000    -0.000000000000000
    -0.000000000000000    -0.001717159276117    -0.000446906760883
    -0.000000000000000    -0.000219986613408     0.012814035756797
76 84
     0.016835000450788    -0.010687522554893    -0.009882893901475
    -0.010687522554893     0.004494112402713     0.005705891454389
     0.003618593259287    -0.002089195792337     0.005370258304151
76 85
    -0.145212889288409     0.426804982721603     0.065268014311041
     0.379408533984508    -0.610680480182995    -0.089052730214927
    -0.044487919486969     0.101050123555392     0.275706466086507
76 86
    -0.001268149321978     0.002554504498273     0.004490342465099
    -0.006627142487160    -0.003619487961174    -0.001026618106536
     0.003134248592794    -0.003375441593200     0.029185792327521
76 87
    -0.002822759534423    -0.001914955820248    -0.000387032608048
    -0.001914955820248    -0.005033960051036     0.000223453380442
    -0.000190513995704     0.000109993306704     0.012814035756797
76 88
    -0.002822759534423     0.001914955820248     0.000387032608048
     0.001914955820248    -0.005033960051036     0.000223453380442
     0.000190513995704     0.000109993306704     0.012814035756797
76 89
    -0.001268149321978    -0.002554504498273    -0.004490342465099
     0.006627142487160    -0.003619487961174    -0.001026618106536
    -0.003134248592794    -0.003375441593200     0.029185792327521
76 90
    -0.001676331621324    -0.000000000000000    -0.000000000000000
    -0.000000000000000     0.023005444474826     0.004178391584674
     0.000000000000000    -0.011411782908779     0.005370258304151
76 91
    -0.001268149321978    -0.006627142487160     0.003134248592794
     0.002554504498273    -0.003619487961174    -0.003375441593200
     0.004490342465099    -0.001026618106536     0.029185792327521
76 92
    -0.001676331621324    -0.000000000000000     0.000000000000000
    -0.000000000000000     0.023005444474826    -0.011411782908779
    -0.000000000000000     0.004178391584674     0.005370258304151
76 93
    -0.001268149321978     0.006627142487160    -0.003134248592794
    -0.002554504498273    -0.003619487961174    -0.003375441593200
    -0.004490342465099    -0.001026618106536     0.029185792327521
76 94
    -0.002822759534423     0.001914955820248     0.000190513995704
     0.001914955820248    -0.005033960051036     0.000109993306704
     0.000387032608048     0.000223453380442     0.012814035756797
76 95
    -0.002822759534423    -0.001914955820248    -0.000190513995704
    -0.001914955820248    -0.005033960051036     0.000109993306704
    -0.000387032608048     0.000223453380442     0.012814035756797
76 96
    -0.145212889288406    -0.379408533984506     0.044487919486968
    -0.426804982721601    -0.610680480182996     0.101050123555392
    -0.065268014311041    -0.089052730214927     0.275706466086507
76 97
    -0.145212889288409     0.379408533984508    -0.044487919486969
     0.426804982721603    -0.610680480182995     0.101050123555392
     0.065268014311041    -0.089052730214927     0.275706466086507
76 98
     0.016835000450788    -0.010687522554893     0.003618593259287
    -0.010687522554893     0.004494112402713    -0.002089195792337
    -0.009882893901475     0.005705891454389     0.005370258304151
76 99
    -0.006139560309342    -0.000000000000000    -0.000000000000000
    -0.000000000000000    -0.001717159276117    -0.000219986613408
    -0.000000000000000    -0.000446906760883     0.012814035756797
76 100
     0.016835000450788     0.010687522554893    -0.003618593259287
     0.010687522554893     0.004494112402713    -0.002089195792337
     0.009882893901475     0.005705891454389     0.005370258304151
76 101
     0.216122494002526     0.000000000000000     0.000000000000000
    -0.000000000000000     0.216122494002526     0.000000000000000
     0.000000000000000     0.000000000000000    -1.553468194609056
76 102
    -0.114959392674862    -0.109692774208089    -0.133366629919573
     0.105747095821003     0.157664350341690     0.132085988639702
    -0.135039497907314    -0.120919309581914    -0.029210997353722
76 103
    -0.004979327864123    -0.013594128126264    -0.000021007952790
     0.013633652509868     0.009285195007655    -0.002382856993461
     0.001186285789340     0.003932676691351     0.001433224003563
76 104
    -0.004979327864123     0.013594128126264     0.000021007952790
    -0.013633652509868     0.009285195007655    -0.002382856993461
    -0.001186285789340     0.003932676691351     0.001433224003563
76 105
    -0.114959392674862     0.109692774208088     0.133366629919573
    -0.105747095821004     0.157664350341690     0.132085988639704
     0.135039497907313    -0.120919309581913    -0.029210997353722
76 106
     0.087799885728363    -0.011316028145792     0.047706506686180
    -0.226755898174884    -0.045094928061535    -0.181541883847319
    -0.172238942859669    -0.056487980911072    -0.029210997353722
76 107
    -0.013088002935039    -0.005593327557327    -0.007898137421161
    -0.005593327557327    -0.006629384593262    -0.004559991766204
     0.003560957448875     0.002055919741681     0.032091365821432
76 108
    -0.002198631845365    -0.000000000000000    -0.000000000000000
    -0.000000000000000    -0.002497056549233    -0.002817854464985
    -0.000000000000000    -0.000290219170995     0.000663498070774
76 109
    -0.013088002935039     0.005593327557327     0.007898137421161
     0.005593327557327    -0.006629384593262    -0.004559991766204
    -0.003560957448875     0.002055919741681     0.032091365821432
76 110
     0.087799885728363     0.011316028145793    -0.047706506686179
     0.226755898174885    -0.045094928061534    -0.181541883847319
     0.172238942859670    -0.056487980911072    -0.029210997353722
76 111
     0.005736178849845     0.007447051824055    -0.002074118666318
    -0.019780728812077    -0.001430311706314     0.001173235075933
     0.003998940814251    -0.000938984715959     0.001433224003563
76 112
    -0.002422450373266     0.000129221687334    -0.002440333550844
     0.000129221687334    -0.002273238021332     0.001408927232492
    -0.000251337174747     0.000145109585498     0.000663498070774
76 113
    -0.002422450373266    -0.000129221687334     0.002440333550844
    -0.000129221687334    -0.002273238021332     0.001408927232492
     0.000251337174747     0.000145109585498     0.000663498070774
76 114
     0.005736178849845    -0.007447051824055     0.002074118666318
     0.019780728812077    -0.001430311706314     0.001173235075933
    -0.003998940814251    -0.000938984715959     0.001433224003563
76 115
    -0.002066290496303    -0.000000000000000     0.000000000000000
    -0.000000000000000    -0.014745236927496     0.000932140928505
    -0.000000000000000    -0.012852199541850     0.034065157639270
76 116
     0.005701949729575    -0.019800491003879    -0.002053110713528
     0.007427289632253    -0.001396082586044     0.001209621917528
     0.002812655024911    -0.002993691975392     0.001433224003563
76 117
    -0.003400075422373     0.000000000000000    -0.000000000000000
     0.000000000000000    -0.016317312105928     0.009119983532407
     0.000000000000000    -0.004111839483362     0.032091365821432
76 118
     0.005701949729575     0.019800491003879     0.002053110713528
    -0.007427289632253    -0.001396082586044     0.001209621917528
    -0.002812655024911    -0.002993691975392     0.001433224003563
76 119
    -0.002443581801236    -0.000412320119892    -0.001022325924331
    -0.000412320119892    -0.001967475536812    -0.000590240147612
    -0.001570742246833    -0.000906868459037     0.001672893328775
76 120
    -0.002443581801236     0.000412320119892     0.001022325924331
     0.000412320119892    -0.001967475536812    -0.000590240147612
     0.001570742246833    -0.000906868459037     0.001672893328775
76 121
     0.091216943446742    -0.224783058981342     0.181073136605751
    -0.009343188952250    -0.048511985779913     0.049455895207616
    -0.037199444952357     0.177407290492986    -0.029210997353722
76 122
     0.091216943446740     0.224783058981342    -0.181073136605752
     0.009343188952250    -0.048511985779913     0.049455895207616
     0.037199444952355     0.177407290492986    -0.029210997353722
76 123
    -0.011575500319698     0.005490144851318     0.000807257723993
     0.005490144851318    -0.005236027104101    -0.000466070464253
    -0.011130331297749     0.006426099770925     0.034065157639270
76 124
    -0.001729422404600     0.000000000000000    -0.000000000000000
     0.000000000000000    -0.002681634933448     0.001180480295224
    -0.000000000000000     0.001813736918073     0.001672893328775
76 125
    -0.011575500319698    -0.005490144851318    -0.000807257723993
    -0.005490144851318    -0.005236027104101    -0.000466070464253
     0.011130331297749     0.006426099770925     0.034065157639270
76 126
    -3.943082310045445    -1.649621759379939     2.953793240608096
    -1.649621759379936    -2.038263176367311     1.705373322595584
     3.138547535850754     1.812041264687872    -4.268892563031398
76 127
    -3.943082310045450     1.649621759379921    -2.953793240608098
     1.649621759379922    -2.038263176367304     1.705373322595575
    -3.138547535850754     1.812041264687863    -4.268892563031398
76 128
    -0.035473231611212     0.034708637033234    -0.034620865698855
    -0.103655372711141    -0.030201767118387    -0.008172721979636
     0.044874120268367    -0.020628912445073    -0.076722765974174
76 129
    -0.011690445452123    -0.000000000000000    -0.000000000000000
    -0.000000000000000     0.000665265411718    -0.003007472318500
    -0.000000000000000    -0.008483268594258    -0.004933655827419
76 130
    -0.035473231611212    -0.034708637033235     0.034620865698855
     0.103655372711141    -0.030201767118386    -0.008172721979636
    -0.044874120268367    -0.020628912445073    -0.076722765974174
76 131
    -1.085853609528239     0.000000000000021     0.000000000000014
     0.000000000000021    -4.895491876884510    -3.410746645191162
     0.000000000000015    -3.624082529375737    -4.268892563031397
76 132
    -0.098156600526479    -0.258683139894626    -0.163451753984926
    -0.258683139894626     0.200544960379477    -0.094368914162714
    -0.131311279940501    -0.075812602821283    -0.220666263469774
76 133
     0.008856951692632     0.001008129835098    -0.015512041837916
     0.015032308607026     0.001962055776379     0.004849715110772
     0.006288431212265     0.006303941251732    -0.004218910318400
76 134
     0.008856951692632    -0.001008129835098     0.015512041837916
    -0.015032308607026     0.001962055776379     0.004849715110772
    -0.006288431212265     0.006303941251732    -0.004218910318400
76 135
    -0.098156600526480     0.258683139894625     0.163451753984926
     0.258683139894625     0.200544960379481    -0.094368914162713
     0.131311279940501    -0.075812602821282    -0.220666263469774
76 136
    -0.061374445544132    -0.088701299874632    -0.024388217701860
     0.049662709869744    -0.004300553185467    -0.025896188206400
     0.004571897904305     0.049176584347421    -0.076722765974174
76 137
     0.010631493344803     0.014007776506457    -0.003556044431913
    -0.000016402265471     0.000187514124209    -0.015858679851588
     0.008603588874097     0.002293970553906    -0.004218910318400
76 138
     0.001515436081601     0.000000000000000     0.000000000000000
    -0.000000000000000     0.001515436081601     0.000000000000000
     0.000000000000000     0.000000000000000    -0.003539343647748
76 139
     0.010631493344803    -0.014007776506457     0.003556044431913
     0.000016402265471     0.000187514124209    -0.015858679851588
    -0.008603588874097     0.002293970553906    -0.004218910318400
76 140
    -0.061374445544132     0.088701299874631     0.024388217701860
    -0.049662709869744    -0.004300553185466    -0.025896188206400
    -0.004571897904305     0.049176584347421    -0.076722765974174
76 141
    -0.002423662304243    -0.005350179744951    -0.002604547428999
    -0.005350179744951    -0.008601517736163     0.001503736159250
    -0.007346726109754     0.004241634297129    -0.004933655827419
76 142
    -0.003259933833918    -0.008036621486533     0.011955997406003
     0.005987557285395     0.014078941302929     0.011008964740817
     0.002315157661832    -0.008597911805638    -0.004218910318400
76 143
    -0.003259933833918     0.008036621486533    -0.011955997406004
    -0.005987557285395     0.014078941302929     0.011008964740817
    -0.002315157661832    -0.008597911805638    -0.004218910318400
76 144
    -0.002423662304243     0.005350179744951     0.002604547428999
     0.005350179744951    -0.008601517736163     0.001503736159250
     0.007346726109754     0.004241634297129    -0.004933655827419
76 145
     0.003150803046278     0.000000000000000     0.000000000000000
     0.000000000000000     0.010848464605718     0.003047246052096
    -0.000000000000000    -0.004632238300775    -0.013178129539884
76 146
    -0.001664820939054     0.084136077708698     0.010232647996995
    -0.054227932035678    -0.064010177790544     0.034068910186036
    -0.040302222364062    -0.028547671902348    -0.076722765974174
76 147
     0.349895740832458     0.000000000000001    -0.000000000000001
     0.000000000000001    -0.247507380979459     0.188737828325427
    -0.000000000000001     0.151625205642565    -0.220666263469773
76 148
    -0.001664820939054    -0.084136077708697    -0.010232647996996
     0.054227932035678    -0.064010177790544     0.034068910186036
     0.040302222364062    -0.028547671902348    -0.076722765974174
76 149
     0.008924049215858    -0.003333185230105     0.002638992492697
    -0.003333185230105     0.005075218436138    -0.001523623026048
    -0.004011636044854     0.002316119150387    -0.013178129539884
76 150
     0.008924049215858     0.003333185230105    -0.002638992492697
     0.003333185230105     0.005075218436138    -0.001523623026048
     0.004011636044854     0.002316119150387    -0.013178129539884
101 1
    -0.003116597517459    -0.001019260579478    -0.001192453521380
    -0.001019260579478    -0.001939656777587    -0.000688463361565
     0.000329750528690     0.000190381556504    -0.011856303032946
101 2
    -0.000235117585193    -0.000000000000000    -0.000000000000000
    -0.000000000000000    -0.003540165789004    -0.000504857353410
     0.000000000000000     0.004338587848348    -0.001095571182144
101 3
    -0.003116597517459     0.001019260579478     0.001192453521380
     0.001019260579478    -0.001939656777587    -0.000688463361565
    -0.000329750528690     0.000190381556504    -0.011856303032946
101 4
    -0.001650162021645    -0.000978408577444    -0.000694336684902
     0.001252862806401    -0.001836948803590     0.000218548591590
     0.000511155967664     0.001633210264275    -0.005530802580370
101 5
    -0.001650162021645     0.000978408577444     0.000694336684902
    -0.001252862806401    -0.001836948803590     0.000218548591590
    -0.000511155967664     0.001633210264275    -0.005530802580370
101 6
    -0.002713903738051     0.001431127852616    -0.000437219293341
     0.001431127852616    -0.001061379636146     0.000252428676705
     0.003757327293220    -0.002169293924174    -0.001095571182144
101 7
    -0.002713903738051    -0.001431127852616     0.000437219293341
    -0.001431127852616    -0.001061379636146     0.000252428676705
    -0.003757327293220    -0.002169293924174    -0.001095571182144
101 8
    -0.002057232518713     0.000471375847151    -0.000532827133540
    -0.000651933078324    -0.002203891147395     0.002442715617369
     0.001089148647837    -0.001393311682690    -0.006455110371943
101 9
    -0.001846154467826     0.000000000000000    -0.000000000000000
     0.000000000000000    -0.000941183690735     0.000322658015527
    -0.000000000000000     0.000096705218778    -0.004384576748590
101 10
    -0.002057232518713    -0.000471375847151     0.000532827133540
     0.000651933078324    -0.002203891147395     0.002442715617369
    -0.001089148647837    -0.001393311682690    -0.006455110371943
101 11
    -0.001351186407651     0.000000000000000    -0.000000000000000
     0.000000000000000    -0.003705067887395     0.001376926723129
     0.000000000000000    -0.000380763113009    -0.011856303032946
101 12
    -0.002245410064741    -0.000543288721469     0.001849040212093
     0.000580020204005    -0.002015713601367    -0.001682799642156
    -0.000662068988681     0.001639886238870    -0.006455110371943
101 13
    -0.001547511319177     0.000891281580876     0.000090635257426
     0.000891281580876    -0.002576674640462     0.000052328290273
     0.000658721970577     0.000380313307034    -0.005738422473077
101 14
    -0.001547511319177    -0.000891281580876    -0.000090635257426
    -0.000891281580876    -0.002576674640462     0.000052328290273
    -0.000658721970577     0.000380313307034    -0.005738422473077
101 15
    -0.002245410064741     0.000543288721469    -0.001849040212093
    -0.000580020204005    -0.002015713601367    -0.001682799642156
     0.000662068988681     0.001639886238870    -0.006455110371943
101 16
    -0.001671409940878     0.001265130298290    -0.000157899710173
    -0.000966141085555    -0.001815700884358    -0.000710587503700
     0.001669979562415    -0.000373931078844    -0.005530802580370
101 17
    -0.001167426385008    -0.000391863841322     0.000279430038181
    -0.000391863841322    -0.001619911773553    -0.000161329007763
     0.000083749176141    -0.000048352609389    -0.004384576748590
101 18
    -0.003091256301105    -0.000000000000000    -0.000000000000000
    -0.000000000000000    -0.001032929658535    -0.000104656580546
    -0.000000000000000    -0.000760626614068    -0.005738422473077
101 19
    -0.001167426385008     0.000391863841322    -0.000279430038181
     0.000391863841322    -0.001619911773553    -0.000161329007763
    -0.000083749176141    -0.000048352609389    -0.004384576748590
101 20
    -0.001671409940878    -0.001265130298290     0.000157899710173
     0.000966141085556    -0.001815700884358    -0.000710587503700
    -0.001669979562415    -0.000373931078844    -0.005530802580370
101 21
    -0.001909094275331    -0.001103368200034     0.000536436974730
     0.001127903183811    -0.001578016549905     0.000492038912110
     0.001158823594751    -0.001259279185431    -0.005530802580370
101 22
    -0.002089042915708     0.000670298819592     0.002381867345633
    -0.000453010105883    -0.002172080750400    -0.000759915975213
    -0.001751217636518    -0.000246574556180    -0.006455110371943
101 23
    -0.002089042915708    -0.000670298819592    -0.002381867345633
     0.000453010105883    -0.002172080750400    -0.000759915975213
     0.001751217636518    -0.000246574556180    -0.006455110371943
101 24
    -0.001909094275331     0.001103368200034    -0.000536436974730
    -0.001127903183811    -0.001578016549905     0.000492038912110
    -0.001158823594751    -0.001259279185431    -0.005530802580370
101 25
    -0.001594484815490     0.000000000000000     0.000000000000000
     0.000000000000000    -0.001594484815490     0.000000000000000
     0.000000000000000     0.000000000000000    -0.004716509591610
101 26
    -0.001929211165797    -0.003944268435771    -0.000467085098096
    -0.003944268435771     0.002625237720500    -0.000269671707120
     0.001852705759653     0.001069660169065    -0.003308346014114
101 27
    -0.001929211165797     0.003944268435771     0.000467085098096
     0.003944268435771     0.002625237720500    -0.000269671707120
    -0.001852705759653     0.001069660169065    -0.003308346014114
101 28
     0.001275563900511    -0.001859706414241    -0.000814933016889
     0.000009414579219    -0.003922968512356    -0.000103804602937
     0.002243116925028     0.001024720519789    -0.000620995703273
101 29
    -0.003757163229531    -0.000000000000000     0.000000000000000
    -0.000000000000000    -0.002693279563678     0.000927210928450
    -0.000000000000000    -0.001289096680080    -0.000114625460793
101 30
     0.001275563900511     0.001859706414241     0.000814933016889
    -0.000009414579219    -0.003922968512356    -0.000103804602937
    -0.002243116925028     0.001024720519789    -0.000620995703273
101 31
     0.004902462163649     0.000000000000000    -0.000000000000000
     0.000000000000000    -0.004206435608946     0.000539343414241
     0.000000000000000    -0.002139320338130    -0.003308346014114
101 32
    -0.005737399367540    -0.003553566874235    -0.000419984053055
    -0.003553566874235    -0.001634093784694    -0.000242477906086
    -0.000242312639913    -0.000139899267882    -0.000581662308840
101 33
     0.000465641292694     0.002923668481595     0.000399079792665
     0.001787374083956     0.001566577231161    -0.000442314441010
    -0.000879289876055    -0.000668126091074    -0.001425037190055
101 34
     0.000465641292694    -0.002923668481595    -0.000399079792665
    -0.001787374083956     0.001566577231161    -0.000442314441010
     0.000879289876055    -0.000668126091074    -0.001425037190055
101 35
    -0.005737399367540     0.003553566874235     0.000419984053055
     0.003553566874235    -0.001634093784694    -0.000242477906086
     0.000242312639913    -0.000139899267882    -0.000581662308840
101 36
    -0.003424535275911     0.002723018103945    -0.000497363931618
     0.000853897110485     0.000777130664066    -0.000653850393540
     0.002008992464431     0.001430235980839    -0.000620995703273
101 37
     0.003331284516582     0.000132894197242    -0.000183515646043
     0.001269188594881    -0.001299065992728     0.000566770459090
    -0.001018259105829    -0.000427424324417    -0.001425037190055
101 38
    -0.005752141813381     0.000000000000000     0.000000000000000
     0.000000000000000    -0.005752141813381     0.000000000000000
     0.000000000000000     0.000000000000000    -0.001859107365948
101 39
     0.003331284516582    -0.000132894197242     0.000183515646043
    -0.001269188594881    -0.001299065992728     0.000566770459090
     0.001018259105829    -0.000427424324417    -0.001425037190055
101 40
    -0.003424535275911    -0.002723018103945     0.000497363931618
    -0.000853897110485     0.000777130664066    -0.000653850393540
    -0.002008992464431     0.001430235980839    -0.000620995703273
101 41
    -0.002959250480141    -0.000460675140650     0.000802988218704
    -0.000460675140650    -0.003491192313068    -0.000463605464225
    -0.001116390472883     0.000644548340040    -0.000114625460793
101 42
    -0.000748598023494    -0.001086332687894    -0.000582595438708
    -0.002222627085533     0.002780816547349    -0.000124456018080
    -0.000138969229774     0.001095550415491    -0.001425037190055
101 43
    -0.000748598023494     0.001086332687894     0.000582595438708
     0.002222627085533     0.002780816547349    -0.000124456018080
     0.000138969229774     0.001095550415491    -0.001425037190055
101 44
    -0.002959250480141     0.000460675140650    -0.000802988218704
     0.000460675140650    -0.003491192313068    -0.000463605464225
     0.001116390472883     0.000644548340040    -0.000114625460793
101 45
     0.001946131582517     0.000000000000000    -0.000000000000000
     0.000000000000000    -0.002232016589708     0.000894124653094
     0.000000000000000    -0.003977057799844    -0.001463507300112
101 46
    -0.001822135542367     0.001779043027996     0.000317569085272
     0.003648164021456    -0.000825269069477     0.000757654996477
    -0.000234124460598    -0.002454956500628    -0.000620995703273
101 47
     0.000417559006729    -0.000000000000000     0.000000000000000
    -0.000000000000000    -0.007789052158963     0.000484955812173
     0.000000000000000     0.000279798535764    -0.000581662308840
101 48
    -0.001822135542367    -0.001779043027996    -0.000317569085272
    -0.003648164021456    -0.000825269069477     0.000757654996477
     0.000234124460598    -0.002454956500628    -0.000620995703273
101 49
    -0.001187479546651     0.001809191228961     0.000774334663729
     0.001809191228961     0.000901594539461    -0.000447062326547
    -0.003444233086984     0.001988528899922    -0.001463507300112
101 50
    -0.001187479546651    -0.001809191228961    -0.000774334663729
    -0.001809191228961     0.000901594539461    -0.000447062326547
     0.003444233086984     0.001988528899922    -0.001463507300112
101 51
    -0.003749915229342    -0.003063504560713     0.005801371236155
    -0.003063504560713    -0.000212484863759     0.003349423244863
    -0.003561686626336    -0.002056340732484     0.000441092274898
101 52
    -0.003749915229342     0.003063504560713    -0.005801371236155
     0.003063504560713    -0.000212484863759     0.003349423244863
     0.003561686626336    -0.002056340732484     0.000441092274898
101 53
     0.002623687904573    -0.003951827964530     0.000854560384153
    -0.001388967958125    -0.004172233005202     0.000947443455137
     0.000318143280500     0.002212900909057     0.000830865171187
101 54
    -0.004974940503770    -0.000000000000000    -0.000000000000000
    -0.000000000000000    -0.003516110215313    -0.001193480708900
    -0.000000000000000    -0.001963986717474    -0.001920206317743
101 55
     0.002623687904573     0.003951827964530    -0.000854560384153
     0.001388967958125    -0.004172233005202     0.000947443455137
    -0.000318143280500     0.002212900909057     0.000830865171187
101 56
     0.001556230319032     0.000000000000000     0.000000000000000
     0.000000000000000    -0.005518630412133    -0.006698846489726
    -0.000000000000000     0.004112681464968     0.000441092274898
101 57
    -0.004699061965190    -0.004527315763797    -0.006330573419642
    -0.004527315763797     0.000528631984679    -0.003654958267955
     0.000740656627998     0.000427618303552     0.004522916631221
101 58
     0.000332492098111     0.003058374596361    -0.001720176438485
     0.002772956541500     0.000112167195410     0.000238708552710
    -0.001842706978274    -0.000353483575619    -0.001350330718266
101 59
     0.000332492098111    -0.003058374596361     0.001720176438485
    -0.002772956541500     0.000112167195410     0.000238708552710
     0.001842706978274    -0.000353483575619    -0.001350330718266
101 60
    -0.004699061965190     0.004527315763797     0.006330573419642
     0.004527315763797     0.000528631984679    -0.003654958267955
    -0.000740656627998     0.000427618303552     0.004522916631221
101 61
    -0.004785885250482     0.002888951097526     0.001247790292874
     0.000326091091121     0.003237340149853     0.000266349274176
     0.002075500043551    -0.000830930291572     0.000830865171187
101 62
     0.002692288872718     0.001410527238448    -0.000653360548495
     0.001695945293309    -0.002247629579198    -0.001609070771075
    -0.001227479245444    -0.001419089267106    -0.001350330718266
101 63
    -0.006474698081218     0.000000000000000     0.000000000000000
     0.000000000000000    -0.006474698081218     0.000000000000000
     0.000000000000000     0.000000000000000     0.000827196212581
101 64
     0.002692288872718    -0.001410527238448     0.000653360548495
    -0.001695945293309    -0.002247629579198    -0.001609070771075
     0.001227479245444    -0.001419089267106    -0.001350330718266
101 65
    -0.004785885250482    -0.002888951097526    -0.001247790292874
    -0.000326091091121     0.003237340149853     0.000266349274176
    -0.002075500043551    -0.000830930291572     0.000830865171187
101 66
    -0.003880817787427    -0.000631692044807    -0.001033584612834
    -0.000631692044807    -0.004610232931656     0.000596740354450
    -0.001700862390027     0.000981993358737    -0.001920206317743
101 67
    -0.002357792030549    -0.001219720275622     0.001066815889990
    -0.001505138330483     0.002802451324069     0.001370362218364
     0.000615227732830     0.001772572842725    -0.001350330718266
101 68
    -0.002357792030549     0.001219720275622    -0.001066815889990
     0.001505138330483     0.002802451324069     0.001370362218364
    -0.000615227732830     0.001772572842725    -0.001350330718266
101 69
    -0.003880817787427     0.000631692044807     0.001033584612834
     0.000631692044807    -0.004610232931656     0.000596740354450
     0.001700862390027     0.000981993358737    -0.001920206317743
101 70
     0.000434142539623     0.000000000000000    -0.000000000000000
     0.000000000000000    -0.003692179142552     0.000225034539117
     0.000000000000000    -0.003902880569187    -0.000394243270556
101 71
    -0.000160620305035     0.002996489052449     0.000393229908722
     0.005559349058853    -0.001387924795594    -0.001213792729313
     0.001757356763051    -0.001381970617485     0.000830865171187
101 72
     0.003142478959614     0.000000000000000     0.000000000000000
     0.000000000000000    -0.007312908940125     0.007309916535910
    -0.000000000000000    -0.000855236607104     0.004522916631221
101 73
    -0.000160620305035    -0.002996489052449    -0.000393229908722
    -0.005559349058853    -0.001387924795594    -0.001213792729313
    -0.001757356763051    -0.001381970617485     0.000830865171187
101 74
    -0.002660598722008     0.001786749700475     0.000194885627604
     0.001786749700475    -0.000597437880921    -0.000112517269558
    -0.003379993720853     0.001951440284593    -0.000394243270556
101 75
    -0.002660598722008    -0.001786749700475    -0.000194885627604
    -0.001786749700475    -0.000597437880921    -0.000112517269558
     0.003379993720853     0.001951440284593    -0.000394243270556
101 76
     0.216122494002526    -0.000000000000000     0.000000000000000
     0.000000000000000     0.216122494002526     0.000000000000000
     0.000000000000000     0.000000000000000    -1.553468194609056
101 77
    -0.114959392674862    -0.105747095821004     0.135039497907313
     0.109692774208088     0.157664350341690    -0.120919309581913
     0.133366629919573     0.132085988639704    -0.029210997353722
101 78
    -0.004979327864123    -0.013633652509868    -0.001186285789340
     0.013594128126264     0.009285195007655     0.003932676691351
     0.000021007952790    -0.002382856993461     0.001433224003563
101 79
    -0.004979327864123     0.013633652509868     0.001186285789340
    -0.013594128126264     0.009285195007655     0.003932676691351
    -0.000021007952790    -0.002382856993461     0.001433224003563
101 80
    -0.114959392674862     0.105747095821003    -0.135039497907314
    -0.109692774208089     0.157664350341690    -0.120919309581914
    -0.133366629919573     0.132085988639702    -0.029210997353722
101 81
     0.091216943446742    -0.009343188952250    -0.037199444952357
    -0.224783058981342    -0.048511985779913     0.177407290492986
     0.181073136605751     0.049455895207616    -0.029210997353722
101 82
    -0.011575500319698    -0.005490144851318     0.011130331297749
    -0.005490144851318    -0.005236027104101     0.006426099770925
    -0.000807257723993    -0.000466070464253     0.034065157639270
101 83
    -0.001729422404600     0.000000000000000    -0.000000000000000
     0.000000000000000    -0.002681634933448     0.001813736918073
    -0.000000000000000     0.001180480295224     0.001672893328775
101 84
    -0.011575500319698     0.005490144851318    -0.011130331297749
     0.005490144851318    -0.005236027104101     0.006426099770925
     0.000807257723993    -0.000466070464253     0.034065157639270
101 85
     0.091216943446740     0.009343188952250     0.037199444952355
     0.224783058981342    -0.048511985779913     0.177407290492986
    -0.181073136605752     0.049455895207616    -0.029210997353722
101 86
     0.005701949729575     0.007427289632253     0.002812655024911
    -0.019800491003879    -0.001396082586044    -0.002993691975392
    -0.002053110713528     0.001209621917528     0.001433224003563
101 87
    -0.002443581801236     0.000412320119892     0.001570742246833
     0.000412320119892    -0.001967475536812    -0.000906868459037
     0.001022325924331    -0.000590240147612     0.001672893328775
101 88
    -0.002443581801236    -0.000412320119892    -0.001570742246833
    -0.000412320119892    -0.001967475536812    -0.000906868459037
    -0.001022325924331    -0.000590240147612     0.001672893328775
101 89
     0.005701949729575    -0.007427289632253    -0.002812655024911
     0.019800491003879    -0.001396082586044    -0.002993691975392
     0.002053110713528     0.001209621917528     0.001433224003563
101 90
    -0.003400075422373     0.000000000000000     0.000000000000000
     0.000000000000000    -0.016317312105928    -0.004111839483362
    -0.000000000000000     0.009119983532407     0.032091365821432
101 91
     0.005736178849845    -0.019780728812077     0.003998940814251
     0.007447051824055    -0.001430311706314    -0.000938984715959
    -0.002074118666318     0.001173235075933     0.001433224003563
101 92
    -0.002066290496303    -0.000000000000000    -0.000000000000000
    -0.000000000000000    -0.014745236927496    -0.012852199541850
     0.000000000000000     0.000932140928505     0.034065157639270
101 93
     0.005736178849845     0.019780728812077    -0.003998940814251
    -0.007447051824055    -0.001430311706314    -0.000938984715959
     0.002074118666318     0.001173235075933     0.001433224003563
101 94
    -0.002422450373266    -0.000129221687334     0.000251337174747
    -0.000129221687334    -0.002273238021332     0.000145109585498
     0.002440333550844     0.001408927232492     0.000663498070774
101 95
    -0.002422450373266     0.000129221687334    -0.000251337174747
     0.000129221687334    -0.002273238021332     0.000145109585498
    -0.002440333550844     0.001408927232492     0.000663498070774
101 96
     0.087799885728363    -0.226755898174884    -0.172238942859669
    -0.011316028145792    -0.045094928061535    -0.056487980911072
     0.047706506686180    -0.181541883847319    -0.029210997353722
101 97
     0.087799885728363     0.226755898174885     0.172238942859670
     0.011316028145793    -0.045094928061534    -0.056487980911072
    -0.047706506686179    -0.181541883847319    -0.029210997353722
101 98
    -0.013088002935039     0.005593327557327    -0.003560957448875
     0.005593327557327    -0.006629384593262     0.002055919741681
     0.007898137421161    -0.004559991766204     0.032091365821432
101 99
    -0.002198631845365    -0.000000000000000    -0.000000000000000
    -0.000000000000000    -0.002497056549233    -0.000290219170995
    -0.000000000000000    -0.002817854464985     0.000663498070774
101 100
    -0.013088002935039    -0.005593327557327     0.003560957448875
    -0.005593327557327    -0.006629384593262     0.002055919741681
    -0.007898137421161    -0.004559991766204     0.032091365821432
101 101
    11.190927126539778     0.000000000000000     0.000000000000000
     0.000000000000000    11.190927126539776     0.000000000000000
     0.000000000000000     0.000000000000000    14.091811238158330
101 102
    -0.814476914408431     0.027563960082177     0.125883522773387
    -0.027563960082184     0.076212674414924     0.008442850727242
    -0.125883522773387     0.008442850727241     0.289726584216779
101 103
    -0.011367296853968    -0.003784412554622     0.000624536882184
     0.003784412554622    -0.004859569523076    -0.005896352466179
    -0.000624536882184    -0.005896352466179     0.024453647217036
101 104
    -0.011367296853968     0.003784412554622    -0.000624536882184
    -0.003784412554622    -0.004859569523076    -0.005896352466179
     0.000624536882184    -0.005896352466179     0.024453647217036
101 105
    -0.814476914408431    -0.027563960082184    -0.125883522773387
     0.027563960082177     0.076212674414924     0.008442850727241
     0.125883522773387     0.008442850727242     0.289726584216779
101 106
    -0.146459722790913    -0.413243865485850     0.070253484596844
    -0.358115945321488    -0.591804517202593     0.104796903276009
    -0.055630038176542    -0.113239754003250     0.289726584216779
101 107
     0.012836674167646     0.009403403934436    -0.011542554640620
     0.009403403934436     0.001978558581955    -0.006664097028898
     0.001977227270006     0.001141552696587    -0.002090620812009
101 108
    -0.011424110667224    -0.000000000000000    -0.000000000000000
    -0.000000000000000    -0.005399038098330    -0.002671770539669
     0.000000000000000     0.002231221804760     0.003932838019109
101 109
     0.012836674167646    -0.009403403934436     0.011542554640620
    -0.009403403934436     0.001978558581955    -0.006664097028898
    -0.001977227270006     0.001141552696587    -0.002090620812009
101 110
    -0.146459722790916     0.413243865485852    -0.070253484596844
     0.358115945321491    -0.591804517202592     0.104796903276009
     0.055630038176543    -0.113239754003250     0.289726584216779
101 111
    -0.006486501355799     0.000966483959894    -0.004794122584286
    -0.006602341149349    -0.009740365021245     0.003489041038662
    -0.005418659466470     0.002407311427517     0.024453647217036
101 112
    -0.006905306240553    -0.002608932952153    -0.002313821160436
    -0.002608932952153    -0.009917842525000     0.001335885269834
     0.001932294764400    -0.001115610902380     0.003932838019109
101 113
    -0.006905306240553     0.002608932952153     0.002313821160436
     0.002608932952153    -0.009917842525000     0.001335885269834
    -0.001932294764400    -0.001115610902380     0.003932838019109
101 114
    -0.006486501355799    -0.000966483959894     0.004794122584286
     0.006602341149350    -0.009740365021245     0.003489041038662
     0.005418659466470     0.002407311427517     0.024453647217036
101 115
    -0.003450499210890    -0.000000000000000     0.000000000000000
    -0.000000000000000     0.018265731960492    -0.002283105393174
    -0.000000000000000     0.013328194057796    -0.002090620812009
101 116
    -0.006486501355799    -0.006602341149349    -0.005418659466470
     0.000966483959894    -0.009740365021245     0.002407311427517
    -0.004794122584286     0.003489041038662     0.024453647217036
101 117
    -0.003450499210890    -0.000000000000000    -0.000000000000000
    -0.000000000000000     0.018265731960492     0.013328194057796
     0.000000000000000    -0.002283105393174    -0.002090620812009
101 118
    -0.006486501355799     0.006602341149350     0.005418659466470
    -0.000966483959894    -0.009740365021245     0.002407311427517
     0.004794122584286     0.003489041038662     0.024453647217036
101 119
    -0.006905306240553     0.002608932952153    -0.001932294764400
     0.002608932952153    -0.009917842525000    -0.001115610902380
     0.002313821160436     0.001335885269834     0.003932838019109
101 120
    -0.006905306240553    -0.002608932952153     0.001932294764400
    -0.002608932952153    -0.009917842525000    -0.001115610902380
    -0.002313821160436     0.001335885269834     0.003932838019109
101 121
    -0.146459722790913    -0.358115945321488    -0.055630038176542
    -0.413243865485850    -0.591804517202593    -0.113239754003250
     0.070253484596844     0.104796903276009     0.289726584216779
101 122
    -0.146459722790916     0.358115945321491     0.055630038176543
     0.413243865485852    -0.591804517202592    -0.113239754003250
    -0.070253484596844     0.104796903276009     0.289726584216779
101 123
     0.012836674167646    -0.009403403934436    -0.001977227270006
    -0.009403403934436     0.001978558581955     0.001141552696587
     0.011542554640620    -0.006664097028898    -0.002090620812009
101 124
    -0.011424110667224    -0.000000000000000     0.000000000000000
    -0.000000000000000    -0.005399038098330     0.002231221804760
    -0.000000000000000    -0.002671770539669     0.003932838019109
101 125
     0.012836674167646     0.009403403934436     0.001977227270006
     0.009403403934436     0.001978558581955     0.001141552696587
    -0.011542554640620    -0.006664097028898    -0.002090620812009
101 126
    -3.957478790939599    -1.637875766946780    -3.001531894522346
    -1.637875766946777    -2.066222761047832    -1.732935247283727
    -3.169059316251674    -1.829657249315799    -4.369839776378677
101 127
    -3.957478790939604     1.637875766946762     3.001531894522348
     1.637875766946763    -2.066222761047825    -1.732935247283717
     3.169059316251676    -1.829657249315789    -4.369839776378677
101 128
    -0.040722154243715     0.033207240421855     0.038367894502758
    -0.110183589880657    -0.031952486181865     0.017397672859141
    -0.043509735902008     0.018821595419639    -0.067000429261813
101 129
    -0.016843752073727    -0.000000000000000     0.000000000000000
    -0.000000000000000    -0.003824072330609     0.001953852912671
     0.000000000000000     0.009119473492291    -0.003735982563183
101 130
    -0.040722154243715    -0.033207240421856    -0.038367894502758
     0.110183589880657    -0.031952486181865     0.017397672859141
     0.043509735902008     0.018821595419639    -0.067000429261813
101 131
    -1.120594746101944     0.000000000000021    -0.000000000000014
     0.000000000000021    -4.903106805885480     3.465870494567447
    -0.000000000000015     3.659314498631590    -4.369839776378676
101 132
    -0.102861244627185    -0.259556777235818     0.143946083143475
    -0.259556777235818     0.196849105786994     0.083107309851678
     0.106923157755800     0.061732113912916    -0.241120625669190
101 133
     0.006664457087681     0.005805047140131     0.015107304960967
     0.011785447320897     0.000424624343242    -0.003381089580438
    -0.002649117931565    -0.003888936424528    -0.003224702390809
101 134
     0.006664457087681    -0.005805047140131    -0.015107304960967
    -0.011785447320897     0.000424624343242    -0.003381089580438
     0.002649117931565    -0.003888936424528    -0.003224702390809
101 135
    -0.102861244627186     0.259556777235817    -0.143946083143475
     0.259556777235817     0.196849105786998     0.083107309851677
    -0.106923157755800     0.061732113912916    -0.241120625669190
101 136
    -0.067476640258283    -0.094736880178116     0.034250773914126
     0.048653950124397    -0.005198000167297     0.024528734899539
    -0.005454888177844    -0.047091334312910    -0.067000429261813
101 137
     0.009601490063542     0.010089750541666     0.004625543011354
     0.004109350360899    -0.002512408632618     0.014773854669135
    -0.004692476703126    -0.000349735214092    -0.003224702390809
101 138
     0.003049912275720     0.000000000000000     0.000000000000000
    -0.000000000000000     0.003049912275720     0.000000000000000
     0.000000000000000     0.000000000000000    -0.002101029863381
101 139
     0.009601490063542    -0.010089750541666    -0.004625543011354
    -0.004109350360899    -0.002512408632619     0.014773854669135
     0.004692476703126    -0.000349735214092    -0.003224702390809
101 140
    -0.067476640258283     0.094736880178116    -0.034250773914126
    -0.048653950124397    -0.005198000167297     0.024528734899539
     0.005454888177844    -0.047091334312910    -0.067000429261813
101 141
    -0.007078992266388    -0.005637686703339     0.001692086257632
    -0.005637686703339    -0.013588832137947    -0.000976926456336
     0.007897695713463    -0.004559736746146    -0.003735982563183
101 142
    -0.005632325004838    -0.004685896869615    -0.010481761949614
     0.001294503311151     0.012721406435761    -0.011392765088697
    -0.002043358771561     0.004238671638620    -0.003224702390809
101 143
    -0.005632325004838     0.004685896869615     0.010481761949614
    -0.001294503311151     0.012721406435761    -0.011392765088697
     0.002043358771561     0.004238671638620    -0.003224702390809
101 144
    -0.007078992266388     0.005637686703339    -0.001692086257632
     0.005637686703339    -0.013588832137947    -0.000976926456336
    -0.007897695713463    -0.004559736746146    -0.003735982563183
101 145
     0.005838392592922     0.000000000000000    -0.000000000000000
     0.000000000000000     0.010778877413942    -0.001497515963258
     0.000000000000000     0.003557833148317    -0.011670537184245
101 146
    -0.000813166136372     0.087142124853798    -0.004117120588631
    -0.056248705448715    -0.071861474289208    -0.041926407758680
     0.038054847724164     0.028269738893271    -0.067000429261813
101 147
     0.346704280994087     0.000000000000001     0.000000000000001
     0.000000000000001    -0.252716419834276    -0.166214619703355
     0.000000000000001    -0.123464227825831    -0.241120625669190
101 148
    -0.000813166136372    -0.087142124853797     0.004117120588631
     0.056248705448716    -0.071861474289208    -0.041926407758680
    -0.038054847724164     0.028269738893271    -0.067000429261813
101 149
     0.009543756208687    -0.002139292681007    -0.001296886866754
    -0.002139292681007     0.007073513798177     0.000748757981629
     0.003081173888869    -0.001778916574158    -0.011670537184245
101 150
     0.009543756208687     0.002139292681007     0.001296886866754
     0.002139292681007     0.007073513798177     0.000748757981629
    -0.003081173888869    -0.001778916574158    -0.011670537184245
126 1
    -0.004133567781552    -0.009517539842395    -0.021273114387395
    -0.009517539842395     0.006856340598507    -0.012282038318064
    -0.020861277018002    -0.012044263901983     0.008848012366823
126 2
    -0.004133567781552     0.009517539842395     0.021273114387395
     0.009517539842395     0.006856340598507    -0.012282038318064
     0.020861277018002    -0.012044263901983     0.008848012366823
126 3
    -0.001449733422452    -0.003016716465342    -0.004767869924763
    -0.000683004134417    -0.001276276580899    -0.014932253012397
    -0.004273455267126     0.007041037850898    -0.004899791339514
126 4
    -0.001751128418095    -0.000000000000000     0.000000000000000
    -0.000000000000000     0.001050720906112     0.002660758135705
    -0.000000000000000    -0.003744523281447    -0.002998839141000
126 5
    -0.001449733422452     0.003016716465342     0.004767869924763
     0.000683004134417    -0.001276276580899    -0.014932253012397
     0.004273455267126     0.007041037850898    -0.004899791339514
126 6
     0.012351294788537     0.000000000000000    -0.000000000000000
     0.000000000000000    -0.009628521971582     0.024564076636129
    -0.000000000000000     0.024088527803965     0.008848012366823
126 7
    -0.005686724988837    -0.002350277065767     0.004574269915359
    -0.002350277065767    -0.002972858795655     0.002640955966978
    -0.005510390283255    -0.003181425313377     0.028655317027021
126 8
     0.001288756369145     0.000129595995137     0.000050491320862
     0.001830692848766    -0.000778760475674     0.001636023901593
    -0.000409214100048    -0.004593693414477    -0.000067988680527
126 9
     0.001288756369145    -0.000129595995137    -0.000050491320862
    -0.001830692848766    -0.000778760475674     0.001636023901593
     0.000409214100048    -0.004593693414477    -0.000067988680527
126 10
    -0.005686724988837     0.002350277065767    -0.004574269915359
     0.002350277065767    -0.002972858795655     0.002640955966978
     0.005510390283255    -0.003181425313377     0.028655317027021
126 11
    -0.002921666804435     0.000166816999900    -0.015315645406854
    -0.002166895331024     0.000195656801084     0.003337030029414
     0.003960990014323    -0.007221439748716    -0.004899791339514
126 12
     0.000586948704319     0.002235881692973     0.001442083920409
     0.000534784839344    -0.000076952810847    -0.000774285184260
    -0.004182862244158     0.001942456901010    -0.000067988680527
126 13
    -0.000060326044021     0.000000000000000     0.000000000000000
     0.000000000000000    -0.000060326044021     0.000000000000000
     0.000000000000000     0.000000000000000     0.006398982499355
126 14
     0.000586948704319    -0.002235881692973    -0.001442083920409
    -0.000534784839344    -0.000076952810847    -0.000774285184260
     0.004182862244158     0.001942456901010    -0.000067988680527
126 15
    -0.002921666804435    -0.000166816999900     0.015315645406854
     0.002166895331024     0.000195656801084     0.003337030029414
    -0.003960990014322    -0.007221439748716    -0.004899791339514
126 16
     0.000350258575060    -0.001213236346170     0.002304284138847
    -0.001213236346170    -0.001050666087043    -0.001330379067853
    -0.003242852286796     0.001872261640724    -0.002998839141000
126 17
    -0.001110711233257    -0.000445359582608     0.001391592599547
     0.001255737271021     0.001620707126729    -0.000861738717333
    -0.003773648144110     0.002651236513466    -0.000067988680527
126 18
    -0.001110711233257     0.000445359582608    -0.001391592599547
    -0.001255737271021     0.001620707126729    -0.000861738717333
     0.003773648144110     0.002651236513466    -0.000067988680527
126 19
     0.000350258575060     0.001213236346170    -0.002304284138847
     0.001213236346170    -0.001050666087043    -0.001330379067853
     0.003242852286796     0.001872261640724    -0.002998839141000
126 20
    -0.002229792119744     0.000000000000000    -0.000000000000000
     0.000000000000000    -0.000321635424500     0.001402914752318
     0.000000000000000    -0.000288013904024    -0.003878418010782
126 21
     0.000282385221860    -0.000317035031145    -0.010547775482091
     0.002016677299780    -0.003008395225211     0.011595222982983
     0.008234445281448     0.000180401897818    -0.004899791339514
126 22
    -0.001615925699064    -0.000000000000000    -0.000000000000000
    -0.000000000000000    -0.007043658085428    -0.005281911933957
     0.000000000000000     0.006362850626754     0.028655317027021
126 23
     0.000282385221860     0.000317035031145     0.010547775482091
    -0.002016677299780    -0.003008395225211     0.011595222982983
    -0.008234445281448     0.000180401897818    -0.004899791339514
126 24
    -0.000798674598311    -0.000826256086241     0.001214959814852
    -0.000826256086241    -0.001752752945933    -0.000701457376159
    -0.000249427357528     0.000144006952012    -0.003878418010782
126 25
    -0.000798674598311     0.000826256086241    -0.001214959814852
     0.000826256086241    -0.001752752945933    -0.000701457376159
     0.000249427357528     0.000144006952012    -0.003878418010782
126 26
     0.000772373261053    -0.000000000000000     0.000000000000000
     0.000000000000000     0.000772373261053     0.000000000000000
     0.000000000000000     0.000000000000000     0.009483644337305
126 27
    -0.000674959976975    -0.000362510289184    -0.001619221857145
     0.000835956975185     0.000574093026526    -0.000234387789053
     0.000676031234124    -0.000387415014372    -0.001173115701319
126 28
     0.000886144323822     0.000336352497807     0.000300208028823
     0.001290456785977     0.001976430873463    -0.000438939531924
     0.000494840006702     0.001023625055610     0.003638939327539
126 29
     0.000886144323822    -0.000336352497807    -0.000300208028823
    -0.001290456785977     0.001976430873463    -0.000438939531924
    -0.000494840006702     0.001023625055610     0.003638939327539
126 30
    -0.000674959976975     0.000362510289184     0.001619221857145
    -0.000835956975185     0.000574093026526    -0.000234387789053
    -0.000676031234124    -0.000387415014372    -0.001173115701319
126 31
     0.000466838204358     0.000176739487833    -0.001012596708229
    -0.001021727776536    -0.000567705154807    -0.001285093368124
     0.000002504372808     0.000779167729689    -0.001173115701319
126 32
     0.001397713887281     0.000974526425259    -0.000146137180155
     0.000974526425259     0.000272427699369    -0.000084372340301
    -0.000097376194778    -0.000056220172268     0.001816599962619
126 33
     0.000312111766576    -0.000000000000000    -0.000000000000000
    -0.000000000000000     0.000372445599378     0.000110760099620
    -0.000000000000000     0.001253431888931     0.002873367950812
126 34
     0.001397713887281    -0.000974526425259     0.000146137180155
    -0.000974526425259     0.000272427699369    -0.000084372340301
     0.000097376194778    -0.000056220172268     0.001816599962619
126 35
     0.000466838204358    -0.000176739487833     0.001012596708229
     0.001021727776536    -0.000567705154807    -0.001285093368124
    -0.000002504372808     0.000779167729689    -0.001173115701319
126 36
     0.002408288319488     0.000411646540334    -0.000230028770960
    -0.000542457747836     0.000454286877798     0.000479457545342
     0.001133905305459    -0.000083268511192     0.003638939327539
126 37
     0.000357362141178    -0.000026125315957     0.000095921059997
    -0.000026125315957     0.000327195224777    -0.000055380049810
     0.001085503857727    -0.000626715944465     0.002873367950812
126 38
     0.000357362141178     0.000026125315957    -0.000095921059997
     0.000026125315957     0.000327195224777    -0.000055380049810
    -0.001085503857727    -0.000626715944465     0.002873367950812
126 39
     0.002408288319488    -0.000411646540334     0.000230028770960
     0.000542457747836     0.000454286877798     0.000479457545342
    -0.001133905305459    -0.000083268511192     0.003638939327539
126 40
    -0.000787795175092     0.000000000000000    -0.000000000000000
     0.000000000000000     0.000091170501669     0.000875696453582
    -0.000000000000000     0.001742954544862     0.002958617283061
126 41
     0.000999430152619    -0.001355862389728    -0.000530236799783
    -0.000401758101558     0.001863145044667    -0.000040518013418
     0.000639065298757    -0.000940356544417     0.003638939327539
126 42
    -0.000290215394586     0.000000000000000     0.000000000000000
     0.000000000000000     0.001960356981237     0.000168744680602
     0.000000000000000     0.000112440344536     0.001816599962619
126 43
     0.000999430152619     0.001355862389728     0.000530236799783
     0.000401758101558     0.001863145044667    -0.000040518013418
    -0.000639065298757    -0.000940356544417     0.003638939327539
126 44
     0.001073681035724    -0.000064261682923     0.000137851517533
    -0.000064261682923     0.001147884035593     0.000079588610756
    -0.000194195860047    -0.000112119032073     0.004537456498345
126 45
     0.001073681035724     0.000064261682923    -0.000137851517533
     0.000064261682923     0.001147884035593     0.000079588610756
     0.000194195860047    -0.000112119032073     0.004537456498345
126 46
     0.000056821346943    -0.001258451119537     0.000606625148916
    -0.000059983855168    -0.000157688297392     0.001519481157177
    -0.000673526861315    -0.000391752715317    -0.001173115701319
126 47
     0.000056821346943     0.001258451119537    -0.000606625148916
     0.000059983855168    -0.000157688297392     0.001519481157177
     0.000673526861315    -0.000391752715317    -0.001173115701319
126 48
    -0.000128570917521    -0.000380603302565     0.000758375374806
    -0.000380603302565    -0.000568053755902    -0.000437848226791
     0.001509442913492    -0.000871477272431     0.002958617283061
126 49
     0.001184985535527     0.000000000000000    -0.000000000000000
     0.000000000000000     0.001036579535790    -0.000159177221512
     0.000000000000000     0.000224238064147     0.004537456498345
126 50
    -0.000128570917521     0.000380603302565    -0.000758375374806
     0.000380603302565    -0.000568053755902    -0.000437848226791
    -0.001509442913492    -0.000871477272431     0.002958617283061
126 51
    -0.028553636694103     0.000000000000000     0.000000000000000
     0.000000000000000    -0.028553636694103     0.000000000000000
     0.000000000000000     0.000000000000000     0.050886309841796
126 52
    -0.000006126890523     0.016185989304470     0.002086979426618
     0.012201548011950    -0.004788450465433     0.017784902517736
     0.008827574005562    -0.031345514744745    -0.028967333180056
126 53
    -0.000433404544643     0.002530812744990     0.000381776366145
    -0.006336428414382    -0.002755827419105     0.001630942533003
     0.001920224999448     0.000384398367238     0.001449574609668
126 54
    -0.000433404544643    -0.002530812744990    -0.000381776366145
     0.006336428414382    -0.002755827419105     0.001630942533003
    -0.001920224999448     0.000384398367238     0.001449574609668
126 55
    -0.000006126890523    -0.016185989304470    -0.002086979426618
    -0.012201548011950    -0.004788450465434     0.017784902517736
    -0.008827574005563    -0.031345514744745    -0.028967333180055
126 56
     0.008699294661743     0.007175470535340     0.016445667097498
     0.011159911827860    -0.013493872017700    -0.007085074058241
    -0.022732225060868     0.023317660714977    -0.028967333180056
126 57
    -0.004237321589150    -0.003752612137738     0.006247032012832
    -0.003752612137738     0.000095821666625     0.003606725614245
     0.006265437479744     0.003617352015521     0.005265291556735
126 58
    -0.000437516613990    -0.000000000000000     0.000000000000000
    -0.000000000000000     0.000256979200980    -0.000650154489076
     0.000000000000000    -0.000030193847592    -0.001130350751489
126 59
    -0.004237321589150     0.003752612137738    -0.006247032012832
     0.003752612137738     0.000095821666625     0.003606725614245
    -0.006265437479744     0.003617352015521     0.005265291556735
126 60
     0.008699294661743    -0.007175470535340    -0.016445667097498
    -0.011159911827859    -0.013493872017700    -0.007085074058241
     0.022732225060867     0.023317660714977    -0.028967333180056
126 61
    -0.003823101623856    -0.004379385893227     0.001603325848766
     0.004487855266144     0.000633869660109    -0.000484843234855
     0.001293011250925     0.001470764446885     0.001449574609668
126 62
     0.000083355247237    -0.000300725509293    -0.000563050303924
    -0.000300725509293    -0.000263892660247     0.000325077244538
    -0.000026148639053     0.000015096923796    -0.001130350751489
126 63
     0.000083355247237     0.000300725509293     0.000563050303924
     0.000300725509293    -0.000263892660247     0.000325077244538
     0.000026148639053     0.000015096923796    -0.001130350751489
126 64
    -0.003823101623856     0.004379385893227    -0.001603325848766
    -0.004487855266144     0.000633869660109    -0.000484843234855
    -0.001293011250925     0.001470764446885     0.001449574609668
126 65
     0.007647069529944    -0.000000000000000     0.000000000000000
    -0.000000000000000     0.004805814643456    -0.004155836385775
     0.000000000000000    -0.001818628100374     0.006767082641357
126 66
    -0.000527341777122     0.006390663100841     0.001221549482621
    -0.002476578058531    -0.002661890186626    -0.001146099298148
    -0.000627213748522    -0.001855162814123     0.001449574609668
126 67
     0.002262393294512     0.000000000000000    -0.000000000000000
     0.000000000000000    -0.006403893217037    -0.007213451228490
    -0.000000000000000    -0.007234704031042     0.005265291556735
126 68
    -0.000527341777122    -0.006390663100841    -0.001221549482621
     0.002476578058531    -0.002661890186626    -0.001146099298148
     0.000627213748522    -0.001855162814123     0.001449574609668
126 69
     0.000693383551095    -0.000936125663964    -0.000114722546326
    -0.000936125663964     0.001774328359264    -0.000066235093003
    -0.000944729391003    -0.000545439768207    -0.001661378553989
126 70
     0.000693383551095     0.000936125663964     0.000114722546326
     0.000936125663964     0.001774328359264    -0.000066235093003
     0.000944729391003    -0.000545439768207    -0.001661378553989
126 71
    -0.015885033805155    -0.003033856830350     0.014358687670880
    -0.007018298122870     0.011090456449198    -0.010699828459494
    -0.031559799066430     0.008027854029768    -0.028967333180056
126 72
    -0.015885033805155     0.003033856830350    -0.014358687670880
     0.007018298122870     0.011090456449198    -0.010699828459494
     0.031559799066430     0.008027854029768    -0.028967333180056
126 73
     0.005516128365078     0.001230299455163    -0.003599059884053
     0.001230299455163     0.006936755808322     0.002077918192888
    -0.001574978134960     0.000909314050187     0.006767082641357
126 74
     0.002314800763349     0.000000000000000     0.000000000000000
     0.000000000000000     0.000152911147010     0.000132470186007
     0.000000000000000     0.001090879536414    -0.001661378553989
126 75
     0.005516128365078    -0.001230299455163     0.003599059884053
    -0.001230299455163     0.006936755808322     0.002077918192888
     0.001574978134960     0.000909314050187     0.006767082641357
126 76
    -3.943082310045445    -1.649621759379936     3.138547535850754
    -1.649621759379939    -2.038263176367311     1.812041264687872
     2.953793240608096     1.705373322595584    -4.268892563031398
126 77
    -0.035473231611212     0.103655372711141    -0.044874120268367
    -0.034708637033235    -0.030201767118386    -0.020628912445073
     0.034620865698855    -0.008172721979636    -0.076722765974174
126 78
    -0.011690445452123    -0.000000000000000    -0.000000000000000
    -0.000000000000000     0.000665265411718    -0.008483268594258
    -0.000000000000000    -0.003007472318500    -0.004933655827419
126 79
    -0.035473231611212    -0.103655372711141     0.044874120268367
     0.034708637033234    -0.030201767118387    -0.020628912445073
    -0.034620865698855    -0.008172721979636    -0.076722765974174
126 80
    -3.943082310045450     1.649621759379922    -3.138547535850754
     1.649621759379921    -2.038263176367304     1.812041264687863
    -2.953793240608098     1.705373322595575    -4.268892563031398
126 81
    -0.001664820939054    -0.054227932035678    -0.040302222364062
     0.084136077708698    -0.064010177790544    -0.028547671902348
     0.010232647996995     0.034068910186036    -0.076722765974174
126 82
     0.008924049215858     0.003333185230105     0.004011636044854
     0.003333185230105     0.005075218436138     0.002316119150387
    -0.002638992492697    -0.001523623026048    -0.013178129539884
126 83
     0.008924049215858    -0.003333185230105    -0.004011636044854
    -0.003333185230105     0.005075218436138     0.002316119150387
     0.002638992492697    -0.001523623026048    -0.013178129539884
126 84
    -0.001664820939054     0.054227932035678     0.040302222364062
    -0.084136077708697    -0.064010177790544    -0.028547671902348
    -0.010232647996996     0.034068910186036    -0.076722765974174
126 85
     0.349895740832458     0.000000000000001    -0.000000000000001
     0.000000000000001    -0.247507380979459     0.151625205642565
    -0.000000000000001     0.188737828325427    -0.220666263469773
126 86
    -0.002423662304243    -0.005350179744951    -0.007346726109754
    -0.005350179744951    -0.008601517736163     0.004241634297129
    -0.002604547428999     0.001503736159250    -0.004933655827419
126 87
     0.003150803046278     0.000000000000000    -0.000000000000000
     0.000000000000000     0.010848464605718    -0.004632238300775
     0.000000000000000     0.003047246052096    -0.013178129539884
126 88
    -0.002423662304243     0.005350179744951     0.007346726109754
     0.005350179744951    -0.008601517736163     0.004241634297129
     0.002604547428999     0.001503736159250    -0.004933655827419
126 89
    -0.003259933833918    -0.005987557285395    -0.002315157661832
     0.008036621486533     0.014078941302929    -0.008597911805638
    -0.011955997406004     0.011008964740817    -0.004218910318400
126 90
    -0.003259933833918     0.005987557285395     0.002315157661832
    -0.008036621486533     0.014078941302929    -0.008597911805638
     0.011955997406003     0.011008964740817    -0.004218910318400
126 91
    -0.061374445544132     0.049662709869744     0.004571897904305
    -0.088701299874632    -0.004300553185467     0.049176584347421
    -0.024388217701860    -0.025896188206400    -0.076722765974174
126 92
    -0.061374445544132    -0.049662709869744    -0.004571897904305
     0.088701299874631    -0.004300553185466     0.049176584347421
     0.024388217701860    -0.025896188206400    -0.076722765974174
126 93
     0.010631493344803     0.000016402265471    -0.008603588874097
    -0.014007776506457     0.000187514124209     0.002293970553906
     0.003556044431913    -0.015858679851588    -0.004218910318400
126 94
     0.001515436081601    -0.000000000000000     0.000000000000000
     0.000000000000000     0.001515436081601     0.000000000000000
     0.000000000000000     0.000000000000000    -0.003539343647748
126 95
     0.010631493344803    -0.000016402265471     0.008603588874097
     0.014007776506457     0.000187514124209     0.002293970553906
    -0.003556044431913    -0.015858679851588    -0.004218910318400
126 96
    -1.085853609528239     0.000000000000021     0.000000000000015
     0.000000000000021    -4.895491876884510    -3.624082529375737
     0.000000000000014    -3.410746645191162    -4.268892563031397
126 97
    -0.098156600526480     0.258683139894625     0.131311279940501
     0.258683139894625     0.200544960379481    -0.075812602821282
     0.163451753984926    -0.094368914162713    -0.220666263469774
126 98
     0.008856951692632    -0.015032308607026    -0.006288431212265
    -0.001008129835098     0.001962055776379     0.006303941251732
     0.015512041837916     0.004849715110772    -0.004218910318400
126 99
     0.008856951692632     0.015032308607026     0.006288431212265
     0.001008129835098     0.001962055776379     0.006303941251732
    -0.015512041837916     0.004849715110772    -0.004218910318400
126 100
    -0.098156600526479    -0.258683139894626    -0.131311279940501
    -0.258683139894626     0.200544960379477    -0.075812602821283
    -0.163451753984926    -0.094368914162714    -0.220666263469774
126 101
    -3.957478790939599    -1.637875766946777    -3.169059316251674
    -1.637875766946780    -2.066222761047832    -1.829657249315799
    -3.001531894522346    -1.732935247283727    -4.369839776378677
126 102
    -0.040722154243715     0.110183589880657     0.043509735902008
    -0.033207240421856    -0.031952486181865     0.018821595419639
    -0.038367894502758     0.017397672859141    -0.067000429261813
126 103
    -0.016843752073727    -0.000000000000000     0.000000000000000
    -0.000000000000000    -0.003824072330609     0.009119473492291
     0.000000000000000     0.001953852912671    -0.003735982563183
126 104
    -0.040722154243715    -0.110183589880657    -0.043509735902008
     0.033207240421855    -0.031952486181865     0.018821595419639
     0.038367894502758     0.017397672859141    -0.067000429261813
126 105
    -3.957478790939604     1.637875766946763     3.169059316251676
     1.637875766946762    -2.066222761047825    -1.829657249315789
     3.001531894522348    -1.732935247283717    -4.369839776378677
126 106
    -0.000813166136372    -0.056248705448715     0.038054847724164
     0.087142124853798    -0.071861474289208     0.028269738893271
    -0.004117120588631    -0.041926407758680    -0.067000429261813
126 107
     0.009543756208687     0.002139292681007    -0.003081173888869
     0.002139292681007     0.007073513798177    -0.001778916574158
     0.001296886866754     0.000748757981629    -0.011670537184245
126 108
     0.009543756208687    -0.002139292681007     0.003081173888869
    -0.002139292681007     0.007073513798177    -0.001778916574158
    -0.001296886866754     0.000748757981629    -0.011670537184245
126 109
    -0.000813166136372     0.056248705448716    -0.038054847724164
    -0.087142124853797    -0.071861474289208     0.028269738893271
     0.004117120588631    -0.041926407758680    -0.067000429261813
126 110
     0.346704280994087     0.000000000000001     0.000000000000001
     0.000000000000001    -0.252716419834276    -0.123464227825831
     0.000000000000001    -0.166214619703355    -0.241120625669190
126 111
    -0.007078992266388    -0.005637686703339     0.007897695713463
    -0.005637686703339    -0.013588832137947    -0.004559736746146
     0.001692086257632    -0.000976926456336    -0.003735982563183
126 112
     0.005838392592922     0.000000000000000     0.000000000000000
     0.000000000000000     0.010778877413942     0.003557833148317
    -0.000000000000000    -0.001497515963258    -0.011670537184245
126 113
    -0.007078992266388     0.005637686703339    -0.007897695713463
     0.005637686703339    -0.013588832137947    -0.004559736746146
    -0.001692086257632    -0.000976926456336    -0.003735982563183
126 114
    -0.005632325004838    -0.001294503311151     0.002043358771561
     0.004685896869615     0.012721406435761     0.004238671638620
     0.010481761949614    -0.011392765088697    -0.003224702390809
126 115
    -0.005632325004838     0.001294503311151    -0.002043358771561
    -0.004685896869615     0.012721406435761     0.004238671638620
    -0.010481761949614    -0.011392765088697    -0.003224702390809
126 116
    -0.067476640258283     0.048653950124397    -0.005454888177844
    -0.094736880178116    -0.005198000167297    -0.047091334312910
     0.034250773914126     0.024528734899539    -0.067000429261813
126 117
    -0.067476640258283    -0.048653950124397     0.005454888177844
     0.094736880178116    -0.005198000167297    -0.047091334312910
    -0.034250773914126     0.024528734899539    -0.067000429261813
126 118
     0.009601490063542    -0.004109350360899     0.004692476703126
    -0.010089750541666    -0.002512408632619    -0.000349735214092
    -0.004625543011354     0.014773854669135    -0.003224702390809
126 119
     0.003049912275720    -0.000000000000000     0.000000000000000
     0.000000000000000     0.003049912275720     0.000000000000000
     0.000000000000000     0.000000000000000    -0.002101029863381
126 120
     0.009601490063542     0.004109350360899    -0.004692476703126
     0.010089750541666    -0.002512408632618    -0.000349735214092
     0.004625543011354     0.014773854669135    -0.003224702390809
126 121
    -1.120594746101944     0.000000000000021    -0.000000000000015
     0.000000000000021    -4.903106805885480     3.659314498631590
    -0.000000000000014     3.465870494567447    -4.369839776378676
126 122
    -0.102861244627186     0.259556777235817    -0.106923157755800
     0.259556777235817     0.196849105786998     0.061732113912916
    -0.143946083143475     0.083107309851677    -0.241120625669190
126 123
     0.006664457087681    -0.011785447320897     0.002649117931565
    -0.005805047140131     0.000424624343242    -0.003888936424528
    -0.015107304960967    -0.003381089580438    -0.003224702390809
126 124
     0.006664457087681     0.011785447320897    -0.002649117931565
     0.005805047140131     0.000424624343242    -0.003888936424528
     0.015107304960967    -0.003381089580438    -0.003224702390809
126 125
    -0.102861244627185    -0.259556777235818     0.106923157755800
    -0.259556777235818     0.196849105786994     0.061732113912916
     0.143946083143475     0.083107309851678    -0.241120625669190
126 126
    20.611235358840794     0.000000000000000     0.000000000000000
     0.000000000000000    20.611235358840791     0.000000000000000
     0.000000000000000     0.000000000000000    25.264030725375047
126 127
    -0.202247545184827    -0.900846013666106    -0.020960410146124
     0.900846013666104    -0.350855519802627     0.001647397951152
     0.020960410146124     0.001647397951152     0.542516761487216
126 128
    -0.133114869503885     0.031421694646303     0.002976300178300
    -0.031421694646304     0.044248992738221    -0.003051792856264
    -0.002976300178300    -0.003051792856264    -0.049305792977206
126 129
    -0.133114869503885    -0.031421694646304    -0.002976300178300
     0.031421694646303     0.044248992738221    -0.003051792856264
     0.002976300178300    -0.003051792856264    -0.049305792977206
126 130
    -0.202247545184827     0.900846013666104     0.020960410146124
    -0.900846013666106    -0.350855519802627     0.001647397951152
    -0.020960410146124     0.001647397951152     0.542516761487216
126 131
    -0.313703526148178     0.965195154278089    -0.009053516597222
    -0.836496873054120    -0.239399538839278    -0.018975946635861
     0.011906893548902     0.017328548684708     0.542516761487216
126 132
    -0.061642253685490     0.055093678234419     0.005404220569325
     0.055093678234419    -0.125258953604066     0.003120128200460
    -0.003467070690391    -0.002001714196397     0.003563684670172
126 133
     0.004205846902602     0.000000000000000    -0.000000000000000
     0.000000000000000    -0.007880205613128    -0.004266507743330
    -0.000000000000000    -0.002055290925827     0.004544375722630
126 134
    -0.061642253685490    -0.055093678234419    -0.005404220569325
    -0.055093678234419    -0.125258953604067     0.003120128200460
     0.003467070690391    -0.002001714196397     0.003563684670172
126 135
    -0.313703526148176    -0.965195154278089     0.009053516597222
     0.836496873054121    -0.239399538839278    -0.018975946635861
    -0.011906893548902     0.017328548684708     0.542516761487216
126 136
    -0.000091972822305    -0.108222499853797    -0.001154780051462
    -0.045379110561191    -0.088773903943359     0.004103447991828
    -0.004131080229762    -0.001051655135564    -0.049305792977206
126 137
    -0.004858692484195     0.005233414255047    -0.003694904091167
     0.005233414255047     0.001184333773670     0.002133253871665
    -0.001779934153934     0.001027645462913     0.004544375722630
126 138
    -0.004858692484195    -0.005233414255047     0.003694904091167
    -0.005233414255047     0.001184333773670     0.002133253871665
     0.001779934153934     0.001027645462913     0.004544375722630
126 139
    -0.000091972822306     0.108222499853797     0.001154780051462
     0.045379110561191    -0.088773903943359     0.004103447991828
     0.004131080229762    -0.001051655135564    -0.049305792977206
126 140
    -0.157067303563354     0.000000000000000    -0.000000000000000
     0.000000000000000    -0.029833903726201     0.004003428392793
     0.000000000000000    -0.006240256400920     0.003563684670172
126 141
    -0.000091972822305    -0.045379110561191    -0.004131080229762
    -0.108222499853797    -0.088773903943359    -0.001051655135564
    -0.001154780051462     0.004103447991828    -0.049305792977206
126 142
    -0.157067303563354     0.000000000000000     0.000000000000000
     0.000000000000000    -0.029833903726201    -0.006240256400920
    -0.000000000000000     0.004003428392793     0.003563684670172
126 143
    -0.000091972822306     0.045379110561191     0.004131080229762
     0.108222499853797    -0.088773903943359    -0.001051655135564
     0.001154780051462     0.004103447991828    -0.049305792977206
126 144
    -0.004858692484195    -0.005233414255047     0.001779934153934
    -0.005233414255047     0.001184333773670     0.001027645462913
     0.003694904091167     0.002133253871665     0.004544375722630
126 145
    -0.004858692484195     0.005233414255047    -0.001779934153934
     0.005233414255047     0.001184333773670     0.001027645462913
    -0.003694904091167     0.002133253871665     0.004544375722630
126 146
    -0.313703526148178    -0.836496873054120     0.011906893548902
     0.965195154278089    -0.239399538839278     0.017328548684708
    -0.009053516597222    -0.018975946635861     0.542516761487216
126 147
    -0.313703526148176     0.836496873054121    -0.011906893548902
    -0.965195154278089    -0.239399538839278     0.017328548684708
     0.009053516597222    -0.018975946635861     0.542516761487216
126 148
    -0.061642253685490    -0.055093678234419     0.003467070690391
    -0.055093678234419    -0.125258953604067    -0.002001714196397
    -0.005404220569325     0.003120128200460     0.003563684670172
126 149
     0.004205846902602     0.000000000000000    -0.000000000000000
     0.000000000000000    -0.007880205613128    -0.002055290925827
    -0.000000000000000    -0.004266507743330     0.004544375722630
126 150
    -0.061642253685490     0.055093678234419    -0.003467070690391
     0.055093678234419    -0.125258953604066    -0.002001714196397
     0.005404220569325     0.003120128200460     0.003563684670172