   6   96
1 1
    20.680015762848861     0.000000000000000     0.000000000000000
     0.000000000000000    20.680015762848864     0.000000000000000
     0.000000000000000     0.000000000000000    25.318786169997601
1 2
    -0.226702475604558    -0.894071281568527     0.023244000576343
     0.894071281568527    -0.359416191214381     0.002594757940259
    -0.023244000576343     0.002594757940259     0.547344389395802
1 3
    -0.250039972074867     0.000000000000000     0.000000000000000
     0.000000000000000     0.071279292409646     0.004756196165469
     0.000000000000000     0.004756196165469    -0.110726981331071
1 4
    -0.226702475604558     0.894071281568527    -0.023244000576343
    -0.894071281568527    -0.359416191214381     0.002594757940259
     0.023244000576343     0.002594757940259     0.547344389395802
1 5
    -0.326237762311925     0.951538006142893     0.013869126581107
    -0.836604556994162    -0.259880904507014     0.018832516014564
    -0.009374873995236    -0.021427273954823     0.547344389395801
1 6
    -0.063239650040924     0.060545401736963    -0.001572822171490
     0.060545401736963    -0.133151458022983    -0.000908069304097
     0.003638727541615     0.002100820325659    -0.008508026457916
1 7
    -0.063239650040924    -0.060545401736963     0.001572822171490
    -0.060545401736963    -0.133151458022982    -0.000908069304097
    -0.003638727541615     0.002100820325659    -0.008508026457916
1 8
    -0.326237762311925    -0.951538006142893    -0.013869126581107
     0.836604556994162    -0.259880904507014     0.018832516014564
     0.009374873995236    -0.021427273954823     0.547344389395801
1 9
    -0.009050523711482    -0.139135322884459     0.004118986704678
    -0.139135322884459    -0.169710155953739    -0.002378098082735
     0.004118986704678    -0.002378098082735    -0.110726981331071
1 10
    -0.168107362014012     0.000000000000000     0.000000000000000
     0.000000000000000    -0.028283746049894     0.001816138608194
     0.000000000000000    -0.004201640651318    -0.008508026457916
1 11
    -0.009050523711482     0.139135322884459    -0.004118986704678
     0.139135322884459    -0.169710155953739    -0.002378098082735
    -0.004118986704678    -0.002378098082735    -0.110726981331071
1 12
    -0.168107362014012     0.000000000000000     0.000000000000000
     0.000000000000000    -0.028283746049894    -0.004201640651318
     0.000000000000000     0.001816138608194    -0.008508026457916
1 13
    -0.326237762311925    -0.836604556994162    -0.009374873995236
     0.951538006142893    -0.259880904507014    -0.021427273954823
     0.013869126581107     0.018832516014564     0.547344389395801
1 14
    -0.326237762311925     0.836604556994162     0.009374873995236
    -0.951538006142893    -0.259880904507014    -0.021427273954823
    -0.013869126581107     0.018832516014564     0.547344389395801
1 15
    -0.063239650040924    -0.060545401736963    -0.003638727541615
    -0.060545401736963    -0.133151458022982     0.002100820325659
     0.001572822171490    -0.000908069304097    -0.008508026457916
1 16
    -0.063239650040924     0.060545401736963     0.003638727541615
     0.060545401736963    -0.133151458022983     0.002100820325659
    -0.001572822171490    -0.000908069304097    -0.008508026457916
1 17
    -0.005749124625538     0.003875628096624    -0.018970047089559
     0.003875628096624    -0.010224314475268    -0.010952361793697
    -0.018970047089559    -0.010952361793697     0.002240849645539
1 18
    -0.005990885440901     0.000163581482894     0.005441949316952
     0.000163581482894    -0.013816329695469     0.003627147607632
     0.005441949316952     0.003627147607632    -0.008362682159062
1 19
    -0.005990885440901    -0.000163581482894    -0.005441949316952
    -0.000163581482894    -0.013816329695469     0.003627147607632
    -0.005441949316952     0.003627147607632    -0.008362682159062
1 20
    -0.005749124625538    -0.003875628096624     0.018970047089559
    -0.003875628096624    -0.010224314475268    -0.010952361793697
     0.018970047089559    -0.010952361793697     0.002240849645539
1 21
    -0.011718302912052     0.003470307501625     0.005862176629961
     0.003470307501625    -0.008088912224318     0.002899292550772
     0.005862176629961     0.002899292550772    -0.008362682159062
1 22
     0.004019290642069     0.000000000000000     0.000000000000000
     0.000000000000000     0.004019290642069     0.000000000000000
     0.000000000000000     0.000000000000000    -0.018019525426552
1 23
    -0.011718302912052    -0.003470307501625    -0.005862176629961
    -0.003470307501625    -0.008088912224318     0.002899292550772
    -0.005862176629961     0.002899292550772    -0.008362682159062
1 24
     0.004929626159944     0.000000000000000     0.000000000000000
     0.000000000000000    -0.013506685653631    -0.000906176234007
     0.000000000000000    -0.000906176234007    -0.009299667738841
1 25
    -0.012001634351602     0.003306726018730     0.000420227313009
     0.003306726018730    -0.007805580784768    -0.006526440158404
     0.000420227313009    -0.006526440158404    -0.008362682159062
1 26
    -0.012001634351602    -0.003306726018730    -0.000420227313009
    -0.003306726018730    -0.007805580784768    -0.006526440158404
    -0.000420227313009    -0.006526440158404    -0.008362682159062
1 27
    -0.007056874194861    -0.001193998849742    -0.002485151222943
    -0.001193998849742    -0.005678163080240    -0.001434802727543
    -0.002485151222943    -0.001434802727543    -0.010283767678407
1 28
    -0.007056874194861     0.001193998849742     0.002485151222943
     0.001193998849742    -0.005678163080240    -0.001434802727543
     0.002485151222943    -0.001434802727543    -0.010283767678407
1 29
    -0.012461909400133     0.000000000000000     0.000000000000000
     0.000000000000000    -0.003511529700673     0.021904723587393
     0.000000000000000     0.021904723587393     0.002240849645539
1 30
    -0.008897607700237     0.007983157191323    -0.000784771638956
     0.007983157191323     0.000320548206550     0.000453088117004
    -0.000784771638956     0.000453088117004    -0.009299667738841
1 31
    -0.004988807522930     0.000000000000000     0.000000000000000
     0.000000000000000    -0.007746229752172     0.002869605455086
     0.000000000000000     0.002869605455086    -0.010283767678407
1 32
    -0.008897607700237    -0.007983157191323     0.000784771638956
    -0.007983157191323     0.000320548206550     0.000453088117004
     0.000784771638956     0.000453088117004    -0.009299667738841
1 33
    -3.956359373674810    -1.640643095247904     3.159649092896176
    -1.640643095247908    -2.061907908303847     1.824224254328366
     3.001495399730090     1.732914177005593    -4.368393403940267
1 34
    -0.049047145216782     0.112611436108650    -0.042850746602643
    -0.028077508409844    -0.028955761567200    -0.023853563198476
     0.038582809449323    -0.016920201382429    -0.063257760267491
1 35
    -0.049047145216782    -0.112611436108650     0.042850746602643
     0.028077508409844    -0.028955761567200    -0.023853563198476
    -0.038582809449323    -0.016920201382429    -0.063257760267491
1 36
    -3.956359373674808     1.640643095247908    -3.159649092896178
     1.640643095247908    -2.061907908303847     1.824224254328365
    -3.001495399730092     1.732914177005592    -4.368393403940263
1 37
     0.002625656954826    -0.057910814653404    -0.042083165001979
     0.082778129865090    -0.080628563738808    -0.025183053529781
     0.004638080490329     0.041873793823702    -0.063257760267491
1 38
     0.023558561333869     0.000000000000000     0.000000000000000
     0.000000000000000     0.023558561333869     0.000000000000000
     0.000000000000000     0.000000000000000    -0.018313761980635
1 39
     0.002625656954826     0.057910814653404     0.042083165001979
    -0.082778129865090    -0.080628563738808    -0.025183053529781
    -0.004638080490329     0.041873793823702    -0.063257760267491
1 40
     0.353436532674932     0.000000000000000     0.000000000000000
     0.000000000000000    -0.251290984492028     0.125351741379771
     0.000000000000000     0.167127419684526    -0.237672419357077
1 41
    -0.070582871914017     0.040511166015687     0.000767581600664
    -0.100177778502807    -0.007420034869965     0.049036616728257
    -0.033944728958993    -0.024953592441273    -0.063257760267491
1 42
    -0.070582871914017    -0.040511166015687    -0.000767581600664
     0.100177778502807    -0.007420034869965     0.049036616728257
     0.033944728958993    -0.024953592441273    -0.063257760267491
1 43
     0.006544408235372    -0.004264803455578    -0.007017570952935
    -0.004264803455578     0.011468979081609    -0.004051596478735
    -0.001810989545188    -0.001045575301414     0.005089771080982
1 44
     0.006544408235372     0.004264803455578     0.007017570952935
     0.004264803455578     0.011468979081609    -0.004051596478735
     0.001810989545188    -0.001045575301414     0.005089771080982
1 45
    -1.114682175618366     0.000000000000000     0.000000000000000
     0.000000000000000    -4.903585106360287    -3.648448508656730
     0.000000000000000    -3.465828354011183    -4.368393403940265
1 46
    -0.100109105200288     0.261854696117039     0.108557792443498
     0.261854696117039     0.202254653383192    -0.062675870689885
     0.144736591115743    -0.083563709842263    -0.237672419357076
1 47
     0.013931264504728     0.000000000000000     0.000000000000000
     0.000000000000000     0.004082122812253     0.008103192957469
     0.000000000000000     0.002091150602827     0.005089771080982
1 48
    -0.100109105200288    -0.261854696117039    -0.108557792443498
    -0.261854696117039     0.202254653383192    -0.062675870689885
    -0.144736591115743    -0.083563709842263    -0.237672419357076
1 49
    -3.917206404193633    -1.635693343706252    -3.159481017756039
    -1.635693343706256    -2.028470419592659    -1.824127216100964
    -2.935457846990957    -1.694787378155030    -4.281072952417521
1 50
    -0.040782378812649     0.103362063468472     0.042248899281265
    -0.030409120841872    -0.020647521530899     0.024136549248274
    -0.033407387200314     0.010699765553724    -0.066764641614689
1 51
    -0.040782378812649    -0.103362063468472    -0.042248899281265
     0.030409120841872    -0.020647521530899     0.024136549248274
     0.033407387200314     0.010699765553724    -0.066764641614689
1 52
    -3.917206404193631     1.635693343706256     3.159481017756041
     1.635693343706256    -2.028470419592659    -1.824127216100963
     2.935457846990959    -1.694787378155030    -4.281072952417516
1 53
     0.005908314946395    -0.057366005452307     0.042027314449332
     0.076405178858037    -0.067338215289944     0.024520345435369
    -0.007437424816094    -0.034281528766397    -0.066764641614689
1 54
     0.020418233549315     0.000000000000000     0.000000000000000
     0.000000000000000     0.020418233549315     0.000000000000000
     0.000000000000000     0.000000000000000    -0.017572798645629
1 55
     0.005908314946395     0.057366005452307    -0.042027314449332
    -0.076405178858037    -0.067338215289944     0.024520345435369
     0.007437424816094    -0.034281528766397    -0.066764641614689
1 56
     0.358946516119847     0.000000000000000     0.000000000000000
     0.000000000000000    -0.248349124839368    -0.148889141991469
     0.000000000000000    -0.181816375694099    -0.214452004607298
1 57
    -0.057270786649069     0.039928707544737    -0.000221584831933
    -0.093842476765607    -0.004159113694480    -0.048656894683643
     0.025969962384220     0.023581763212673    -0.066764641614689
1 58
    -0.057270786649069    -0.039928707544737     0.000221584831933
     0.093842476765607    -0.004159113694480    -0.048656894683643
    -0.025969962384220     0.023581763212673    -0.066764641614689
1 59
     0.007960698582587    -0.005802469125787     0.006676659924119
    -0.005802469125787     0.014660812806062     0.003854771404477
     0.005301548156736     0.003060850255413     0.006205648684488
1 60
     0.007960698582587     0.005802469125787    -0.006676659924119
     0.005802469125787     0.014660812806062     0.003854771404477
    -0.005301548156736     0.003060850255413     0.006205648684488
1 61
    -1.084102427292173     0.000000000000000     0.000000000000000
     0.000000000000000    -4.861574396494116     3.648254432201925
     0.000000000000000     3.389574756310059    -4.281072952417518
1 62
    -0.096525214599565     0.262966726339117    -0.128941779312280
     0.262966726339117     0.207122605880043     0.074444570995734
    -0.157457600175105     0.090908187847049    -0.214452004607298
1 63
     0.018010869917800     0.000000000000000     0.000000000000000
     0.000000000000000     0.004610641470849    -0.007709542808955
     0.000000000000000    -0.006121700510827     0.006205648684488
1 64
    -0.096525214599565    -0.262966726339117     0.128941779312280
    -0.262966726339117     0.207122605880043     0.074444570995734
     0.157457600175105     0.090908187847049    -0.214452004607298
1 65
    -0.028536079423491     0.000000000000000     0.000000000000000
     0.000000000000000    -0.028536079423491     0.000000000000000
     0.000000000000000     0.000000000000000     0.061902224202851
1 66
    -0.003193414217563     0.011580806432827    -0.009105820210497
     0.004272256573772    -0.004659435898730    -0.013782615479521
    -0.004623248819284     0.014718267801908    -0.023471046347036
1 67
    -0.000176098945686     0.000000000000000     0.000000000000000
     0.000000000000000     0.002948991180083    -0.000085159418258
     0.000000000000000     0.000939050127844     0.005142424629028
1 68
    -0.003193414217563    -0.011580806432827     0.009105820210497
    -0.004272256573772    -0.004659435898730    -0.013782615479521
     0.004623248819284     0.014718267801908    -0.023471046347036
1 69
     0.002571647167316     0.000943796831317    -0.016489005241106
     0.008252346690372    -0.010424497283609    -0.000994563884824
     0.010434769406513    -0.011362984826470    -0.023471046347036
1 70
     0.001710766596987    -0.002454939525636    -0.005147605444309
    -0.002454939525636     0.004545486588928    -0.002971971388954
    -0.005519047955845    -0.003186423822977     0.007218057252122
1 71
     0.001710766596987     0.002454939525636     0.005147605444309
     0.002454939525636     0.004545486588928    -0.002971971388954
     0.005519047955845    -0.003186423822977     0.007218057252122
1 72
     0.002571647167316    -0.000943796831317     0.016489005241106
    -0.008252346690372    -0.010424497283609    -0.000994563884824
    -0.010434769406513    -0.011362984826470    -0.023471046347036
1 73
     0.002167718648641    -0.001353203719016    -0.000073750219583
    -0.001353203719016     0.000605173585756     0.000042579709129
     0.000813241266140    -0.000469525063922     0.005142424629028
1 74
     0.005962846584898     0.000000000000000     0.000000000000000
     0.000000000000000     0.000293406601017     0.005943942777907
     0.000000000000000     0.006372847645955     0.007218057252122
1 75
     0.002167718648641     0.001353203719016     0.000073750219583
     0.001353203719016     0.000605173585756     0.000042579709129
    -0.000813241266140    -0.000469525063922     0.005142424629028
1 76
     0.008377577584665     0.000000000000000     0.000000000000000
     0.000000000000000     0.009608089880439     0.006761761309492
     0.000000000000000    -0.002702748000002     0.007843147770752
1 77
    -0.011157508124193     0.000325815187073    -0.007383185030609
    -0.006982734671982     0.003304658007900     0.014777179364345
     0.015058018225797    -0.003355282975438    -0.023471046347036
1 78
    -0.011157508124193    -0.000325815187073     0.007383185030609
     0.006982734671982     0.003304658007900     0.014777179364345
    -0.015058018225797    -0.003355282975438    -0.023471046347036
1 79
     0.009300461806495    -0.000532827453905     0.005855857068347
    -0.000532827453905     0.008685205658608    -0.003380880654746
    -0.002340648428029     0.001351374000001     0.007843147770752
1 80
     0.009300461806495     0.000532827453905    -0.005855857068347
     0.000532827453905     0.008685205658608    -0.003380880654746
     0.002340648428029     0.001351374000001     0.007843147770752
1 81
    -0.001365803741091     0.000000000000000     0.000000000000000
     0.000000000000000    -0.001365803741091     0.000000000000000
     0.000000000000000     0.000000000000000     0.011485620444249
1 82
    -0.001104569964661    -0.001931838965935    -0.000163579553248
    -0.000091933797657     0.000401181861873     0.001922403618162
     0.000397305262686    -0.002524755008948    -0.002156437459578
1 83
    -0.000019627330577     0.000000000000000     0.000000000000000
     0.000000000000000     0.000061210246960     0.000419152100885
     0.000000000000000    -0.001980448315204     0.001426954707018
1 84
    -0.001104569964661     0.001931838965935     0.000163579553248
     0.000091933797657     0.000401181861873     0.001922403618162
    -0.000397305262686    -0.002524755008948    -0.002156437459578
1 85
    -0.000851575407139    -0.000238000273546     0.001583060593031
    -0.002077905441824     0.000148187304351    -0.001102865857734
    -0.001987849344738     0.001606453955017    -0.002156437459578
1 86
     0.000010565476823    -0.000777035170477    -0.000779690923018
    -0.000777035170477     0.000907808406512    -0.000450154764289
     0.000557928446089     0.000322120138538     0.000208983486840
1 87
     0.000010565476823     0.000777035170477     0.000779690923018
     0.000777035170477     0.000907808406512    -0.000450154764289
    -0.000557928446089     0.000322120138538     0.000208983486840
1 88
    -0.000851575407139     0.000238000273546    -0.001583060593031
     0.002077905441824     0.000148187304351    -0.001102865857734
     0.001987849344738     0.001606453955017    -0.002156437459578
1 89
     0.000041000852575    -0.000035003697863     0.000362996367416
    -0.000035003697863     0.000000582063807    -0.000209576050443
    -0.001715118551849     0.000990224157602     0.001426954707018
1 90
     0.001356429871357     0.000000000000000     0.000000000000000
     0.000000000000000    -0.000438055988021     0.000900309528578
     0.000000000000000    -0.000644240277076     0.000208983486840
1 91
     0.000041000852575     0.000035003697863    -0.000362996367416
     0.000035003697863     0.000000582063807    -0.000209576050443
     0.001715118551849     0.000990224157602     0.001426954707018
1 92
    -0.000492748439439     0.000000000000000     0.000000000000000
     0.000000000000000     0.001002555810341    -0.000373303769965
     0.000000000000000     0.000569533622794     0.000788460103014
1 93
     0.000901063217618    -0.001066019060028     0.001746640146280
     0.000773886108250    -0.001604451320406    -0.000819537760428
    -0.002385154607424     0.000918301053931    -0.002156437459578
1 94
     0.000901063217618     0.001066019060028    -0.001746640146280
    -0.000773886108250    -0.001604451320406    -0.000819537760428
     0.002385154607424     0.000918301053931    -0.002156437459578
1 95
     0.000628729747896    -0.000647485733348    -0.000323290548118
    -0.000647485733348    -0.000118922376994     0.000186651884982
     0.000493230585649    -0.000284766811397     0.000788460103014
1 96
     0.000628729747896     0.000647485733348     0.000323290548118
     0.000647485733348    -0.000118922376994     0.000186651884982
    -0.000493230585649    -0.000284766811397     0.000788460103014
17 1
    -0.005749124625538     0.003875628096624    -0.018970047089559
     0.003875628096624    -0.010224314475268    -0.010952361793697
    -0.018970047089559    -0.010952361793697     0.002240849645539
17 2
    -0.005749124625538    -0.003875628096624     0.018970047089559
    -0.003875628096624    -0.010224314475268    -0.010952361793697
     0.018970047089559    -0.010952361793697     0.002240849645539
17 3
    -0.005990885440901    -0.000163581482894    -0.005441949316952
    -0.000163581482894    -0.013816329695469     0.003627147607632
    -0.005441949316952     0.003627147607632    -0.008362682159062
17 4
    -0.005990885440901     0.000163581482894     0.005441949316952
     0.000163581482894    -0.013816329695469     0.003627147607632
     0.005441949316952     0.003627147607632    -0.008362682159062
17 5
    -0.012461909400133     0.000000000000000     0.000000000000000
     0.000000000000000    -0.003511529700673     0.021904723587393
     0.000000000000000     0.021904723587393     0.002240849645539
17 6
    -0.008897607700237    -0.007983157191323     0.000784771638956
    -0.007983157191323     0.000320548206550     0.000453088117004
     0.000784771638956     0.000453088117004    -0.009299667738841
17 7
    -0.004988807522930     0.000000000000000     0.000000000000000
     0.000000000000000    -0.007746229752172     0.002869605455086
     0.000000000000000     0.002869605455086    -0.010283767678407
17 8
    -0.008897607700237     0.007983157191323    -0.000784771638956
     0.007983157191323     0.000320548206550     0.000453088117004
    -0.000784771638956     0.000453088117004    -0.009299667738841
17 9
    -0.012001634351602     0.003306726018730     0.000420227313009
     0.003306726018730    -0.007805580784768    -0.006526440158404
     0.000420227313009    -0.006526440158404    -0.008362682159062
17 10
    -0.007056874194861     0.001193998849742     0.002485151222943
     0.001193998849742    -0.005678163080240    -0.001434802727543
     0.002485151222943    -0.001434802727543    -0.010283767678407
17 11
    -0.007056874194861    -0.001193998849742    -0.002485151222943
    -0.001193998849742    -0.005678163080240    -0.001434802727543
    -0.002485151222943    -0.001434802727543    -0.010283767678407
17 12
    -0.012001634351602    -0.003306726018730    -0.000420227313009
    -0.003306726018730    -0.007805580784768    -0.006526440158404
    -0.000420227313009    -0.006526440158404    -0.008362682159062
17 13
    -0.011718302912052     0.003470307501625     0.005862176629961
     0.003470307501625    -0.008088912224318     0.002899292550772
     0.005862176629961     0.002899292550772    -0.008362682159062
17 14
     0.004929626159944     0.000000000000000     0.000000000000000
     0.000000000000000    -0.013506685653631    -0.000906176234007
     0.000000000000000    -0.000906176234007    -0.009299667738841
17 15
    -0.011718302912052    -0.003470307501625    -0.005862176629961
    -0.003470307501625    -0.008088912224318     0.002899292550772
    -0.005862176629961     0.002899292550772    -0.008362682159062
17 16
     0.004019290642069     0.000000000000000     0.000000000000000
     0.000000000000000     0.004019290642069     0.000000000000000
     0.000000000000000     0.000000000000000    -0.018019525426552
17 17
    20.680015762848864     0.000000000000000     0.000000000000000
     0.000000000000000    20.680015762848861     0.000000000000000
     0.000000000000000     0.000000000000000    25.318786169997601
17 18
    -0.226702475604558     0.894071281568527    -0.023244000576343
    -0.894071281568527    -0.359416191214381     0.002594757940259
     0.023244000576343     0.002594757940259     0.547344389395801
17 19
    -0.250039972074867     0.000000000000000     0.000000000000000
     0.000000000000000     0.071279292409646     0.004756196165469
     0.000000000000000     0.004756196165469    -0.110726981331071
17 20
    -0.226702475604558    -0.894071281568527     0.023244000576343
     0.894071281568527    -0.359416191214381     0.002594757940259
    -0.023244000576343     0.002594757940259     0.547344389395801
17 21
    -0.326237762311925    -0.836604556994162    -0.009374873995236
     0.951538006142892    -0.259880904507014    -0.021427273954823
     0.013869126581107     0.018832516014564     0.547344389395801
17 22
    -0.063239650040924     0.060545401736963     0.003638727541615
     0.060545401736963    -0.133151458022982     0.002100820325659
    -0.001572822171490    -0.000908069304097    -0.008508026457916
17 23
    -0.063239650040924    -0.060545401736963    -0.003638727541615
    -0.060545401736963    -0.133151458022982     0.002100820325659
     0.001572822171490    -0.000908069304097    -0.008508026457916
17 24
    -0.326237762311926     0.836604556994162     0.009374873995236
    -0.951538006142893    -0.259880904507014    -0.021427273954823
    -0.013869126581107     0.018832516014564     0.547344389395801
17 25
    -0.009050523711482    -0.139135322884459     0.004118986704678
    -0.139135322884459    -0.169710155953739    -0.002378098082735
     0.004118986704678    -0.002378098082735    -0.110726981331071
17 26
    -0.168107362014012     0.000000000000000     0.000000000000000
     0.000000000000000    -0.028283746049894    -0.004201640651318
     0.000000000000000     0.001816138608194    -0.008508026457916
17 27
    -0.009050523711482     0.139135322884459    -0.004118986704678
     0.139135322884459    -0.169710155953738    -0.002378098082735
    -0.004118986704678    -0.002378098082735    -0.110726981331071
17 28
    -0.168107362014012     0.000000000000000     0.000000000000000
     0.000000000000000    -0.028283746049894     0.001816138608194
     0.000000000000000    -0.004201640651318    -0.008508026457916
17 29
    -0.326237762311925     0.951538006142892     0.013869126581107
    -0.836604556994162    -0.259880904507014     0.018832516014564
    -0.009374873995236    -0.021427273954823     0.547344389395801
17 30
    -0.326237762311926    -0.951538006142893    -0.013869126581107
     0.836604556994162    -0.259880904507014     0.018832516014564
     0.009374873995236    -0.021427273954823     0.547344389395801
17 31
    -0.063239650040924    -0.060545401736963     0.001572822171490
    -0.060545401736963    -0.133151458022982    -0.000908069304097
    -0.003638727541615     0.002100820325659    -0.008508026457916
17 32
    -0.063239650040924     0.060545401736963    -0.001572822171490
     0.060545401736963    -0.133151458022982    -0.000908069304097
     0.003638727541615     0.002100820325659    -0.008508026457916
17 33
    -0.001365803741091     0.000000000000000     0.000000000000000
     0.000000000000000    -0.001365803741091     0.000000000000000
     0.000000000000000     0.000000000000000     0.011485620444249
17 34
    -0.001104569964661     0.001931838965935     0.000163579553248
     0.000091933797657     0.000401181861873     0.001922403618162
    -0.000397305262686    -0.002524755008948    -0.002156437459578
17 35
    -0.000019627330577     0.000000000000000     0.000000000000000
     0.000000000000000     0.000061210246960     0.000419152100885
     0.000000000000000    -0.001980448315204     0.001426954707018
17 36
    -0.001104569964661    -0.001931838965935    -0.000163579553248
    -0.000091933797657     0.000401181861873     0.001922403618162
     0.000397305262686    -0.002524755008948    -0.002156437459578
17 37
     0.000901063217618    -0.001066019060028     0.001746640146280
     0.000773886108250    -0.001604451320406    -0.000819537760428
    -0.002385154607424     0.000918301053931    -0.002156437459578
17 38
     0.000628729747896     0.000647485733348     0.000323290548118
     0.000647485733348    -0.000118922376994     0.000186651884982
    -0.000493230585649    -0.000284766811397     0.000788460103014
17 39
     0.000628729747896    -0.000647485733348    -0.000323290548118
    -0.000647485733348    -0.000118922376994     0.000186651884982
     0.000493230585649    -0.000284766811397     0.000788460103014
17 40
     0.000901063217618     0.001066019060028    -0.001746640146280
    -0.000773886108250    -0.001604451320406    -0.000819537760428
     0.002385154607424     0.000918301053931    -0.002156437459578
17 41
     0.000041000852575    -0.000035003697863     0.000362996367416
    -0.000035003697863     0.000000582063807    -0.000209576050443
    -0.001715118551849     0.000990224157602     0.001426954707018
17 42
    -0.000492748439439     0.000000000000000     0.000000000000000
     0.000000000000000     0.001002555810341    -0.000373303769965
     0.000000000000000     0.000569533622794     0.000788460103014
17 43
     0.000041000852575     0.000035003697863    -0.000362996367416
     0.000035003697863     0.000000582063807    -0.000209576050443
     0.001715118551849     0.000990224157602     0.001426954707018
17 44
     0.001356429871357     0.000000000000000     0.000000000000000
     0.000000000000000    -0.000438055988021     0.000900309528578
     0.000000000000000    -0.000644240277076     0.000208983486840
17 45
    -0.000851575407139    -0.000238000273546     0.001583060593031
    -0.002077905441824     0.000148187304351    -0.001102865857734
    -0.001987849344738     0.001606453955017    -0.002156437459578
17 46
    -0.000851575407139     0.000238000273546    -0.001583060593031
     0.002077905441824     0.000148187304351    -0.001102865857734
     0.001987849344738     0.001606453955017    -0.002156437459578
17 47
     0.000010565476823     0.000777035170477     0.000779690923018
     0.000777035170477     0.000907808406512    -0.000450154764289
    -0.000557928446089     0.000322120138538     0.000208983486840
17 48
     0.000010565476823    -0.000777035170477    -0.000779690923018
    -0.000777035170477     0.000907808406512    -0.000450154764289
     0.000557928446089     0.000322120138538     0.000208983486840
17 49
    -0.028536079423491     0.000000000000000     0.000000000000000
     0.000000000000000    -0.028536079423491     0.000000000000000
     0.000000000000000     0.000000000000000     0.061902224202851
17 50
    -0.003193414217563    -0.011580806432827     0.009105820210497
    -0.004272256573772    -0.004659435898730    -0.013782615479521
     0.004623248819284     0.014718267801908    -0.023471046347036
17 51
    -0.000176098945686     0.000000000000000     0.000000000000000
     0.000000000000000     0.002948991180083    -0.000085159418258
     0.000000000000000     0.000939050127844     0.005142424629028
17 52
    -0.003193414217563     0.011580806432827    -0.009105820210497
     0.004272256573772    -0.004659435898730    -0.013782615479521
    -0.004623248819284     0.014718267801908    -0.023471046347036
17 53
    -0.011157508124193     0.000325815187073    -0.007383185030609
    -0.006982734671982     0.003304658007900     0.014777179364345
     0.015058018225797    -0.003355282975438    -0.023471046347036
17 54
     0.009300461806495     0.000532827453905    -0.005855857068347
     0.000532827453905     0.008685205658608    -0.003380880654746
     0.002340648428029     0.001351374000001     0.007843147770752
17 55
     0.009300461806495    -0.000532827453905     0.005855857068347
    -0.000532827453905     0.008685205658608    -0.003380880654746
    -0.002340648428029     0.001351374000001     0.007843147770752
17 56
    -0.011157508124193    -0.000325815187073     0.007383185030609
     0.006982734671982     0.003304658007900     0.014777179364345
    -0.015058018225797    -0.003355282975438    -0.023471046347036
17 57
     0.002167718648641    -0.001353203719016    -0.000073750219583
    -0.001353203719016     0.000605173585756     0.000042579709129
     0.000813241266140    -0.000469525063922     0.005142424629028
17 58
     0.008377577584665     0.000000000000000     0.000000000000000
     0.000000000000000     0.009608089880439     0.006761761309492
     0.000000000000000    -0.002702748000002     0.007843147770752
17 59
     0.002167718648641     0.001353203719016     0.000073750219583
     0.001353203719016     0.000605173585756     0.000042579709129
    -0.000813241266140    -0.000469525063922     0.005142424629028
17 60
     0.005962846584898     0.000000000000000     0.000000000000000
     0.000000000000000     0.000293406601017     0.005943942777907
     0.000000000000000     0.006372847645955     0.007218057252122
17 61
     0.002571647167316     0.000943796831317    -0.016489005241106
     0.008252346690372    -0.010424497283609    -0.000994563884824
     0.010434769406513    -0.011362984826470    -0.023471046347036
17 62
     0.002571647167316    -0.000943796831317     0.016489005241106
    -0.008252346690372    -0.010424497283609    -0.000994563884824
    -0.010434769406513    -0.011362984826470    -0.023471046347036
17 63
     0.001710766596987     0.002454939525636     0.005147605444309
     0.002454939525636     0.004545486588928    -0.002971971388954
     0.005519047955845    -0.003186423822977     0.007218057252122
17 64
     0.001710766596987    -0.002454939525636    -0.005147605444309
    -0.002454939525636     0.004545486588928    -0.002971971388954
    -0.005519047955845    -0.003186423822977     0.007218057252122
17 65
    -3.917206404193631    -1.635693343706256    -3.159481017756041
    -1.635693343706256    -2.028470419592659    -1.824127216100963
    -2.935457846990959    -1.694787378155030    -4.281072952417518
17 66
    -3.917206404193631     1.635693343706256     3.159481017756041
     1.635693343706256    -2.028470419592659    -1.824127216100963
     2.935457846990959    -1.694787378155030    -4.281072952417518
17 67
    -0.040782378812649    -0.103362063468472    -0.042248899281265
     0.030409120841872    -0.020647521530899     0.024136549248274
     0.033407387200314     0.010699765553724    -0.066764641614689
17 68
    -0.040782378812649     0.103362063468472     0.042248899281265
    -0.030409120841872    -0.020647521530899     0.024136549248274
    -0.033407387200314     0.010699765553724    -0.066764641614689
17 69
    -1.084102427292173     0.000000000000000     0.000000000000000
     0.000000000000000    -4.861574396494117     3.648254432201925
     0.000000000000000     3.389574756310059    -4.281072952417518
17 70
    -0.096525214599565    -0.262966726339117     0.128941779312280
    -0.262966726339117     0.207122605880043     0.074444570995734
     0.157457600175105     0.090908187847049    -0.214452004607298
17 71
     0.018010869917800     0.000000000000000     0.000000000000000
     0.000000000000000     0.004610641470849    -0.007709542808955
     0.000000000000000    -0.006121700510827     0.006205648684488
17 72
    -0.096525214599565     0.262966726339117    -0.128941779312280
     0.262966726339117     0.207122605880043     0.074444570995734
    -0.157457600175105     0.090908187847049    -0.214452004607298
17 73
    -0.057270786649069     0.039928707544737    -0.000221584831933
    -0.093842476765607    -0.004159113694480    -0.048656894683643
     0.025969962384220     0.023581763212673    -0.066764641614689
17 74
     0.007960698582587     0.005802469125787    -0.006676659924119
     0.005802469125787     0.014660812806062     0.003854771404477
    -0.005301548156736     0.003060850255413     0.006205648684488
17 75
     0.007960698582587    -0.005802469125787     0.006676659924119
    -0.005802469125787     0.014660812806062     0.003854771404477
     0.005301548156736     0.003060850255413     0.006205648684488
17 76
    -0.057270786649069    -0.039928707544737     0.000221584831933
     0.093842476765607    -0.004159113694480    -0.048656894683643
    -0.025969962384220     0.023581763212673    -0.066764641614689
17 77
     0.005908314946395    -0.057366005452307     0.042027314449332
     0.076405178858038    -0.067338215289944     0.024520345435369
    -0.007437424816094    -0.034281528766397    -0.066764641614689
17 78
     0.358946516119847     0.000000000000000     0.000000000000000
     0.000000000000000    -0.248349124839368    -0.148889141991469
     0.000000000000000    -0.181816375694099    -0.214452004607298
17 79
     0.005908314946395     0.057366005452307    -0.042027314449332
    -0.076405178858038    -0.067338215289944     0.024520345435369
     0.007437424816094    -0.034281528766397    -0.066764641614689
17 80
     0.020418233549315     0.000000000000000     0.000000000000000
     0.000000000000000     0.020418233549315     0.000000000000000
     0.000000000000000     0.000000000000000    -0.017572798645629
17 81
    -3.956359373674808    -1.640643095247908     3.159649092896178
    -1.640643095247908    -2.061907908303847     1.824224254328365
     3.001495399730092     1.732914177005592    -4.368393403940265
17 82
    -3.956359373674808     1.640643095247908    -3.159649092896178
     1.640643095247908    -2.061907908303847     1.824224254328365
    -3.001495399730092     1.732914177005592    -4.368393403940265
17 83
    -0.049047145216782    -0.112611436108650     0.042850746602643
     0.028077508409844    -0.028955761567200    -0.023853563198476
    -0.038582809449323    -0.016920201382429    -0.063257760267491
17 84
    -0.049047145216782     0.112611436108650    -0.042850746602643
    -0.028077508409844    -0.028955761567200    -0.023853563198476
     0.038582809449323    -0.016920201382429    -0.063257760267491
17 85
    -1.114682175618367     0.000000000000000     0.000000000000000
     0.000000000000000    -4.903585106360288    -3.648448508656730
     0.000000000000000    -3.465828354011183    -4.368393403940265
17 86
    -0.100109105200288    -0.261854696117039    -0.108557792443498
    -0.261854696117039     0.202254653383192    -0.062675870689885
    -0.144736591115743    -0.083563709842263    -0.237672419357076
17 87
     0.013931264504728     0.000000000000000     0.000000000000000
     0.000000000000000     0.004082122812253     0.008103192957469
     0.000000000000000     0.002091150602827     0.005089771080982
17 88
    -0.100109105200288     0.261854696117039     0.108557792443498
     0.261854696117039     0.202254653383192    -0.062675870689885
     0.144736591115743    -0.083563709842263    -0.237672419357076
17 89
    -0.070582871914017     0.040511166015687     0.000767581600664
    -0.100177778502807    -0.007420034869965     0.049036616728257
    -0.033944728958993    -0.024953592441273    -0.063257760267491
17 90
     0.006544408235372     0.004264803455578     0.007017570952935
     0.004264803455578     0.011468979081609    -0.004051596478735
     0.001810989545188    -0.001045575301414     0.005089771080982
17 91
     0.006544408235372    -0.004264803455578    -0.007017570952935
    -0.004264803455578     0.011468979081609    -0.004051596478735
    -0.001810989545188    -0.001045575301414     0.005089771080982
17 92
    -0.070582871914017    -0.040511166015687    -0.000767581600664
     0.100177778502807    -0.007420034869965     0.049036616728257
     0.033944728958993    -0.024953592441273    -0.063257760267491
17 93
     0.002625656954826    -0.057910814653404    -0.042083165001979
     0.082778129865090    -0.080628563738808    -0.025183053529781
     0.004638080490329     0.041873793823702    -0.063257760267491
17 94
     0.353436532674932     0.000000000000000     0.000000000000000
     0.000000000000000    -0.251290984492028     0.125351741379771
     0.000000000000000     0.167127419684526    -0.237672419357076
17 95
     0.002625656954826     0.057910814653404     0.042083165001979
    -0.082778129865090    -0.080628563738808    -0.025183053529781
    -0.004638080490329     0.041873793823702    -0.063257760267491
17 96
     0.023558561333869     0.000000000000000     0.000000000000000
     0.000000000000000     0.023558561333869     0.000000000000000
     0.000000000000000     0.000000000000000    -0.018313761980635
33 1
    -3.956359373674810    -1.640643095247908     3.001495399730090
    -1.640643095247904    -2.061907908303847     1.732914177005593
     3.159649092896176     1.824224254328366    -4.368393403940267
33 2
    -3.956359373674808     1.640643095247908    -3.001495399730092
     1.640643095247908    -2.061907908303847     1.732914177005592
    -3.159649092896178     1.824224254328365    -4.368393403940263
33 3
    -0.049047145216782     0.028077508409844    -0.038582809449323
    -0.112611436108650    -0.028955761567200    -0.016920201382429
     0.042850746602643    -0.023853563198476    -0.063257760267491
33 4
    -0.049047145216782    -0.028077508409844     0.038582809449323
     0.112611436108650    -0.028955761567200    -0.016920201382429
    -0.042850746602643    -0.023853563198476    -0.063257760267491
33 5
    -1.114682175618366     0.000000000000000     0.000000000000000
     0.000000000000000    -4.903585106360287    -3.465828354011183
     0.000000000000000    -3.648448508656730    -4.368393403940265
33 6
    -0.100109105200288    -0.261854696117039    -0.144736591115743
    -0.261854696117039     0.202254653383192    -0.083563709842263
    -0.108557792443498    -0.062675870689885    -0.237672419357076
33 7
     0.013931264504728     0.000000000000000     0.000000000000000
     0.000000000000000     0.004082122812253     0.002091150602827
     0.000000000000000     0.008103192957469     0.005089771080982
33 8
    -0.100109105200288     0.261854696117039     0.144736591115743
     0.261854696117039     0.202254653383192    -0.083563709842263
     0.108557792443498    -0.062675870689885    -0.237672419357076
33 9
    -0.070582871914017    -0.100177778502807    -0.033944728958993
     0.040511166015687    -0.007420034869965    -0.024953592441273
     0.000767581600664     0.049036616728257    -0.063257760267491
33 10
     0.006544408235372     0.004264803455578     0.001810989545188
     0.004264803455578     0.011468979081609    -0.001045575301414
     0.007017570952935    -0.004051596478735     0.005089771080982
33 11
     0.006544408235372    -0.004264803455578    -0.001810989545188
    -0.004264803455578     0.011468979081609    -0.001045575301414
    -0.007017570952935    -0.004051596478735     0.005089771080982
33 12
    -0.070582871914017     0.100177778502807     0.033944728958993
    -0.040511166015687    -0.007420034869965    -0.024953592441273
    -0.000767581600664     0.049036616728257    -0.063257760267491
33 13
     0.002625656954826     0.082778129865090     0.004638080490329
    -0.057910814653404    -0.080628563738808     0.041873793823702
    -0.042083165001979    -0.025183053529781    -0.063257760267491
33 14
     0.353436532674932     0.000000000000000     0.000000000000000
     0.000000000000000    -0.251290984492028     0.167127419684526
     0.000000000000000     0.125351741379771    -0.237672419357077
33 15
     0.002625656954826    -0.082778129865090    -0.004638080490329
     0.057910814653404    -0.080628563738808     0.041873793823702
     0.042083165001979    -0.025183053529781    -0.063257760267491
33 16
     0.023558561333869     0.000000000000000     0.000000000000000
     0.000000000000000     0.023558561333869     0.000000000000000
     0.000000000000000     0.000000000000000    -0.018313761980635
33 17
    -0.001365803741091     0.000000000000000     0.000000000000000
     0.000000000000000    -0.001365803741091     0.000000000000000
     0.000000000000000     0.000000000000000     0.011485620444249
33 18
    -0.001104569964661    -0.000091933797657     0.000397305262686
    -0.001931838965935     0.000401181861873    -0.002524755008948
    -0.000163579553248     0.001922403618162    -0.002156437459578
33 19
    -0.000019627330577     0.000000000000000     0.000000000000000
     0.000000000000000     0.000061210246960    -0.001980448315204
     0.000000000000000     0.000419152100885     0.001426954707018
33 20
    -0.001104569964661     0.000091933797657    -0.000397305262686
     0.001931838965935     0.000401181861873    -0.002524755008948
     0.000163579553248     0.001922403618162    -0.002156437459578
33 21
    -0.000851575407139    -0.002077905441824    -0.001987849344738
    -0.000238000273546     0.000148187304351     0.001606453955017
     0.001583060593031    -0.001102865857734    -0.002156437459578
33 22
     0.000010565476823    -0.000777035170477     0.000557928446089
    -0.000777035170477     0.000907808406512     0.000322120138538
    -0.000779690923018    -0.000450154764289     0.000208983486840
33 23
     0.000010565476823     0.000777035170477    -0.000557928446089
     0.000777035170477     0.000907808406512     0.000322120138538
     0.000779690923018    -0.000450154764289     0.000208983486840
33 24
    -0.000851575407139     0.002077905441824     0.001987849344738
     0.000238000273546     0.000148187304351     0.001606453955017
    -0.001583060593031    -0.001102865857734    -0.002156437459578
33 25
     0.000041000852575    -0.000035003697863    -0.001715118551849
    -0.000035003697863     0.000000582063807     0.000990224157602
     0.000362996367416    -0.000209576050443     0.001426954707018
33 26
     0.001356429871357     0.000000000000000     0.000000000000000
     0.000000000000000    -0.000438055988021    -0.000644240277076
     0.000000000000000     0.000900309528578     0.000208983486840
33 27
     0.000041000852575     0.000035003697863     0.001715118551849
     0.000035003697863     0.000000582063807     0.000990224157602
    -0.000362996367416    -0.000209576050443     0.001426954707018
33 28
    -0.000492748439439     0.000000000000000     0.000000000000000
     0.000000000000000     0.001002555810341     0.000569533622794
     0.000000000000000    -0.000373303769965     0.000788460103014
33 29
     0.000901063217618     0.000773886108250    -0.002385154607424
    -0.001066019060028    -0.001604451320406     0.000918301053931
     0.001746640146280    -0.000819537760428    -0.002156437459578
33 30
     0.000901063217618    -0.000773886108250     0.002385154607424
     0.001066019060028    -0.001604451320406     0.000918301053931
    -0.001746640146280    -0.000819537760428    -0.002156437459578
33 31
     0.000628729747896    -0.000647485733348     0.000493230585649
    -0.000647485733348    -0.000118922376994    -0.000284766811397
    -0.000323290548118     0.000186651884982     0.000788460103014
33 32
     0.000628729747896     0.000647485733348    -0.000493230585649
     0.000647485733348    -0.000118922376994    -0.000284766811397
     0.000323290548118     0.000186651884982     0.000788460103014
33 33
    10.500769899943968     0.000000000000000     0.000000000000000
     0.000000000000000    10.500769899943970     0.000000000000000
     0.000000000000000     0.000000000000000    13.658061054273183
33 34
    -0.808095049541793     0.028389195908105    -0.124358695931086
    -0.028389195908105     0.083716145416537    -0.007866127886901
     0.124358695931086    -0.007866127886901     0.290597642915393
33 35
    -0.005231993524504     0.000000000000000     0.000000000000000
     0.000000000000000     0.000884979660830     0.010209239936632
     0.000000000000000     0.010209239936632     0.045767022049372
33 36
    -0.808095049541793    -0.028389195908105     0.124358695931086
     0.028389195908105     0.083716145416537    -0.007866127886901
    -0.124358695931086    -0.007866127886901     0.290597642915393
33 37
    -0.139236653323046    -0.414554771014740    -0.068991614545017
    -0.357776379198530    -0.585142250802211    -0.103764725914374
     0.055367081386069     0.111630853801276     0.290597642915393
33 38
     0.017113484327612     0.010115177969382     0.008995907518042
     0.010115177969382     0.005433482880564     0.005193789627147
    -0.001297713043033    -0.000749234974726     0.002732805836739
33 39
     0.017113484327612    -0.010115177969382    -0.008995907518042
    -0.010115177969382     0.005433482880564     0.005193789627147
     0.001297713043033    -0.000749234974726     0.002732805836739
33 40
    -0.139236653323046     0.414554771014740     0.068991614545017
     0.357776379198530    -0.585142250802211    -0.103764725914374
    -0.055367081386069     0.111630853801276     0.290597642915393
33 41
    -0.000644263635504    -0.002648727086384     0.008841461138454
    -0.002648727086384    -0.003702750228171    -0.005104619968316
     0.008841461138454    -0.005104619968316     0.045767022049372
33 42
    -0.000406517842960     0.000000000000000     0.000000000000000
     0.000000000000000     0.022953485051135    -0.010387579254293
     0.000000000000000     0.001498469949452     0.002732805836739
33 43
    -0.000644263635504     0.002648727086384    -0.008841461138454
     0.002648727086384    -0.003702750228171    -0.005104619968316
    -0.008841461138454    -0.005104619968316     0.045767022049372
33 44
    -0.000406517842960     0.000000000000000     0.000000000000000
     0.000000000000000     0.022953485051135     0.001498469949452
     0.000000000000000    -0.010387579254293     0.002732805836739
33 45
    -0.139236653323046    -0.357776379198530     0.055367081386069
    -0.414554771014740    -0.585142250802211     0.111630853801276
    -0.068991614545017    -0.103764725914374     0.290597642915393
33 46
    -0.139236653323046     0.357776379198530    -0.055367081386069
     0.414554771014740    -0.585142250802211     0.111630853801276
     0.068991614545017    -0.103764725914374     0.290597642915393
33 47
     0.017113484327612    -0.010115177969382     0.001297713043033
    -0.010115177969382     0.005433482880564    -0.000749234974726
    -0.008995907518042     0.005193789627147     0.002732805836739
33 48
     0.017113484327612     0.010115177969382    -0.001297713043033
     0.010115177969382     0.005433482880564    -0.000749234974726
     0.008995907518042     0.005193789627147     0.002732805836739
33 49
     0.223597756636179     0.000000000000000     0.000000000000000
     0.000000000000000     0.223597756636179     0.000000000000000
     0.000000000000000     0.000000000000000    -1.550600390369842
33 50
    -0.104790617737046    -0.109126036189881    -0.135759451099528
     0.109066408963291     0.166174001331881     0.122470177548820
    -0.137509368118116    -0.131563509196253    -0.024425984273435
33 51
     0.001651681521256     0.000000000000000     0.000000000000000
     0.000000000000000     0.030268512556643    -0.006274205942125
     0.000000000000000     0.004105471618221     0.006777376063804
33 52
    -0.104790617737046     0.109126036189881     0.135759451099528
    -0.109066408963291     0.166174001331880     0.122470177548819
     0.137509368118116    -0.131563509196253    -0.024425984273436
33 53
     0.098407027218157    -0.008249806050293     0.038182559413504
    -0.226442251203466    -0.037023643623323    -0.178806222230432
    -0.182692025234041    -0.053304851450508    -0.024425984273435
33 54
    -0.001659406599423    -0.004608513683294    -0.009809058150060
    -0.004608513683294     0.003662046631805    -0.005663262363434
     0.002436791828910     0.001406882418380     0.034277457694743
33 55
    -0.001659406599423     0.004608513683294     0.009809058150060
     0.004608513683294     0.003662046631805    -0.005663262363434
    -0.002436791828910     0.001406882418380     0.034277457694743
33 56
     0.098407027218157     0.008249806050293    -0.038182559413504
     0.226442251203466    -0.037023643623323    -0.178806222230432
     0.182692025234041    -0.053304851450508    -0.024425984273435
33 57
     0.023114304797796    -0.012391451326226    -0.005433621734455
    -0.012391451326226     0.008805889280103     0.003137102971062
     0.003555442715895    -0.002052735809110     0.006777376063804
33 58
     0.006322773247419     0.000000000000000     0.000000000000000
     0.000000000000000    -0.004320133215036     0.011326524726867
     0.000000000000000    -0.002813764836761     0.034277457694743
33 59
     0.023114304797796     0.012391451326226     0.005433621734455
     0.012391451326226     0.008805889280103     0.003137102971062
    -0.003555442715895    -0.002052735809110     0.006777376063804
33 60
     0.005938800348934     0.000000000000000     0.000000000000000
     0.000000000000000    -0.005057609106584     0.003579151563162
     0.000000000000000    -0.006556774102626     0.034556642786362
33 61
     0.098458665911141    -0.226412437590171     0.173942010513032
    -0.008219992436998    -0.037075282316307     0.056336044681613
    -0.045182657115925     0.184868360646761    -0.024425984273435
33 62
     0.098458665911141     0.226412437590171    -0.173942010513032
     0.008219992436998    -0.037075282316307     0.056336044681613
     0.045182657115925     0.184868360646761    -0.024425984273435
33 63
    -0.002308506742704     0.004761584969447     0.003099636177693
     0.004761584969447     0.003189697985055    -0.001789575781581
    -0.005678332939750     0.003278387051313     0.034556642786362
33 64
    -0.002308506742704    -0.004761584969447    -0.003099636177693
    -0.004761584969447     0.003189697985055    -0.001789575781581
     0.005678332939750     0.003278387051313     0.034556642786362
33 65
     0.008287077292904     0.000561979166319    -0.002641464772697
     0.000561979166319     0.007638159646998    -0.001525050397571
    -0.002665144666826    -0.001538721990821     0.005625625026587
33 66
     0.008287077292904    -0.000561979166319     0.002641464772697
    -0.000561979166319     0.007638159646998    -0.001525050397571
     0.002665144666826    -0.001538721990821     0.005625625026587
33 67
     0.010221525648703    -0.000459651730191     0.000366665595978
    -0.001441296049891     0.008719601045046    -0.000879131781338
     0.002825371457910    -0.001755555051826     0.005360044081319
33 68
     0.010221525648703     0.000459651730191    -0.000366665595978
     0.001441296049891     0.008719601045046    -0.000879131781338
    -0.002825371457910    -0.001755555051826     0.005360044081319
33 69
     0.007313700824044     0.000000000000000     0.000000000000000
     0.000000000000000     0.008611536115857     0.003050100795143
     0.000000000000000     0.003077443981643     0.005625625026587
33 70
     0.009565772061781     0.000062489020168     0.006232522056010
     0.000062489020168     0.009493615956550     0.003598348286768
     0.001211572691747     0.000699501819723     0.008241422284119
33 71
     0.008687566307716     0.000000000000000     0.000000000000000
     0.000000000000000     0.007673956996495    -0.000075835442750
     0.000000000000000    -0.000452975079303     0.004375944141754
33 72
     0.009565772061781    -0.000062489020168    -0.006232522056010
    -0.000062489020168     0.009493615956550     0.003598348286768
    -0.001211572691747     0.000699501819723     0.008241422284119
33 73
     0.008271947661551    -0.000315706674203    -0.000578017657924
     0.000665937645497     0.010669179032198     0.000757107611480
    -0.000107669543669     0.003324620983590     0.005360044081319
33 74
     0.007927359324301     0.000438905706515    -0.000065675419929
     0.000438905706515     0.008434163979911     0.000037917721375
    -0.000392287925958     0.000226487539652     0.004375944141754
33 75
     0.007927359324301    -0.000438905706515     0.000065675419929
    -0.000438905706515     0.008434163979911     0.000037917721375
     0.000392287925958     0.000226487539652     0.004375944141754
33 76
     0.008271947661551     0.000315706674203     0.000578017657924
    -0.000665937645497     0.010669179032198     0.000757107611480
     0.000107669543669     0.003324620983590     0.005360044081319
33 77
     0.009918216730370     0.001616411535538    -0.000944683253902
     0.000634767215838     0.009022909963379     0.000122024169858
    -0.002933041001578    -0.001569065931764     0.005360044081319
33 78
     0.009457537903934     0.000000000000000     0.000000000000000
     0.000000000000000     0.009601850114396    -0.007196696573536
     0.000000000000000    -0.001399003639446     0.008241422284119
33 79
     0.009918216730370    -0.001616411535538     0.000944683253902
    -0.000634767215838     0.009022909963379     0.000122024169858
     0.002933041001578    -0.001569065931764     0.005360044081319
33 80
     0.007183148287306     0.000000000000000     0.000000000000000
     0.000000000000000     0.007183148287306     0.000000000000000
     0.000000000000000     0.000000000000000     0.004672534538259
33 81
     0.004354698726989    -0.000617061454388    -0.000143710291713
    -0.000617061454388     0.005067219920583    -0.000082971175606
    -0.000143710291713    -0.000082971175606    -0.000978025171395
33 82
     0.004354698726989     0.000617061454388     0.000143710291713
     0.000617061454388     0.005067219920583    -0.000082971175606
     0.000143710291713    -0.000082971175606    -0.000978025171395
33 83
     0.003854042280223     0.000026963308531     0.000090879598601
     0.000026963308531     0.004077934329008     0.000130818297697
     0.000090879598601     0.000130818297697     0.001434310073833
33 84
     0.003854042280223    -0.000026963308531    -0.000090879598601
    -0.000026963308531     0.004077934329008     0.000130818297697
    -0.000090879598601     0.000130818297697     0.001434310073833
33 85
     0.005423480517381     0.000000000000000     0.000000000000000
     0.000000000000000     0.003998438130191     0.000165942351212
     0.000000000000000     0.000165942351212    -0.000978025171395
33 86
     0.004613495341729    -0.000209518557553     0.000478597612500
    -0.000209518557553     0.004855426532936     0.000276318460410
     0.000478597612500     0.000276318460410     0.001841234098443
33 87
     0.004351261402985     0.000000000000000     0.000000000000000
     0.000000000000000     0.004223393945941    -0.000016058735134
     0.000000000000000    -0.000016058735134     0.001807623854524
33 88
     0.004613495341729     0.000209518557553    -0.000478597612500
     0.000209518557553     0.004855426532936     0.000276318460410
    -0.000478597612500     0.000276318460410     0.001841234098443
33 89
     0.004045312226970    -0.000083466446711     0.000158731768386
    -0.000083466446711     0.003886664382261     0.000013294892226
     0.000158731768386     0.000013294892226     0.001434310073833
33 90
     0.004255360810202     0.000055368233058    -0.000013907272579
     0.000055368233058     0.004319294538724     0.000008029367567
    -0.000013907272579     0.000008029367567     0.001807623854524
33 91
     0.004255360810202    -0.000055368233058     0.000013907272579
    -0.000055368233058     0.004319294538724     0.000008029367567
     0.000013907272579     0.000008029367567     0.001807623854524
33 92
     0.004045312226970     0.000083466446711    -0.000158731768386
     0.000083466446711     0.003886664382261     0.000013294892226
    -0.000158731768386     0.000013294892226     0.001434310073833
33 93
     0.003998610406654    -0.000110429755242     0.000067852169785
    -0.000110429755242     0.003933366202577    -0.000144113189923
     0.000067852169785    -0.000144113189923     0.001434310073833
33 94
     0.004976392128540     0.000000000000000     0.000000000000000
     0.000000000000000     0.004492529746125    -0.000552636920821
     0.000000000000000    -0.000552636920821     0.001841234098443
33 95
     0.003998610406654     0.000110429755242    -0.000067852169785
     0.000110429755242     0.003933366202577    -0.000144113189923
    -0.000067852169785    -0.000144113189923     0.001434310073833
33 96
     0.004156562286264     0.000000000000000     0.000000000000000
     0.000000000000000     0.004156562286264     0.000000000000000
     0.000000000000000     0.000000000000000     0.001765210927663
49 1
    -3.917206404193633    -1.635693343706256    -2.935457846990957
    -1.635693343706252    -2.028470419592659    -1.694787378155030
    -3.159481017756039    -1.824127216100964    -4.281072952417521
49 2
    -3.917206404193631     1.635693343706256     2.935457846990959
     1.635693343706256    -2.028470419592659    -1.694787378155030
     3.159481017756041    -1.824127216100963    -4.281072952417516
49 3
    -0.040782378812649     0.030409120841872     0.033407387200314
    -0.103362063468472    -0.020647521530899     0.010699765553724
    -0.042248899281265     0.024136549248274    -0.066764641614689
49 4
    -0.040782378812649    -0.030409120841872    -0.033407387200314
     0.103362063468472    -0.020647521530899     0.010699765553724
     0.042248899281265     0.024136549248274    -0.066764641614689
49 5
    -1.084102427292173     0.000000000000000     0.000000000000000
     0.000000000000000    -4.861574396494116     3.389574756310059
     0.000000000000000     3.648254432201925    -4.281072952417518
49 6
    -0.096525214599565    -0.262966726339117     0.157457600175105
    -0.262966726339117     0.207122605880043     0.090908187847049
     0.128941779312280     0.074444570995734    -0.214452004607298
49 7
     0.018010869917800     0.000000000000000     0.000000000000000
     0.000000000000000     0.004610641470849    -0.006121700510827
     0.000000000000000    -0.007709542808955     0.006205648684488
49 8
    -0.096525214599565     0.262966726339117    -0.157457600175105
     0.262966726339117     0.207122605880043     0.090908187847049
    -0.128941779312280     0.074444570995734    -0.214452004607298
49 9
    -0.057270786649069    -0.093842476765607     0.025969962384220
     0.039928707544737    -0.004159113694480     0.023581763212673
    -0.000221584831933    -0.048656894683643    -0.066764641614689
49 10
     0.007960698582587     0.005802469125787    -0.005301548156736
     0.005802469125787     0.014660812806062     0.003060850255413
    -0.006676659924119     0.003854771404477     0.006205648684488
49 11
     0.007960698582587    -0.005802469125787     0.005301548156736
    -0.005802469125787     0.014660812806062     0.003060850255413
     0.006676659924119     0.003854771404477     0.006205648684488
49 12
    -0.057270786649069     0.093842476765607    -0.025969962384220
    -0.039928707544737    -0.004159113694480     0.023581763212673
     0.000221584831933    -0.048656894683643    -0.066764641614689
49 13
     0.005908314946395     0.076405178858037    -0.007437424816094
    -0.057366005452307    -0.067338215289944    -0.034281528766397
     0.042027314449332     0.024520345435369    -0.066764641614689
49 14
     0.358946516119847     0.000000000000000     0.000000000000000
     0.000000000000000    -0.248349124839368    -0.181816375694099
     0.000000000000000    -0.148889141991469    -0.214452004607298
49 15
     0.005908314946395    -0.076405178858037     0.007437424816094
     0.057366005452307    -0.067338215289944    -0.034281528766397
    -0.042027314449332     0.024520345435369    -0.066764641614689
49 16
     0.020418233549315     0.000000000000000     0.000000000000000
     0.000000000000000     0.020418233549315     0.000000000000000
     0.000000000000000     0.000000000000000    -0.017572798645629
49 17
    -0.028536079423491     0.000000000000000     0.000000000000000
     0.000000000000000    -0.028536079423491     0.000000000000000
     0.000000000000000     0.000000000000000     0.061902224202851
49 18
    -0.003193414217563     0.004272256573772    -0.004623248819284
     0.011580806432827    -0.004659435898730     0.014718267801908
    -0.009105820210497    -0.013782615479521    -0.023471046347036
49 19
    -0.000176098945686     0.000000000000000     0.000000000000000
     0.000000000000000     0.002948991180083     0.000939050127844
     0.000000000000000    -0.000085159418258     0.005142424629028
49 20
    -0.003193414217563    -0.004272256573772     0.004623248819284
    -0.011580806432827    -0.004659435898730     0.014718267801908
     0.009105820210497    -0.013782615479521    -0.023471046347036
49 21
     0.002571647167316     0.008252346690372     0.010434769406513
     0.000943796831317    -0.010424497283609    -0.011362984826470
    -0.016489005241106    -0.000994563884824    -0.023471046347036
49 22
     0.001710766596987    -0.002454939525636    -0.005519047955845
    -0.002454939525636     0.004545486588928    -0.003186423822977
    -0.005147605444309    -0.002971971388954     0.007218057252122
49 23
     0.001710766596987     0.002454939525636     0.005519047955845
     0.002454939525636     0.004545486588928    -0.003186423822977
     0.005147605444309    -0.002971971388954     0.007218057252122
49 24
     0.002571647167316    -0.008252346690372    -0.010434769406513
    -0.000943796831317    -0.010424497283609    -0.011362984826470
     0.016489005241106    -0.000994563884824    -0.023471046347036
49 25
     0.002167718648641    -0.001353203719016     0.000813241266140
    -0.001353203719016     0.000605173585756    -0.000469525063922
    -0.000073750219583     0.000042579709129     0.005142424629028
49 26
     0.005962846584898     0.000000000000000     0.000000000000000
     0.000000000000000     0.000293406601017     0.006372847645955
     0.000000000000000     0.005943942777907     0.007218057252122
49 27
     0.002167718648641     0.001353203719016    -0.000813241266140
     0.001353203719016     0.000605173585756    -0.000469525063922
     0.000073750219583     0.000042579709129     0.005142424629028
49 28
     0.008377577584665     0.000000000000000     0.000000000000000
     0.000000000000000     0.009608089880439    -0.002702748000002
     0.000000000000000     0.006761761309492     0.007843147770752
49 29
    -0.011157508124193    -0.006982734671982     0.015058018225797
     0.000325815187073     0.003304658007900    -0.003355282975438
    -0.007383185030609     0.014777179364345    -0.023471046347036
49 30
    -0.011157508124193     0.006982734671982    -0.015058018225797
    -0.000325815187073     0.003304658007900    -0.003355282975438
     0.007383185030609     0.014777179364345    -0.023471046347036
49 31
     0.009300461806495    -0.000532827453905    -0.002340648428029
    -0.000532827453905     0.008685205658608     0.001351374000001
     0.005855857068347    -0.003380880654746     0.007843147770752
49 32
     0.009300461806495     0.000532827453905     0.002340648428029
     0.000532827453905     0.008685205658608     0.001351374000001
    -0.005855857068347    -0.003380880654746     0.007843147770752
49 33
     0.223597756636179     0.000000000000000     0.000000000000000
     0.000000000000000     0.223597756636179     0.000000000000000
     0.000000000000000     0.000000000000000    -1.550600390369842
49 34
    -0.104790617737046    -0.109066408963291     0.137509368118116
     0.109126036189881     0.166174001331880    -0.131563509196253
     0.135759451099528     0.122470177548819    -0.024425984273436
49 35
     0.001651681521256     0.000000000000000     0.000000000000000
     0.000000000000000     0.030268512556643     0.004105471618221
     0.000000000000000    -0.006274205942125     0.006777376063804
49 36
    -0.104790617737046     0.109066408963291    -0.137509368118116
    -0.109126036189881     0.166174001331881    -0.131563509196253
    -0.135759451099528     0.122470177548820    -0.024425984273435
49 37
     0.098458665911141    -0.008219992436998    -0.045182657115925
    -0.226412437590171    -0.037075282316307     0.184868360646761
     0.173942010513032     0.056336044681613    -0.024425984273435
49 38
    -0.002308506742704    -0.004761584969447     0.005678332939750
    -0.004761584969447     0.003189697985055     0.003278387051313
    -0.003099636177693    -0.001789575781581     0.034556642786362
49 39
    -0.002308506742704     0.004761584969447    -0.005678332939750
     0.004761584969447     0.003189697985055     0.003278387051313
     0.003099636177693    -0.001789575781581     0.034556642786362
49 40
     0.098458665911141     0.008219992436998     0.045182657115925
     0.226412437590171    -0.037075282316307     0.184868360646761
    -0.173942010513032     0.056336044681613    -0.024425984273435
49 41
     0.023114304797796    -0.012391451326226     0.003555442715895
    -0.012391451326226     0.008805889280103    -0.002052735809110
    -0.005433621734455     0.003137102971062     0.006777376063804
49 42
     0.005938800348934     0.000000000000000     0.000000000000000
     0.000000000000000    -0.005057609106584    -0.006556774102626
     0.000000000000000     0.003579151563162     0.034556642786362
49 43
     0.023114304797796     0.012391451326226    -0.003555442715895
     0.012391451326226     0.008805889280103    -0.002052735809110
     0.005433621734455     0.003137102971062     0.006777376063804
49 44
     0.006322773247419     0.000000000000000     0.000000000000000
     0.000000000000000    -0.004320133215036    -0.002813764836761
     0.000000000000000     0.011326524726867     0.034277457694743
49 45
     0.098407027218157    -0.226442251203466    -0.182692025234041
    -0.008249806050293    -0.037023643623323    -0.053304851450508
     0.038182559413504    -0.178806222230432    -0.024425984273435
49 46
     0.098407027218157     0.226442251203466     0.182692025234041
     0.008249806050293    -0.037023643623323    -0.053304851450508
    -0.038182559413504    -0.178806222230432    -0.024425984273435
49 47
    -0.001659406599423     0.004608513683294    -0.002436791828910
     0.004608513683294     0.003662046631805     0.001406882418380
     0.009809058150060    -0.005663262363434     0.034277457694743
49 48
    -0.001659406599423    -0.004608513683294     0.002436791828910
    -0.004608513683294     0.003662046631805     0.001406882418380
    -0.009809058150060    -0.005663262363434     0.034277457694743
49 49
    10.289092373238519     0.000000000000000     0.000000000000000
     0.000000000000000    10.289092373238521     0.000000000000000
     0.000000000000000     0.000000000000000    13.574870373945526
49 50
    -0.839995074211652     0.022707078227606     0.105776449217739
    -0.022707078227607     0.095452086965685     0.015312938811299
    -0.105776449217739     0.015312938811299     0.279526543602917
49 51
     0.007605418653229     0.000000000000000     0.000000000000000
     0.000000000000000     0.010149328510497    -0.004930358713098
     0.000000000000000    -0.004930358713098     0.059960623055631
49 52
    -0.839995074211652    -0.022707078227607    -0.105776449217739
     0.022707078227606     0.095452086965685     0.015312938811299
     0.105776449217739     0.015312938811299     0.279526543602917
49 53
    -0.138409703328649    -0.427767580966412     0.066149618626051
    -0.382353424511198    -0.606133283917318     0.083948622739027
    -0.039626830591688    -0.099261561550326     0.279526543602917
49 54
     0.024508623972089     0.012348467505151    -0.006156522023914
     0.012348467505151     0.010249841895732    -0.003554469647779
     0.003657743503742     0.002111799196512     0.016446460562249
49 55
     0.024508623972089    -0.012348467505151     0.006156522023914
    -0.012348467505151     0.010249841895732    -0.003554469647779
    -0.003657743503742     0.002111799196512     0.016446460562249
49 56
    -0.138409703328649     0.427767580966412    -0.066149618626051
     0.382353424511198    -0.606133283917317     0.083948622739027
     0.039626830591688    -0.099261561550326     0.279526543602917
49 57
     0.009513351046180    -0.001101545280666    -0.004269815895313
    -0.001101545280666     0.008241396117546     0.002465179356549
    -0.004269815895313     0.002465179356549     0.059960623055631
49 58
     0.003120450857554     0.000000000000000     0.000000000000000
     0.000000000000000     0.031638015010267     0.007108939295558
     0.000000000000000    -0.004223598393024     0.016446460562249
49 59
     0.009513351046180     0.001101545280666     0.004269815895313
     0.001101545280666     0.008241396117546     0.002465179356549
     0.004269815895313     0.002465179356549     0.059960623055631
49 60
     0.003120450857554     0.000000000000000     0.000000000000000
     0.000000000000000     0.031638015010267    -0.004223598393024
     0.000000000000000     0.007108939295558     0.016446460562249
49 61
    -0.138409703328649    -0.382353424511198    -0.039626830591688
    -0.427767580966412    -0.606133283917318    -0.099261561550326
     0.066149618626051     0.083948622739027     0.279526543602917
49 62
    -0.138409703328649     0.382353424511198     0.039626830591688
     0.427767580966412    -0.606133283917317    -0.099261561550326
    -0.066149618626051     0.083948622739027     0.279526543602917
49 63
     0.024508623972089    -0.012348467505151    -0.003657743503742
    -0.012348467505151     0.010249841895732     0.002111799196512
     0.006156522023914    -0.003554469647779     0.016446460562249
49 64
     0.024508623972089     0.012348467505151     0.003657743503742
     0.012348467505151     0.010249841895732     0.002111799196512
    -0.006156522023914    -0.003554469647779     0.016446460562249
49 65
    -0.043728964757306    -0.048011296232011     0.150013366172542
    -0.048011296232011     0.011709704850082     0.086610257341759
     0.150013366172542     0.086610257341759    -0.157934788344395
49 66
    -0.043728964757306     0.048011296232011    -0.150013366172542
     0.048011296232011     0.011709704850082     0.086610257341759
    -0.150013366172542     0.086610257341759    -0.157934788344395
49 67
     0.009725443470068     0.001130929723339     0.006428330756191
     0.001130929723339     0.010074546677737    -0.004510715213098
     0.006428330756191    -0.004510715213098     0.015098849829803
49 68
     0.009725443470068    -0.001130929723338    -0.006428330756191
    -0.001130929723339     0.010074546677737    -0.004510715213098
    -0.006428330756191    -0.004510715213098     0.015098849829803
49 69
     0.039429039653777     0.000000000000000     0.000000000000000
     0.000000000000000    -0.071448299561001    -0.173220514683518
     0.000000000000000    -0.173220514683518    -0.157934788344395
49 70
     0.010608296106674    -0.011077876394989    -0.009119592302565
    -0.011077876394989     0.023399925944067    -0.005265199070785
    -0.009119592302565    -0.005265199070785     0.030122528831948
49 71
     0.010629893246201     0.000000000000000     0.000000000000000
     0.000000000000000     0.010859200049621    -0.001391368376961
     0.000000000000000    -0.001391368376961     0.012008407907372
49 72
     0.010608296106674     0.011077876394989     0.009119592302565
     0.011077876394989     0.023399925944067    -0.005265199070785
     0.009119592302565    -0.005265199070785     0.030122528831948
49 73
     0.010966684746125     0.000414298738477    -0.000692228585684
     0.000414298738477     0.008833305401679     0.007822455345339
    -0.000692228585684     0.007822455345339     0.015098849829803
49 74
     0.010801873348766    -0.000099292758511    -0.001204960360470
    -0.000099292758511     0.010687219947056     0.000695684188480
    -0.001204960360470     0.000695684188480     0.012008407907372
49 75
     0.010801873348766     0.000099292758511     0.001204960360470
     0.000099292758511     0.010687219947056     0.000695684188480
     0.001204960360470     0.000695684188480     0.012008407907372
49 76
     0.010966684746125    -0.000414298738477     0.000692228585684
    -0.000414298738477     0.008833305401679     0.007822455345339
     0.000692228585684     0.007822455345339     0.015098849829803
49 77
     0.009007857005513    -0.000716630984861    -0.007120559341875
    -0.000716630984861     0.010792133142291    -0.003311740132241
    -0.007120559341875    -0.003311740132241     0.015098849829803
49 78
     0.029795740862763     0.000000000000000     0.000000000000000
     0.000000000000000     0.004212481187978     0.010530398141571
     0.000000000000000     0.010530398141571     0.030122528831948
49 79
     0.009007857005513     0.000716630984861     0.007120559341875
     0.000716630984861     0.010792133142291    -0.003311740132241
     0.007120559341875    -0.003311740132241     0.015098849829803
49 80
     0.012163079937394     0.000000000000000     0.000000000000000
     0.000000000000000     0.012163079937394     0.000000000000000
     0.000000000000000     0.000000000000000     0.009420019003516
49 81
     0.008287077292904     0.000561979166319    -0.002665144666826
     0.000561979166319     0.007638159646998    -0.001538721990821
    -0.002641464772697    -0.001525050397571     0.005625625026587
49 82
     0.008287077292904    -0.000561979166319     0.002665144666826
    -0.000561979166319     0.007638159646998    -0.001538721990821
     0.002641464772697    -0.001525050397571     0.005625625026587
49 83
     0.010221525648703    -0.001441296049891     0.002825371457910
    -0.000459651730191     0.008719601045046    -0.001755555051826
     0.000366665595978    -0.000879131781338     0.005360044081319
49 84
     0.010221525648703     0.001441296049891    -0.002825371457910
     0.000459651730191     0.008719601045046    -0.001755555051826
    -0.000366665595978    -0.000879131781338     0.005360044081319
49 85
     0.007313700824044     0.000000000000000     0.000000000000000
     0.000000000000000     0.008611536115857     0.003077443981643
     0.000000000000000     0.003050100795143     0.005625625026587
49 86
     0.009565772061781     0.000062489020168     0.001211572691747
     0.000062489020168     0.009493615956550     0.000699501819723
     0.006232522056010     0.003598348286768     0.008241422284119
49 87
     0.008687566307716     0.000000000000000     0.000000000000000
     0.000000000000000     0.007673956996495    -0.000452975079303
     0.000000000000000    -0.000075835442750     0.004375944141754
49 88
     0.009565772061781    -0.000062489020168    -0.001211572691747
    -0.000062489020168     0.009493615956550     0.000699501819723
    -0.006232522056010     0.003598348286768     0.008241422284119
49 89
     0.008271947661551     0.000665937645497    -0.000107669543669
    -0.000315706674203     0.010669179032198     0.003324620983590
    -0.000578017657924     0.000757107611480     0.005360044081319
49 90
     0.007927359324301     0.000438905706515    -0.000392287925958
     0.000438905706515     0.008434163979911     0.000226487539652
    -0.000065675419929     0.000037917721375     0.004375944141754
49 91
     0.007927359324301    -0.000438905706515     0.000392287925958
    -0.000438905706515     0.008434163979911     0.000226487539652
     0.000065675419929     0.000037917721375     0.004375944141754
49 92
     0.008271947661551    -0.000665937645497     0.000107669543669
     0.000315706674203     0.010669179032198     0.003324620983590
     0.000578017657924     0.000757107611480     0.005360044081319
49 93
     0.009918216730370     0.000634767215838    -0.002933041001578
     0.001616411535538     0.009022909963379    -0.001569065931764
    -0.000944683253902     0.000122024169858     0.005360044081319
49 94
     0.009457537903934     0.000000000000000     0.000000000000000
     0.000000000000000     0.009601850114396    -0.001399003639446
     0.000000000000000    -0.007196696573536     0.008241422284119
49 95
     0.009918216730370    -0.000634767215838     0.002933041001578
    -0.001616411535538     0.009022909963379    -0.001569065931764
     0.000944683253902     0.000122024169858     0.005360044081319
49 96
     0.007183148287306     0.000000000000000     0.000000000000000
     0.000000000000000     0.007183148287306     0.000000000000000
     0.000000000000000     0.000000000000000     0.004672534538259
65 1
    -0.028536079423491     0.000000000000000     0.000000000000000
     0.000000000000000    -0.028536079423491     0.000000000000000
     0.000000000000000     0.000000000000000     0.061902224202851
65 2
    -0.003193414217563    -0.004272256573772     0.004623248819284
    -0.011580806432827    -0.004659435898730     0.014718267801908
     0.009105820210497    -0.013782615479521    -0.023471046347036
65 3
    -0.000176098945686     0.000000000000000     0.000000000000000
     0.000000000000000     0.002948991180083     0.000939050127844
     0.000000000000000    -0.000085159418258     0.005142424629028
65 4
    -0.003193414217563     0.004272256573772    -0.004623248819284
     0.011580806432827    -0.004659435898730     0.014718267801908
    -0.009105820210497    -0.013782615479521    -0.023471046347036
65 5
    -0.011157508124193    -0.006982734671982     0.015058018225797
     0.000325815187073     0.003304658007900    -0.003355282975438
    -0.007383185030609     0.014777179364345    -0.023471046347036
65 6
     0.009300461806495     0.000532827453905     0.002340648428029
     0.000532827453905     0.008685205658608     0.001351374000001
    -0.005855857068347    -0.003380880654746     0.007843147770752
65 7
     0.009300461806495    -0.000532827453905    -0.002340648428029
    -0.000532827453905     0.008685205658608     0.001351374000001
     0.005855857068347    -0.003380880654746     0.007843147770752
65 8
    -0.011157508124193     0.006982734671982    -0.015058018225797
    -0.000325815187073     0.003304658007900    -0.003355282975438
     0.007383185030609     0.014777179364345    -0.023471046347036
65 9
     0.002167718648641    -0.001353203719016     0.000813241266140
    -0.001353203719016     0.000605173585756    -0.000469525063922
    -0.000073750219583     0.000042579709129     0.005142424629028
65 10
     0.008377577584665     0.000000000000000     0.000000000000000
     0.000000000000000     0.009608089880439    -0.002702748000002
     0.000000000000000     0.006761761309492     0.007843147770752
65 11
     0.002167718648641     0.001353203719016    -0.000813241266140
     0.001353203719016     0.000605173585756    -0.000469525063922
     0.000073750219583     0.000042579709129     0.005142424629028
65 12
     0.005962846584898     0.000000000000000     0.000000000000000
     0.000000000000000     0.000293406601017     0.006372847645955
     0.000000000000000     0.005943942777907     0.007218057252122
65 13
     0.002571647167316     0.008252346690372     0.010434769406513
     0.000943796831317    -0.010424497283609    -0.011362984826470
    -0.016489005241106    -0.000994563884824    -0.023471046347036
65 14
     0.002571647167316    -0.008252346690372    -0.010434769406513
    -0.000943796831317    -0.010424497283609    -0.011362984826470
     0.016489005241106    -0.000994563884824    -0.023471046347036
65 15
     0.001710766596987     0.002454939525636     0.005519047955845
     0.002454939525636     0.004545486588928    -0.003186423822977
     0.005147605444309    -0.002971971388954     0.007218057252122
65 16
     0.001710766596987    -0.002454939525636    -0.005519047955845
    -0.002454939525636     0.004545486588928    -0.003186423822977
    -0.005147605444309    -0.002971971388954     0.007218057252122
65 17
    -3.917206404193631    -1.635693343706256    -2.935457846990959
    -1.635693343706256    -2.028470419592659    -1.694787378155030
    -3.159481017756041    -1.824127216100963    -4.281072952417518
65 18
    -0.040782378812649    -0.030409120841872    -0.033407387200314
     0.103362063468472    -0.020647521530899     0.010699765553724
     0.042248899281265     0.024136549248274    -0.066764641614689
65 19
    -0.040782378812649     0.030409120841872     0.033407387200314
    -0.103362063468472    -0.020647521530899     0.010699765553724
    -0.042248899281265     0.024136549248274    -0.066764641614689
65 20
    -3.917206404193631     1.635693343706256     2.935457846990959
     1.635693343706256    -2.028470419592659    -1.694787378155030
     3.159481017756041    -1.824127216100963    -4.281072952417518
65 21
     0.005908314946395     0.076405178858038    -0.007437424816094
    -0.057366005452307    -0.067338215289944    -0.034281528766397
     0.042027314449332     0.024520345435369    -0.066764641614689
65 22
     0.020418233549315     0.000000000000000     0.000000000000000
     0.000000000000000     0.020418233549315     0.000000000000000
     0.000000000000000     0.000000000000000    -0.017572798645629
65 23
     0.005908314946395    -0.076405178858038     0.007437424816094
     0.057366005452307    -0.067338215289944    -0.034281528766397
    -0.042027314449332     0.024520345435369    -0.066764641614689
65 24
     0.358946516119847     0.000000000000000     0.000000000000000
     0.000000000000000    -0.248349124839368    -0.181816375694099
     0.000000000000000    -0.148889141991469    -0.214452004607298
65 25
    -0.057270786649069    -0.093842476765607     0.025969962384220
     0.039928707544737    -0.004159113694480     0.023581763212673
    -0.000221584831933    -0.048656894683643    -0.066764641614689
65 26
    -0.057270786649069     0.093842476765607    -0.025969962384220
    -0.039928707544737    -0.004159113694480     0.023581763212673
     0.000221584831933    -0.048656894683643    -0.066764641614689
65 27
     0.007960698582587    -0.005802469125787     0.005301548156736
    -0.005802469125787     0.014660812806062     0.003060850255413
     0.006676659924119     0.003854771404477     0.006205648684488
65 28
     0.007960698582587     0.005802469125787    -0.005301548156736
     0.005802469125787     0.014660812806062     0.003060850255413
    -0.006676659924119     0.003854771404477     0.006205648684488
65 29
    -1.084102427292173     0.000000000000000     0.000000000000000
     0.000000000000000    -4.861574396494117     3.389574756310059
     0.000000000000000     3.648254432201925    -4.281072952417518
65 30
    -0.096525214599565     0.262966726339117    -0.157457600175105
     0.262966726339117     0.207122605880043     0.090908187847049
    -0.128941779312280     0.074444570995734    -0.214452004607298
65 31
     0.018010869917800     0.000000000000000     0.000000000000000
     0.000000000000000     0.004610641470849    -0.006121700510827
     0.000000000000000    -0.007709542808955     0.006205648684488
65 32
    -0.096525214599565    -0.262966726339117     0.157457600175105
    -0.262966726339117     0.207122605880043     0.090908187847049
     0.128941779312280     0.074444570995734    -0.214452004607298
65 33
     0.008287077292904     0.000561979166319    -0.002665144666826
     0.000561979166319     0.007638159646998    -0.001538721990821
    -0.002641464772697    -0.001525050397571     0.005625625026587
65 34
     0.010221525648703     0.001441296049891    -0.002825371457910
     0.000459651730191     0.008719601045046    -0.001755555051826
    -0.000366665595978    -0.000879131781338     0.005360044081319
65 35
     0.010221525648703    -0.001441296049891     0.002825371457910
    -0.000459651730191     0.008719601045046    -0.001755555051826
     0.000366665595978    -0.000879131781338     0.005360044081319
65 36
     0.008287077292904    -0.000561979166319     0.002665144666826
    -0.000561979166319     0.007638159646998    -0.001538721990821
     0.002641464772697    -0.001525050397571     0.005625625026587
65 37
     0.009918216730370     0.000634767215838    -0.002933041001578
     0.001616411535538     0.009022909963379    -0.001569065931764
    -0.000944683253902     0.000122024169858     0.005360044081319
65 38
     0.007183148287306     0.000000000000000     0.000000000000000
     0.000000000000000     0.007183148287306     0.000000000000000
     0.000000000000000     0.000000000000000     0.004672534538259
65 39
     0.009918216730370    -0.000634767215838     0.002933041001578
    -0.001616411535538     0.009022909963379    -0.001569065931764
     0.000944683253902     0.000122024169858     0.005360044081319
65 40
     0.009457537903934     0.000000000000000     0.000000000000000
     0.000000000000000     0.009601850114396    -0.001399003639446
     0.000000000000000    -0.007196696573536     0.008241422284119
65 41
     0.008271947661551     0.000665937645497    -0.000107669543669
    -0.000315706674203     0.010669179032198     0.003324620983590
    -0.000578017657924     0.000757107611480     0.005360044081319
65 42
     0.008271947661551    -0.000665937645497     0.000107669543669
     0.000315706674203     0.010669179032198     0.003324620983590
     0.000578017657924     0.000757107611480     0.005360044081319
65 43
     0.007927359324301    -0.000438905706515     0.000392287925958
    -0.000438905706515     0.008434163979911     0.000226487539652
     0.000065675419929     0.000037917721375     0.004375944141754
65 44
     0.007927359324301     0.000438905706515    -0.000392287925958
     0.000438905706515     0.008434163979911     0.000226487539652
    -0.000065675419929     0.000037917721375     0.004375944141754
65 45
     0.007313700824044     0.000000000000000     0.000000000000000
     0.000000000000000     0.008611536115857     0.003077443981643
     0.000000000000000     0.003050100795143     0.005625625026587
65 46
     0.009565772061781    -0.000062489020168    -0.001211572691747
    -0.000062489020168     0.009493615956550     0.000699501819723
    -0.006232522056010     0.003598348286768     0.008241422284119
65 47
     0.008687566307716     0.000000000000000     0.000000000000000
     0.000000000000000     0.007673956996495    -0.000452975079303
     0.000000000000000    -0.000075835442750     0.004375944141754
65 48
     0.009565772061781     0.000062489020168     0.001211572691747
     0.000062489020168     0.009493615956550     0.000699501819723
     0.006232522056010     0.003598348286768     0.008241422284119
65 49
    -0.043728964757306    -0.048011296232011     0.150013366172542
    -0.048011296232011     0.011709704850082     0.086610257341759
     0.150013366172542     0.086610257341759    -0.157934788344395
65 50
     0.009725443470068    -0.001130929723339    -0.006428330756191
    -0.001130929723338     0.010074546677737    -0.004510715213098
    -0.006428330756191    -0.004510715213098     0.015098849829803
65 51
     0.009725443470068     0.001130929723339     0.006428330756191
     0.001130929723339     0.010074546677737    -0.004510715213098
     0.006428330756191    -0.004510715213098     0.015098849829803
65 52
    -0.043728964757306     0.048011296232011    -0.150013366172542
     0.048011296232011     0.011709704850082     0.086610257341759
    -0.150013366172542     0.086610257341759    -0.157934788344395
65 53
     0.009007857005513    -0.000716630984861    -0.007120559341875
    -0.000716630984861     0.010792133142291    -0.003311740132241
    -0.007120559341875    -0.003311740132241     0.015098849829803
65 54
     0.012163079937394     0.000000000000000     0.000000000000000
     0.000000000000000     0.012163079937394     0.000000000000000
     0.000000000000000     0.000000000000000     0.009420019003516
65 55
     0.009007857005513     0.000716630984861     0.007120559341875
     0.000716630984861     0.010792133142291    -0.003311740132241
     0.007120559341875    -0.003311740132241     0.015098849829803
65 56
     0.029795740862763     0.000000000000000     0.000000000000000
     0.000000000000000     0.004212481187978     0.010530398141571
     0.000000000000000     0.010530398141571     0.030122528831948
65 57
     0.010966684746125     0.000414298738477    -0.000692228585684
     0.000414298738477     0.008833305401679     0.007822455345339
    -0.000692228585684     0.007822455345339     0.015098849829803
65 58
     0.010966684746125    -0.000414298738477     0.000692228585684
    -0.000414298738477     0.008833305401679     0.007822455345339
     0.000692228585684     0.007822455345339     0.015098849829803
65 59
     0.010801873348766     0.000099292758511     0.001204960360470
     0.000099292758511     0.010687219947056     0.000695684188480
     0.001204960360470     0.000695684188480     0.012008407907372
65 60
     0.010801873348766    -0.000099292758511    -0.001204960360470
    -0.000099292758511     0.010687219947056     0.000695684188480
    -0.001204960360470     0.000695684188480     0.012008407907372
65 61
     0.039429039653777     0.000000000000000     0.000000000000000
     0.000000000000000    -0.071448299561001    -0.173220514683518
     0.000000000000000    -0.173220514683518    -0.157934788344395
65 62
     0.010608296106674     0.011077876394989     0.009119592302565
     0.011077876394989     0.023399925944067    -0.005265199070785
     0.009119592302565    -0.005265199070785     0.030122528831948
65 63
     0.010629893246201     0.000000000000000     0.000000000000000
     0.000000000000000     0.010859200049621    -0.001391368376961
     0.000000000000000    -0.001391368376961     0.012008407907372
65 64
     0.010608296106674    -0.011077876394989    -0.009119592302565
    -0.011077876394989     0.023399925944067    -0.005265199070785
    -0.009119592302565    -0.005265199070785     0.030122528831948
65 65
    10.289092373238521     0.000000000000000     0.000000000000000
     0.000000000000000    10.289092373238519     0.000000000000000
     0.000000000000000     0.000000000000000    13.574870373945526
65 66
    -0.839995074211652    -0.022707078227607    -0.105776449217739
     0.022707078227607     0.095452086965685     0.015312938811299
     0.105776449217739     0.015312938811299     0.279526543602917
65 67
     0.007605418653229     0.000000000000000     0.000000000000000
     0.000000000000000     0.010149328510497    -0.004930358713098
     0.000000000000000    -0.004930358713098     0.059960623055631
65 68
    -0.839995074211652     0.022707078227607     0.105776449217739
    -0.022707078227607     0.095452086965685     0.015312938811299
    -0.105776449217739     0.015312938811299     0.279526543602917
65 69
    -0.138409703328649    -0.382353424511198    -0.039626830591688
    -0.427767580966412    -0.606133283917317    -0.099261561550326
     0.066149618626051     0.083948622739027     0.279526543602917
65 70
     0.024508623972089     0.012348467505151     0.003657743503742
     0.012348467505151     0.010249841895732     0.002111799196512
    -0.006156522023914    -0.003554469647779     0.016446460562249
65 71
     0.024508623972089    -0.012348467505151    -0.003657743503742
    -0.012348467505151     0.010249841895732     0.002111799196512
     0.006156522023914    -0.003554469647779     0.016446460562249
65 72
    -0.138409703328649     0.382353424511198     0.039626830591688
     0.427767580966412    -0.606133283917317    -0.099261561550326
    -0.066149618626051     0.083948622739027     0.279526543602917
65 73
     0.009513351046180    -0.001101545280666    -0.004269815895313
    -0.001101545280666     0.008241396117546     0.002465179356549
    -0.004269815895313     0.002465179356549     0.059960623055631
65 74
     0.003120450857554     0.000000000000000     0.000000000000000
     0.000000000000000     0.031638015010267    -0.004223598393024
     0.000000000000000     0.007108939295558     0.016446460562249
65 75
     0.009513351046180     0.001101545280666     0.004269815895313
     0.001101545280666     0.008241396117546     0.002465179356549
     0.004269815895313     0.002465179356549     0.059960623055631
65 76
     0.003120450857554     0.000000000000000     0.000000000000000
     0.000000000000000     0.031638015010267     0.007108939295558
     0.000000000000000    -0.004223598393024     0.016446460562249
65 77
    -0.138409703328649    -0.427767580966412     0.066149618626051
    -0.382353424511198    -0.606133283917317     0.083948622739027
    -0.039626830591688    -0.099261561550326     0.279526543602917
65 78
    -0.138409703328649     0.427767580966412    -0.066149618626051
     0.382353424511198    -0.606133283917317     0.083948622739027
     0.039626830591688    -0.099261561550326     0.279526543602917
65 79
     0.024508623972089    -0.012348467505151     0.006156522023914
    -0.012348467505151     0.010249841895732    -0.003554469647779
    -0.003657743503742     0.002111799196512     0.016446460562249
65 80
     0.024508623972089     0.012348467505151    -0.006156522023914
     0.012348467505151     0.010249841895732    -0.003554469647779
     0.003657743503742     0.002111799196512     0.016446460562249
65 81
     0.223597756636179     0.000000000000000     0.000000000000000
     0.000000000000000     0.223597756636179     0.000000000000000
     0.000000000000000     0.000000000000000    -1.550600390369842
65 82
    -0.104790617737046     0.109066408963291    -0.137509368118116
    -0.109126036189881     0.166174001331880    -0.131563509196253
    -0.135759451099528     0.122470177548819    -0.024425984273435
65 83
     0.001651681521256     0.000000000000000     0.000000000000000
     0.000000000000000     0.030268512556643     0.004105471618221
     0.000000000000000    -0.006274205942125     0.006777376063804
65 84
    -0.104790617737046    -0.109066408963291     0.137509368118116
     0.109126036189881     0.166174001331881    -0.131563509196253
     0.135759451099528     0.122470177548820    -0.024425984273435
65 85
     0.098407027218157    -0.226442251203466    -0.182692025234041
    -0.008249806050293    -0.037023643623323    -0.053304851450508
     0.038182559413504    -0.178806222230432    -0.024425984273435
65 86
    -0.001659406599423    -0.004608513683294     0.002436791828910
    -0.004608513683294     0.003662046631805     0.001406882418380
    -0.009809058150060    -0.005663262363434     0.034277457694743
65 87
    -0.001659406599423     0.004608513683294    -0.002436791828910
     0.004608513683294     0.003662046631805     0.001406882418380
     0.009809058150060    -0.005663262363434     0.034277457694743
65 88
     0.098407027218157     0.226442251203466     0.182692025234041
     0.008249806050293    -0.037023643623323    -0.053304851450508
    -0.038182559413504    -0.178806222230432    -0.024425984273435
65 89
     0.023114304797796    -0.012391451326226     0.003555442715895
    -0.012391451326226     0.008805889280103    -0.002052735809110
    -0.005433621734455     0.003137102971062     0.006777376063804
65 90
     0.006322773247419     0.000000000000000     0.000000000000000
     0.000000000000000    -0.004320133215036    -0.002813764836761
     0.000000000000000     0.011326524726867     0.034277457694743
65 91
     0.023114304797796     0.012391451326226    -0.003555442715895
     0.012391451326226     0.008805889280103    -0.002052735809110
     0.005433621734455     0.003137102971062     0.006777376063804
65 92
     0.005938800348934     0.000000000000000     0.000000000000000
     0.000000000000000    -0.005057609106584    -0.006556774102626
     0.000000000000000     0.003579151563162     0.034556642786362
65 93
     0.098458665911141    -0.008219992436998    -0.045182657115925
    -0.226412437590171    -0.037075282316307     0.184868360646761
     0.173942010513032     0.056336044681613    -0.024425984273435
65 94
     0.098458665911141     0.008219992436998     0.045182657115925
     0.226412437590171    -0.037075282316307     0.184868360646761
    -0.173942010513032     0.056336044681613    -0.024425984273435
65 95
    -0.002308506742704     0.004761584969447    -0.005678332939750
     0.004761584969447     0.003189697985055     0.003278387051313
     0.003099636177693    -0.001789575781581     0.034556642786362
65 96
    -0.002308506742704    -0.004761584969447     0.005678332939750
    -0.004761584969447     0.003189697985055     0.003278387051313
    -0.003099636177693    -0.001789575781581     0.034556642786362
81 1
    -0.001365803741091     0.000000000000000     0.000000000000000
     0.000000000000000    -0.001365803741091     0.000000000000000
     0.000000000000000     0.000000000000000     0.011485620444249
81 2
    -0.001104569964661     0.000091933797657    -0.000397305262686
     0.001931838965935     0.000401181861873    -0.002524755008948
     0.000163579553248     0.001922403618162    -0.002156437459578
81 3
    -0.000019627330577     0.000000000000000     0.000000000000000
     0.000000000000000     0.000061210246960    -0.001980448315204
     0.000000000000000     0.000419152100885     0.001426954707018
81 4
    -0.001104569964661    -0.000091933797657     0.000397305262686
    -0.001931838965935     0.000401181861873    -0.002524755008948
    -0.000163579553248     0.001922403618162    -0.002156437459578
81 5
     0.000901063217618     0.000773886108250    -0.002385154607424
    -0.001066019060028    -0.001604451320406     0.000918301053931
     0.001746640146280    -0.000819537760428    -0.002156437459578
81 6
     0.000628729747896     0.000647485733348    -0.000493230585649
     0.000647485733348    -0.000118922376994    -0.000284766811397
     0.000323290548118     0.000186651884982     0.000788460103014
81 7
     0.000628729747896    -0.000647485733348     0.000493230585649
    -0.000647485733348    -0.000118922376994    -0.000284766811397
    -0.000323290548118     0.000186651884982     0.000788460103014
81 8
     0.000901063217618    -0.000773886108250     0.002385154607424
     0.001066019060028    -0.001604451320406     0.000918301053931
    -0.001746640146280    -0.000819537760428    -0.002156437459578
81 9
     0.000041000852575    -0.000035003697863    -0.001715118551849
    -0.000035003697863     0.000000582063807     0.000990224157602
     0.000362996367416    -0.000209576050443     0.001426954707018
81 10
    -0.000492748439439     0.000000000000000     0.000000000000000
     0.000000000000000     0.001002555810341     0.000569533622794
     0.000000000000000    -0.000373303769965     0.000788460103014
81 11
     0.000041000852575     0.000035003697863     0.001715118551849
     0.000035003697863     0.000000582063807     0.000990224157602
    -0.000362996367416    -0.000209576050443     0.001426954707018
81 12
     0.001356429871357     0.000000000000000     0.000000000000000
     0.000000000000000    -0.000438055988021    -0.000644240277076
     0.000000000000000     0.000900309528578     0.000208983486840
81 13
    -0.000851575407139    -0.002077905441824    -0.001987849344738
    -0.000238000273546     0.000148187304351     0.001606453955017
     0.001583060593031    -0.001102865857734    -0.002156437459578
81 14
    -0.000851575407139     0.002077905441824     0.001987849344738
     0.000238000273546     0.000148187304351     0.001606453955017
    -0.001583060593031    -0.001102865857734    -0.002156437459578
81 15
     0.000010565476823     0.000777035170477    -0.000557928446089
     0.000777035170477     0.000907808406512     0.000322120138538
     0.000779690923018    -0.000450154764289     0.000208983486840
81 16
     0.000010565476823    -0.000777035170477     0.000557928446089
    -0.000777035170477     0.000907808406512     0.000322120138538
    -0.000779690923018    -0.000450154764289     0.000208983486840
81 17
    -3.956359373674808    -1.640643095247908     3.001495399730092
    -1.640643095247908    -2.061907908303847     1.732914177005592
     3.159649092896178     1.824224254328365    -4.368393403940265
81 18
    -0.049047145216782    -0.028077508409844     0.038582809449323
     0.112611436108650    -0.028955761567200    -0.016920201382429
    -0.042850746602643    -0.023853563198476    -0.063257760267491
81 19
    -0.049047145216782     0.028077508409844    -0.038582809449323
    -0.112611436108650    -0.028955761567200    -0.016920201382429
     0.042850746602643    -0.023853563198476    -0.063257760267491
81 20
    -3.956359373674808     1.640643095247908    -3.001495399730092
     1.640643095247908    -2.061907908303847     1.732914177005592
    -3.159649092896178     1.824224254328365    -4.368393403940265
81 21
     0.002625656954826     0.082778129865090     0.004638080490329
    -0.057910814653404    -0.080628563738808     0.041873793823702
    -0.042083165001979    -0.025183053529781    -0.063257760267491
81 22
     0.023558561333869     0.000000000000000     0.000000000000000
     0.000000000000000     0.023558561333869     0.000000000000000
     0.000000000000000     0.000000000000000    -0.018313761980635
81 23
     0.002625656954826    -0.082778129865090    -0.004638080490329
     0.057910814653404    -0.080628563738808     0.041873793823702
     0.042083165001979    -0.025183053529781    -0.063257760267491
81 24
     0.353436532674932     0.000000000000000     0.000000000000000
     0.000000000000000    -0.251290984492028     0.167127419684526
     0.000000000000000     0.125351741379771    -0.237672419357076
81 25
    -0.070582871914017    -0.100177778502807    -0.033944728958993
     0.040511166015687    -0.007420034869965    -0.024953592441273
     0.000767581600664     0.049036616728257    -0.063257760267491
81 26
    -0.070582871914017     0.100177778502807     0.033944728958993
    -0.040511166015687    -0.007420034869965    -0.024953592441273
    -0.000767581600664     0.049036616728257    -0.063257760267491
81 27
     0.006544408235372    -0.004264803455578    -0.001810989545188
    -0.004264803455578     0.011468979081609    -0.001045575301414
    -0.007017570952935    -0.004051596478735     0.005089771080982
81 28
     0.006544408235372     0.004264803455578     0.001810989545188
     0.004264803455578     0.011468979081609    -0.001045575301414
     0.007017570952935    -0.004051596478735     0.005089771080982
81 29
    -1.114682175618367     0.000000000000000     0.000000000000000
     0.000000000000000    -4.903585106360288    -3.465828354011183
     0.000000000000000    -3.648448508656730    -4.368393403940265
81 30
    -0.100109105200288     0.261854696117039     0.144736591115743
     0.261854696117039     0.202254653383192    -0.083563709842263
     0.108557792443498    -0.062675870689885    -0.237672419357076
81 31
     0.013931264504728     0.000000000000000     0.000000000000000
     0.000000000000000     0.004082122812253     0.002091150602827
     0.000000000000000     0.008103192957469     0.005089771080982
81 32
    -0.100109105200288    -0.261854696117039    -0.144736591115743
    -0.261854696117039     0.202254653383192    -0.083563709842263
    -0.108557792443498    -0.062675870689885    -0.237672419357076
81 33
     0.004354698726989    -0.000617061454388    -0.000143710291713
    -0.000617061454388     0.005067219920583    -0.000082971175606
    -0.000143710291713    -0.000082971175606    -0.000978025171395
81 34
     0.003854042280223    -0.000026963308531    -0.000090879598601
    -0.000026963308531     0.004077934329008     0.000130818297697
    -0.000090879598601     0.000130818297697     0.001434310073833
81 35
     0.003854042280223     0.000026963308531     0.000090879598601
     0.000026963308531     0.004077934329008     0.000130818297697
     0.000090879598601     0.000130818297697     0.001434310073833
81 36
     0.004354698726989     0.000617061454388     0.000143710291713
     0.000617061454388     0.005067219920583    -0.000082971175606
     0.000143710291713    -0.000082971175606    -0.000978025171395
81 37
     0.003998610406654    -0.000110429755242     0.000067852169785
    -0.000110429755242     0.003933366202577    -0.000144113189923
     0.000067852169785    -0.000144113189923     0.001434310073833
81 38
     0.004156562286264     0.000000000000000     0.000000000000000
     0.000000000000000     0.004156562286264     0.000000000000000
     0.000000000000000     0.000000000000000     0.001765210927663
81 39
     0.003998610406654     0.000110429755242    -0.000067852169785
     0.000110429755242     0.003933366202577    -0.000144113189923
    -0.000067852169785    -0.000144113189923     0.001434310073833
81 40
     0.004976392128540     0.000000000000000     0.000000000000000
     0.000000000000000     0.004492529746125    -0.000552636920821
     0.000000000000000    -0.000552636920821     0.001841234098443
81 41
     0.004045312226970    -0.000083466446711     0.000158731768386
    -0.000083466446711     0.003886664382261     0.000013294892226
     0.000158731768386     0.000013294892226     0.001434310073833
81 42
     0.004045312226970     0.000083466446711    -0.000158731768386
     0.000083466446711     0.003886664382261     0.000013294892226
    -0.000158731768386     0.000013294892226     0.001434310073833
81 43
     0.004255360810202    -0.000055368233058     0.000013907272579
    -0.000055368233058     0.004319294538724     0.000008029367567
     0.000013907272579     0.000008029367567     0.001807623854524
81 44
     0.004255360810202     0.000055368233058    -0.000013907272579
     0.000055368233058     0.004319294538724     0.000008029367567
    -0.000013907272579     0.000008029367567     0.001807623854524
81 45
     0.005423480517381     0.000000000000000     0.000000000000000
     0.000000000000000     0.003998438130191     0.000165942351212
     0.000000000000000     0.000165942351212    -0.000978025171395
81 46
     0.004613495341729     0.000209518557553    -0.000478597612500
     0.000209518557553     0.004855426532936     0.000276318460410
    -0.000478597612500     0.000276318460410     0.001841234098443
81 47
     0.004351261402985     0.000000000000000     0.000000000000000
     0.000000000000000     0.004223393945941    -0.000016058735134
     0.000000000000000    -0.000016058735134     0.001807623854524
81 48
     0.004613495341729    -0.000209518557553     0.000478597612500
    -0.000209518557553     0.004855426532936     0.000276318460410
     0.000478597612500     0.000276318460410     0.001841234098443
81 49
     0.008287077292904     0.000561979166319    -0.002641464772697
     0.000561979166319     0.007638159646998    -0.001525050397571
    -0.002665144666826    -0.001538721990821     0.005625625026587
81 50
     0.010221525648703     0.000459651730191    -0.000366665595978
     0.001441296049891     0.008719601045046    -0.000879131781338
    -0.002825371457910    -0.001755555051826     0.005360044081319
81 51
     0.010221525648703    -0.000459651730191     0.000366665595978
    -0.001441296049891     0.008719601045046    -0.000879131781338
     0.002825371457910    -0.001755555051826     0.005360044081319
81 52
     0.008287077292904    -0.000561979166319     0.002641464772697
    -0.000561979166319     0.007638159646998    -0.001525050397571
     0.002665144666826    -0.001538721990821     0.005625625026587
81 53
     0.009918216730370     0.001616411535538    -0.000944683253902
     0.000634767215838     0.009022909963379     0.000122024169858
    -0.002933041001578    -0.001569065931764     0.005360044081319
81 54
     0.007183148287306     0.000000000000000     0.000000000000000
     0.000000000000000     0.007183148287306     0.000000000000000
     0.000000000000000     0.000000000000000     0.004672534538259
81 55
     0.009918216730370    -0.001616411535538     0.000944683253902
    -0.000634767215838     0.009022909963379     0.000122024169858
     0.002933041001578    -0.001569065931764     0.005360044081319
81 56
     0.009457537903934     0.000000000000000     0.000000000000000
     0.000000000000000     0.009601850114396    -0.007196696573536
     0.000000000000000    -0.001399003639446     0.008241422284119
81 57
     0.008271947661551    -0.000315706674203    -0.000578017657924
     0.000665937645497     0.010669179032198     0.000757107611480
    -0.000107669543669     0.003324620983590     0.005360044081319
81 58
     0.008271947661551     0.000315706674203     0.000578017657924
    -0.000665937645497     0.010669179032198     0.000757107611480
     0.000107669543669     0.003324620983590     0.005360044081319
81 59
     0.007927359324301    -0.000438905706515     0.000065675419929
    -0.000438905706515     0.008434163979911     0.000037917721375
     0.000392287925958     0.000226487539652     0.004375944141754
81 60
     0.007927359324301     0.000438905706515    -0.000065675419929
     0.000438905706515     0.008434163979911     0.000037917721375
    -0.000392287925958     0.000226487539652     0.004375944141754
81 61
     0.007313700824044     0.000000000000000     0.000000000000000
     0.000000000000000     0.008611536115857     0.003050100795143
     0.000000000000000     0.003077443981643     0.005625625026587
81 62
     0.009565772061781    -0.000062489020168    -0.006232522056010
    -0.000062489020168     0.009493615956550     0.003598348286768
    -0.001211572691747     0.000699501819723     0.008241422284119
81 63
     0.008687566307716     0.000000000000000     0.000000000000000
     0.000000000000000     0.007673956996495    -0.000075835442750
     0.000000000000000    -0.000452975079303     0.004375944141754
81 64
     0.009565772061781     0.000062489020168     0.006232522056010
     0.000062489020168     0.009493615956550     0.003598348286768
     0.001211572691747     0.000699501819723     0.008241422284119
81 65
     0.223597756636179     0.000000000000000     0.000000000000000
     0.000000000000000     0.223597756636179     0.000000000000000
     0.000000000000000     0.000000000000000    -1.550600390369842
81 66
    -0.104790617737046     0.109126036189881     0.135759451099528
    -0.109066408963291     0.166174001331881     0.122470177548820
     0.137509368118116    -0.131563509196253    -0.024425984273435
81 67
     0.001651681521256     0.000000000000000     0.000000000000000
     0.000000000000000     0.030268512556643    -0.006274205942125
     0.000000000000000     0.004105471618221     0.006777376063804
81 68
    -0.104790617737046    -0.109126036189881    -0.135759451099528
     0.109066408963291     0.166174001331880     0.122470177548819
    -0.137509368118116    -0.131563509196253    -0.024425984273435
81 69
     0.098458665911141    -0.226412437590171     0.173942010513032
    -0.008219992436998    -0.037075282316307     0.056336044681613
    -0.045182657115925     0.184868360646761    -0.024425984273435
81 70
    -0.002308506742704    -0.004761584969447    -0.003099636177693
    -0.004761584969447     0.003189697985055    -0.001789575781581
     0.005678332939750     0.003278387051313     0.034556642786362
81 71
    -0.002308506742704     0.004761584969447     0.003099636177693
     0.004761584969447     0.003189697985055    -0.001789575781581
    -0.005678332939750     0.003278387051313     0.034556642786362
81 72
     0.098458665911141     0.226412437590171    -0.173942010513032
     0.008219992436998    -0.037075282316307     0.056336044681613
     0.045182657115925     0.184868360646761    -0.024425984273435
81 73
     0.023114304797796    -0.012391451326226    -0.005433621734455
    -0.012391451326226     0.008805889280103     0.003137102971062
     0.003555442715895    -0.002052735809110     0.006777376063804
81 74
     0.005938800348934     0.000000000000000     0.000000000000000
     0.000000000000000    -0.005057609106584     0.003579151563162
     0.000000000000000    -0.006556774102626     0.034556642786362
81 75
     0.023114304797796     0.012391451326226     0.005433621734455
     0.012391451326226     0.008805889280103     0.003137102971062
    -0.003555442715895    -0.002052735809110     0.006777376063804
81 76
     0.006322773247419     0.000000000000000     0.000000000000000
     0.000000000000000    -0.004320133215036     0.011326524726867
     0.000000000000000    -0.002813764836761     0.034277457694743
81 77
     0.098407027218157    -0.008249806050293     0.038182559413504
    -0.226442251203466    -0.037023643623323    -0.178806222230432
    -0.182692025234041    -0.053304851450508    -0.024425984273435
81 78
     0.098407027218157     0.008249806050293    -0.038182559413504
     0.226442251203466    -0.037023643623323    -0.178806222230432
     0.182692025234041    -0.053304851450508    -0.024425984273435
81 79
    -0.001659406599423     0.004608513683294     0.009809058150060
     0.004608513683294     0.003662046631805    -0.005663262363434
    -0.002436791828910     0.001406882418380     0.034277457694743
81 80
    -0.001659406599423    -0.004608513683294    -0.009809058150060
    -0.004608513683294     0.003662046631805    -0.005663262363434
     0.002436791828910     0.001406882418380     0.034277457694743
81 81
    10.500769899943970     0.000000000000000     0.000000000000000
     0.000000000000000    10.500769899943968     0.000000000000000
     0.000000000000000     0.000000000000000    13.658061054273183
81 82
    -0.808095049541793    -0.028389195908105     0.124358695931086
     0.028389195908105     0.083716145416537    -0.007866127886901
    -0.124358695931086    -0.007866127886901     0.290597642915393
81 83
    -0.005231993524504     0.000000000000000     0.000000000000000
     0.000000000000000     0.000884979660830     0.010209239936632
     0.000000000000000     0.010209239936632     0.045767022049372
81 84
    -0.808095049541793     0.028389195908105    -0.124358695931086
    -0.028389195908105     0.083716145416537    -0.007866127886901
     0.124358695931086    -0.007866127886901     0.290597642915393
81 85
    -0.139236653323046    -0.357776379198530     0.055367081386069
    -0.414554771014740    -0.585142250802211     0.111630853801276
    -0.068991614545017    -0.103764725914374     0.290597642915393
81 86
     0.017113484327612     0.010115177969382    -0.001297713043033
     0.010115177969382     0.005433482880564    -0.000749234974726
     0.008995907518042     0.005193789627147     0.002732805836739
81 87
     0.017113484327612    -0.010115177969382     0.001297713043033
    -0.010115177969382     0.005433482880564    -0.000749234974726
    -0.008995907518042     0.005193789627147     0.002732805836739
81 88
    -0.139236653323046     0.357776379198530    -0.055367081386069
     0.414554771014740    -0.585142250802211     0.111630853801276
     0.068991614545017    -0.103764725914374     0.290597642915393
81 89
    -0.000644263635504    -0.002648727086384     0.008841461138454
    -0.002648727086384    -0.003702750228171    -0.005104619968316
     0.008841461138454    -0.005104619968316     0.045767022049372
81 90
    -0.000406517842960     0.000000000000000     0.000000000000000
     0.000000000000000     0.022953485051135     0.001498469949452
     0.000000000000000    -0.010387579254293     0.002732805836739
81 91
    -0.000644263635504     0.002648727086384    -0.008841461138454
     0.002648727086384    -0.003702750228171    -0.005104619968316
    -0.008841461138454    -0.005104619968316     0.045767022049372
81 92
    -0.000406517842960     0.000000000000000     0.000000000000000
     0.000000000000000     0.022953485051135    -0.010387579254293
     0.000000000000000     0.001498469949452     0.002732805836739
81 93
    -0.139236653323046    -0.414554771014740    -0.068991614545017
    -0.357776379198530    -0.585142250802211    -0.103764725914374
     0.055367081386069     0.111630853801276     0.290597642915393
81 94
    -0.139236653323046     0.414554771014740     0.068991614545017
     0.357776379198530    -0.585142250802211    -0.103764725914374
    -0.055367081386069     0.111630853801276     0.290597642915393
81 95
     0.017113484327612    -0.010115177969382    -0.008995907518042
    -0.010115177969382     0.005433482880564     0.005193789627147
     0.001297713043033    -0.000749234974726     0.002732805836739
81 96
     0.017113484327612     0.010115177969382     0.008995907518042
     0.010115177969382     0.005433482880564     0.005193789627147
    -0.001297713043033    -0.000749234974726     0.002732805836739