114  
114  

1    
  0.0080295506854697   0.0059603956067927   0.0000000000000000
  -0.1979947200   -0.1467185500    0.0012200500
  -0.0005238100   -0.0005786700    0.0003551300
  -0.0000843800   -0.0001445600   -0.0005499500
   0.0001611100   -0.0000593000   -0.0006102600
  -0.0004864800   -0.0001041700   -0.0002762800
   0.0002080600    0.0016818500    0.0004475400
  -0.0000164200    0.0000310000    0.0001471400
   0.0001960600   -0.0001060500   -0.0006864400
  -0.0003141900   -0.0000734400   -0.0007809400
   0.0008538500    0.0001725300   -0.0002955800
   0.0003546800   -0.0002376300   -0.0002113600
   0.0002750100    0.0018287900    0.0003380400
   0.0001881700   -0.0002080500   -0.0002882700
   0.0000867400    0.0004205700   -0.0003764800
  -0.0000648800   -0.0000004700   -0.0002732800
  -0.0000115300   -0.0002577900    0.0002414800
  -0.0000130700   -0.0003094400    0.0000127700
   0.0001117100   -0.0003458400    0.0001907200
   0.0002448800    0.0001385600    0.0002382600
   0.0015694400    0.0001088300   -0.0003293100
   0.0002232100    0.0002856600    0.0001719600
  -0.0003634000    0.0000845400    0.0002251600
   0.0000290700    0.0002101200   -0.0006327500
   0.0104153100   -0.0011614300   -0.0001302200
   0.0034789600    0.0118290500    0.0005946600
  -0.0000573400    0.0001483400   -0.0006277100
  -0.0032734900    0.0095806500   -0.0001767200
  -0.0001363400    0.0001215200    0.0002204500
   0.0151778700   -0.0053700300   -0.0001597800
   0.0000406800   -0.0000185800   -0.0002973200
   0.0012311300   -0.0002873400    0.0003485500
  -0.0000561100    0.0008402600    0.0002915500
  -0.0003959100   -0.0001651300   -0.0003790900
  -0.0017955400    0.0160299900   -0.0003297500
  -0.0000110100   -0.0000469300   -0.0003175300
   0.0014541800    0.0003932200   -0.0003137800
  -0.0000699100    0.0004905400    0.0004651800
   0.0091737000   -0.0070649000   -0.0000822500
  -0.0001865000   -0.0003237400    0.0003671000
  -0.0002004200    0.0007561000    0.0000202600
  -0.0000777700   -0.0000377600   -0.0003000000
   0.0000105800    0.0004800600    0.0000870400
   0.0001058900    0.0005333400    0.0000387400
  -0.0000693400    0.0000884700   -0.0029529800
  -0.0004715000   -0.0006768400    0.0001497300
  -0.0001114200    0.0000997000    0.0021918200
  -0.0003674400   -0.0001027600    0.0009214000
   0.0010485400    0.0017729000    0.0015465900
   0.0002162300   -0.0001659800   -0.0002502400
  -0.0042911200   -0.0001640400    0.0014431500
  -0.0027756400    0.0000163900   -0.0005354500
   0.0328331400    0.0051197100   -0.0195049500
   0.0324740800    0.0037015900    0.0201175400
   0.0108965400    0.0217970700   -0.0131283200
   0.0100468400    0.0221356400    0.0135644500
   0.0002218700   -0.0000027000    0.0003539400
  -0.0007628400    0.0006492100   -0.0000697100
  -0.0004198500    0.0004110600    0.0003859600
  -0.0005605600   -0.0004096400   -0.0000328200
   0.0012331600   -0.0000069400   -0.0001993200
  -0.0000610500    0.0003616200    0.0003424200
   0.0004042000    0.0014842800    0.0002973100
  -0.0003665900    0.0008859400   -0.0004028000
   0.0000770100   -0.0005768200    0.0013978200
  -0.0007501800    0.0006074000   -0.0005443700
  -0.0002188800    0.0015822500   -0.0006216200
   0.0003592500    0.0001591700    0.0004100200
   0.0011315700    0.0017451300    0.0004571800
  -0.0006517700    0.0009149300   -0.0005911000
   0.0395943100    0.0328460000   -0.0336561400
   0.0002018700    0.0002235000   -0.0005951500
  -0.0004886800    0.0000565100   -0.0002503000
   0.0000771800   -0.0001482500   -0.0006681000
   0.0002879200    0.0004033600   -0.0002539200
   0.0005269200    0.0004144300   -0.0004260300
  -0.0001812900   -0.0002718400    0.0003029200
  -0.0000007600   -0.0000032800    0.0019317900
  -0.0000076800   -0.0000005900   -0.0033217400
  -0.0002434000   -0.0007458100   -0.0000143300
   0.0009640800   -0.0000651700   -0.0004047700
   0.0000588300    0.0000858100    0.0006875400
   0.0008125300   -0.0010606300   -0.0004202300
  -0.0001227000    0.0000444100    0.0006546300
   0.0005066600    0.0012405700   -0.0004266900
  -0.0004965600    0.0005469700   -0.0000903800
  -0.0005459200   -0.0007980000   -0.0004075100
  -0.0006958700    0.0002001400   -0.0004077500
   0.0003306100   -0.0000160100    0.0003011700
   0.0011192500    0.0000868600   -0.0004975400
  -0.0006254400   -0.0000580000    0.0000589900
   0.0386369200    0.0330125400    0.0336544200
  -0.0012049300   -0.0007607800    0.0000984400
   0.0000349600   -0.0000505100    0.0006405700
   0.0005541700   -0.0003664300    0.0005660300
   0.0015391100   -0.0007845700   -0.0002353000
  -0.0000889800   -0.0044706800    0.0001369600
   0.0008851400   -0.0034611800   -0.0000562500
   0.0002231200    0.0007269800    0.0011639500
  -0.0004897300   -0.0005634500   -0.0002788300
   0.0002634000   -0.0002613200    0.0009130900
  -0.0001644200    0.0000839000   -0.0006140900
   0.0002085500   -0.0004541300   -0.0002724200
  -0.0004675500   -0.0009680000   -0.0006035700
   0.0000980600    0.0003645900    0.0009268700
  -0.0000336500    0.0013523700    0.0001818700
   0.0002577300    0.0005743700    0.0000374200
   0.0007553000    0.0001738600    0.0000040400
  -0.0004265400    0.0008691500   -0.0004073900
   0.0001409000   -0.0006811700   -0.0003776500
  -0.0001566000    0.0002915400    0.0002952000
   0.0011671400   -0.0006190900    0.0001666500
   0.0003611900   -0.0005124800    0.0000387200
  -0.0013345900   -0.0001838200   -0.0004241200
  -0.0003518800   -0.0002650700    0.0000065300

1    
 -0.0080295506854697  -0.0059603956067927   0.0000000000000000
   0.1966671600    0.1456458700   -0.0013617900
  -0.0001841200    0.0002048100    0.0003659600
  -0.0001907600   -0.0001025700   -0.0006360900
   0.0001851000   -0.0000574200   -0.0005774300
   0.0001394200    0.0003205500   -0.0003112300
  -0.0003858900   -0.0012187800    0.0004612700
   0.0000127700   -0.0000341100   -0.0001912700
   0.0000960400   -0.0001018700   -0.0005989700
  -0.0000194000   -0.0000856400   -0.0005071800
  -0.0005949100    0.0000628700   -0.0003573500
   0.0003164900   -0.0003817600   -0.0005339400
  -0.0002770100   -0.0010302300    0.0003810700
   0.0001747900    0.0003817300   -0.0002989700
   0.0001095100    0.0004734500   -0.0003705100
  -0.0000078000    0.0000556800   -0.0002169100
   0.0000039200   -0.0003221500    0.0002056900
  -0.0000337100    0.0002232100   -0.0000737900
   0.0001089900   -0.0003693900    0.0002042000
   0.0002544600    0.0001472200    0.0002091500
  -0.0015750200   -0.0005591400   -0.0002570700
   0.0002734500    0.0002652800    0.0002227900
  -0.0003697100    0.0000700500    0.0001688900
  -0.0000099000    0.0001502500   -0.0006505200
  -0.0100286300    0.0011285400   -0.0005209900
  -0.0024834800   -0.0115482000    0.0003127800
  -0.0000255200    0.0002096300   -0.0005607600
   0.0031994200   -0.0095291300    0.0001161800
  -0.0003654800    0.0001673300    0.0002269100
  -0.0153451100    0.0046340800   -0.0001171600
   0.0000414900    0.0000464400   -0.0001917900
  -0.0005446700   -0.0001258900    0.0003709500
   0.0000543500   -0.0008154900    0.0004075400
  -0.0004865400   -0.0001151200   -0.0003678900
   0.0023721800   -0.0156880200    0.0000515900
  -0.0000046700   -0.0000434200   -0.0001725900
  -0.0018407800   -0.0002754000   -0.0003375800
  -0.0002692400   -0.0008951500    0.0004414300
  -0.0091202900    0.0070700400    0.0000193300
   0.0000984200   -0.0003770300    0.0006838200
   0.0000078900    0.0007108300   -0.0002927000
  -0.0001339800   -0.0000636700   -0.0003020700
   0.0007392800   -0.0010703300   -0.0000019100
   0.0000238400    0.0004236100    0.0000356500
   0.0000622100   -0.0000895400   -0.0030403800
  -0.0002812300   -0.0005988200    0.0003258100
   0.0001052300   -0.0001008700    0.0022656200
  -0.0003640100   -0.0000950600    0.0009182900
  -0.0010693800   -0.0015383400    0.0002908800
  -0.0000280600    0.0000324100   -0.0003545800
   0.0034523300    0.0001553900    0.0009940600
   0.0048277100    0.0002207300   -0.0001351300
  -0.0323310500   -0.0025401300    0.0197868800
  -0.0328953900   -0.0036222800   -0.0188475300
  -0.0093026000   -0.0244778300    0.0132013300
  -0.0101618000   -0.0227562100   -0.0120789400
  -0.0014810600   -0.0001601700    0.0002758100
  -0.0005978200    0.0007156900   -0.0002294900
  -0.0020896000    0.0003599300    0.0004664400
  -0.0006203000   -0.0004866500   -0.0002451700
   0.0006261800    0.0004907100   -0.0001161300
  -0.0006690100    0.0009170000    0.0001482300
   0.0000723900   -0.0003278000    0.0003468200
   0.0003713900   -0.0006513600   -0.0002078600
   0.0003064600   -0.0001356200    0.0010366200
  -0.0005241700    0.0010599100   -0.0001212500
  -0.0024388600   -0.0017909000    0.0003371600
   0.0002836300    0.0001183100    0.0006466100
   0.0007803600    0.0000233100    0.0003805900
  -0.0005535400    0.0008104100   -0.0006312700
  -0.0380534800   -0.0344998500    0.0331642300
  -0.0000564900   -0.0000040700   -0.0005586800
  -0.0004961300    0.0000459500   -0.0002430600
   0.0000335700   -0.0000970400   -0.0004834300
   0.0002837200    0.0003890800   -0.0002396700
   0.0005311900    0.0004594600   -0.0004243100
  -0.0001774500   -0.0002779100    0.0002992500
  -0.0000065800    0.0000022100    0.0019414200
  -0.0000000400   -0.0000009800   -0.0033160700
  -0.0001662300   -0.0007344400   -0.0000263300
   0.0009542600   -0.0000775400   -0.0004016800
   0.0000622700    0.0000332200    0.0006657900
   0.0008216400   -0.0010482200   -0.0004155900
  -0.0000506100    0.0000044300    0.0006979300
   0.0004940500    0.0012316000   -0.0004080400
  -0.0005850100    0.0005385800    0.0000515600
  -0.0005407000   -0.0007994400   -0.0004002400
  -0.0005968300    0.0002806000   -0.0004404200
   0.0003187300   -0.0000163500    0.0003005100
   0.0009713000    0.0000851600   -0.0007183500
  -0.0006346300   -0.0000635900    0.0000110800
  -0.0369428200   -0.0331259500   -0.0317176200
  -0.0010887700   -0.0006180700    0.0002006500
   0.0000014600   -0.0001203300    0.0007119200
  -0.0011119200    0.0007805000    0.0005004400
  -0.0001694400    0.0002058400   -0.0000509600
  -0.0004414400    0.0025800400   -0.0004218000
   0.0005677500    0.0034163400    0.0005183800
   0.0001904200   -0.0000341700    0.0012465000
  -0.0003269800   -0.0013679700   -0.0003622700
   0.0002663200   -0.0002731100    0.0009322400
  -0.0001052600   -0.0000649500   -0.0005315500
   0.0001870000   -0.0004478000   -0.0002252700
  -0.0004329800   -0.0009389500   -0.0006173800
   0.0000936900    0.0003587500    0.0009172100
  -0.0000160100    0.0013115400    0.0001127800
   0.0002594600    0.0005656700    0.0000319000
   0.0007245400    0.0002149100   -0.0000396300
  -0.0004156400    0.0008645700   -0.0004043200
   0.0000796200   -0.0006811600   -0.0004699300
  -0.0001497800    0.0002859500    0.0003062300
   0.0011583800   -0.0006770300    0.0001270800
   0.0003639600   -0.0005147000    0.0000321000
  -0.0013154000   -0.0001848000   -0.0004123700
  -0.0005450200   -0.0000997700    0.0000696000

1    
 -0.0011470786693528   0.0099339926779878   0.0000000000000000
   0.0263806400   -0.2411757000    0.0007179800
  -0.0008765000    0.0001831700    0.0003314500
  -0.0001567500   -0.0000752700   -0.0006208300
   0.0001853200   -0.0000435900   -0.0006545000
  -0.0008901400    0.0004621900   -0.0002513600
   0.0004591500    0.0018519800    0.0004416300
   0.0001107400   -0.0000313200    0.0000704300
   0.0001244400   -0.0001116600   -0.0005352600
  -0.0001922700   -0.0001411600   -0.0008944000
   0.0001618500   -0.0002712300   -0.0003471100
   0.0003793300   -0.0002480800   -0.0003108900
   0.0005105900    0.0019600000    0.0003968600
  -0.0009288900    0.0010691300   -0.0002881500
   0.0001152700    0.0004284100   -0.0003793500
  -0.0000637200    0.0000445800   -0.0002775700
   0.0000350800   -0.0002692600    0.0002226300
  -0.0010910700    0.0009189700    0.0000087400
   0.0001305800   -0.0003742600    0.0001877600
   0.0002401600    0.0001291600    0.0002437300
   0.0002132000   -0.0003429200   -0.0003352700
   0.0002447300    0.0002789000    0.0001814600
  -0.0003391500    0.0000687600    0.0001942500
   0.0000263800    0.0002367200   -0.0006097900
   0.0119884600    0.0104068000   -0.0004226700
  -0.0096052400    0.0019008200    0.0005105300
  -0.0001144500    0.0001829400   -0.0004954100
  -0.0146278500    0.0061285100    0.0002347800
  -0.0002019500    0.0001298900    0.0002158100
   0.0110570700    0.0039794600    0.0000075500
   0.0000317300    0.0000335100   -0.0002268400
   0.0005998000   -0.0005423300    0.0003715400
   0.0002983600    0.0006723600    0.0003153100
  -0.0004228400   -0.0001820100   -0.0003408700
  -0.0084255200    0.0083972500   -0.0004186600
  -0.0000063500   -0.0000239900   -0.0003531700
   0.0000784500   -0.0000512200   -0.0003202600
   0.0003654600    0.0005249600    0.0004720200
   0.0061847200    0.0080996700    0.0000093300
   0.0000665000   -0.0003116100    0.0005560700
   0.0000570300    0.0007794200   -0.0001826700
  -0.0000983000   -0.0000136500   -0.0002993900
  -0.0003191200    0.0002928400    0.0000736300
   0.0000412900    0.0005392300    0.0000437600
   0.0000038700    0.0000389500   -0.0028706600
  -0.0005047400   -0.0006806400    0.0002646300
  -0.0000171100    0.0000470100    0.0021142400
  -0.0003633100   -0.0000963600    0.0009096300
   0.0030663900   -0.0014936400    0.0012896000
   0.0002456500   -0.0002732000   -0.0000848300
  -0.0013294700    0.0017620300    0.0017395300
   0.0001331400    0.0018671700   -0.0008629600
  -0.0147218200    0.0216804200    0.0132114400
  -0.0151169500    0.0202250600   -0.0124884200
  -0.0086222200    0.0476364600   -0.0321772300
  -0.0093585100    0.0475446900    0.0321077100
   0.0002722400    0.0003990500    0.0002966100
  -0.0007905500    0.0006698200   -0.0001891400
  -0.0003587900    0.0008361800    0.0004908500
  -0.0005929700   -0.0005466600   -0.0000623200
   0.0013123900    0.0010041000   -0.0002158100
  -0.0000245800    0.0013763400    0.0002669000
  -0.0000736000    0.0007749600    0.0003646000
  -0.0006555100    0.0006308800   -0.0003100900
   0.0001049600   -0.0004636100    0.0013664600
  -0.0007132900    0.0007670400   -0.0004939800
   0.0018182000   -0.0017277300   -0.0004316900
   0.0003200500    0.0000507300    0.0004508200
   0.0005996100    0.0010478000    0.0003715200
  -0.0005798700    0.0008456200   -0.0005131700
   0.0139387200    0.0296222900   -0.0195825300
   0.0000466300    0.0002839100   -0.0007099400
  -0.0004947300    0.0000586600   -0.0002631300
   0.0000707500   -0.0001804400   -0.0005539200
   0.0002900000    0.0003993900   -0.0002557200
   0.0005358800    0.0004422400   -0.0004092500
  -0.0001753400   -0.0002811000    0.0003029600
   0.0000158800   -0.0000022900    0.0019375800
  -0.0000048300   -0.0000025300   -0.0033137100
  -0.0002295900   -0.0007537300   -0.0000108500
   0.0009637700   -0.0000669200   -0.0003973900
   0.0000533000    0.0000724300    0.0006894300
   0.0008155200   -0.0010632600   -0.0004167000
  -0.0000875700    0.0000091400    0.0006666000
   0.0005007500    0.0012379300   -0.0004200400
  -0.0005026500    0.0005707300   -0.0000391000
  -0.0005436300   -0.0008012000   -0.0003971700
  -0.0006775900    0.0002066300   -0.0004936600
   0.0003259700   -0.0000170900    0.0003004800
   0.0010617700    0.0000316300   -0.0005292400
  -0.0006170500   -0.0000539900    0.0000611400
   0.0135757700    0.0300471700    0.0203367100
  -0.0012080800   -0.0007095900    0.0001464000
   0.0000041000   -0.0000699200    0.0006411200
   0.0000760800    0.0003399500    0.0005741700
   0.0010657900   -0.0001377700   -0.0002476500
  -0.0020575400   -0.0043252700   -0.0003490900
  -0.0011046800   -0.0033915100    0.0004959800
  -0.0006235900    0.0004014300    0.0011224200
  -0.0012759800   -0.0008687400   -0.0003063600
   0.0002632500   -0.0002588100    0.0009359200
  -0.0000334100    0.0000921900   -0.0006161300
   0.0002061400   -0.0004535700   -0.0002447300
  -0.0004567400   -0.0010104200   -0.0006113800
   0.0000966100    0.0003696800    0.0009248000
  -0.0000274900    0.0013694400    0.0001905400
   0.0002605000    0.0005665000    0.0000325400
   0.0007605800    0.0001790900   -0.0000045100
  -0.0004202500    0.0008635300   -0.0004082600
   0.0001160800   -0.0006783200   -0.0004635300
  -0.0001511300    0.0002886500    0.0002979000
   0.0011258900   -0.0006287200    0.0001369300
   0.0003703900   -0.0005230000    0.0000347600
  -0.0013241400   -0.0001850300   -0.0004209900
  -0.0003035300   -0.0004022200   -0.0001504500

1    
  0.0011470786693528  -0.0099339926779878   0.0000000000000000
  -0.0279269800    0.2421034000   -0.0013666300
   0.0001736200   -0.0005283400    0.0003924300
  -0.0001140400   -0.0001640800   -0.0005616200
   0.0001643900   -0.0000655100   -0.0005288800
   0.0005729300   -0.0002398800   -0.0003300700
  -0.0006299700   -0.0013489400    0.0004724300
  -0.0001109700    0.0000354000   -0.0001124800
   0.0001731600   -0.0000893400   -0.0007458300
  -0.0001349800   -0.0000073400   -0.0003867300
   0.0001234600    0.0005330700   -0.0003008500
   0.0002970300   -0.0003656700   -0.0004350000
  -0.0005253900   -0.0011860100    0.0003282200
   0.0012939100   -0.0008649700   -0.0002939400
   0.0000849400    0.0004734200   -0.0003643100
  -0.0000044600    0.0000190400   -0.0002084200
  -0.0000389600   -0.0003032100    0.0002282900
   0.0010768300   -0.0010010000   -0.0000654500
   0.0000942700   -0.0003330400    0.0002105100
   0.0002635300    0.0001645500    0.0002064600
  -0.0002343300   -0.0000775400   -0.0002452700
   0.0002552400    0.0002792400    0.0002162000
  -0.0003909000    0.0000933700    0.0002026200
  -0.0000040600    0.0001296800   -0.0006714600
  -0.0115686000   -0.0103635100   -0.0002295900
   0.0100752800   -0.0019617100    0.0003995800
   0.0000362200    0.0001832600   -0.0006913500
   0.0141952900   -0.0058770800   -0.0002901500
  -0.0002991000    0.0001679000    0.0002353300
  -0.0106347900   -0.0047715700   -0.0002790700
   0.0000538100    0.0000021900   -0.0002597100
   0.0000579900    0.0001558300    0.0003528200
  -0.0002913000   -0.0006334200    0.0003879800
  -0.0004563100   -0.0000902200   -0.0004033900
   0.0090333100   -0.0082497600    0.0001506400
  -0.0000046300   -0.0000598200   -0.0001318200
  -0.0004536400    0.0001990100   -0.0003268700
  -0.0007155300   -0.0009304300    0.0004400100
  -0.0059452400   -0.0085512000   -0.0000612600
  -0.0001518300   -0.0003832300    0.0005000500
  -0.0002476800    0.0006936300   -0.0000874400
  -0.0001083300   -0.0000821600   -0.0002991400
   0.0010742500   -0.0008727300   -0.0000018500
   0.0000943700    0.0004228500    0.0000349300
  -0.0000081200   -0.0000351100   -0.0031217500
  -0.0002446800   -0.0005902000    0.0002138000
   0.0000140200   -0.0000430000    0.0023506700
  -0.0003639700   -0.0000935700    0.0009347300
  -0.0031019200    0.0017826800    0.0005628300
  -0.0000542400    0.0001490200   -0.0005159200
   0.0005088900   -0.0017350200    0.0007154600
   0.0019392900   -0.0015940800    0.0001832400
   0.0154118100   -0.0191259600   -0.0131318200
   0.0148722800   -0.0201644200    0.0139640500
   0.0104079700   -0.0510953400    0.0331613200
   0.0094384800   -0.0489310800   -0.0315155600
  -0.0015316100   -0.0005574200    0.0003654700
  -0.0005673400    0.0006994000   -0.0001047400
  -0.0021494000   -0.0000600000    0.0003360300
  -0.0005846100   -0.0003446200   -0.0002114200
   0.0005431200   -0.0005015600   -0.0000953400
  -0.0007082000   -0.0000798200    0.0002284500
   0.0005692700    0.0003964400    0.0002652200
   0.0006653000   -0.0003858300   -0.0002792100
   0.0002843700   -0.0002426100    0.0010711100
  -0.0005546600    0.0009062000   -0.0001655100
  -0.0044895900    0.0015751700    0.0001393600
   0.0003258900    0.0002310500    0.0006090300
   0.0013287800    0.0007346600    0.0004879500
  -0.0006216300    0.0008880800   -0.0007030100
  -0.0128712200   -0.0316962800    0.0198208000
   0.0001024500   -0.0000599500   -0.0004370500
  -0.0004860400    0.0000511000   -0.0002259700
   0.0000437600   -0.0000561600   -0.0005949300
   0.0002855200    0.0004008000   -0.0002340200
   0.0005261300    0.0004387900   -0.0004373700
  -0.0001793900   -0.0002608600    0.0003032300
  -0.0000191400    0.0000088800    0.0019401800
   0.0000012600    0.0000087700   -0.0033202400
  -0.0001755300   -0.0007187600   -0.0000260000
   0.0009582800   -0.0000684200   -0.0004051500
   0.0000724300    0.0000536300    0.0006673500
   0.0008228000   -0.0010378300   -0.0004146800
  -0.0000814600    0.0000463800    0.0006908700
   0.0005037600    0.0012422700   -0.0004101400
  -0.0005759500    0.0005229800    0.0000056700
  -0.0005391300   -0.0007884300   -0.0004068100
  -0.0006107600    0.0002823800   -0.0003514000
   0.0003272500   -0.0000077300    0.0003053000
   0.0010324500    0.0001490900   -0.0006842100
  -0.0006389400   -0.0000598700    0.0000119700
  -0.0123287900   -0.0305549300   -0.0190792100
  -0.0010807200   -0.0006583000    0.0001555500
   0.0000357800   -0.0000941900    0.0007156200
  -0.0006466600    0.0000821600    0.0004660300
   0.0002936900   -0.0004336000   -0.0000042300
   0.0015481100    0.0025082000    0.0000642500
   0.0025757400    0.0034209000   -0.0000276500
   0.0010527700    0.0002925900    0.0013269700
   0.0004735300   -0.0010606700   -0.0003646600
   0.0002702100   -0.0002679300    0.0009130500
  -0.0002319600   -0.0000639900   -0.0005264100
   0.0001934700   -0.0004404200   -0.0002491800
  -0.0004407200   -0.0008891800   -0.0006054000
   0.0000992200    0.0003610400    0.0009227600
  -0.0000179900    0.0013002500    0.0001074700
   0.0002609800    0.0005806500    0.0000405200
   0.0007232900    0.0002167900   -0.0000270300
  -0.0004179100    0.0008779600   -0.0003989600
   0.0001099200   -0.0006764200   -0.0003792100
  -0.0001510800    0.0002967700    0.0003078600
   0.0012029100   -0.0006594800    0.0001608400
   0.0003582000   -0.0004962500    0.0000398300
  -0.0013220300   -0.0001758200   -0.0004107900
  -0.0005898000    0.0000459000    0.0002302200

1    
  0.0000000000000000   0.0000000000000000   0.0100000000000000
   0.0004667500    0.0010315300   -0.2631613000
  -0.0003786000   -0.0001891400    0.0010203400
  -0.0001375500   -0.0000300300   -0.0007578100
   0.0001284600   -0.0000564800   -0.0005550800
  -0.0001529000    0.0001028000    0.0003731400
  -0.0001383300    0.0002172000    0.0008918300
   0.0001956500    0.0000759200   -0.0000126500
   0.0000589200   -0.0001592200   -0.0005714000
  -0.0003070700   -0.0002979100   -0.0005944800
   0.0001199900    0.0001030400    0.0003458600
   0.0002979100   -0.0001493500   -0.0002570100
   0.0000177800    0.0003634900    0.0008220000
   0.0002134700    0.0001524500    0.0001306100
   0.0001039700    0.0004447900   -0.0002435400
   0.0000093400    0.0000315500   -0.0001540800
  -0.0000268000   -0.0002534800    0.0002828600
  -0.0000513100   -0.0000354000    0.0004048700
   0.0000833300   -0.0003495200    0.0002168400
   0.0002611400    0.0001206500    0.0002463400
   0.0000023600   -0.0002148600    0.0001130500
   0.0002594100    0.0003020000    0.0002353300
  -0.0003578500    0.0000652700    0.0002114900
  -0.0000241000    0.0001446600   -0.0007398900
   0.0001679400   -0.0002967400   -0.0074908400
   0.0002468200   -0.0000369300   -0.0066836300
  -0.0001487700    0.0003447700   -0.0007210200
  -0.0001324100    0.0000939200   -0.0072716900
  -0.0001576700    0.0000508100    0.0001925800
   0.0003788800   -0.0003583400   -0.0070731700
   0.0000459100    0.0000281200   -0.0002476100
   0.0003372900   -0.0001973400    0.0010225100
   0.0000113700    0.0000385500    0.0010204100
  -0.0004620000   -0.0001736100   -0.0002881200
   0.0003619600    0.0003441900   -0.0070743200
   0.0000888800   -0.0000696500   -0.0001848400
  -0.0001309600    0.0000114300    0.0001036400
  -0.0001715500   -0.0002106500    0.0011156800
  -0.0000423000   -0.0000012900   -0.0071637900
   0.0000637300   -0.0004851600    0.0004940300
  -0.0001946400    0.0008992800   -0.0001701100
  -0.0001080100   -0.0000545400   -0.0003278000
   0.0005444700    0.0002504700    0.0009626500
   0.0000626900    0.0004804200   -0.0000137000
   0.0001673800    0.0000860100   -0.0030871600
  -0.0003811800   -0.0004389100    0.0001466600
  -0.0001781100   -0.0001008400    0.0021419600
  -0.0003695100   -0.0000932300    0.0009447800
   0.0016478000    0.0016927000    0.0031005600
   0.0000093400   -0.0002331200   -0.0003222200
  -0.0008766500    0.0021012300    0.0034744500
   0.0015899900   -0.0020609900    0.0019157700
  -0.0333655900    0.0115889700    0.0463078000
   0.0329391900   -0.0103700900    0.0460810800
   0.0087088500   -0.0356077900    0.0461918900
  -0.0075598700    0.0321950300    0.0453947200
  -0.0007881400   -0.0006029700    0.0012023100
  -0.0006945900    0.0004965400   -0.0002351000
  -0.0011652900    0.0009536300    0.0013357100
  -0.0004223600   -0.0005295300   -0.0002211900
   0.0005265400    0.0006576300    0.0007524400
   0.0000688200    0.0002990600    0.0011789800
  -0.0003322200    0.0004596700    0.0012212600
  -0.0002509900   -0.0004238400    0.0006953800
   0.0000156400   -0.0003818700    0.0011896500
  -0.0004533200    0.0008417000   -0.0003489200
  -0.0029479600   -0.0015724200    0.0020903500
   0.0001724000    0.0002492100    0.0004430600
   0.0015080500    0.0009360200    0.0013819700
  -0.0007409500    0.0009270700   -0.0006409400
  -0.0255013300   -0.0247124900    0.0459074700
   0.0000682500    0.0001080700   -0.0011823500
  -0.0004906000    0.0000534400   -0.0003104500
   0.0001466100   -0.0001680500   -0.0004829700
   0.0002887700    0.0003954900   -0.0002386700
   0.0005444200    0.0004324900   -0.0004265600
  -0.0001811600   -0.0002729200    0.0002887800
  -0.0000022000    0.0000129200    0.0019355500
  -0.0000018400   -0.0000017200   -0.0033323900
  -0.0001985400   -0.0007552700   -0.0000516600
   0.0009534400   -0.0000728700   -0.0004093100
   0.0000434300    0.0000876400    0.0006458100
   0.0008193000   -0.0010443600   -0.0004407400
  -0.0000614600    0.0000373600    0.0006406600
   0.0005060600    0.0012278900   -0.0004247200
  -0.0005793700    0.0005152600   -0.0000278900
  -0.0005354800   -0.0007900200   -0.0004109200
  -0.0006142700    0.0002996500   -0.0004006700
   0.0003215100   -0.0000069200    0.0003070600
   0.0008637900    0.0000896800   -0.0003558800
  -0.0006328600   -0.0000636000    0.0000727100
   0.0260489000    0.0239916900    0.0469461400
  -0.0010509700   -0.0009216000    0.0007094800
  -0.0000274100   -0.0001112700    0.0006354600
   0.0002695600    0.0003586700    0.0014408600
   0.0001745900   -0.0004766100    0.0007582000
   0.0018458300   -0.0015544600    0.0021188900
  -0.0014734700    0.0006148800    0.0024660700
   0.0005912400   -0.0000858900    0.0021531400
  -0.0007427400   -0.0004815900    0.0006926800
   0.0002652300   -0.0002698600    0.0009209000
  -0.0001235100    0.0002165600   -0.0002935800
   0.0002040000   -0.0004501200   -0.0002264300
  -0.0004682500   -0.0009412500   -0.0006590000
   0.0001047200    0.0003632600    0.0009136700
  -0.0000459800    0.0013762600    0.0001238600
   0.0002594700    0.0005640400    0.0000338300
   0.0007358200    0.0001772300   -0.0000122900
  -0.0004198100    0.0008724500   -0.0004170800
   0.0001504700   -0.0006812200   -0.0004158200
  -0.0001558200    0.0002886700    0.0003001100
   0.0012124900   -0.0006482200    0.0001310100
   0.0003685000   -0.0005161800    0.0000204200
  -0.0013261700   -0.0001841700   -0.0004390700
  -0.0003860200   -0.0000194500    0.0000122200

1    
  0.0000000000000000   0.0000000000000000  -0.0100000000000000
  -0.0001157400   -0.0011011900    0.2627433800
  -0.0003170600   -0.0001894800   -0.0002974300
  -0.0001452800   -0.0002152100   -0.0004254800
   0.0002127300   -0.0000570700   -0.0006285400
  -0.0002092200    0.0001302300   -0.0009571600
  -0.0000410900    0.0002673800    0.0000173700
  -0.0002041500   -0.0000776000   -0.0000323400
   0.0002271100   -0.0000451400   -0.0007079700
  -0.0000303800    0.0001421300   -0.0006921800
   0.0001687800    0.0001525500   -0.0009962100
   0.0003685800   -0.0004680500   -0.0004861300
  -0.0000009000    0.0004089100   -0.0001005800
   0.0001552800    0.0000364700   -0.0007161800
   0.0000860800    0.0004525000   -0.0005022000
  -0.0000885100    0.0000266600   -0.0003347000
   0.0000137100   -0.0003236100    0.0001654500
  -0.0000108700   -0.0000597900   -0.0004634800
   0.0001296000   -0.0003620000    0.0001801700
   0.0002320700    0.0001690200    0.0002025400
  -0.0000403500   -0.0001990100   -0.0006973700
   0.0002308000    0.0002514300    0.0001616100
  -0.0003813400    0.0000939200    0.0001856900
   0.0000353800    0.0002190400   -0.0005402500
  -0.0001589900    0.0001203300    0.0068328900
   0.0004432200   -0.0001166600    0.0075917300
   0.0000580900    0.0000172100   -0.0004665400
   0.0000103100    0.0002008500    0.0072104300
  -0.0003522400    0.0002413700    0.0002588700
  -0.0001520600   -0.0006111700    0.0067929400
   0.0000293300    0.0000039300   -0.0002368300
   0.0002967300   -0.0002031000   -0.0003009700
  -0.0000156700   -0.0000472700   -0.0003188700
  -0.0004281600   -0.0001041700   -0.0004579800
   0.0000084300    0.0002617200    0.0067916800
  -0.0001111100   -0.0000195200   -0.0003017900
  -0.0002491800    0.0001195400   -0.0007544500
  -0.0001591000   -0.0001623500   -0.0002067300
   0.0003316500   -0.0000645000    0.0071041500
  -0.0001577100   -0.0002079300    0.0005589600
  -0.0000041500    0.0005753300   -0.0000993900
  -0.0001100500   -0.0000452900   -0.0002725300
   0.0001988000   -0.0008587700   -0.0008721500
   0.0000608900    0.0004775800    0.0000915200
  -0.0001814500   -0.0000906300   -0.0029051500
  -0.0003826300   -0.0008331000    0.0003318200
   0.0001650800    0.0000967900    0.0023192100
  -0.0003690400   -0.0001007100    0.0008966200
  -0.0016882000   -0.0014534200   -0.0012335800
   0.0001666900    0.0001015300   -0.0002786200
   0.0000542200   -0.0020699200   -0.0010466400
   0.0004752900    0.0023383900   -0.0025708300
   0.0334506600   -0.0088633600   -0.0456749600
  -0.0337745000    0.0105902200   -0.0451488600
  -0.0069755100    0.0323290800   -0.0455702600
   0.0075839200   -0.0333762600   -0.0444481700
  -0.0004669400    0.0004610600   -0.0005422000
  -0.0006785100    0.0008719600   -0.0000616400
  -0.0013410200   -0.0001627200   -0.0005072400
  -0.0007637900   -0.0003630800   -0.0000546100
   0.0013284600   -0.0001770600   -0.0010376900
  -0.0008037400    0.0009767800   -0.0007122800
   0.0008240800    0.0007113500   -0.0005565900
   0.0002498700    0.0006428200   -0.0013043400
   0.0003666700   -0.0003308400    0.0012461000
  -0.0008214900    0.0008254600   -0.0003113900
   0.0002722200    0.0013687800   -0.0023989400
   0.0004661800    0.0000324900    0.0006157100
   0.0004175900    0.0008476400   -0.0005577500
  -0.0004695100    0.0007974700   -0.0005763000
   0.0268812200    0.0229169800   -0.0460156000
   0.0000726300    0.0001086300    0.0000241700
  -0.0005007300    0.0000509500   -0.0001789600
  -0.0000410600   -0.0000709600   -0.0006698200
   0.0002760000    0.0004002800   -0.0002520600
   0.0005073300    0.0004438800   -0.0004235200
  -0.0001834800   -0.0002739700    0.0003161400
  -0.0000114000   -0.0000108900    0.0019388300
  -0.0000121200    0.0000036500   -0.0033027000
  -0.0002162500   -0.0007212100    0.0000128200
   0.0009593000   -0.0000666300   -0.0003956800
   0.0000718200    0.0000336800    0.0007086000
   0.0008090100   -0.0010620700   -0.0003929500
  -0.0001186600    0.0000148800    0.0007128100
   0.0004879000    0.0012482700   -0.0004081300
  -0.0005087500    0.0005735100   -0.0000097100
  -0.0005576000   -0.0008046600   -0.0003946700
  -0.0006868900    0.0001848900   -0.0004473100
   0.0003216800   -0.0000217800    0.0002971100
   0.0012183600    0.0000890300   -0.0008582600
  -0.0006326000   -0.0000550900   -0.0000012700
  -0.0244967500   -0.0242231100   -0.0453514400
  -0.0012515300   -0.0004569500   -0.0004086800
   0.0000575900   -0.0000566600    0.0007184600
  -0.0008577900    0.0000605500   -0.0003717600
   0.0011661200   -0.0000979900   -0.0010404900
  -0.0023437000   -0.0003047400   -0.0024168600
   0.0029560200   -0.0006268000   -0.0019862800
  -0.0001907600    0.0007845400    0.0002960400
  -0.0000872700   -0.0014429000   -0.0013651100
   0.0002575400   -0.0002615200    0.0009260400
  -0.0001478500   -0.0001921600   -0.0008500100
   0.0001850100   -0.0004489600   -0.0002675800
  -0.0004394400   -0.0009634800   -0.0005613100
   0.0000805900    0.0003632500    0.0009323100
  -0.0000104900    0.0012890000    0.0001708300
   0.0002504400    0.0005787300    0.0000381800
   0.0007373600    0.0002158200   -0.0000221900
  -0.0004289500    0.0008656000   -0.0003920500
   0.0000632600   -0.0006780100   -0.0004317800
  -0.0001571900    0.0002920100    0.0003034100
   0.0011061800   -0.0006448100    0.0001624500
   0.0003502300   -0.0005079800    0.0000528800
  -0.0013299400   -0.0001809300   -0.0003948700
  -0.0005232500   -0.0003438400    0.0000656100

2    
  0.0080295506854697   0.0059603956067927   0.0000000000000000
  -0.0007475100   -0.0002111800   -0.0001600100
  -0.1960513200   -0.1460267500   -0.0020853100
  -0.0001766700   -0.0001094800   -0.0006069600
   0.0001780900   -0.0000489800   -0.0005556800
  -0.0001507200   -0.0001477700   -0.0002383000
  -0.0022041200    0.0154741300    0.0007436200
   0.0000121800   -0.0000167400   -0.0000238800
   0.0001621500   -0.0001225100   -0.0006315200
  -0.0001767600   -0.0000507100   -0.0006310400
   0.0001997300    0.0007375600   -0.0003194500
   0.0003066200   -0.0003018300   -0.0003599300
   0.0144183700   -0.0044918700    0.0004075700
  -0.0000358500   -0.0003065700   -0.0002630100
   0.0000865900    0.0004338000   -0.0003917400
  -0.0000317300    0.0000383200   -0.0002271900
   0.0000555300   -0.0002120400    0.0002256800
   0.0016262600    0.0002596600   -0.0000300500
  -0.0002542000   -0.0004384500    0.0002730500
   0.0002614700    0.0003247800    0.0001647200
   0.0029864600    0.0116242700   -0.0002893700
   0.0002262400    0.0001460800    0.0001471300
  -0.0002351200    0.0001189500    0.0001705200
  -0.0000021800    0.0001534800   -0.0005910500
   0.0003035900    0.0012556600   -0.0003710000
   0.0005236800    0.0013386600    0.0004554400
  -0.0000705200    0.0001697200   -0.0006024900
   0.0089567700   -0.0069340700   -0.0002704900
  -0.0002665300    0.0001606300    0.0002320600
   0.0018333500   -0.0001108900   -0.0001086600
   0.0001945100   -0.0000662900   -0.0001215900
  -0.0028074800    0.0091232100    0.0001701800
   0.0009070300   -0.0001092800    0.0003491100
  -0.0004547800   -0.0001679200   -0.0003557100
   0.0002070900    0.0012393600   -0.0001468500
  -0.0000407000   -0.0000673600   -0.0002791900
  -0.0001606200   -0.0002681700   -0.0003289100
   0.0101906800   -0.0009148900    0.0004791000
   0.0007264000    0.0000634100    0.0000055400
   0.0010298000    0.0013222000    0.0000884800
   0.0010338200    0.0023658700    0.0003209100
  -0.0002009800   -0.0000843500   -0.0003974500
   0.0003047300   -0.0002018300    0.0000802000
  -0.0000162700    0.0004327100    0.0001150800
   0.0319659600    0.0043304100   -0.0219006300
  -0.0041714200   -0.0007954200    0.0000994300
   0.0333048200    0.0035702700    0.0223732300
  -0.0003696000   -0.0000978800    0.0009300100
   0.0001019000    0.0000296700    0.0009771900
   0.0009018300   -0.0005463100   -0.0003772200
  -0.0002133100   -0.0035588800    0.0015281100
   0.0011893600   -0.0033931500   -0.0006425300
   0.0005815100    0.0015558600   -0.0002111300
   0.0001106300    0.0003017000    0.0010574500
   0.0007899200   -0.0010485300   -0.0001493200
  -0.0000826100   -0.0000398000    0.0009370500
  -0.0010050800    0.0007693700    0.0003999000
  -0.0045685400    0.0005302000    0.0000571900
  -0.0016229100    0.0012116100    0.0003626400
   0.0369063400    0.0323949900   -0.0331927600
   0.0110762100    0.0227964900   -0.0127869100
   0.0096495600    0.0235613900    0.0129617000
   0.0010515100    0.0005981300    0.0002912100
  -0.0000926500    0.0002177800   -0.0003121000
   0.0002254500   -0.0003437200    0.0011022200
  -0.0006066600    0.0008663200   -0.0002029800
  -0.0012326800   -0.0001755100   -0.0001843600
   0.0392478500    0.0340963500    0.0340697400
   0.0017359400    0.0009294800    0.0004215000
  -0.0006098600    0.0008515000   -0.0005083200
   0.0001694100   -0.0012408200    0.0006070500
   0.0000676100    0.0001218300   -0.0005701300
  -0.0004979300    0.0000493400   -0.0002430700
   0.0000466700   -0.0001014800   -0.0005725400
   0.0002819300    0.0003983800   -0.0002483400
   0.0004941400    0.0004153500   -0.0004508100
  -0.0001775100   -0.0002718700    0.0003154100
  -0.0000084000    0.0000078500    0.0017372400
   0.0000102100    0.0000015400   -0.0033601000
  -0.0002385800   -0.0007305100   -0.0000305600
   0.0009585900   -0.0000653200   -0.0003983100
   0.0000647500    0.0000574400    0.0006975000
   0.0008164300   -0.0010525200   -0.0004076600
  -0.0000823700    0.0000073500    0.0006377900
   0.0004940600    0.0012373500   -0.0004226500
  -0.0005157900    0.0005092400    0.0000993100
  -0.0005444500   -0.0007994900   -0.0003944500
  -0.0006879700    0.0002660200   -0.0003525000
   0.0003201400   -0.0000175200    0.0003148300
   0.0010432200    0.0000972500   -0.0006151400
  -0.0006313300   -0.0000587400    0.0000323600
   0.0002328600   -0.0004843700    0.0001774900
  -0.0011621500   -0.0006961100    0.0001486200
   0.0000272200   -0.0000850100    0.0006773400
  -0.0000026400   -0.0000452600    0.0004628500
   0.0010559800   -0.0004940700   -0.0000550600
  -0.0000620100   -0.0000170700   -0.0001767500
   0.0009430100    0.0008816700    0.0002158100
   0.0000957900    0.0001176100    0.0014146500
  -0.0005155400   -0.0011884500   -0.0005488900
   0.0002643400   -0.0002665200    0.0009236200
  -0.0001373000    0.0000641400   -0.0005576600
   0.0001945900   -0.0004551900   -0.0002482500
  -0.0004604900   -0.0009557900   -0.0006219200
   0.0000948300    0.0003651800    0.0009236500
  -0.0000048700    0.0013252100    0.0000628100
   0.0002554700    0.0005690800    0.0000373800
   0.0007210600    0.0002611400    0.0003181800
  -0.0004191000    0.0008774900   -0.0003472500
   0.0001455200   -0.0007709800   -0.0004868700
  -0.0001475100    0.0002901200    0.0002894300
   0.0011680600   -0.0006927700    0.0001372100
   0.0003561500   -0.0005176300    0.0000410100
  -0.0013304300   -0.0001861500   -0.0004135700
   0.0003937700   -0.0007118400    0.0001090200

2    
 -0.0080295506854697  -0.0059603956067927   0.0000000000000000
  -0.0001812300    0.0002688200   -0.0001119400
   0.1951083400    0.1446936900    0.0025587200
  -0.0001015100   -0.0001370400   -0.0005762300
   0.0001680400   -0.0000693200   -0.0006277400
  -0.0001892600    0.0003872000   -0.0003433900
   0.0020884600   -0.0153989700    0.0001600500
  -0.0000143800    0.0000116700   -0.0000172500
   0.0001290800   -0.0000864200   -0.0006501500
  -0.0001558000   -0.0001100200   -0.0006510400
   0.0000851900   -0.0005181700   -0.0003311100
   0.0003650400   -0.0003209900   -0.0003854300
  -0.0149484400    0.0053606100    0.0003079500
   0.0003874900    0.0004851400   -0.0003202300
   0.0001084100    0.0004572200   -0.0003520800
  -0.0000411700    0.0000161400   -0.0002599900
  -0.0000639900   -0.0003693300    0.0002236100
  -0.0016557400   -0.0003893600   -0.0000279300
   0.0004708100   -0.0002798300    0.0001243000
   0.0002371900   -0.0000369700    0.0002838200
  -0.0025264200   -0.0116619400   -0.0002974300
   0.0002686900    0.0004022300    0.0002511600
  -0.0005000800    0.0000352600    0.0002269500
   0.0000197900    0.0002045600   -0.0006908600
  -0.0002713900   -0.0016153400   -0.0002770600
  -0.0000344900   -0.0014579100    0.0004535800
  -0.0000145200    0.0001888700   -0.0005824800
  -0.0090561000    0.0070170600    0.0002133700
  -0.0002376600    0.0001272200    0.0002172400
  -0.0014555800   -0.0007360700   -0.0001629000
  -0.0001113000    0.0000910200   -0.0003629400
   0.0034359900   -0.0095739600    0.0005556900
  -0.0008755400    0.0001023200    0.0003540300
  -0.0004291800   -0.0001141500   -0.0003893600
   0.0003174000   -0.0004609500   -0.0001246400
   0.0000238600   -0.0000265000   -0.0002069100
  -0.0002206800    0.0003837200   -0.0003199100
  -0.0101949300    0.0008867100    0.0004268400
  -0.0006607200   -0.0000724700   -0.0000617900
  -0.0011146900   -0.0020326600    0.0009867500
  -0.0012209800   -0.0009080200   -0.0006112500
  -0.0000097300   -0.0000203900   -0.0002007200
   0.0004469100   -0.0003942000   -0.0000006100
   0.0001478100    0.0005206600   -0.0000382200
  -0.0326305400   -0.0041576800    0.0164999300
   0.0033937500   -0.0005091900    0.0003686400
  -0.0339861100   -0.0033910900   -0.0185227300
  -0.0003631300   -0.0001009300    0.0009133100
  -0.0001234100    0.0002117800    0.0008865900
  -0.0007088700    0.0004100700   -0.0002311700
  -0.0006263900    0.0035403200    0.0009155200
   0.0008586400    0.0036237900   -0.0000287200
   0.0005657000    0.0008409000   -0.0001222600
   0.0001033300   -0.0004098800    0.0008356800
   0.0006980500   -0.0011566600   -0.0001594900
  -0.0001311200   -0.0001034400    0.0009318200
  -0.0002542400   -0.0009226800    0.0002586300
   0.0031811900    0.0008059200   -0.0003427900
  -0.0008862800   -0.0004323400    0.0004673300
  -0.0371725100   -0.0324237600    0.0316427100
  -0.0091239200   -0.0227863700    0.0128636700
  -0.0102828400   -0.0227484500   -0.0128663400
  -0.0005705500    0.0005572600    0.0003454800
   0.0001004400    0.0000121000   -0.0002877900
   0.0001574100   -0.0003715800    0.0013309400
  -0.0006678200    0.0007987700   -0.0004542000
  -0.0014255200   -0.0000256200   -0.0001198600
  -0.0376235400   -0.0329066900   -0.0317041800
   0.0001769600    0.0008391700    0.0004303900
  -0.0005948400    0.0008726900   -0.0007111500
   0.0003983800   -0.0013141800    0.0002267100
   0.0000760400    0.0000954400   -0.0005811400
  -0.0004874400    0.0000503900   -0.0002470800
   0.0000623400   -0.0001444100   -0.0005789500
   0.0002886100    0.0003924000   -0.0002418500
   0.0005633500    0.0004570600   -0.0003988400
  -0.0001819100   -0.0002795900    0.0002906100
  -0.0000012500   -0.0000106700    0.0021468600
  -0.0000180700   -0.0000046000   -0.0032744200
  -0.0001715600   -0.0007518000   -0.0000054700
   0.0009586900   -0.0000791900   -0.0004055300
   0.0000557500    0.0000592900    0.0006581900
   0.0008171700   -0.0010579400   -0.0004248700
  -0.0000914800    0.0000396800    0.0007178900
   0.0005049000    0.0012336000   -0.0004087500
  -0.0005676500    0.0005760300   -0.0001350600
  -0.0005433800   -0.0007991800   -0.0004100500
  -0.0006058900    0.0002122700   -0.0004926400
   0.0003277400   -0.0000166700    0.0002902200
   0.0010474500    0.0000738300   -0.0006004900
  -0.0006289000   -0.0000647200    0.0000399300
   0.0005184100   -0.0005214300    0.0004759800
  -0.0011312200   -0.0006803300    0.0001480500
   0.0000089200   -0.0000883100    0.0006776900
  -0.0005614000    0.0004540700    0.0005755700
   0.0003095400   -0.0000887500   -0.0001967000
  -0.0004514600   -0.0018478300   -0.0001280100
   0.0005261900   -0.0009020300    0.0002754800
   0.0003207400    0.0005721500    0.0010258900
  -0.0002992400   -0.0007465300   -0.0001168200
   0.0002634600   -0.0002689700    0.0009244300
  -0.0001346500   -0.0000471000   -0.0005884700
   0.0001996100   -0.0004485000   -0.0002456200
  -0.0004425800   -0.0009531400   -0.0005973600
   0.0000957600    0.0003563900    0.0009237600
  -0.0000455900    0.0013356600    0.0002328300
   0.0002603000    0.0005693500    0.0000354300
   0.0007583800    0.0001304300   -0.0003434700
  -0.0004242700    0.0008549300   -0.0004595500
   0.0000767200   -0.0005929600   -0.0003528500
  -0.0001587800    0.0002861200    0.0003151400
   0.0011571100   -0.0006047400    0.0001591600
   0.0003682300   -0.0005115300    0.0000331300
  -0.0013196800   -0.0001841000   -0.0004188500
  -0.0012842200    0.0003445300   -0.0000225200

2    
 -0.0011470786693528   0.0099339926779878   0.0000000000000000
  -0.0011596500    0.0003706400   -0.0001341700
   0.0267056100   -0.2411935100    0.0006544400
  -0.0002756200   -0.0000286800   -0.0006027800
   0.0001775900   -0.0000669700   -0.0005646800
  -0.0012197600    0.0010598100   -0.0002470100
  -0.0087367600    0.0079577300    0.0006044400
   0.0000308900   -0.0000312300   -0.0000336500
   0.0001544100   -0.0001396300   -0.0006457700
  -0.0001460100   -0.0000628600   -0.0006729700
   0.0006330300    0.0007759200   -0.0003112300
   0.0003404500   -0.0003006900   -0.0003934500
   0.0106866600    0.0047220200    0.0006298100
  -0.0003454100    0.0004792800   -0.0002912600
   0.0000860400    0.0004274900   -0.0003748400
  -0.0000119200    0.0000079400   -0.0002275100
   0.0001278000   -0.0001807200    0.0000683700
   0.0002534700   -0.0001821600   -0.0000764100
   0.0000688200   -0.0006987900    0.0003071300
   0.0002848000    0.0002661600    0.0001211900
  -0.0096911000    0.0017724500   -0.0001303900
   0.0002267600    0.0003692600    0.0002005100
  -0.0004105700    0.0000281500    0.0002343700
   0.0000062200    0.0001742300   -0.0006224100
   0.0005477900    0.0013945700   -0.0003488800
   0.0007837500    0.0015410000    0.0004420000
  -0.0000224400    0.0001836400   -0.0005874200
   0.0061337100    0.0080204800   -0.0001892100
  -0.0002290800    0.0001504300    0.0002271100
   0.0004836500   -0.0005401000   -0.0001248800
   0.0001048100   -0.0000271800   -0.0001429500
  -0.0141838100    0.0056269600    0.0000521400
   0.0002611000   -0.0003616900    0.0003447200
  -0.0004484500   -0.0001497600   -0.0003600400
   0.0005606800    0.0010985500   -0.0001546900
  -0.0000293100   -0.0000404100   -0.0002715300
  -0.0012866200    0.0010343700   -0.0003148800
   0.0118575700    0.0105969900    0.0004141100
   0.0001120400   -0.0003715000   -0.0000361400
   0.0030746700   -0.0019227900    0.0002189400
   0.0030275400   -0.0008198300    0.0001343000
  -0.0002389300   -0.0000825300   -0.0002774200
   0.0003893700   -0.0002553800    0.0001487500
  -0.0000430900    0.0004622200   -0.0000021500
  -0.0144286100    0.0200829400    0.0097633900
  -0.0012663200    0.0011377300   -0.0002359200
  -0.0157788700    0.0202540300   -0.0113772200
  -0.0003600800   -0.0000969100    0.0009201100
   0.0001415500   -0.0000731600    0.0011465900
   0.0004614900    0.0001132800   -0.0003869200
  -0.0022691400   -0.0034049000    0.0010393300
  -0.0007535100   -0.0032098800   -0.0001646900
  -0.0003302300    0.0012609000   -0.0001746700
  -0.0007310500    0.0000212900    0.0010240000
   0.0007293800   -0.0010362900   -0.0001608800
  -0.0001056000   -0.0000355100    0.0009352800
  -0.0013303500    0.0006170200    0.0003200700
  -0.0016082200    0.0024393000    0.0002969400
  -0.0018907700    0.0010280300    0.0004348700
   0.0122901400    0.0295216100   -0.0201294300
  -0.0087357400    0.0489490800   -0.0318857300
  -0.0097833600    0.0495392300    0.0325773500
   0.0011067700    0.0009910000    0.0002285800
  -0.0000035500    0.0001546900   -0.0004233600
   0.0001960500   -0.0004453600    0.0011380200
  -0.0006416600    0.0007342200   -0.0002329000
  -0.0011797500   -0.0003042000   -0.0003448800
   0.0138498500    0.0309079400    0.0205003100
   0.0017835000    0.0013232000    0.0004357000
  -0.0005927600    0.0008313600   -0.0005452700
   0.0004255400   -0.0012194400    0.0003775600
   0.0000649200    0.0001223100   -0.0005888500
  -0.0004890800    0.0000496000   -0.0002446600
   0.0000478000   -0.0001178300   -0.0005720500
   0.0002904200    0.0003965700   -0.0002521600
   0.0005247100    0.0004248600   -0.0003737800
  -0.0001730600   -0.0002637400    0.0003049700
   0.0000597600    0.0000037900    0.0020875300
   0.0000089000    0.0000031900   -0.0033001500
  -0.0002047600   -0.0007742400   -0.0000807600
   0.0009650200   -0.0000602700   -0.0003991500
   0.0000701900    0.0000585300    0.0006792500
   0.0008206300   -0.0010520100   -0.0004135700
  -0.0000421200    0.0000200500    0.0005816200
   0.0005057300    0.0012378600   -0.0004269500
  -0.0004859700    0.0005378100    0.0000183800
  -0.0005374300   -0.0007999900   -0.0004077800
  -0.0006964800    0.0002977200   -0.0004631200
   0.0003316600   -0.0000175100    0.0003000000
   0.0010403500    0.0000871200   -0.0006088900
  -0.0006264000   -0.0000551300    0.0000334000
   0.0004940500   -0.0004664300    0.0003618500
  -0.0011493700   -0.0006893900    0.0001556700
   0.0000300400   -0.0000796500    0.0006725300
   0.0001076600    0.0009340600    0.0005471700
   0.0010277200    0.0004698100   -0.0000990500
  -0.0005373800   -0.0007506200   -0.0001324600
   0.0004367800    0.0001513000    0.0001522000
   0.0001280200    0.0002408400    0.0013742300
  -0.0004826600   -0.0010475400   -0.0005138800
   0.0002674900   -0.0002627000    0.0009154400
  -0.0001233600    0.0000495900   -0.0005062300
   0.0002027800   -0.0004530100   -0.0002483000
  -0.0004419300   -0.0009588900   -0.0006241600
   0.0000996900    0.0003652300    0.0009134900
  -0.0000788100    0.0013154900    0.0001056500
   0.0002655100    0.0005717700    0.0000318400
   0.0007463600    0.0003078800    0.0001106400
  -0.0004164600    0.0008844700   -0.0003776600
   0.0000966100   -0.0007816800   -0.0006208700
  -0.0001510300    0.0002985000    0.0002476500
   0.0011978100   -0.0006336900    0.0001910800
   0.0003657900   -0.0005177400    0.0000431700
  -0.0013209200   -0.0001832300   -0.0004175900
  -0.0000745800   -0.0000081600    0.0001044900

2    
  0.0011470786693528  -0.0099339926779878   0.0000000000000000
   0.0002628700   -0.0003106000   -0.0001380600
  -0.0282128200    0.2424450400   -0.0000707300
   0.0000084300   -0.0002179700   -0.0005817900
   0.0001744300   -0.0000484600   -0.0006201600
   0.0009169700   -0.0008216500   -0.0003355800
   0.0086602900   -0.0080871200    0.0003021000
  -0.0000272700    0.0000302100   -0.0000076200
   0.0001436200   -0.0000662400   -0.0006367300
  -0.0001807800   -0.0000956700   -0.0006094800
  -0.0003571100   -0.0005616500   -0.0003382200
   0.0003370100   -0.0003195700   -0.0003527500
  -0.0106439200   -0.0039152100    0.0000929200
   0.0007045200   -0.0002775800   -0.0002935400
   0.0001154000    0.0004666200   -0.0003699800
  -0.0000543300    0.0000496200   -0.0002603000
  -0.0001334300   -0.0003995900    0.0003830100
  -0.0002944600    0.0000782500    0.0000189500
   0.0001563700   -0.0000120400    0.0000885600
   0.0002205500    0.0000221000    0.0003284800
   0.0096452600   -0.0021562300   -0.0004543000
   0.0002757500    0.0001814500    0.0001952800
  -0.0003166400    0.0001285400    0.0001626900
   0.0000183400    0.0001868600   -0.0006611500
  -0.0005271400   -0.0017842700   -0.0003011400
  -0.0002859700   -0.0016278600    0.0004664500
  -0.0000562700    0.0001771300   -0.0005983400
  -0.0060473600   -0.0083950100    0.0001272700
  -0.0002686700    0.0001397900    0.0002217000
  -0.0000942800   -0.0002833300   -0.0001489100
  -0.0000179100    0.0000561300   -0.0003436800
   0.0144616000   -0.0058881400    0.0006649600
  -0.0002569400    0.0003775300    0.0003583600
  -0.0004294500   -0.0001290300   -0.0003854900
  -0.0000256000   -0.0003126400   -0.0001187400
   0.0000189900   -0.0000503300   -0.0002151900
   0.0009080200   -0.0008927900   -0.0003340000
  -0.0118188600   -0.0105427600    0.0004864900
  -0.0000175400    0.0003857800   -0.0000200600
  -0.0031742300    0.0012604600    0.0008452900
  -0.0032274100    0.0023280400   -0.0004157100
   0.0000339600   -0.0000213600   -0.0003241000
   0.0003683800   -0.0003405800   -0.0000710600
   0.0001796700    0.0004916800    0.0000806000
   0.0139669900   -0.0199332800   -0.0153877100
   0.0005092200   -0.0024130300    0.0006912000
   0.0153149300   -0.0201130200    0.0154586100
  -0.0003658500   -0.0000992800    0.0009223900
  -0.0001573300    0.0003183500    0.0007167600
  -0.0002775700   -0.0002455400   -0.0001924700
   0.0014502300    0.0034567700    0.0013998700
   0.0028242900    0.0035075200   -0.0005019900
   0.0014957000    0.0011345800   -0.0001239300
   0.0009611700   -0.0001311100    0.0008327400
   0.0007669800   -0.0011690300   -0.0001473700
  -0.0001002400   -0.0001072700    0.0009315400
   0.0000792600   -0.0007642300    0.0003205300
   0.0002413400   -0.0010737200   -0.0005693900
  -0.0006106600   -0.0002430500    0.0004114400
  -0.0129892800   -0.0299351100    0.0192475900
   0.0108969200   -0.0497446600    0.0328766200
   0.0093446600   -0.0495080500   -0.0334000900
  -0.0006233600    0.0001639800    0.0004370700
   0.0000174900    0.0000750600   -0.0001757400
   0.0001925000   -0.0002708700    0.0012944100
  -0.0006271500    0.0009303800   -0.0004254800
  -0.0014723300    0.0001059600    0.0000398200
  -0.0127044100   -0.0301524100   -0.0188454600
   0.0001333100    0.0004466000    0.0003868300
  -0.0006049200    0.0008959200   -0.0006761900
   0.0001468800   -0.0013346500    0.0004528400
   0.0000854300    0.0000980500   -0.0005623300
  -0.0004898900    0.0000533800   -0.0002466900
   0.0000679000   -0.0001259800   -0.0005788000
   0.0002866000    0.0003969300   -0.0002396600
   0.0005386500    0.0004501600   -0.0004728400
  -0.0001801300   -0.0002849400    0.0002995700
  -0.0000640700   -0.0000027700    0.0017947100
  -0.0000107800   -0.0000039700   -0.0033352600
  -0.0001998800   -0.0007047500    0.0000428900
   0.0009591400   -0.0000815400   -0.0004049200
   0.0000562300    0.0000611300    0.0006757800
   0.0008192500   -0.0010556400   -0.0004195200
  -0.0001256400    0.0000296200    0.0007735300
   0.0004999700    0.0012358700   -0.0004048200
  -0.0005909200    0.0005491800   -0.0000521700
  -0.0005439500   -0.0007959600   -0.0003974700
  -0.0005909300    0.0001839400   -0.0003819100
   0.0003228300   -0.0000136700    0.0003043300
   0.0010569600    0.0000865400   -0.0006068400
  -0.0006276300   -0.0000653400    0.0000381500
   0.0002621200   -0.0005384700    0.0002936500
  -0.0011374100   -0.0006837600    0.0001405300
   0.0000117800   -0.0000907700    0.0006822000
  -0.0006720500   -0.0005116000    0.0004924000
   0.0003393800   -0.0010381300   -0.0001544100
   0.0000452400   -0.0011046200   -0.0001907700
   0.0010522600   -0.0001615600    0.0003528400
   0.0002967800    0.0004492700    0.0010649200
  -0.0003235600   -0.0008864900   -0.0001524800
   0.0002668200   -0.0002701000    0.0009322400
  -0.0001419200   -0.0000313100   -0.0006424700
   0.0001975800   -0.0004473600   -0.0002469100
  -0.0004547500   -0.0009477500   -0.0005949800
   0.0000971200    0.0003590900    0.0009331400
   0.0000338400    0.0013480400    0.0001922800
   0.0002569500    0.0005693500    0.0000401300
   0.0007406000    0.0000865800   -0.0001399000
  -0.0004206600    0.0008503900   -0.0004307000
   0.0001331900   -0.0005775200   -0.0002164600
  -0.0001496100    0.0002807400    0.0003579200
   0.0011326100   -0.0006617200    0.0001037700
   0.0003646600   -0.0005080900    0.0000305000
  -0.0013233900   -0.0001838400   -0.0004157200
  -0.0008275500   -0.0003549600   -0.0000481500

2    
  0.0000000000000000   0.0000000000000000   0.0100000000000000
  -0.0004458500    0.0000071500    0.0005217100
  -0.0029991600   -0.0002174600   -0.2612128500
  -0.0000631600   -0.0001716500   -0.0007764700
   0.0001712800   -0.0000542100   -0.0006038300
  -0.0001669000    0.0001266700    0.0001292100
  -0.0001365600    0.0001265600   -0.0067790600
   0.0000016300   -0.0000255500    0.0000178100
   0.0001662800   -0.0001449000   -0.0006063600
  -0.0001468500   -0.0000812400   -0.0006206500
   0.0001401300    0.0000954800    0.0003526500
   0.0003345200   -0.0003174500   -0.0003553600
  -0.0003239600    0.0004826800   -0.0069658200
   0.0001816200    0.0001459000    0.0004052200
   0.0001258900    0.0004569300   -0.0003363400
  -0.0000343700    0.0000252400   -0.0002221900
  -0.0000877600   -0.0003176800    0.0003112000
  -0.0000215300   -0.0000487700    0.0004043900
   0.0001947800   -0.0002779100    0.0006515400
   0.0002143500    0.0001105400   -0.0000034800
  -0.0001402400   -0.0001223100   -0.0072919700
   0.0002749200    0.0003391800    0.0001650500
  -0.0004155700    0.0000327000    0.0000317600
   0.0000258600    0.0002261300   -0.0006142200
   0.0000210400   -0.0002055400    0.0000991300
   0.0001890600   -0.0000301600    0.0009165600
  -0.0000576100    0.0001794800   -0.0005486500
  -0.0001444100   -0.0000425900   -0.0075375800
  -0.0002843100    0.0001567300    0.0002402900
   0.0001997400   -0.0004735700    0.0003236900
   0.0000176600    0.0000352800   -0.0003306500
   0.0001436800   -0.0003448900   -0.0069651600
   0.0000438700    0.0000009700    0.0010351900
  -0.0004018400   -0.0001334600   -0.0003604500
   0.0002855000    0.0003828500    0.0005252900
   0.0000148100   -0.0000517400   -0.0002063000
  -0.0001474600    0.0001307500    0.0001541800
   0.0000195400    0.0001266100   -0.0069390800
   0.0000277200   -0.0000069300    0.0006532800
  -0.0015990100   -0.0019161400    0.0027601900
   0.0015978100    0.0022865000    0.0021845300
  -0.0000898700    0.0001517700   -0.0003866700
   0.0005568500   -0.0002183500   -0.0000641100
   0.0000495200    0.0002906300   -0.0000587200
  -0.0331245300    0.0098250700    0.0427463800
   0.0002006700   -0.0028647700    0.0025230700
   0.0349709600   -0.0104133200    0.0477214100
  -0.0003639100   -0.0000958900    0.0009118600
  -0.0000836400   -0.0000530600    0.0008879200
  -0.0004298900   -0.0002885900    0.0006623200
   0.0017821700   -0.0005870100    0.0034917700
  -0.0010726600    0.0007706900    0.0019082200
   0.0009585600    0.0007886700    0.0008119900
  -0.0002047500    0.0003952600    0.0019152200
   0.0007545700   -0.0011079500   -0.0002119500
  -0.0000963000   -0.0000771300    0.0008891100
  -0.0004482200    0.0004297000    0.0012782700
  -0.0011923100    0.0028772000    0.0021275300
  -0.0014596600   -0.0001371900    0.0013706500
  -0.0255848200   -0.0243332000    0.0452603100
   0.0090530600   -0.0339593900    0.0457040000
  -0.0088229000    0.0349000700    0.0457054000
   0.0001105800    0.0000189000    0.0012548400
  -0.0001663000    0.0000091900   -0.0003950600
   0.0000444500   -0.0002460900    0.0011091500
  -0.0004665500    0.0007211700   -0.0004158100
  -0.0012590100    0.0000732600   -0.0001881600
   0.0264627000    0.0245129800    0.0466899500
   0.0010412600    0.0014634700    0.0014104900
  -0.0006179300    0.0008161300   -0.0005698200
   0.0001863300   -0.0011314100    0.0003722600
   0.0000781600    0.0001257000   -0.0005928400
  -0.0004863600    0.0000521800   -0.0002574000
   0.0000537600   -0.0001306500   -0.0005832900
   0.0002957800    0.0003964000   -0.0002509800
   0.0005438700    0.0004930400   -0.0004444200
  -0.0001733300   -0.0002753800    0.0003057000
  -0.0005381700    0.0001693700    0.0020955600
   0.0000059800   -0.0000094300   -0.0033101200
  -0.0002201200   -0.0007280900   -0.0000352000
   0.0009779200   -0.0000768700   -0.0003968600
   0.0000500700    0.0000525900    0.0006513400
   0.0008229100   -0.0010561800   -0.0004238600
  -0.0001332400    0.0000308000    0.0007069600
   0.0005095600    0.0012384400   -0.0004182600
  -0.0005113600    0.0005010900    0.0000035900
  -0.0005419000   -0.0007960800   -0.0004064200
  -0.0005659200    0.0002099600   -0.0003861600
   0.0003221200   -0.0000108000    0.0003055000
   0.0010551600    0.0000762200   -0.0006273000
  -0.0006213700   -0.0000590400    0.0000349700
   0.0005041800   -0.0006427500    0.0003025300
  -0.0011364100   -0.0006941700    0.0001145600
   0.0000229600   -0.0000841000    0.0006626500
  -0.0006953700    0.0006100300    0.0014980000
   0.0011337700   -0.0006395200    0.0008404100
  -0.0007985100   -0.0010504300    0.0008217800
   0.0013174300    0.0000733300    0.0011606000
   0.0000338400    0.0003107500    0.0011872900
  -0.0002212500   -0.0009450500   -0.0003816400
   0.0002678200   -0.0002613900    0.0009345700
  -0.0001269800    0.0000880000   -0.0005933000
   0.0002056700   -0.0004583900   -0.0002467600
  -0.0004367800   -0.0009554300   -0.0006301500
   0.0000968800    0.0003650200    0.0009151400
  -0.0000611300    0.0012627400    0.0002339300
   0.0002648100    0.0005733900    0.0000466700
   0.0011075400    0.0004451600   -0.0003308600
  -0.0004276100    0.0008668000   -0.0004345100
   0.0003669500   -0.0010225800   -0.0001200200
  -0.0001431300    0.0002984400    0.0003151400
   0.0011871300   -0.0006125700    0.0001369700
   0.0003659700   -0.0005174900    0.0000234500
  -0.0013188900   -0.0001840700   -0.0004222600
   0.0001040300   -0.0000500000    0.0009271100

2    
  0.0000000000000000   0.0000000000000000  -0.0100000000000000
  -0.0004825500    0.0000690100   -0.0007922700
   0.0021106400   -0.0001409700    0.2615392400
  -0.0002053500   -0.0000744000   -0.0004015400
   0.0001831100   -0.0000606000   -0.0005765300
  -0.0001735800    0.0001045900   -0.0007110900
  -0.0001782500    0.0001972700    0.0076877900
   0.0000031100    0.0000248100   -0.0000567600
   0.0001339200   -0.0000600700   -0.0006733600
  -0.0001792400   -0.0000770400   -0.0006584000
   0.0001678700    0.0001549800   -0.0009998300
   0.0003443200   -0.0003014900   -0.0003878300
   0.0001892700    0.0001508900    0.0076824300
   0.0001953100    0.0000291900   -0.0009867500
   0.0000769200    0.0004386000   -0.0004058600
  -0.0000308700    0.0000323100   -0.0002625300
   0.0000857900   -0.0002620500    0.0001443600
  -0.0000250500   -0.0000437000   -0.0004606900
   0.0000313600   -0.0004360000   -0.0002586200
   0.0002932200    0.0001805300    0.0004578000
   0.0003314500   -0.0003494900    0.0066994300
   0.0002268800    0.0002146800    0.0002377300
  -0.0003120700    0.0001261700    0.0003732100
  -0.0000011900    0.0001360500   -0.0006659400
   0.0000434300   -0.0001803900   -0.0007459500
   0.0003093000   -0.0000686500   -0.0000076000
  -0.0000203000    0.0001833200   -0.0006337200
   0.0002962700    0.0000589100    0.0074732000
  -0.0002119500    0.0001343900    0.0002110600
   0.0001963500   -0.0003621100   -0.0005958200
   0.0000729400   -0.0000052200   -0.0001505100
   0.0004533200    0.0001453800    0.0076834800
  -0.0000521500    0.0000070500   -0.0003301300
  -0.0004753600   -0.0001443000   -0.0003823300
   0.0002514500    0.0003615400   -0.0007952700
  -0.0000235800   -0.0000375500   -0.0002775900
  -0.0002156500    0.0000019200   -0.0008028500
  -0.0003885200   -0.0002908800    0.0078416600
   0.0000820300    0.0000217500   -0.0007065000
   0.0015103700    0.0012099300   -0.0017071000
  -0.0017900700   -0.0008258500   -0.0024478100
  -0.0001185800   -0.0002513000   -0.0002116300
   0.0002010500   -0.0003806700    0.0001468000
   0.0000834000    0.0006679200    0.0001401100
   0.0320820700   -0.0095174000   -0.0478140900
  -0.0009513200    0.0016027200   -0.0020400600
  -0.0360302600    0.0107254000   -0.0441836400
  -0.0003612700   -0.0000993400    0.0009333800
   0.0000638500    0.0002964400    0.0009795900
   0.0006085500    0.0001591100   -0.0012671600
  -0.0025770000    0.0006029100   -0.0010629200
   0.0031671100   -0.0005081700   -0.0025618500
   0.0001891000    0.0016160200   -0.0011045800
   0.0004202400   -0.0004971200   -0.0000552500
   0.0007411000   -0.0010955600   -0.0000937800
  -0.0001098700   -0.0000642300    0.0009806600
  -0.0008020100   -0.0005991700   -0.0006146200
  -0.0001675400   -0.0014984700   -0.0024231700
  -0.0010390900    0.0009025900   -0.0005401200
   0.0251968900    0.0241863600   -0.0464825400
  -0.0069438900    0.0333970100   -0.0450953800
   0.0083517200   -0.0346881000   -0.0461796200
   0.0003880000    0.0011569300   -0.0005874400
   0.0001803900    0.0002183600   -0.0002031200
   0.0003501300   -0.0004645800    0.0013280800
  -0.0007963900    0.0009486300   -0.0002410500
  -0.0013982300   -0.0002729300   -0.0001153500
  -0.0250151800   -0.0234884200   -0.0447269700
   0.0008912400    0.0003252200   -0.0005842000
  -0.0005795700    0.0009126100   -0.0006475700
   0.0003885300   -0.0014161900    0.0004637000
   0.0000726800    0.0000960800   -0.0005571500
  -0.0004919700    0.0000519200   -0.0002298300
   0.0000626400   -0.0001115900   -0.0005671300
   0.0002820300    0.0003982200   -0.0002360800
   0.0005219100    0.0003809700   -0.0004016400
  -0.0001787700   -0.0002724500    0.0003027200
   0.0005384300   -0.0001680000    0.0018016900
  -0.0000071000    0.0000107500   -0.0033203100
  -0.0001819600   -0.0007493200   -0.0000012600
   0.0009477300   -0.0000637800   -0.0004046700
   0.0000782800    0.0000679300    0.0007069800
   0.0008186400   -0.0010509100   -0.0004068500
  -0.0000336600    0.0000196700    0.0006500300
   0.0004979000    0.0012365200   -0.0004110600
  -0.0005636500    0.0005873000   -0.0000379800
  -0.0005381000   -0.0007993500   -0.0003956300
  -0.0007201000    0.0002725500   -0.0004589500
   0.0003341200   -0.0000190000    0.0003014400
   0.0010430000    0.0000982100   -0.0005856600
  -0.0006312900   -0.0000606000    0.0000400200
   0.0002544200   -0.0003548500    0.0003526000
  -0.0011498400   -0.0006783000    0.0001845500
   0.0000199200   -0.0000851000    0.0006947000
   0.0001410800   -0.0002038400   -0.0004251900
   0.0002414200    0.0000538000   -0.0011191700
   0.0003132300   -0.0007988100   -0.0011049500
   0.0001782200   -0.0000777300   -0.0006872600
   0.0003951900    0.0003788000    0.0012550700
  -0.0005810400   -0.0009891200   -0.0002811300
   0.0002686000   -0.0002710100    0.0009154800
  -0.0001364100   -0.0000682000   -0.0005533600
   0.0001966200   -0.0004417000   -0.0002445300
  -0.0004579700   -0.0009498500   -0.0005859700
   0.0001016500    0.0003605000    0.0009344600
   0.0000163700    0.0014011500    0.0000636300
   0.0002587400    0.0005689400    0.0000283100
   0.0003791600   -0.0000470900    0.0003160200
  -0.0004081600    0.0008699000   -0.0003700600
  -0.0001341400   -0.0003306200   -0.0007093200
  -0.0001569100    0.0002811800    0.0002925700
   0.0011441700   -0.0006815600    0.0001598400
   0.0003656500   -0.0005073600    0.0000529500
  -0.0013242500   -0.0001820200   -0.0004079400
  -0.0010125200   -0.0003113100   -0.0008363800

3    
  0.0080295506854697   0.0059603956067927   0.0000000000000000
  -0.0004269800    0.0000572000   -0.0000783600
  -0.0003190600   -0.0002367600    0.0003905800
  -0.1953874300   -0.1460836700   -0.0015803500
   0.0016296700   -0.0001868100   -0.0005632900
  -0.0001845700    0.0001250000   -0.0002802900
  -0.0000248500    0.0002561600    0.0004021900
   0.0081479000   -0.0058023800    0.0002013300
  -0.0001498500    0.0158911600   -0.0005093700
   0.0017957700    0.0101520700   -0.0008730600
   0.0001766100    0.0001553000   -0.0002887000
   0.0000569600   -0.0001870500   -0.0003806500
   0.0000149600    0.0003935200    0.0003725900
   0.0001578800    0.0000879200   -0.0002797700
  -0.0001821600    0.0005645100   -0.0004259500
   0.0002852200    0.0007602300   -0.0002647900
   0.0137006600   -0.0066272900    0.0001564300
   0.0000106500   -0.0000387900   -0.0000014700
  -0.0041244200    0.0104604800    0.0003408500
   0.0017026300   -0.0000111400    0.0002994600
  -0.0000054300   -0.0000983500   -0.0004259200
  -0.0000739800    0.0000352100    0.0001726000
   0.0004017300    0.0015341300    0.0001966500
  -0.0004317900    0.0001336400   -0.0006284900
   0.0001434200   -0.0002225000   -0.0003664100
   0.0002354100   -0.0000167100    0.0004376200
   0.0007594600    0.0016944200   -0.0006053800
  -0.0001654700   -0.0000287000    0.0001904600
   0.0005112200   -0.0001426600    0.0002406900
   0.0001877300   -0.0003714100   -0.0003088100
   0.0122667400   -0.0005972400   -0.0001758900
   0.0003276700   -0.0001920900    0.0003616600
  -0.0000158000   -0.0000147400    0.0003667100
  -0.0002868200    0.0007178200   -0.0003423200
   0.0002619300    0.0003724700   -0.0000917300
   0.0006217600   -0.0001597000   -0.0002594400
  -0.0001823500    0.0000518800   -0.0003178700
  -0.0001363400   -0.0002024200    0.0004348300
   0.0000573400    0.0000230100   -0.0000512800
  -0.0000357100   -0.0003469500    0.0005293000
  -0.0001144700    0.0007870100   -0.0000746100
  -0.0001090900   -0.0000587800   -0.0002979400
   0.0003804300   -0.0002963800    0.0000402800
   0.0000731000    0.0004839900    0.0000365000
  -0.0000011400    0.0000025300   -0.0029992300
  -0.0003664000   -0.0006415500    0.0002370900
   0.0000564000   -0.0000001700    0.0021528300
  -0.0003335500   -0.0000600500    0.0010380400
   0.0000334900    0.0001038700    0.0008782700
   0.0000938500   -0.0000236400   -0.0002666900
  -0.0003941200    0.0000168300    0.0011872700
   0.0009782300    0.0000927700   -0.0002964000
   0.0005946800    0.0012073000   -0.0001548000
   0.0001704000    0.0000223200    0.0008945800
   0.0007509700   -0.0010965500   -0.0001595100
  -0.0001250000   -0.0000597700    0.0008710300
  -0.0006210100   -0.0000754600    0.0003298500
  -0.0006733200    0.0006902400   -0.0001442300
  -0.0012530100    0.0004088400    0.0004274700
  -0.0006250400   -0.0004757700   -0.0001535100
   0.0009331300    0.0002532400   -0.0001298500
  -0.0003161700    0.0007104600    0.0003598000
   0.0002573500    0.0005957900    0.0003487300
   0.0000412500    0.0001357500   -0.0002641500
   0.0001986000   -0.0003535300    0.0012175400
  -0.0006161700    0.0008279400   -0.0003403700
  -0.0013228500   -0.0000893000   -0.0001453400
   0.0003358900    0.0001524900    0.0005390400
   0.0009509000    0.0008590600    0.0005037700
   0.0422605000    0.0278891700    0.0324136600
   0.0002711100   -0.0013060600    0.0004999500
  -0.0011208700   -0.0035506800   -0.0003918100
  -0.0017172100   -0.0036628100   -0.0004346900
  -0.0001225700    0.0002402200   -0.0007039300
   0.0001723700    0.0007923600   -0.0001786300
   0.0005380200    0.0003277500   -0.0006041400
  -0.0001891300   -0.0004068300    0.0004555000
   0.0003558000   -0.0001002600    0.0018685700
   0.0003376800   -0.0000855600   -0.0032590900
   0.0000840100    0.0000194800   -0.0000054600
   0.0012045400    0.0007249800   -0.0003739700
   0.0000009000   -0.0000099900    0.0007743800
   0.0007667900   -0.0011108200   -0.0004881400
  -0.0003564400    0.0009137700    0.0007308800
   0.0001970100    0.0021308500   -0.0005387400
  -0.0005026000    0.0005748500   -0.0000138300
  -0.0004783500   -0.0007637400   -0.0004001400
  -0.0006890800    0.0003938400   -0.0004627800
   0.0002803000    0.0000945400    0.0003435500
   0.0010983100    0.0001161600   -0.0007338200
   0.0000100900   -0.0006749100    0.0000306200
   0.0003874400   -0.0004979600    0.0003316500
  -0.0005136100   -0.0011962800    0.0002636200
  -0.0002244600   -0.0001068000    0.0009115400
  -0.0002780500    0.0002106700    0.0005328500
   0.0006987700   -0.0002823300   -0.0001442600
  -0.0002423800   -0.0009225400   -0.0001449900
   0.0007525100   -0.0000131200    0.0002440400
   0.0002194800    0.0003483300    0.0012239600
  -0.0004091400   -0.0009573200   -0.0003308500
   0.0430054300    0.0263899800   -0.0319651400
   0.0129155000    0.0288131300   -0.0194681500
   0.0131278400    0.0298178500    0.0193976300
   0.0004338200   -0.0009491400   -0.0006730000
   0.0010890200    0.0003094100    0.0009120700
   0.0000587900    0.0012063500    0.0001800600
   0.0003358900    0.0004896700    0.0000007400
  -0.0025398900    0.0014164700    0.0002279000
  -0.0037462300    0.0020178400   -0.0007400900
   0.0248018900    0.0020466400   -0.0133993800
   0.0240154800    0.0037568400    0.0128443000
   0.0031317200   -0.0000862300   -0.0002995600
   0.0022952100    0.0000203000    0.0004951800
  -0.0015665600   -0.0002175000   -0.0006025700
  -0.0004473000   -0.0001788200    0.0000446600

3    
 -0.0080295506854697  -0.0059603956067927   0.0000000000000000
  -0.0004821300    0.0000268300   -0.0001886200
  -0.0003549500   -0.0001226200    0.0003373000
   0.1926149700    0.1445467700   -0.0003129400
  -0.0012864200    0.0000803100   -0.0006173400
  -0.0001465200    0.0001153000   -0.0002967400
  -0.0001338700    0.0002325100    0.0005137000
  -0.0081796800    0.0058017100   -0.0002340900
   0.0003898400   -0.0166598500   -0.0007639300
  -0.0016849000   -0.0100821900   -0.0004022900
   0.0001263300    0.0000982300   -0.0003548000
   0.0006148900   -0.0004271600   -0.0003599800
   0.0000192700    0.0003859600    0.0003544900
   0.0002261800    0.0001066900   -0.0002986100
   0.0004020400    0.0003416600   -0.0003152800
  -0.0003624100   -0.0007223500   -0.0002172700
  -0.0140622800    0.0062286200    0.0002972700
  -0.0000496900   -0.0000480500   -0.0000499200
   0.0043402600   -0.0112071900    0.0000595400
  -0.0011711600    0.0002759700    0.0001529600
  -0.0000143500   -0.0003097100   -0.0001534200
   0.0005691400    0.0005248700    0.0002293700
  -0.0011344800   -0.0013767900    0.0002050800
   0.0004531000    0.0002187800   -0.0006497100
  -0.0000725400   -0.0001564100   -0.0002788200
   0.0002708300   -0.0000771000    0.0004761300
  -0.0008542300   -0.0012930700   -0.0005744700
   0.0001180200    0.0001254900   -0.0002373300
  -0.0009744100    0.0004356000    0.0002127300
   0.0002147600   -0.0004563100    0.0000410900
  -0.0116620700    0.0009859500   -0.0003049400
   0.0003364500   -0.0002091400    0.0003658500
   0.0000254700    0.0000225700    0.0003399200
  -0.0005730100   -0.0009538200   -0.0003985900
   0.0002743800    0.0003905500   -0.0001753600
  -0.0006484100    0.0000804000   -0.0002225100
  -0.0001768700    0.0000876100   -0.0003254700
  -0.0001861100   -0.0001698100    0.0004795000
   0.0000538300   -0.0000092800    0.0000011700
  -0.0000382100   -0.0003436000    0.0005279800
  -0.0000635300    0.0006900400   -0.0001920800
  -0.0000891800   -0.0000322400   -0.0002991000
   0.0003825900   -0.0002918000    0.0000456500
   0.0000700300    0.0004816200    0.0000478400
   0.0000052400    0.0000029900   -0.0029867600
  -0.0003749700   -0.0006243900    0.0002460200
  -0.0000516500    0.0000056200    0.0023114900
  -0.0003845000   -0.0001284400    0.0008124000
  -0.0000450100    0.0001505700    0.0009905900
   0.0001039600   -0.0000981900   -0.0003292100
  -0.0004066700    0.0000086300    0.0012459000
   0.0011099800    0.0001765800   -0.0003609100
   0.0005715200    0.0011974500   -0.0001486300
   0.0000602400   -0.0001245700    0.0009749400
   0.0007515300   -0.0010990400   -0.0001432000
  -0.0000740900   -0.0000738300    0.0010003000
  -0.0006228300   -0.0000729000    0.0003251800
  -0.0006763700    0.0006839800   -0.0001468600
  -0.0012399000    0.0003763100    0.0004135000
  -0.0005433800   -0.0004120100   -0.0001179200
   0.0009350200    0.0002465100   -0.0001604600
  -0.0004110600    0.0005827100    0.0001166100
   0.0002420100    0.0005756700    0.0003110900
  -0.0000212400    0.0001021100   -0.0003328000
   0.0002000800   -0.0003521500    0.0012233200
  -0.0006418600    0.0008467100   -0.0003166200
  -0.0013248400   -0.0000993000   -0.0001568100
   0.0003200700    0.0001331100    0.0005252700
   0.0009822300    0.0009254400    0.0003299100
  -0.0423316500   -0.0255006600   -0.0323420000
   0.0003120100   -0.0012377700    0.0003394900
   0.0012453300    0.0037642300   -0.0007479000
   0.0007112400    0.0037582200   -0.0000601700
   0.0002423200   -0.0004683300   -0.0004664400
   0.0004076700    0.0000158400   -0.0002860300
   0.0005324800    0.0005548300   -0.0002400600
  -0.0001571700   -0.0001340000    0.0001543900
  -0.0003454400    0.0001037200    0.0019818000
  -0.0003294800    0.0000881500   -0.0033433100
  -0.0004846000   -0.0014933400   -0.0000489100
   0.0007203500   -0.0008590100   -0.0004070900
   0.0001341500    0.0001401400    0.0005835900
   0.0008816400   -0.0009861100   -0.0003382600
   0.0001956000   -0.0008472500    0.0006365100
   0.0008173500    0.0003602000   -0.0002992500
  -0.0005641800    0.0005205800   -0.0000203900
  -0.0005929700   -0.0008247300   -0.0003977100
  -0.0005918200    0.0000990300   -0.0003789500
   0.0003819500   -0.0001141000    0.0002633600
   0.0010071900    0.0000655200   -0.0004808400
  -0.0012516800    0.0005590400    0.0000382400
   0.0003783800   -0.0004964300    0.0003248600
  -0.0017621800   -0.0001716700    0.0000444900
   0.0002757200   -0.0000566200    0.0004492200
  -0.0002761300    0.0002145000    0.0005318600
   0.0006767100   -0.0002847700   -0.0001260700
  -0.0002487200   -0.0009264000   -0.0001463100
   0.0007384400    0.0000100300    0.0002392400
   0.0002122300    0.0003501000    0.0012199000
  -0.0003899400   -0.0009686100   -0.0003294900
  -0.0413469300   -0.0262726600    0.0325427500
  -0.0131902300   -0.0294554600    0.0189141900
  -0.0127227100   -0.0313934700   -0.0204840900
  -0.0013289300   -0.0009536900   -0.0005535600
  -0.0008905800    0.0004160400    0.0009505100
  -0.0000926300    0.0014673500    0.0001205400
   0.0001965100    0.0006619900    0.0000766000
   0.0039944400   -0.0010350100   -0.0002443400
   0.0028774600   -0.0002871500   -0.0000762000
  -0.0249962600   -0.0031625200    0.0129356300
  -0.0247381800   -0.0029399600   -0.0126117800
  -0.0007984800   -0.0011947700    0.0006221400
  -0.0015646900   -0.0010317200   -0.0004408000
  -0.0010678600   -0.0001433300   -0.0002274000
  -0.0004402000   -0.0001750800    0.0000377600

3    
 -0.0011470786693528   0.0099339926779878   0.0000000000000000
  -0.0005245700    0.0000879900   -0.0000435000
  -0.0003958500   -0.0000732500    0.0003088900
   0.0275857600   -0.2421204600   -0.0032598200
  -0.0000686400   -0.0002494600   -0.0005737300
  -0.0001701600    0.0001324500   -0.0003222000
  -0.0001628600    0.0001146800    0.0005020800
   0.0066294200    0.0096810500    0.0002215200
  -0.0074664000    0.0067495200   -0.0004822700
  -0.0113987400    0.0017847200   -0.0009023100
   0.0001757200    0.0001791500   -0.0002724800
  -0.0005487000    0.0010732400   -0.0003625400
   0.0000276400    0.0004049600    0.0003665200
   0.0001646000    0.0000884500   -0.0002949900
  -0.0007889800    0.0018926400   -0.0003719800
   0.0006488400    0.0006297100   -0.0002753000
   0.0090694400    0.0039394200   -0.0000950000
  -0.0000128200   -0.0000470800    0.0000289000
  -0.0139801100    0.0074308000    0.0000752100
   0.0000195000   -0.0000267400    0.0002985900
   0.0000036200   -0.0001348800   -0.0002715100
  -0.0002069900    0.0008496500    0.0002321100
   0.0004370100    0.0012475600    0.0001869200
  -0.0006564700    0.0007652300   -0.0006578100
   0.0000442200   -0.0001892200   -0.0003330000
   0.0002653900   -0.0000277100    0.0004744700
   0.0008120800    0.0013844100   -0.0006509500
   0.0001118600   -0.0001189400    0.0000418900
  -0.0002202100   -0.0002128700    0.0001981900
   0.0002333800   -0.0003356500   -0.0002964000
   0.0130873100    0.0093100600   -0.0000153500
   0.0003374000   -0.0002282500    0.0003436800
  -0.0000234600    0.0000127800    0.0003675200
  -0.0000277900    0.0003641500   -0.0003545600
   0.0002418900    0.0003719500   -0.0000977300
  -0.0001477200   -0.0004553900   -0.0002167600
  -0.0001773800    0.0000617100   -0.0003393500
  -0.0001632300   -0.0002211200    0.0004107000
   0.0000761100    0.0000105700   -0.0000193200
  -0.0000416100   -0.0003405600    0.0005269400
  -0.0001038300    0.0007653700    0.0000122600
  -0.0000935800   -0.0000643700   -0.0003026600
   0.0003764700   -0.0002945500    0.0000371600
   0.0000676200    0.0004891100    0.0000411900
  -0.0000003100    0.0000042900   -0.0029872900
  -0.0003630700   -0.0006243700    0.0002329000
   0.0000591700    0.0000040200    0.0022737400
  -0.0002480800   -0.0000729700    0.0009585900
  -0.0000114200    0.0001460000    0.0008479000
   0.0000563100   -0.0000770900   -0.0002903400
  -0.0004047700    0.0000191700    0.0012095900
   0.0010045900    0.0001667300   -0.0003230800
   0.0005841700    0.0012153700   -0.0001273600
   0.0001841500    0.0000203600    0.0010991200
   0.0007497500   -0.0010952100   -0.0001611900
  -0.0001077300   -0.0000731900    0.0009154800
  -0.0006245900   -0.0000706300    0.0003304300
  -0.0006765800    0.0006912600   -0.0001408900
  -0.0012606600    0.0004075200    0.0004309200
  -0.0005549900   -0.0004704900   -0.0001636500
   0.0009253100    0.0002647200   -0.0001885300
  -0.0003312000    0.0006257800    0.0000281700
   0.0002503400    0.0005974300    0.0003488200
   0.0000326300    0.0001318200   -0.0003065500
   0.0002009300   -0.0003490600    0.0012090300
  -0.0006027900    0.0008484900   -0.0003654200
  -0.0013260300   -0.0000881900   -0.0001475800
   0.0003271000    0.0001502300    0.0005320100
   0.0009208400    0.0008430100    0.0004623300
   0.0094358400    0.0241272500    0.0124550800
   0.0002930800   -0.0012905200    0.0005042200
  -0.0025868600   -0.0021069000   -0.0008266000
  -0.0032222500   -0.0021987400    0.0000931000
  -0.0008394700    0.0001171700   -0.0006985200
  -0.0006626700    0.0006176000   -0.0002223200
   0.0004421200    0.0002092000   -0.0006514600
  -0.0002649500   -0.0004980000    0.0004908400
   0.0004575300    0.0008102800    0.0019283700
   0.0005388900    0.0007519300   -0.0033581700
  -0.0006235200   -0.0006391900    0.0000586700
   0.0005960200   -0.0000319700   -0.0004258400
   0.0000649000    0.0001167900    0.0007963100
   0.0008078600   -0.0010151600   -0.0005311100
  -0.0005899700    0.0005854800    0.0006727800
  -0.0000564100    0.0018357200   -0.0004681300
  -0.0005403600    0.0005965300   -0.0000228200
  -0.0005401800   -0.0007216600   -0.0003921100
  -0.0005329900    0.0001893400   -0.0002298900
   0.0004408900   -0.0001030100    0.0001492800
   0.0011964800    0.0000926500   -0.0006305500
  -0.0003700800    0.0002036100    0.0000255400
   0.0003833800   -0.0004952900    0.0003302100
  -0.0008861500   -0.0004064200    0.0002330600
  -0.0001325300   -0.0000482000    0.0007281500
  -0.0002794200    0.0002141000    0.0005300400
   0.0006889600   -0.0002751000   -0.0001338800
  -0.0002479200   -0.0009199000   -0.0001517600
   0.0007440400   -0.0000096500    0.0002392600
   0.0002170000    0.0003464600    0.0012207600
  -0.0004207600   -0.0009532100   -0.0003343900
   0.0100718100    0.0226584200   -0.0120656700
  -0.0019186600    0.0479454800   -0.0318702100
  -0.0018795100    0.0502370200    0.0325438300
   0.0003483300   -0.0006230100   -0.0007167300
   0.0009587600    0.0006789100    0.0009629500
   0.0000202900    0.0012446700    0.0000433600
   0.0002906900    0.0004935200    0.0001117800
   0.0012377300    0.0022293200    0.0004787900
   0.0000568300    0.0028109100   -0.0008760800
  -0.0202544300    0.0261438200    0.0195943500
  -0.0190349300    0.0263962300   -0.0190051100
   0.0036950300   -0.0034710300    0.0000417900
   0.0029670100   -0.0034075500    0.0002565700
  -0.0014421300   -0.0001565000   -0.0004590800
  -0.0004456600   -0.0001772200    0.0000410100

3    
  0.0011470786693528  -0.0099339926779878   0.0000000000000000
  -0.0003857500    0.0000009400   -0.0002229900
  -0.0002815000   -0.0002810800    0.0004216800
  -0.0281568700    0.2420291200    0.0012954700
   0.0004302600    0.0001622100   -0.0006053100
  -0.0001624200    0.0001138900   -0.0002540000
   0.0000013500    0.0003816500    0.0004150000
  -0.0065632200   -0.0102913300   -0.0002566400
   0.0077378800   -0.0074369100   -0.0007936000
   0.0110452900   -0.0018977700   -0.0003732300
   0.0001250600    0.0000789300   -0.0003709500
   0.0012307700   -0.0016628600   -0.0003777800
   0.0000043100    0.0003802800    0.0003622600
   0.0002188500    0.0001124400   -0.0002821100
   0.0010349400   -0.0009786000   -0.0003670200
  -0.0007293000   -0.0005794100   -0.0002072400
  -0.0090513800   -0.0044632700    0.0005460600
  -0.0000290700   -0.0000339800   -0.0000812700
   0.0137564000   -0.0077923400    0.0003246100
   0.0004865600    0.0003179400    0.0001543900
  -0.0000249800   -0.0002704200   -0.0003036900
   0.0006988800   -0.0002545700    0.0001703200
  -0.0011513500   -0.0010616000    0.0002150500
   0.0007124200   -0.0004173600   -0.0006189400
   0.0000201100   -0.0001830200   -0.0003104000
   0.0002382200   -0.0000614400    0.0004407900
  -0.0009232300   -0.0010118200   -0.0005286700
  -0.0001591800    0.0002241600   -0.0000899600
  -0.0002627800    0.0005300200    0.0002562000
   0.0001676100   -0.0004863000    0.0000335100
  -0.0126574800   -0.0090310900   -0.0004604400
   0.0003239400   -0.0001665000    0.0003851600
   0.0000305500    0.0000009700    0.0003412600
  -0.0008299800   -0.0006108300   -0.0003842500
   0.0002931200    0.0003966000   -0.0001682700
   0.0001323200    0.0003954500   -0.0002653700
  -0.0001842100    0.0000843600   -0.0003028700
  -0.0001615000   -0.0001441900    0.0005047500
   0.0000325600    0.0000092000   -0.0000293500
  -0.0000343100   -0.0003439700    0.0005314000
  -0.0000765500    0.0007177600   -0.0002755100
  -0.0001077200   -0.0000214900   -0.0002934400
   0.0003845500   -0.0002877300    0.0000501800
   0.0000732800    0.0004824200    0.0000449200
   0.0000024900    0.0000068000   -0.0029979400
  -0.0003808100   -0.0006354900    0.0002516700
  -0.0000556800    0.0000069500    0.0021907500
  -0.0004732700   -0.0001121900    0.0008912600
  -0.0000016800    0.0001140500    0.0010235100
   0.0001391700   -0.0000401600   -0.0003052700
  -0.0003982300    0.0000120000    0.0012255400
   0.0010817700    0.0001101900   -0.0003320200
   0.0005799000    0.0011953900   -0.0001750700
   0.0000439800   -0.0001161700    0.0007702000
   0.0007505000   -0.0010942300   -0.0001405600
  -0.0000935900   -0.0000540600    0.0009570100
  -0.0006215200   -0.0000714900    0.0003258200
  -0.0006753600    0.0006892600   -0.0001493800
  -0.0012340900    0.0003836800    0.0004109100
  -0.0006145600   -0.0004126800   -0.0001077700
   0.0009407300    0.0002406400   -0.0001012700
  -0.0003951000    0.0006737300    0.0004465700
   0.0002470000    0.0005799400    0.0003117900
  -0.0000160900    0.0001114900   -0.0002908000
   0.0001954900   -0.0003507700    0.0012325500
  -0.0006581200    0.0008316800   -0.0002894900
  -0.0013239100   -0.0000947100   -0.0001536000
   0.0003265200    0.0001409300    0.0005331700
   0.0010111600    0.0009469900    0.0003748300
  -0.0102118500   -0.0221362100   -0.0132974200
   0.0002872600   -0.0012469500    0.0003354700
   0.0027461600    0.0023828700   -0.0003075600
   0.0022544300    0.0023573900   -0.0005906700
   0.0009676000   -0.0003501900   -0.0004409100
   0.0012525400    0.0001850100   -0.0002709800
   0.0006236500    0.0006802500   -0.0001912700
  -0.0000861000   -0.0000365900    0.0001193700
  -0.0004538100   -0.0007857000    0.0019388100
  -0.0005384100   -0.0007276100   -0.0032612400
   0.0002306500   -0.0008255700   -0.0001124200
   0.0013387400   -0.0000944900   -0.0003520000
   0.0000662400    0.0000177400    0.0005620900
   0.0008361600   -0.0010775900   -0.0002939100
   0.0004271500   -0.0005160000    0.0006679600
   0.0010686500    0.0006576000   -0.0003405600
  -0.0005312300    0.0005045800   -0.0000110700
  -0.0005362200   -0.0008613600   -0.0004038900
  -0.0007505100    0.0003070800   -0.0006123700
   0.0002185300    0.0000870100    0.0004603900
   0.0009054400    0.0000922600   -0.0005811900
  -0.0008840900   -0.0003085200    0.0000781500
   0.0003800900   -0.0004935100    0.0003272600
  -0.0014013500   -0.0009532700    0.0000407300
   0.0001826800   -0.0001089800    0.0006338700
  -0.0002766800    0.0002171900    0.0005358700
   0.0006841800   -0.0002860100   -0.0001353800
  -0.0002454200   -0.0009230400   -0.0001384600
   0.0007444700    0.0000131100    0.0002452600
   0.0002125100    0.0003578200    0.0012243800
  -0.0003807900   -0.0009670900   -0.0003248300
  -0.0091201400   -0.0229268100    0.0135475000
   0.0016599100   -0.0491729500    0.0319926900
   0.0022963600   -0.0524628900   -0.0343512600
  -0.0012436600   -0.0012713600   -0.0004912000
  -0.0007609100    0.0000562200    0.0008831300
  -0.0000576400    0.0014331700    0.0002561500
   0.0002384100    0.0006611900   -0.0000322900
   0.0002630000   -0.0018232200   -0.0004826800
  -0.0008806700   -0.0010569200    0.0000503400
   0.0198911800   -0.0271324900   -0.0198359600
   0.0181793700   -0.0254621200    0.0190339700
  -0.0013539200    0.0022251900    0.0002702700
  -0.0022277000    0.0024309300   -0.0001885000
  -0.0011934900   -0.0001986600   -0.0003708600
  -0.0004439000   -0.0001707300    0.0000430600

3    
  0.0000000000000000   0.0000000000000000   0.0100000000000000
  -0.0003908500    0.0000144000   -0.0002966800
  -0.0003610100   -0.0001954300    0.0001810600
   0.0010209700   -0.0021839000   -0.2625993400
   0.0002130000   -0.0000119300   -0.0001494100
  -0.0001469600    0.0001494300   -0.0002465500
  -0.0001333200    0.0002817600    0.0004015600
   0.0003396300   -0.0002056100   -0.0071445200
  -0.0000332100   -0.0000669000   -0.0078074900
   0.0003011200   -0.0003997200   -0.0080814300
   0.0001419700    0.0001133500   -0.0003910900
   0.0003092400   -0.0003498800    0.0000411800
   0.0000312700    0.0003531100    0.0003563300
   0.0001854500    0.0000768900   -0.0002317500
   0.0000939100    0.0004409500    0.0000593700
  -0.0000368700    0.0000369400    0.0004322200
  -0.0001877500   -0.0007904200   -0.0071741400
   0.0000305200   -0.0000070400    0.0000119500
   0.0002926800   -0.0002314200   -0.0067870500
   0.0002627500    0.0001435100    0.0006839700
   0.0000990600   -0.0003346400   -0.0001392800
   0.0002326200    0.0002445800    0.0009038200
  -0.0003324400    0.0000331600    0.0006285800
  -0.0000202200    0.0002162500    0.0000340300
  -0.0000823300   -0.0001376800   -0.0003743300
   0.0002350000   -0.0000473100    0.0004942400
  -0.0000336500    0.0001524300   -0.0001502300
   0.0000822800    0.0002356400    0.0002183100
  -0.0002818300    0.0001416100    0.0008988400
   0.0001719300   -0.0005560000   -0.0002552100
  -0.0000254300    0.0001146700   -0.0075281400
   0.0003311200   -0.0002285800    0.0004131400
  -0.0000368100   -0.0000128200    0.0004136400
  -0.0004362100   -0.0001865100    0.0003006700
   0.0001987700    0.0003834500   -0.0000924200
   0.0000586000   -0.0000052600    0.0004559300
  -0.0001995500    0.0000850900   -0.0002442500
  -0.0001759600   -0.0001839100    0.0005275500
   0.0000513200   -0.0000129000    0.0000031700
  -0.0000419100   -0.0003512600    0.0005379600
  -0.0001402300    0.0006916900   -0.0000459100
  -0.0001263400   -0.0000540000   -0.0003086700
   0.0003702700   -0.0003068900    0.0000446100
   0.0000733800    0.0004691300    0.0000392200
   0.0000040400   -0.0000025700   -0.0029808800
  -0.0003743800   -0.0006436300    0.0002131200
  -0.0000180200    0.0000443100    0.0023060600
  -0.0004201800    0.0000886800    0.0008332600
  -0.0000233600    0.0000435700    0.0011354800
   0.0001037200   -0.0000442500   -0.0003319500
  -0.0004021200    0.0000125200    0.0012477900
   0.0008965000    0.0003260900    0.0001769800
   0.0005843400    0.0011875800   -0.0001945800
  -0.0000983200    0.0001018700    0.0004495100
   0.0007477800   -0.0010951000   -0.0001468500
  -0.0000704100   -0.0000989900    0.0009676400
  -0.0006272500   -0.0000783100    0.0003173100
  -0.0006761700    0.0006810300   -0.0001486700
  -0.0012450000    0.0003597700    0.0003955300
  -0.0005918400   -0.0004404600   -0.0001539800
   0.0009240200    0.0002424800   -0.0001612700
  -0.0000138400    0.0003948900    0.0000168300
   0.0002429200    0.0005814400    0.0003209600
   0.0000320800    0.0001527200   -0.0003538300
   0.0001883000   -0.0003555900    0.0012214900
  -0.0006526300    0.0008233500   -0.0003120500
  -0.0013268300   -0.0001038100   -0.0001310100
   0.0002973500    0.0001439500    0.0005411600
   0.0010865500    0.0010262700    0.0002875600
   0.0297984600    0.0180550700    0.0452095700
   0.0002954600   -0.0013211700    0.0004716900
   0.0020100100   -0.0009722600    0.0016649000
  -0.0023836600    0.0011853700    0.0020885500
   0.0002360200   -0.0006516700    0.0004159800
  -0.0000145900    0.0008817100    0.0006228900
   0.0004232300    0.0005746100   -0.0004652200
  -0.0000708500   -0.0004273400    0.0002816000
  -0.0003466100    0.0004551400    0.0028816400
   0.0002946900   -0.0005276600   -0.0024004500
  -0.0007578700   -0.0006345600    0.0010001500
   0.0015311200   -0.0000702100    0.0005546500
  -0.0001229400    0.0001005100    0.0005984000
   0.0010033400   -0.0010962100   -0.0005090600
   0.0002932300    0.0004624600    0.0017055400
   0.0001991000    0.0007475500    0.0005083000
  -0.0005481300    0.0005394700   -0.0000505700
  -0.0005500300   -0.0007971200   -0.0004463200
  -0.0004732700    0.0002673100   -0.0004586700
   0.0001427400   -0.0000309200    0.0002963600
   0.0010843900   -0.0001144600   -0.0006966500
  -0.0012187500   -0.0000445800    0.0009731900
   0.0003864100   -0.0005072500    0.0003429000
  -0.0005830500   -0.0005785500    0.0012008800
  -0.0000516800   -0.0002625100    0.0006524800
  -0.0002812400    0.0002094900    0.0005196400
   0.0006874400   -0.0002791900   -0.0001474100
  -0.0002489800   -0.0009312300   -0.0001392600
   0.0007285500   -0.0000062600    0.0002053000
   0.0002096500    0.0003433700    0.0012156700
  -0.0004081900   -0.0009676300   -0.0003433900
  -0.0291337800   -0.0170495900    0.0461469500
  -0.0001440000   -0.0343690100    0.0456420900
   0.0000150500    0.0346453900    0.0456810300
  -0.0006642300   -0.0014765700    0.0003753400
   0.0003832400    0.0008496600    0.0018098700
   0.0001098800    0.0014869300    0.0000658900
   0.0001272100    0.0004304700   -0.0000444800
   0.0006660700    0.0025590200    0.0022765500
  -0.0004432200   -0.0013028800    0.0018562700
  -0.0310258200    0.0173377400    0.0452066400
   0.0287024900   -0.0162566800    0.0453378200
  -0.0008540900   -0.0017870400    0.0023894500
   0.0022289900    0.0006695800    0.0023604100
  -0.0012497000   -0.0000158100   -0.0004333000
  -0.0004532700   -0.0001883400    0.0000270800

3    
  0.0000000000000000   0.0000000000000000  -0.0100000000000000
  -0.0005306000    0.0000660200    0.0000260300
  -0.0003274800   -0.0001665000    0.0005417900
  -0.0008293300    0.0014251000    0.2606790400
   0.0001366300   -0.0000988200   -0.0010275100
  -0.0001968500    0.0000884900   -0.0003324700
  -0.0000401000    0.0002058500    0.0005133100
  -0.0001589500    0.0000934000    0.0071183800
   0.0001445600   -0.0002494400    0.0065390900
  -0.0004411900    0.0001515400    0.0068119400
   0.0001482300    0.0001364500   -0.0002566700
   0.0003645500   -0.0002621800   -0.0007792000
  -0.0000093900    0.0004240100    0.0003695200
   0.0001873900    0.0001165400   -0.0003471300
   0.0001013900    0.0004592100   -0.0007973800
  -0.0000226400    0.0000303200   -0.0009134100
  -0.0000058500    0.0001214100    0.0076393500
  -0.0000829100   -0.0000826400   -0.0000656500
  -0.0000836700   -0.0002666900    0.0071917700
   0.0002360800    0.0001529200   -0.0002273100
  -0.0001298100   -0.0000774800   -0.0004413300
   0.0002605600    0.0003021000   -0.0005009100
  -0.0004020500    0.0001296500   -0.0002244100
   0.0000249100    0.0001538900   -0.0013098700
   0.0001383800   -0.0002420700   -0.0002740700
   0.0002585100   -0.0000490700    0.0004184600
  -0.0000483000    0.0002142400   -0.0010282000
  -0.0001370600   -0.0001383700   -0.0002648000
  -0.0002283300    0.0001631100   -0.0004435800
   0.0002186400   -0.0002758900   -0.0000108500
   0.0001198400    0.0001279200    0.0070496900
   0.0003207100   -0.0001754800    0.0003136000
   0.0000348100    0.0000185800    0.0002929900
  -0.0004421200   -0.0000989100   -0.0010397100
   0.0003262200    0.0003766500   -0.0001760200
  -0.0000658800   -0.0000694500   -0.0009367500
  -0.0001717700    0.0000523200   -0.0003994600
  -0.0001591500   -0.0001916600    0.0003863000
   0.0000467200    0.0000238000   -0.0000540700
  -0.0000439100   -0.0003414000    0.0005205500
  -0.0000484500    0.0007826300   -0.0002172400
  -0.0000849500   -0.0000411300   -0.0002870500
   0.0003809400   -0.0002830700    0.0000416000
   0.0000571900    0.0004930800    0.0000456800
  -0.0000118100    0.0000060200   -0.0030043500
  -0.0003793100   -0.0006252500    0.0002706800
   0.0000119400   -0.0000409400    0.0021609700
  -0.0003076800   -0.0002766000    0.0010155400
  -0.0000006300    0.0002112300    0.0007360100
   0.0000822600   -0.0000793300   -0.0002627100
  -0.0004112400    0.0000110500    0.0011871300
   0.0011750500   -0.0000635500   -0.0008342100
   0.0005696300    0.0012146500   -0.0001081000
   0.0003159000   -0.0002070900    0.0014134600
   0.0007422900   -0.0011032400   -0.0001550500
  -0.0001414900   -0.0000362000    0.0009053300
  -0.0006287300   -0.0000717600    0.0003382300
  -0.0006863500    0.0006907200   -0.0001419300
  -0.0012598000    0.0004230200    0.0004462000
  -0.0005897500   -0.0004502200   -0.0001152300
   0.0009311200    0.0002549100   -0.0001296900
  -0.0007277900    0.0008931600    0.0004491400
   0.0002435800    0.0005874800    0.0003389700
  -0.0000241400    0.0000834900   -0.0002424600
   0.0001972600   -0.0003527800    0.0012196100
  -0.0006189600    0.0008489900   -0.0003419700
  -0.0013331300   -0.0000876200   -0.0001696400
   0.0003457800    0.0001395200    0.0005240500
   0.0008374700    0.0007565100    0.0005449200
  -0.0300615700   -0.0157846600   -0.0454946100
   0.0002736300   -0.0012254700    0.0003677300
  -0.0018550100    0.0011927100   -0.0028144900
   0.0014096000   -0.0010826100   -0.0025705200
  -0.0001345300    0.0004236000   -0.0015569000
   0.0005761700   -0.0000709000   -0.0011176900
   0.0006392100    0.0003037500   -0.0003795000
  -0.0002835100   -0.0001172600    0.0003292600
   0.0003443400   -0.0004619200    0.0010050900
  -0.0002988700    0.0005211800   -0.0042372700
   0.0003617600   -0.0008353600   -0.0010273300
   0.0004013500   -0.0000608100   -0.0013632900
   0.0002454100    0.0000219000    0.0007612700
   0.0006319100   -0.0010091400   -0.0003181200
  -0.0004696800   -0.0004199700   -0.0003386800
   0.0007983100    0.0017195500   -0.0013432300
  -0.0005329900    0.0005536900    0.0000181600
  -0.0005360100   -0.0007937500   -0.0003513700
  -0.0008227300    0.0002191000   -0.0003843800
   0.0005038800    0.0000044300    0.0003138800
   0.0010103800    0.0002959700   -0.0005151700
  -0.0000536300   -0.0000662600   -0.0009055000
   0.0003674100   -0.0004901100    0.0003149800
  -0.0017204200   -0.0007866200   -0.0008938900
   0.0000885200    0.0001021300    0.0007070000
  -0.0002851400    0.0002135500    0.0005452000
   0.0006754200   -0.0002901200   -0.0001213400
  -0.0002544600   -0.0009198800   -0.0001512900
   0.0007494100    0.0000013600    0.0002781700
   0.0002091800    0.0003525100    0.0012286800
  -0.0004042400   -0.0009607500   -0.0003159300
   0.0306150900    0.0170659600   -0.0452179100
  -0.0001247900    0.0333151700   -0.0458398200
   0.0003856600   -0.0366573200   -0.0470957200
  -0.0002261900   -0.0004144300   -0.0015815400
  -0.0001800800   -0.0001085600    0.0000324600
  -0.0001624100    0.0011842800    0.0002338200
   0.0003865500    0.0007187900    0.0001234000
   0.0008142200   -0.0021502300   -0.0023093700
  -0.0003987800    0.0030567800   -0.0026584200
   0.0303222300   -0.0181592600   -0.0451564300
  -0.0299624800    0.0173869800   -0.0456765900
   0.0031709700    0.0004913800   -0.0020929500
  -0.0015140400   -0.0016952800   -0.0022801600
  -0.0013998100   -0.0003415500   -0.0003945700
  -0.0004461900   -0.0001677000    0.0000559300

6    
  0.0080295506854697   0.0059603956067927   0.0000000000000000
  -0.0001656700    0.0014898800   -0.0001979800
   0.0099213100   -0.0010621300    0.0003516800
   0.0000204400   -0.0002513500   -0.0006055800
   0.0002005300   -0.0000705100   -0.0006009600
   0.0140465200   -0.0048505900   -0.0002055000
  -0.1954721000   -0.1446429100    0.0003418600
  -0.0000166400    0.0000332700   -0.0000715900
   0.0001423400   -0.0000750200   -0.0006351600
  -0.0001840800   -0.0000731600   -0.0006074300
  -0.0018868000    0.0152937000   -0.0004043300
   0.0003258100   -0.0003158100   -0.0004001100
  -0.0031842300    0.0097754300    0.0002544500
   0.0002380400    0.0007189500   -0.0002723700
   0.0001553700    0.0005038100   -0.0003926500
  -0.0000258900    0.0000087200   -0.0002389200
  -0.0002716700   -0.0003741800    0.0004401400
   0.0016454200    0.0002693800   -0.0000034000
   0.0001230700   -0.0001751300    0.0001686300
   0.0002477900    0.0001209600    0.0002837000
   0.0000248700   -0.0005210400   -0.0002972900
   0.0002587100    0.0002609500    0.0002210500
  -0.0003709800    0.0000026600    0.0001265000
  -0.0000104200    0.0001675400   -0.0006359100
   0.0009454800   -0.0003238200   -0.0003477900
   0.0000633600   -0.0004541300    0.0004569300
  -0.0000470100    0.0002085600   -0.0005822300
   0.0029205600    0.0119266500    0.0000900000
  -0.0002504400    0.0001540300    0.0002516200
   0.0093268100   -0.0076293700   -0.0001935400
   0.0000490500    0.0000070400   -0.0002491700
   0.0019649700    0.0001248100    0.0003288100
   0.0000004400   -0.0002574000    0.0003840600
  -0.0004744500   -0.0001671900   -0.0004101200
  -0.0000574400    0.0001507400   -0.0001419400
   0.0001014300   -0.0000111300   -0.0003253100
   0.0005007000    0.0001314700   -0.0002830200
  -0.0002335100    0.0006218000    0.0004163200
   0.0003326000    0.0013976600   -0.0000362200
   0.0322490000    0.0039044100   -0.0186680700
   0.0333918400    0.0043772200    0.0199618600
   0.0010073700    0.0015664800    0.0001358700
   0.0002945500   -0.0003390300    0.0001146100
   0.0011637300    0.0021909000   -0.0004632300
  -0.0038483800   -0.0001681600   -0.0028230000
  -0.0002668400   -0.0007371800    0.0002788200
  -0.0038371400   -0.0001260900    0.0019970800
  -0.0003664900   -0.0000979400    0.0009269000
  -0.0000091800    0.0004839300    0.0010064300
  -0.0000165300   -0.0002917200   -0.0005321000
   0.0004422200   -0.0005385300    0.0012907600
   0.0018770500   -0.0003640400   -0.0004066000
   0.0007104800   -0.0023696800    0.0001080600
   0.0002651400   -0.0035645900    0.0005420700
   0.0006062200   -0.0010774600   -0.0002974800
  -0.0002069700   -0.0000323000    0.0011093600
  -0.0005841800   -0.0000220800    0.0003129000
  -0.0005855400    0.0006102000   -0.0001769800
  -0.0012262500    0.0004191300    0.0004204800
  -0.0009472900    0.0003978100   -0.0001468100
   0.0387822000    0.0331825700    0.0326294500
   0.0372925900    0.0337991200   -0.0325829800
   0.0103369700    0.0239502800   -0.0128564800
  -0.0000872800    0.0000778200   -0.0003971200
   0.0010321100   -0.0003270400    0.0012550800
   0.0001287500    0.0008854900   -0.0003228900
  -0.0013076500    0.0002793000   -0.0002482500
  -0.0000540000    0.0009183600    0.0006442300
   0.0109860200    0.0231702200    0.0128550200
  -0.0006081700    0.0008308600   -0.0006734500
   0.0001900200   -0.0011786700    0.0003983000
   0.0000408600    0.0000943500   -0.0005775800
  -0.0004894700    0.0000562700   -0.0002534100
   0.0000444300   -0.0000925500   -0.0005676600
   0.0002796400    0.0003929100   -0.0002460200
   0.0005129700    0.0004538000   -0.0004260100
  -0.0001777900   -0.0002736100    0.0002953100
  -0.0000690400    0.0000059600    0.0019467100
  -0.0000010100   -0.0000001800   -0.0033151200
  -0.0002916200   -0.0007392000   -0.0000838300
   0.0009730600   -0.0000732200   -0.0004411900
   0.0000375100    0.0000633800    0.0006851700
   0.0008163400   -0.0010489300   -0.0004179700
  -0.0000709500    0.0000324300    0.0006769600
   0.0005010300    0.0012383700   -0.0004155900
  -0.0005407200    0.0005360100   -0.0000378200
  -0.0005436000   -0.0007950600   -0.0004103300
  -0.0005972800    0.0002015800   -0.0003732300
   0.0003236300   -0.0000166100    0.0003001200
   0.0010504100    0.0000959100   -0.0005420300
  -0.0006323100   -0.0000648600    0.0000335100
   0.0003114100   -0.0004116600    0.0003668900
  -0.0011385100   -0.0006821200    0.0001371400
   0.0000121300   -0.0001133100    0.0006519100
  -0.0002440300    0.0002238500    0.0004089200
   0.0007166000   -0.0002456700   -0.0000088900
   0.0000293500   -0.0011736200   -0.0002111200
   0.0010714800   -0.0002364500    0.0003067200
   0.0003770700    0.0012561200    0.0012164300
  -0.0002674200   -0.0001149700   -0.0003266300
   0.0002665000   -0.0002636100    0.0009193400
  -0.0000662700   -0.0000282500   -0.0005057100
   0.0001994400   -0.0004534600   -0.0002557600
  -0.0004430500   -0.0009209000   -0.0005822800
   0.0000965100    0.0003607200    0.0009203600
  -0.0000187600    0.0013384200    0.0001333500
   0.0002539200    0.0005718300    0.0000361900
   0.0007309200    0.0001717600   -0.0001239000
  -0.0004220300    0.0008681100   -0.0004107100
   0.0001774200   -0.0006262000   -0.0000679400
  -0.0001510200    0.0003000100    0.0003512100
   0.0011642100   -0.0007052300    0.0000195900
   0.0003686400   -0.0005046800    0.0000122900
  -0.0013294200   -0.0001856800   -0.0004191100
  -0.0005698100   -0.0004145100    0.0002326800

6    
 -0.0080295506854697  -0.0059603956067927   0.0000000000000000
  -0.0007822600   -0.0013836600   -0.0000755900
  -0.0102792700    0.0010473100    0.0003705200
  -0.0002931100    0.0000084400   -0.0005797500
   0.0001444800   -0.0000415800   -0.0005837000
  -0.0149369300    0.0051889900   -0.0003886500
   0.1950524900    0.1434337900    0.0004575100
   0.0000146200   -0.0000303400    0.0000303300
   0.0001493400   -0.0001274500   -0.0006462500
  -0.0001494300   -0.0000811000   -0.0006754500
   0.0022295200   -0.0154498500   -0.0002518200
   0.0003453100   -0.0003001800   -0.0003456000
   0.0031818800   -0.0090423700    0.0004664700
   0.0001285900   -0.0005529400   -0.0003139900
   0.0000403300    0.0003957600   -0.0003531000
  -0.0000452700    0.0000519700   -0.0002490000
   0.0002595200   -0.0002022600    0.0000104200
  -0.0017119800   -0.0003701800   -0.0000550000
   0.0000976500   -0.0005315100    0.0002281900
   0.0002494500    0.0001698500    0.0001666200
  -0.0000635100    0.0000953600   -0.0002870200
   0.0002367700    0.0002956100    0.0001764100
  -0.0003627900    0.0001570100    0.0002709800
   0.0000278900    0.0001964500   -0.0006457400
  -0.0008538000   -0.0000597900   -0.0003031200
   0.0004115300    0.0003506000    0.0004504800
  -0.0000371600    0.0001550000   -0.0006029800
  -0.0024908500   -0.0114560700   -0.0001482300
  -0.0002523000    0.0001404800    0.0001974500
  -0.0089811000    0.0068009900   -0.0000839100
   0.0000311200    0.0000254800   -0.0002375400
  -0.0012910500   -0.0005620100    0.0003924300
  -0.0000014500    0.0002692600    0.0003177000
  -0.0004087000   -0.0001084400   -0.0003348400
   0.0005766400    0.0005951700   -0.0001322500
  -0.0001180100   -0.0000741600   -0.0001605200
  -0.0009054300   -0.0000067900   -0.0003685400
  -0.0001000400   -0.0009715100    0.0004922900
  -0.0002391600   -0.0014031700   -0.0000210700
  -0.0330065100   -0.0044215400    0.0203243800
  -0.0342471100   -0.0027178100   -0.0208347700
  -0.0012158400   -0.0016712900   -0.0007615000
   0.0004579800   -0.0002536900   -0.0000369000
  -0.0010317700   -0.0012402600    0.0005666500
   0.0038153900    0.0001446100   -0.0031578700
  -0.0004854700   -0.0005354500    0.0001949600
   0.0038065100    0.0000998100    0.0024506200
  -0.0003650600   -0.0000940800    0.0009154500
  -0.0000184900   -0.0002298100    0.0008850800
   0.0001995100    0.0001676600   -0.0000704600
  -0.0012456700    0.0005569300    0.0011487200
   0.0002068000    0.0006291500   -0.0002618400
   0.0004163600    0.0047378100   -0.0004023200
  -0.0000715000    0.0034293500    0.0013078700
   0.0008815300   -0.0011221000   -0.0000097200
  -0.0000074600   -0.0001053300    0.0007553300
  -0.0006732800   -0.0001285000    0.0003352000
  -0.0007751600    0.0007583700   -0.0001167700
  -0.0012799300    0.0003626200    0.0004161800
  -0.0002374400   -0.0012844200   -0.0001363900
  -0.0359893400   -0.0318125600   -0.0316533800
  -0.0370866800   -0.0316155000    0.0317755500
  -0.0097508000   -0.0232758800    0.0138980400
   0.0000951500    0.0001554300   -0.0002032600
  -0.0006512300   -0.0003877800    0.0011611600
  -0.0014059900    0.0007813700   -0.0003197600
  -0.0013586200   -0.0004694800   -0.0000846900
   0.0006943400   -0.0006302000    0.0004233900
  -0.0089746700   -0.0218610300   -0.0124110000
  -0.0005958400    0.0009009100   -0.0005482600
   0.0003801500   -0.0013674900    0.0004336800
   0.0001026300    0.0001299100   -0.0005747800
  -0.0004959900    0.0000505800   -0.0002383100
   0.0000639400   -0.0001469800   -0.0005846300
   0.0002908500    0.0004049000   -0.0002456400
   0.0005430000    0.0004257500   -0.0004236300
  -0.0001827300   -0.0002707000    0.0003095700
   0.0000599700   -0.0000005000    0.0019281200
  -0.0000075100    0.0000040900   -0.0033208600
  -0.0001167100   -0.0007355400    0.0000506200
   0.0009444400   -0.0000643200   -0.0003632600
   0.0000832000    0.0000608600    0.0006714500
   0.0008169700   -0.0010542300   -0.0004164300
  -0.0001029800    0.0000207500    0.0006780000
   0.0004985000    0.0012389900   -0.0004175600
  -0.0005413400    0.0005560300    0.0000003200
  -0.0005430300   -0.0007971300   -0.0003947300
  -0.0006967700    0.0002832400   -0.0004743300
   0.0003251000   -0.0000111100    0.0003039800
   0.0010418400    0.0000812900   -0.0006746500
  -0.0006278600   -0.0000517500    0.0000378100
   0.0004428200   -0.0005852400    0.0002850300
  -0.0011548400   -0.0006872100    0.0001588000
   0.0000245600   -0.0000533300    0.0007036100
  -0.0003244900    0.0001986500    0.0006475400
   0.0006443000   -0.0003242300   -0.0002638100
  -0.0005304500   -0.0006854800   -0.0001051300
   0.0004099200    0.0002249600    0.0001912300
   0.0000316800   -0.0005667100    0.0012123700
  -0.0005536000   -0.0018218400   -0.0003278300
   0.0002620800   -0.0002653200    0.0009286900
  -0.0002069600    0.0000494300   -0.0006420600
   0.0001954300   -0.0004429300   -0.0002394200
  -0.0004597300   -0.0009807600   -0.0006355900
   0.0000944900    0.0003667900    0.0009265500
  -0.0000313200    0.0013294900    0.0001632300
   0.0002622200    0.0005738800    0.0000349800
   0.0007481100    0.0002211500    0.0000896600
  -0.0004210000    0.0008706600   -0.0003990400
   0.0000468700   -0.0007275300   -0.0007713000
  -0.0001555900    0.0002827300    0.0002541100
   0.0011635700   -0.0005877600    0.0002799200
   0.0003560400   -0.0005168700    0.0000601300
  -0.0013205700   -0.0001778700   -0.0004153800
  -0.0003324300    0.0000592200   -0.0001548900

6    
 -0.0011470786693528   0.0099339926779878   0.0000000000000000
   0.0000799200    0.0016467700   -0.0001581100
   0.0115431800    0.0104086600    0.0003222500
  -0.0000430800   -0.0002311400   -0.0005458900
   0.0001933200   -0.0000866200   -0.0006067200
   0.0104293400    0.0045130000    0.0001427100
   0.0283946100   -0.2413274000    0.0029711300
  -0.0000241100    0.0000494600   -0.0001022100
   0.0000827200    0.0000026600   -0.0005520300
  -0.0001545700   -0.0000680500   -0.0006285400
  -0.0084823400    0.0076925200   -0.0005897500
   0.0003230600   -0.0003121600   -0.0003802500
  -0.0147960400    0.0064777900    0.0000688000
   0.0006613700    0.0007699500   -0.0002719100
   0.0001874800    0.0005291200   -0.0004970000
  -0.0000305300    0.0000005900   -0.0002592000
  -0.0000598100   -0.0005546500    0.0003026800
   0.0002538500   -0.0001762600   -0.0000189500
   0.0001426300   -0.0002281900    0.0001428200
   0.0002573700    0.0001358800    0.0002559800
  -0.0010852100    0.0007523100   -0.0002830700
   0.0002536600    0.0002488900    0.0002374600
  -0.0003996900    0.0001722000    0.0002131200
   0.0000303400    0.0001772100   -0.0006363200
   0.0002749400   -0.0005666000   -0.0003457000
  -0.0002690400    0.0003286500    0.0004421000
  -0.0000084700    0.0001987000   -0.0005913800
  -0.0097483900    0.0020633200    0.0001641400
  -0.0002374500    0.0001305000    0.0002327500
   0.0060813000    0.0079674800   -0.0002488500
   0.0000454400    0.0000172800   -0.0002498800
   0.0006002300   -0.0003298600    0.0002934500
  -0.0010582700    0.0009483100    0.0003838500
  -0.0004657000   -0.0001204100   -0.0004109600
  -0.0004928300    0.0007817300   -0.0001156400
  -0.0000198600   -0.0000732300   -0.0002001200
  -0.0001272400   -0.0003016800   -0.0003160900
   0.0001209200    0.0004828100    0.0004359600
   0.0005904800    0.0015845600   -0.0000287000
  -0.0145439900    0.0196309400    0.0132737500
  -0.0161328500    0.0214896000   -0.0140893100
   0.0029780300   -0.0016238200   -0.0000154000
   0.0002619500   -0.0003082500    0.0000060000
   0.0032157000   -0.0010786000   -0.0002826600
  -0.0009010900    0.0017397900   -0.0025378300
  -0.0002240700   -0.0008335200    0.0004476500
  -0.0009564900    0.0018071600    0.0017512300
  -0.0003587900   -0.0000972800    0.0009225800
  -0.0008777600    0.0002557300    0.0010310700
   0.0000051300   -0.0001404800   -0.0004858800
  -0.0000359600    0.0001643800    0.0012820100
   0.0014218600    0.0003517500   -0.0004333300
  -0.0013217400   -0.0022201200   -0.0003468200
  -0.0016991500   -0.0034159400    0.0011169000
   0.0008576300   -0.0010581300   -0.0001134200
   0.0000455600   -0.0000086300    0.0008890800
  -0.0006447800   -0.0000065900    0.0003156300
  -0.0005356000    0.0004838100   -0.0003375000
  -0.0012480400    0.0004324300    0.0004225000
  -0.0012309300    0.0001752800   -0.0000887500
   0.0137824200    0.0304163100    0.0193414600
   0.0127054600    0.0309002100   -0.0194412900
  -0.0092366800    0.0503981500   -0.0322300000
  -0.0001288500    0.0000880600   -0.0002805000
   0.0010738700    0.0000842500    0.0012132700
   0.0002203700    0.0012718400   -0.0002605500
  -0.0022388200   -0.0000022700   -0.0002046400
  -0.0003712700    0.0007659000    0.0005883700
  -0.0081588300    0.0484011500    0.0318842500
  -0.0005787800    0.0008653400   -0.0007540200
   0.0002772500   -0.0012389000    0.0002982500
   0.0000611300    0.0000977600   -0.0005668000
  -0.0004873500    0.0000626700   -0.0002459900
   0.0000310800   -0.0000963200   -0.0005626200
   0.0002851700    0.0003963300   -0.0002410400
   0.0005223400    0.0004395900   -0.0004201100
  -0.0001759400   -0.0002672700    0.0002958400
  -0.0000145900   -0.0000051700    0.0019948100
  -0.0000030300    0.0000128100   -0.0033187900
  -0.0001632000   -0.0007655600   -0.0000048600
   0.0009711900   -0.0000645500   -0.0003969300
   0.0000539100    0.0000331900    0.0006311500
   0.0008163800   -0.0010438500   -0.0004198700
  -0.0000746800    0.0000272800    0.0006832300
   0.0005013200    0.0012418400   -0.0004109000
  -0.0005339500    0.0005440900   -0.0000331700
  -0.0005401400   -0.0007918800   -0.0004121100
  -0.0005908400    0.0002551800   -0.0004406200
   0.0003296700   -0.0000138100    0.0002943200
   0.0010102400    0.0001203800   -0.0006004000
  -0.0006295900   -0.0000601600    0.0000353900
   0.0003886400   -0.0004623000    0.0004439700
  -0.0011264200   -0.0006714100    0.0001442100
   0.0000327600   -0.0000736100    0.0007006600
  -0.0002802900    0.0001269600    0.0004517700
   0.0006799500   -0.0003858200   -0.0000441300
   0.0001495300   -0.0002083600   -0.0001070600
   0.0010596200    0.0007150200    0.0002592300
  -0.0000970700    0.0005284800    0.0012053300
  -0.0007190100   -0.0007955100   -0.0004441600
   0.0002695500   -0.0002601400    0.0009181100
  -0.0000715100   -0.0000539000   -0.0005673600
   0.0001980200   -0.0004391200   -0.0002685100
  -0.0004513800   -0.0009265500   -0.0005304200
   0.0001000800    0.0003663100    0.0009212400
  -0.0000286200    0.0013367300    0.0001510800
   0.0002615100    0.0005759000    0.0000358200
   0.0006605400    0.0001811300   -0.0000246000
  -0.0004149300    0.0008733000   -0.0004053300
   0.0001036100   -0.0005729200   -0.0002283000
  -0.0001488000    0.0003089200    0.0003338100
   0.0010993100   -0.0007095900   -0.0000404800
   0.0003620200   -0.0004995800   -0.0000054200
  -0.0013243300   -0.0001837000   -0.0004106400
  -0.0005362100   -0.0002864100    0.0001965800

6    
  0.0011470786693528  -0.0099339926779878   0.0000000000000000
  -0.0010351600   -0.0015721000   -0.0001110100
  -0.0118604800   -0.0103480700    0.0004017600
  -0.0002241600   -0.0000083500   -0.0006374100
   0.0001609700   -0.0000240400   -0.0005750500
  -0.0107453200   -0.0042458000   -0.0007221700
  -0.0296270000    0.2429306500   -0.0026327800
   0.0000314100   -0.0000473600    0.0000643800
   0.0002190300   -0.0002062100   -0.0007296400
  -0.0001702400   -0.0000864500   -0.0006522900
   0.0088656700   -0.0080504600   -0.0000562100
   0.0003572500   -0.0003032000   -0.0003631700
   0.0144409200   -0.0055474200    0.0006505800
  -0.0003016300   -0.0006108900   -0.0003077700
   0.0000142400    0.0003695700   -0.0002439500
  -0.0000330100    0.0000617600   -0.0002262400
   0.0000588700   -0.0000178800    0.0001477900
  -0.0003061400    0.0000982800   -0.0000362300
   0.0000866500   -0.0004798500    0.0002562200
   0.0002497700    0.0001561000    0.0001951900
   0.0010514700   -0.0011540000   -0.0002958700
   0.0002506900    0.0003081900    0.0001618500
  -0.0003252900   -0.0000118500    0.0001858700
  -0.0000055000    0.0001866300   -0.0006432200
  -0.0002057200    0.0002038600   -0.0002990500
   0.0007526300   -0.0004116500    0.0004703300
  -0.0000681500    0.0001669300   -0.0005908900
   0.0096720400   -0.0019364100   -0.0002146400
  -0.0002577500    0.0001641000    0.0002180900
  -0.0055375300   -0.0092696400   -0.0000221600
   0.0000431000    0.0000165200   -0.0002341400
   0.0000639300   -0.0000853200    0.0004344200
   0.0010982600   -0.0009393700    0.0003234300
  -0.0004092900   -0.0001548900   -0.0003315400
   0.0010488200   -0.0000381500   -0.0001523600
   0.0000142000   -0.0000129300   -0.0002835500
  -0.0002485500    0.0004471200   -0.0003290900
  -0.0004402100   -0.0008263400    0.0004767800
  -0.0004886100   -0.0015590500   -0.0000226000
   0.0140148700   -0.0201812800   -0.0118542900
   0.0154819600   -0.0198674500    0.0134437300
  -0.0031963400    0.0015667800   -0.0005962200
   0.0004979100   -0.0002860400    0.0000772700
  -0.0030951200    0.0020781900    0.0003779300
   0.0008904300   -0.0017374900   -0.0034280200
  -0.0005198800   -0.0004363000    0.0000319900
   0.0009486500   -0.0018051300    0.0026907700
  -0.0003648900   -0.0000941800    0.0009228600
   0.0008671900   -0.0000069200    0.0008304800
   0.0001880900    0.0000150900   -0.0001111900
  -0.0007766200   -0.0001430800    0.0011305100
   0.0006556800   -0.0000834300   -0.0002007900
   0.0024712500    0.0046548100    0.0000537800
   0.0019143100    0.0033444400    0.0007404000
   0.0006372300   -0.0011441900   -0.0001889100
  -0.0002527500   -0.0001309700    0.0009793600
  -0.0006020400   -0.0001466600    0.0003353300
  -0.0008169500    0.0008862000    0.0000463100
  -0.0012481200    0.0003474600    0.0004192300
   0.0000558200   -0.0010587900   -0.0001726100
  -0.0114406700   -0.0294480200   -0.0190471100
  -0.0129459000   -0.0291196400    0.0193149600
   0.0100236200   -0.0505420100    0.0342047100
   0.0001450000    0.0001438600   -0.0003175400
  -0.0006879400   -0.0008012300    0.0012344000
  -0.0014921400    0.0003925400   -0.0004045500
  -0.0004075200   -0.0001926500   -0.0000910900
   0.0010220400   -0.0004742700    0.0004657500
   0.0103655700   -0.0478497200   -0.0323198600
  -0.0006170000    0.0008674200   -0.0004623500
   0.0003016500   -0.0013090900    0.0005397900
   0.0000918600    0.0001276300   -0.0005816300
  -0.0004897300    0.0000451500   -0.0002421500
   0.0000868600   -0.0001428200   -0.0005851500
   0.0002942100    0.0004019300   -0.0002477400
   0.0005439000    0.0004393600   -0.0004246500
  -0.0001748400   -0.0002767800    0.0003119700
   0.0000142600    0.0000101200    0.0018862200
   0.0000033300   -0.0000087200   -0.0033133300
  -0.0002368700   -0.0007094200   -0.0000245400
   0.0009553500   -0.0000728300   -0.0004043100
   0.0000747500    0.0000911000    0.0007278700
   0.0008261100   -0.0010594100   -0.0004102700
  -0.0000912900    0.0000269000    0.0006753200
   0.0005070400    0.0012365600   -0.0004177800
  -0.0005406300    0.0005483600    0.0000007200
  -0.0005388000   -0.0007997200   -0.0003900800
  -0.0006945500    0.0002297700   -0.0004021600
   0.0003273100   -0.0000127700    0.0003129700
   0.0010899300    0.0000576900   -0.0006108700
  -0.0006218100   -0.0000556800    0.0000395900
   0.0003738000   -0.0005359900    0.0002098400
  -0.0011583100   -0.0006973100    0.0001555900
   0.0000113500   -0.0000925600    0.0006575400
  -0.0002803500    0.0002926700    0.0006090000
   0.0006886200   -0.0001862300   -0.0002248400
  -0.0006485700   -0.0016396800   -0.0002036000
   0.0004247400   -0.0007153800    0.0002432600
   0.0005294100    0.0001683100    0.0012094800
  -0.0000809700   -0.0011338400   -0.0001900500
   0.0002679400   -0.0002680800    0.0009326200
  -0.0001939500    0.0000769600   -0.0005768700
   0.0002047500   -0.0004569300   -0.0002228000
  -0.0004426900   -0.0009756100   -0.0006857800
   0.0000994000    0.0003628000    0.0009282900
  -0.0000130900    0.0013312000    0.0001487800
   0.0002636300    0.0005703200    0.0000395900
   0.0008272500    0.0002129100   -0.0000030400
  -0.0004194900    0.0008668300   -0.0004002800
   0.0001269300   -0.0007799700   -0.0006104700
  -0.0001497000    0.0002740800    0.0002740200
   0.0012376500   -0.0005805400    0.0003433200
   0.0003711000   -0.0005214800    0.0000829900
  -0.0013176000   -0.0001788100   -0.0004194600
  -0.0003557700   -0.0000703800   -0.0001158000

6    
  0.0000000000000000   0.0000000000000000   0.0100000000000000
  -0.0004539400    0.0000215500    0.0002928900
  -0.0001334000    0.0001021800   -0.0068798500
  -0.0002285000   -0.0000887500   -0.0006615300
   0.0001806000   -0.0000944100   -0.0005677900
  -0.0001852100    0.0003747900   -0.0077169000
  -0.0021736900    0.0024968300   -0.2605363300
   0.0000376500   -0.0000210800   -0.0000238600
   0.0001108400   -0.0001148000   -0.0008685200
  -0.0001453200   -0.0001084900   -0.0006211600
   0.0001420100    0.0000793700   -0.0075311900
   0.0003514700   -0.0002921500   -0.0003594500
  -0.0000657600    0.0004590900   -0.0070345100
   0.0002071200    0.0000563600    0.0003661500
   0.0001071500    0.0004418300   -0.0004121100
  -0.0000336000   -0.0000027900   -0.0002317100
   0.0002092300   -0.0003456900    0.0005129500
   0.0000143400   -0.0000833200    0.0004246900
   0.0000410400   -0.0004268100   -0.0000371200
   0.0002490200    0.0002038900    0.0002489700
   0.0000217500   -0.0001320200    0.0001499700
   0.0002449800    0.0002767000    0.0002073000
  -0.0002955100    0.0002437300    0.0002771000
   0.0000108300    0.0001933600   -0.0005732200
   0.0000841300   -0.0002126600    0.0003540600
   0.0002454300   -0.0000238300    0.0011220400
  -0.0000815900    0.0001987800   -0.0005352600
  -0.0001894000    0.0003199000   -0.0070221500
  -0.0002679000    0.0001236100    0.0002604100
   0.0001767800   -0.0003789300   -0.0072867100
   0.0000688100    0.0000261400   -0.0002840300
   0.0003346100   -0.0001946000    0.0008162900
   0.0000113800    0.0000292200    0.0007339600
  -0.0004166700   -0.0001350900   -0.0003224600
   0.0002712200    0.0003669800    0.0005166100
  -0.0001402200   -0.0001465800   -0.0002300400
  -0.0002264500    0.0000657700    0.0003386200
  -0.0001632100   -0.0001780900    0.0011228100
   0.0000064400    0.0000394300    0.0003923300
  -0.0335351400    0.0092705700    0.0466520400
   0.0344950700   -0.0098631300    0.0456598000
   0.0015178900    0.0014490500    0.0019660700
   0.0003551600   -0.0004832700   -0.0000596300
  -0.0014886100   -0.0010452100    0.0022998900
  -0.0005452100    0.0021423700   -0.0007433300
  -0.0004562600   -0.0008094000    0.0001802000
   0.0005548400   -0.0022777900    0.0045404900
  -0.0003705100   -0.0000897700    0.0009013200
  -0.0003228500    0.0005561200    0.0018798700
   0.0002733600   -0.0000451300   -0.0003416500
   0.0001304900    0.0001300500    0.0021165800
   0.0005045200   -0.0000861300    0.0006144500
   0.0027342600    0.0005041300    0.0021141600
  -0.0020688400    0.0005864500    0.0030974500
   0.0008650800   -0.0012461100   -0.0001890900
  -0.0002074400    0.0000812200    0.0008971400
  -0.0006291400   -0.0000859100    0.0002622800
  -0.0006123700    0.0008490500   -0.0001923800
  -0.0012467500    0.0003839400    0.0003724600
  -0.0008208900   -0.0009993800    0.0008263800
   0.0264727900    0.0240490200    0.0457826300
  -0.0250504400   -0.0228199000    0.0448358200
   0.0081593400   -0.0344819500    0.0466910800
  -0.0000074100    0.0003103300   -0.0003949800
   0.0000337900   -0.0009031200    0.0020911600
  -0.0005667000    0.0014031800    0.0006497100
  -0.0009515000   -0.0005166400    0.0007436200
   0.0005044500    0.0006736400    0.0014837200
  -0.0069384700    0.0339938500    0.0456950700
  -0.0006444400    0.0009041200   -0.0005512300
   0.0001117100   -0.0013717500    0.0003159600
   0.0000679800    0.0001021900   -0.0006197900
  -0.0004862100    0.0000584300   -0.0002601500
   0.0000400500   -0.0000973200   -0.0005907800
   0.0002890600    0.0003997600   -0.0002631300
   0.0005294000    0.0004421700   -0.0004506500
  -0.0001693600   -0.0002736300    0.0002892900
  -0.0000326800    0.0000128600    0.0019117000
  -0.0000104100   -0.0000082200   -0.0033223800
  -0.0003193700   -0.0007256500    0.0006748200
   0.0009706300   -0.0000768200   -0.0003706900
   0.0000435500    0.0000934100    0.0006643600
   0.0008306600   -0.0010487000   -0.0004247100
  -0.0001014800    0.0000042900    0.0006351600
   0.0005075300    0.0012381600   -0.0004253300
  -0.0005359000    0.0005482400   -0.0000408400
  -0.0005398600   -0.0007945400   -0.0004251400
  -0.0006151400    0.0002137300   -0.0004475000
   0.0003189000   -0.0000102400    0.0002806500
   0.0011082400    0.0000292300   -0.0006550300
  -0.0006260900   -0.0000601900    0.0000178100
   0.0005518900   -0.0004195900    0.0002178400
  -0.0011445500   -0.0006784300    0.0001284600
   0.0000477400   -0.0000513800    0.0006792500
  -0.0004386000    0.0003168600    0.0004242600
   0.0008525600   -0.0004069200   -0.0002290600
  -0.0006796400   -0.0005311800    0.0008086000
   0.0011798700   -0.0003507200    0.0011905300
  -0.0003405200    0.0002060200    0.0021647900
   0.0001832700   -0.0009178700    0.0006381900
   0.0002704300   -0.0002643300    0.0009180300
  -0.0001336500   -0.0000829300   -0.0005209400
   0.0002019100   -0.0004463800   -0.0002482200
  -0.0004658000   -0.0009054600   -0.0005948100
   0.0001028700    0.0003641600    0.0009170400
  -0.0000217000    0.0013154600    0.0001172500
   0.0002585900    0.0005701600    0.0000088200
   0.0007568100    0.0001085700    0.0001089700
  -0.0004145500    0.0008683800   -0.0003961600
   0.0003393100   -0.0004736600   -0.0009380300
  -0.0001554000    0.0002919300    0.0002474200
   0.0011798500   -0.0009597100   -0.0000070700
   0.0003701700   -0.0005033800    0.0000117700
  -0.0013237800   -0.0001860100   -0.0004349100
  -0.0006228600   -0.0002127300    0.0000120200

6    
  0.0000000000000000   0.0000000000000000  -0.0100000000000000
  -0.0004590700    0.0000557600   -0.0005699200
  -0.0005822200   -0.0002561400    0.0075961700
  -0.0000360000   -0.0001537800   -0.0005284600
   0.0001745800   -0.0000174500   -0.0006224800
  -0.0003124300   -0.0002791400    0.0071181400
   0.0016664500   -0.0022656400    0.2618741700
  -0.0000307300    0.0000227400   -0.0000202400
   0.0001921000   -0.0000892400   -0.0004184800
  -0.0001790500   -0.0000471800   -0.0006666600
   0.0000041900    0.0000116700    0.0068677800
   0.0003294800   -0.0003235700   -0.0003923000
   0.0000363600    0.0005189300    0.0077551000
   0.0001852600    0.0001395700   -0.0009545300
   0.0000966300    0.0004562100   -0.0003346100
  -0.0000289200    0.0000634800   -0.0002611500
  -0.0002109200   -0.0002302200   -0.0000740800
  -0.0000602200   -0.0000110400   -0.0004886900
   0.0001890300   -0.0002811400    0.0004310900
   0.0002589900    0.0000871200    0.0001947100
  -0.0000422300   -0.0002833500   -0.0007397800
   0.0002592700    0.0002779800    0.0001847900
  -0.0004294600   -0.0000817400    0.0001170200
   0.0000148700    0.0001713200   -0.0007147300
  -0.0000313900   -0.0001622900   -0.0010079400
   0.0002545000   -0.0000878400   -0.0002184700
   0.0000055300    0.0001661000   -0.0006553200
   0.0003473500   -0.0002806600    0.0069483300
  -0.0002259800    0.0001686400    0.0001815600
   0.0004242400   -0.0005223700    0.0069998200
   0.0000208900    0.0000070000   -0.0002073700
   0.0003250600   -0.0002085400   -0.0000993200
  -0.0000090400   -0.0000276500   -0.0000368200
  -0.0004577600   -0.0001409900   -0.0004285500
   0.0002504200    0.0003920800   -0.0007937600
   0.0001325700    0.0000596800   -0.0002572000
  -0.0001316900    0.0000789000   -0.0009928500
  -0.0001585300   -0.0002090100   -0.0002179800
   0.0000975100   -0.0000287900   -0.0004541300
   0.0324042300   -0.0096613200   -0.0446731400
  -0.0357554500    0.0116617400   -0.0468782700
  -0.0017288900   -0.0015568800   -0.0025700400
   0.0003999600   -0.0001079000    0.0001356300
   0.0016192200    0.0019977700   -0.0022277200
   0.0005417000   -0.0021288100   -0.0052537900
  -0.0002925400   -0.0004648900    0.0002934100
  -0.0005574800    0.0022890600   -0.0000810900
  -0.0003529200   -0.0001028900    0.0009347800
   0.0002956900   -0.0002998000   -0.0000270400
  -0.0000760100   -0.0000824500   -0.0002637200
  -0.0009504900   -0.0001078800    0.0003198300
   0.0015664600    0.0003536900   -0.0012834800
  -0.0015604800    0.0018924100   -0.0024276100
   0.0023074900   -0.0006971200   -0.0012360100
   0.0006317100   -0.0009501200   -0.0001229900
   0.0000018300   -0.0002158300    0.0009646600
  -0.0006190300   -0.0000667600    0.0003823600
  -0.0007451600    0.0005175000   -0.0001077900
  -0.0012507500    0.0003964500    0.0004599500
  -0.0003533900    0.0000935800   -0.0011148600
  -0.0238134700   -0.0228077400   -0.0451624700
   0.0250910400    0.0248403100   -0.0452747000
  -0.0074250500    0.0345714000   -0.0451278900
   0.0000196400   -0.0000757700   -0.0002110700
   0.0003668700    0.0002059500    0.0003493700
  -0.0006911000    0.0002779600   -0.0013224400
  -0.0017130400    0.0003309400   -0.0010439400
   0.0001466300   -0.0004057300   -0.0004188800
   0.0091123100   -0.0332766800   -0.0458190600
  -0.0005515200    0.0008264300   -0.0006746000
   0.0004666000   -0.0011809800    0.0005134000
   0.0000847800    0.0001223600   -0.0005377800
  -0.0004901700    0.0000481100   -0.0002363200
   0.0000780800   -0.0001424600   -0.0005676800
   0.0002909100    0.0003976000   -0.0002336300
   0.0005371700    0.0004360000   -0.0004042900
  -0.0001805100   -0.0002716400    0.0003102700
   0.0000342000   -0.0000094200    0.0019573500
   0.0000105200    0.0000120800   -0.0033183700
  -0.0000720500   -0.0007530900   -0.0007073800
   0.0009566300   -0.0000609300   -0.0004389800
   0.0000863800    0.0000290900    0.0006842300
   0.0008121800   -0.0010559900   -0.0004145100
  -0.0000632000    0.0000494700    0.0007144600
   0.0005014900    0.0012397100   -0.0004122600
  -0.0005377200    0.0005424800   -0.0000005600
  -0.0005383700   -0.0007986600   -0.0003855400
  -0.0006701000    0.0002725700   -0.0004065900
   0.0003391700   -0.0000168000    0.0003181600
   0.0009910000    0.0001477400   -0.0005665000
  -0.0006246000   -0.0000569700    0.0000487400
   0.0002105200   -0.0005839300    0.0004295200
  -0.0011398200   -0.0006917000    0.0001619500
  -0.0000036400   -0.0001150800    0.0006698400
  -0.0001171900    0.0001060800    0.0006304300
   0.0005207900   -0.0001625700   -0.0000500200
   0.0001906400   -0.0013337700   -0.0010997000
   0.0003136400    0.0003306900   -0.0007239800
   0.0007796300    0.0004940100    0.0002806400
  -0.0009769800   -0.0010083200   -0.0013146600
   0.0002683200   -0.0002652900    0.0009235200
  -0.0001333300    0.0001053600   -0.0006301600
   0.0002019500   -0.0004509900   -0.0002513500
  -0.0004269400   -0.0009959500   -0.0006302200
   0.0000974500    0.0003637800    0.0009235100
  -0.0000196100    0.0013514000    0.0001724600
   0.0002668800    0.0005748400    0.0000581600
   0.0007302100    0.0002841600   -0.0001482900
  -0.0004192500    0.0008714400   -0.0004188700
  -0.0001032000   -0.0008777500    0.0000975500
  -0.0001426100    0.0002900100    0.0003524300
   0.0011618500   -0.0003296900    0.0003065900
   0.0003633500   -0.0005188600    0.0000569900
  -0.0013178800   -0.0001773100   -0.0004045600
  -0.0002648000   -0.0001468600    0.0000617300

7    
  0.0045857463603687   0.0034040338657640   0.0082087443472859
  -0.0003702600    0.0001680400   -0.0000070200
  -0.0003381800   -0.0001882400    0.0003863700
  -0.0024618000    0.0063352500   -0.0063155300
  -0.0003398400    0.0088618900   -0.0064116500
  -0.0001608400    0.0001219700   -0.0002610900
  -0.0000790900    0.0001777200    0.0004696400
  -0.1113840400   -0.0825751200   -0.2142694200
   0.0080761200   -0.0040303200   -0.0067787400
   0.0065413300   -0.0002924000   -0.0068124300
   0.0001906400    0.0002207400   -0.0002648900
   0.0004217200    0.0001309600    0.0002095000
  -0.0000115600    0.0004027000    0.0003912900
   0.0001624500    0.0000857300   -0.0002251700
   0.0005089400    0.0004157100    0.0001568000
  -0.0002094200    0.0000973000    0.0000738100
   0.0004464300    0.0005184900    0.0005486700
  -0.0000086800   -0.0000335500   -0.0001373400
  -0.0000679200   -0.0005031400    0.0007582400
   0.0010595200    0.0001192200    0.0005650100
   0.0000071600   -0.0002029200   -0.0002483600
   0.0004246800    0.0006804300    0.0007370700
   0.0001004400   -0.0000804400    0.0007929300
   0.0049941200   -0.0031338300   -0.0064562300
   0.0000880500   -0.0002446700   -0.0003021100
   0.0002151100   -0.0000281100    0.0004346700
   0.0014456800    0.0057935900   -0.0066131900
  -0.0000238600    0.0000723300   -0.0001735300
  -0.0004430200    0.0002088300    0.0005337900
   0.0000703300   -0.0004087700   -0.0001564200
   0.0008950600   -0.0000625400    0.0001721600
   0.0003220400   -0.0002105800    0.0004089600
   0.0000010500   -0.0000052400    0.0004275100
  -0.0007322600   -0.0001470400    0.0001741300
   0.0002081200    0.0002165700   -0.0002115200
   0.0004630900    0.0008120500    0.0001196700
  -0.0002779100    0.0000514500   -0.0002099300
  -0.0000778300   -0.0001452200    0.0004733500
   0.0001465000    0.0000066700   -0.0001876300
  -0.0000361600   -0.0003478100    0.0005276600
  -0.0000980100    0.0007262700   -0.0001720100
  -0.0001258000   -0.0000395000   -0.0003302800
   0.0003759900   -0.0002971900    0.0000268100
   0.0000735500    0.0004785100    0.0000282600
   0.0000002800    0.0000006200   -0.0030088400
  -0.0003928200   -0.0006582600    0.0002653500
   0.0000054300    0.0000019900    0.0022197700
  -0.0026322900   -0.0013609800    0.0027241400
   0.0001202100    0.0002891100    0.0007308600
   0.0000938300   -0.0000599900   -0.0003271300
  -0.0004146100    0.0000135900    0.0012189000
   0.0010354200    0.0001523900   -0.0003291000
   0.0005836200    0.0012040400   -0.0001837100
   0.0002435000   -0.0002537100    0.0006307600
   0.0007580000   -0.0011012900   -0.0002013700
  -0.0003630100   -0.0000028400    0.0005411900
  -0.0006218200   -0.0000763400    0.0003451000
  -0.0006833000    0.0006865300   -0.0001453600
  -0.0011415800    0.0003338500    0.0005835100
  -0.0005780600   -0.0004539100   -0.0001840400
   0.0009357900    0.0002497500   -0.0001479000
  -0.0003530100    0.0006615100    0.0002354000
   0.0002451900    0.0005830900    0.0003432800
   0.0000212500    0.0001417900   -0.0003283600
   0.0002048800   -0.0003665400    0.0012177300
  -0.0006666300    0.0008108200   -0.0003165300
  -0.0013226100   -0.0000941600   -0.0001637200
   0.0003263800    0.0001456100    0.0005281800
   0.0008980800    0.0008599400    0.0006534300
  -0.0024908600    0.0034736200    0.0013856000
   0.0002801900   -0.0011770100    0.0006951900
   0.0490797500    0.0294804800    0.0557752900
  -0.0011038500    0.0009222300    0.0189724100
   0.0074559400   -0.0109894900    0.0256486700
   0.0076205100    0.0448828900    0.0479604900
   0.0008721300    0.0000068200    0.0003737800
   0.0006224400    0.0000754100    0.0010304600
   0.0000214000    0.0000195900    0.0019060100
   0.0000346500    0.0000217000   -0.0033546600
  -0.0000827500   -0.0006257900   -0.0000791000
   0.0007884200   -0.0000237600   -0.0003889700
   0.0001393000   -0.0000825500    0.0005286200
   0.0007895800   -0.0008808600   -0.0004262700
   0.0000781600    0.0000713500    0.0006193200
   0.0004339500    0.0010763600   -0.0005093200
  -0.0007353100    0.0003895800    0.0000880300
  -0.0006195800   -0.0006832500   -0.0005215900
   0.0002245600    0.0000482800    0.0004685100
   0.0001972700   -0.0003476700    0.0010142200
   0.0020575100   -0.0029102600    0.0013382300
  -0.0010493500    0.0000447000    0.0007503700
   0.0003865500   -0.0004958000    0.0003339600
  -0.0009649000    0.0001847100    0.0010564800
  -0.0001727800   -0.0000888800    0.0006639400
  -0.0002809500    0.0002086200    0.0005251400
   0.0006968000   -0.0002729400   -0.0001718800
  -0.0002446700   -0.0009339700   -0.0001360900
   0.0007619000   -0.0000431900    0.0003280800
   0.0002212000    0.0003620500    0.0012176000
  -0.0004015800   -0.0009980000   -0.0003488900
  -0.0016189800   -0.0014029000    0.0026477400
  -0.0102463100    0.0157565800    0.0293279700
   0.0383764200   -0.0125128700    0.0444570100
  -0.0008850100   -0.0015990900    0.0009988200
   0.0027340500    0.0016019400    0.0031196800
   0.0000240200    0.0010945900    0.0009302400
  -0.0000551800    0.0011730200    0.0007976600
   0.0006549900    0.0002435800   -0.0001602100
  -0.0003388200    0.0006682000   -0.0003329200
   0.0000199000   -0.0003466000    0.0003546800
   0.0002872800   -0.0001931400    0.0010461300
   0.0008383400   -0.0001528300    0.0009905400
   0.0009459600   -0.0000420800    0.0008099300
  -0.0011988700   -0.0002569200   -0.0005304900
  -0.0004471900   -0.0001788600    0.0000262100

7    
 -0.0045857463603687  -0.0034040338657640  -0.0082087443472859
  -0.0005417200   -0.0000863200   -0.0002556500
  -0.0003404700   -0.0001762200    0.0003410600
   0.0021850200   -0.0064575300    0.0052698700
   0.0005555500   -0.0092375300    0.0051063800
  -0.0001739700    0.0001132700   -0.0003196600
  -0.0000835300    0.0003051000    0.0004449600
   0.1104445000    0.0820992600    0.2137246900
  -0.0080244300    0.0038204100    0.0053656800
  -0.0066942900    0.0003921400    0.0055635400
   0.0001078700    0.0000292500   -0.0003808300
   0.0002649900   -0.0007436300   -0.0009392200
   0.0000406900    0.0003732600    0.0003340700
   0.0002177000    0.0001041700   -0.0003558300
  -0.0003064200    0.0004915700   -0.0009065800
   0.0001486000   -0.0000362300   -0.0005748300
  -0.0004502000   -0.0010964500   -0.0000940800
  -0.0000334800   -0.0000576300    0.0000833400
   0.0002905400   -0.0002132500   -0.0003589300
  -0.0005559100    0.0001720000   -0.0001114100
  -0.0000301600   -0.0002112200   -0.0003322400
   0.0000823600   -0.0001314200   -0.0003466200
  -0.0008211600    0.0002454100   -0.0003812300
  -0.0048722100    0.0034236200    0.0052987500
  -0.0000234500   -0.0001362100   -0.0003449500
   0.0002872800   -0.0000708900    0.0004750900
  -0.0012484800   -0.0054223400    0.0054269900
  -0.0000262600    0.0000204500    0.0001202900
  -0.0000546500    0.0000861200   -0.0000801200
   0.0003261500   -0.0004223000   -0.0001117100
  -0.0007968500    0.0000861800   -0.0006432400
   0.0003372800   -0.0001943900    0.0003173300
   0.0000044100    0.0000086400    0.0002794000
  -0.0001519900   -0.0001318600   -0.0009180400
   0.0003219700    0.0005387800   -0.0000570200
  -0.0004765100   -0.0008886200   -0.0005956200
  -0.0000861800    0.0000833200   -0.0004350000
  -0.0002477500   -0.0002310100    0.0004390200
  -0.0000380100    0.0000036100    0.0001330400
  -0.0000415100   -0.0003472900    0.0005286400
  -0.0000843700    0.0007462600   -0.0000932400
  -0.0000772400   -0.0000579400   -0.0002668800
   0.0003830600   -0.0002945400    0.0000574600
   0.0000652400    0.0004819300    0.0000544400
  -0.0000002600    0.0000005600   -0.0029789000
  -0.0003528500   -0.0006117400    0.0002164900
  -0.0000039800   -0.0000004100    0.0022455300
   0.0018765100    0.0011412400   -0.0008826200
  -0.0001351700   -0.0000403600    0.0011380500
   0.0000999900   -0.0000661600   -0.0002691500
  -0.0003902000    0.0000083200    0.0012142100
   0.0010487200    0.0001159700   -0.0003237800
   0.0005785400    0.0011959500   -0.0001209400
  -0.0000189100    0.0001463200    0.0012309300
   0.0007400400   -0.0010987500   -0.0001039300
   0.0001588300   -0.0001288700    0.0013198800
  -0.0006259500   -0.0000758000    0.0003085400
  -0.0006710800    0.0006832800   -0.0001466500
  -0.0013558900    0.0004481700    0.0002551200
  -0.0005944500   -0.0004390000   -0.0000879900
   0.0009277900    0.0002459200   -0.0001431300
  -0.0003745300    0.0006272000    0.0002432700
   0.0002497000    0.0005835800    0.0003152700
  -0.0000055000    0.0000928900   -0.0002692800
   0.0001892100   -0.0003434500    0.0012213400
  -0.0005964100    0.0008599300   -0.0003403200
  -0.0013288700   -0.0000990000   -0.0001392300
   0.0003254800    0.0001358000    0.0005346100
   0.0010321300    0.0009189300    0.0001814200
   0.0013116300   -0.0017146900   -0.0026045000
   0.0002952700   -0.0013746900    0.0001411400
  -0.0468495500   -0.0280540300   -0.0549112900
   0.0000297300   -0.0008714900   -0.0195034400
  -0.0073474100    0.0105677600   -0.0265824300
  -0.0070341200   -0.0458153600   -0.0498823100
   0.0002014300    0.0008976700   -0.0012093500
  -0.0009703400   -0.0006363700   -0.0004187100
  -0.0000209300   -0.0000137900    0.0019711700
  -0.0000316700   -0.0000187000   -0.0032749400
  -0.0003182300   -0.0008469500    0.0000450700
   0.0011353000   -0.0001163700   -0.0004124300
  -0.0000058300    0.0002059400    0.0008269300
   0.0008552300   -0.0012199600   -0.0004047500
  -0.0002413200   -0.0000156700    0.0007394000
   0.0005724200    0.0014015800   -0.0003175300
  -0.0003376000    0.0007067100   -0.0001185700
  -0.0004570100   -0.0009100900   -0.0002782900
  -0.0015029300    0.0004539500   -0.0012926000
   0.0004415200    0.0003073100   -0.0004005400
   0.0000689000    0.0030993100   -0.0025521900
  -0.0002236300   -0.0001732500   -0.0006741900
   0.0003751400   -0.0005033800    0.0003212300
  -0.0013010900   -0.0015518100   -0.0007413300
   0.0002220300   -0.0000802800    0.0006953000
  -0.0002775100    0.0002123400    0.0005380300
   0.0006749600   -0.0002981900   -0.0000989800
  -0.0002503000   -0.0009191200   -0.0001552200
   0.0007245000    0.0000361400    0.0001548500
   0.0002061600    0.0003317300    0.0012254400
  -0.0004020600   -0.0009327200   -0.0003117800
   0.0021174000    0.0008539400   -0.0008026300
   0.0096639600   -0.0155600300   -0.0301314600
  -0.0392069900    0.0123257300   -0.0461154300
   0.0000183600   -0.0002813600   -0.0022042500
  -0.0025755000   -0.0008982400   -0.0012712500
  -0.0000620600    0.0015861300   -0.0006534200
   0.0005628000   -0.0000216300   -0.0007429700
   0.0008359200    0.0001492800    0.0001292100
  -0.0004924600    0.0010694700   -0.0004745800
   0.0002168300   -0.0010118300   -0.0012235200
  -0.0005840000    0.0007550400   -0.0004567200
   0.0015207100   -0.0011406100   -0.0006820900
  -0.0002227600   -0.0009732900   -0.0007220900
  -0.0014456400   -0.0001072000   -0.0002962700
  -0.0004441600   -0.0001793500    0.0000544600

8    
  0.0080295506854697   0.0059603956067927   0.0000000000000000
  -0.0003930100    0.0000146600   -0.0002442300
  -0.0003198300   -0.0002076600    0.0003457800
   0.0122990100   -0.0004266400   -0.0006105000
   0.0083689700   -0.0058968500   -0.0002863000
  -0.0001533500    0.0001063700   -0.0002949600
  -0.0000680200    0.0002423000    0.0004145200
   0.0021308000    0.0102433900   -0.0002706300
  -0.1965645100   -0.1460726100   -0.0004149300
  -0.0004594600    0.0000184600   -0.0006729800
   0.0001574400    0.0000438200   -0.0004566800
   0.0000795100   -0.0002013200   -0.0004388600
   0.0000240900    0.0003853400    0.0003675800
   0.0002290600    0.0001488700   -0.0002397900
   0.0141420500   -0.0060081300   -0.0003798700
  -0.0002646900    0.0160791100   -0.0000409700
  -0.0040916900    0.0103679100    0.0002706400
  -0.0000767700   -0.0000077800   -0.0001247000
   0.0015950800   -0.0005366400    0.0002550900
  -0.0001796000    0.0000686200    0.0002192000
  -0.0000102400   -0.0002340900   -0.0002712000
   0.0016920000    0.0001451600    0.0002113200
  -0.0006756700   -0.0001495400    0.0001896500
   0.0007886000    0.0016579000   -0.0006312100
   0.0000040300   -0.0002164100   -0.0002990300
   0.0002252500   -0.0000728300    0.0004569100
   0.0007883500   -0.0001275600   -0.0005622700
  -0.0000301000    0.0001258000   -0.0000947700
   0.0000179900    0.0008454900    0.0001858500
   0.0001908800   -0.0005044900    0.0000649400
   0.0002213600    0.0009199000   -0.0002339900
   0.0003581800   -0.0002234300    0.0003609100
   0.0000162700   -0.0000028800    0.0003423900
   0.0002140000   -0.0002438300   -0.0003924900
   0.0002838800    0.0003807000   -0.0001233200
   0.0007413000    0.0013917100   -0.0002593400
  -0.0001796900    0.0000730700   -0.0003482300
  -0.0001529300   -0.0001964800    0.0004825400
   0.0000343200    0.0000323200   -0.0000289600
  -0.0000404600   -0.0003574200    0.0005166600
  -0.0000778400    0.0007373200   -0.0002537400
  -0.0000921300    0.0000070600   -0.0002360100
   0.0003830400   -0.0003011100    0.0000313400
   0.0000754400    0.0004725700    0.0000413700
   0.0000045300   -0.0000027100   -0.0029972900
  -0.0003428400   -0.0006200700    0.0001438300
  -0.0000058000   -0.0000242100    0.0022244300
  -0.0004089100    0.0000157900    0.0009573000
  -0.0000012800    0.0001145400    0.0009182500
   0.0000730700   -0.0000611600   -0.0003065200
  -0.0004017300    0.0000014000    0.0012113700
   0.0010465600    0.0001711800   -0.0003044300
   0.0005873600    0.0011964100   -0.0001775800
   0.0000882200   -0.0000709600    0.0010279100
   0.0007572300   -0.0011068500   -0.0001480900
  -0.0000956400   -0.0001075600    0.0009761500
  -0.0006215900   -0.0000840200    0.0003181200
  -0.0006755100    0.0006794000   -0.0001499900
  -0.0012662000    0.0003841700    0.0003922700
  -0.0005876600   -0.0004431500   -0.0001366200
   0.0009374900    0.0002457800   -0.0001453500
  -0.0003961100    0.0006219100    0.0002352000
   0.0002545300    0.0005775400    0.0003219900
  -0.0000092200    0.0000811200   -0.0003028000
   0.0002040900   -0.0003510800    0.0012430300
  -0.0006235300    0.0007480100   -0.0002336000
  -0.0013159600   -0.0001035900   -0.0001610400
   0.0003256100    0.0001289400    0.0005262500
   0.0010769600    0.0009231500    0.0003995900
  -0.0008358400    0.0017552300   -0.0004999700
   0.0003162000   -0.0012796500    0.0004390100
   0.0006947400   -0.0004254000   -0.0004539700
   0.0001783200   -0.0005456800   -0.0002535800
  -0.0011263000   -0.0037439800   -0.0004709500
  -0.0009742800   -0.0033031600   -0.0004882800
   0.0003523000    0.0008007700   -0.0005431800
  -0.0003219200    0.0000753600    0.0003322700
  -0.0000008800   -0.0001209400    0.0017527000
  -0.0000208000   -0.0001490700   -0.0031661700
   0.0001770500   -0.0008708000   -0.0000866800
   0.0013137300   -0.0001645200   -0.0003447300
   0.0002873500    0.0008250700    0.0006808700
   0.0010801900   -0.0002748300   -0.0003877800
  -0.0001407300   -0.0000646100    0.0007725200
   0.0004496800    0.0011628000   -0.0004927600
   0.0003735600    0.0005545500   -0.0000956100
   0.0004026100   -0.0008857400   -0.0003976800
  -0.0006080900    0.0002582800   -0.0004271400
   0.0003896300    0.0000106300    0.0002948700
   0.0010045600    0.0002326300   -0.0006642800
  -0.0008655600   -0.0001079600   -0.0001500500
   0.0003823300   -0.0005108300    0.0003198700
  -0.0013875500   -0.0007334200    0.0003741200
   0.0019753700    0.0004882000    0.0001260900
  -0.0002771500    0.0002013700    0.0005181000
   0.0007210200   -0.0003072700   -0.0001760400
  -0.0002493500   -0.0009343400   -0.0001515300
   0.0007577700   -0.0000117400    0.0002252600
   0.0002166000    0.0003392900    0.0012161500
  -0.0003875800   -0.0009916200   -0.0003429700
  -0.0000370500    0.0006493700    0.0008343700
   0.0428018500    0.0270051900    0.0327333200
   0.0436189300    0.0266005900   -0.0337835500
   0.0124843300    0.0289080500   -0.0198991800
   0.0130735300    0.0298086600    0.0201874700
   0.0000309200    0.0013550100    0.0000258700
   0.0002921400    0.0005936800    0.0001475900
   0.0008213200    0.0000543400    0.0000107000
  -0.0003407400    0.0007781300   -0.0004467000
  -0.0031611300    0.0005081200   -0.0002075300
  -0.0034957600    0.0014712100   -0.0000428500
   0.0252472500    0.0025872900   -0.0122209600
   0.0247849400    0.0027870900    0.0127583900
   0.0006095600    0.0003693100    0.0000305300
  -0.0004416300   -0.0001887600    0.0000349500

8    
 -0.0080295506854697  -0.0059603956067927   0.0000000000000000
  -0.0005175000    0.0000460500   -0.0000336500
  -0.0003561900   -0.0001740800    0.0003738300
  -0.0120437500    0.0005341500   -0.0005774100
  -0.0080503200    0.0057615200   -0.0009025900
  -0.0001779700    0.0001116300   -0.0002929100
  -0.0000915900    0.0002259400    0.0004926200
  -0.0016870200   -0.0100408200    0.0002266400
   0.1944373500    0.1470140100   -0.0005478800
   0.0001257100   -0.0001933000   -0.0006133100
   0.0001431300    0.0001867800   -0.0001967000
   0.0006155300   -0.0004290500   -0.0003120100
   0.0000087800    0.0003736400    0.0003519400
   0.0001549700    0.0000235700   -0.0003474500
  -0.0143036500    0.0070611700   -0.0003676000
   0.0001354500   -0.0166102200   -0.0004517900
   0.0040811000   -0.0110056600    0.0001758700
   0.0000349600   -0.0001024800    0.0000622100
  -0.0013441000   -0.0002200900    0.0001372000
   0.0006804400    0.0001887800    0.0002255800
  -0.0000098400   -0.0001986800   -0.0003149400
  -0.0012013300    0.0003921300    0.0001815200
  -0.0000586500    0.0002952400    0.0002028600
  -0.0007827400   -0.0012773200   -0.0006548500
   0.0000629900   -0.0001837700   -0.0003545200
   0.0002797600   -0.0000435200    0.0004478000
  -0.0008329700    0.0004681100   -0.0006269200
  -0.0000168400   -0.0000495200    0.0000351200
  -0.0005256300   -0.0005946700    0.0002592900
   0.0002114900   -0.0003434000   -0.0003378800
  -0.0001169500   -0.0008671500   -0.0002568400
   0.0003048000   -0.0001992600    0.0003580400
  -0.0000080700   -0.0000112200    0.0003579300
  -0.0011065900   -0.0000478700   -0.0003560400
   0.0002536900    0.0003606200   -0.0001528400
  -0.0007587700   -0.0015045800   -0.0002317600
  -0.0001810900    0.0000451700   -0.0003045200
  -0.0001710300   -0.0001973500    0.0004235900
   0.0000753200   -0.0000404700   -0.0000302400
  -0.0000345300   -0.0003546300    0.0005299400
  -0.0001026500    0.0007173800   -0.0000188500
  -0.0001078400   -0.0001204000   -0.0003729000
   0.0003786900   -0.0003089100    0.0000444500
   0.0000663100    0.0004711400    0.0000333800
  -0.0000015000   -0.0000140500   -0.0029995600
  -0.0004002000   -0.0006675000    0.0003301800
   0.0000097500    0.0000078800    0.0022333000
  -0.0003114000   -0.0002226500    0.0008815900
  -0.0000120200    0.0001164900    0.0009446000
   0.0001239400   -0.0000828100   -0.0002979200
  -0.0004003100    0.0000023300    0.0012113200
   0.0010402600    0.0000794200   -0.0003548200
   0.0005778000    0.0011865800   -0.0001363900
   0.0001402500   -0.0000519500    0.0008309900
   0.0007439500   -0.0011105300   -0.0001647100
  -0.0001041900   -0.0000476600    0.0008875200
  -0.0006231200   -0.0000857600    0.0003268800
  -0.0006757000    0.0006733100   -0.0001515300
  -0.0012273200    0.0003787000    0.0004401300
  -0.0005814900   -0.0004671900   -0.0001420500
   0.0009295900    0.0002320000   -0.0001559200
  -0.0003273800    0.0006497900    0.0002366800
   0.0002436500    0.0005722000    0.0003275300
   0.0000278700    0.0001361800   -0.0003036500
   0.0001937400   -0.0003764900    0.0011870600
  -0.0006341700    0.0009048200   -0.0004358700
  -0.0013329400   -0.0001071400   -0.0001516200
   0.0003292100    0.0001341800    0.0005273200
   0.0008528800    0.0008409800    0.0004269700
  -0.0003557400   -0.0000329100   -0.0007179400
   0.0002654100   -0.0012863700    0.0003924500
  -0.0005347000    0.0006286600   -0.0006975400
  -0.0011464300    0.0006319100   -0.0002464700
   0.0012149300    0.0034729500   -0.0006800800
   0.0015238800    0.0040675700   -0.0000127200
   0.0007141600    0.0000686400   -0.0003334200
  -0.0000298400   -0.0006311900    0.0002907400
   0.0000055600    0.0001070300    0.0021164300
   0.0000250600    0.0001349500   -0.0034712600
  -0.0005711300   -0.0006265300    0.0000146700
   0.0006182600    0.0000045000   -0.0004360700
  -0.0001583200   -0.0007215200    0.0006499500
   0.0005605700   -0.0018474900   -0.0004305900
  -0.0000209200    0.0001015400    0.0005752800
   0.0005629100    0.0012986200   -0.0003402900
  -0.0014510200    0.0005149000    0.0000410900
  -0.0014832200   -0.0007312600   -0.0003994400
  -0.0006719300    0.0002097000   -0.0004276800
   0.0002732900   -0.0000556100    0.0003087100
   0.0010979300   -0.0000697200   -0.0005567000
  -0.0003803600   -0.0000279100    0.0002173900
   0.0003822900   -0.0005055300    0.0003260000
  -0.0008923400   -0.0006550700   -0.0000817300
  -0.0019339700   -0.0006649800    0.0012480500
  -0.0002780200    0.0002017500    0.0005362000
   0.0006539000   -0.0002816100   -0.0001034400
  -0.0002425900   -0.0009363500   -0.0001505700
   0.0007319100   -0.0000127200    0.0002500100
   0.0002138000    0.0003372100    0.0012178000
  -0.0004122000   -0.0009567800   -0.0003259000
   0.0005795600   -0.0011866900    0.0010012500
  -0.0419428300   -0.0263519500   -0.0325941600
  -0.0420741900   -0.0268635700    0.0319915300
  -0.0133775700   -0.0315018400    0.0192639400
  -0.0128749900   -0.0297598700   -0.0189281000
  -0.0000680700    0.0012956100    0.0002626900
   0.0002369200    0.0005343300   -0.0000765000
   0.0006737000    0.0003225900   -0.0000498900
  -0.0004865100    0.0009445100   -0.0003641300
   0.0033564300   -0.0018987000   -0.0006326300
   0.0031638800   -0.0009203000    0.0006312400
  -0.0233336000   -0.0036615800    0.0128825500
  -0.0244758200   -0.0035954500   -0.0130686800
  -0.0032549700   -0.0007460500   -0.0008905700
  -0.0004471500   -0.0001871400    0.0000371300

8    
 -0.0011470786693528   0.0099339926779878   0.0000000000000000
  -0.0004610600    0.0000278000   -0.0001860600
  -0.0003332100   -0.0002283900    0.0003158800
   0.0131742000    0.0094815900   -0.0004906400
   0.0069373500    0.0090725600   -0.0001516900
  -0.0001695600    0.0001556600   -0.0002886800
  -0.0001199500    0.0003388500    0.0004464800
  -0.0114473500    0.0018565300   -0.0002769500
   0.0257856200   -0.2402030500   -0.0001925000
  -0.0010550500    0.0013340600   -0.0006541300
   0.0001346500   -0.0001080900   -0.0002907300
  -0.0005216900    0.0011166400   -0.0003673900
   0.0000208500    0.0003578400    0.0003213400
   0.0002537900    0.0001919600   -0.0001723600
   0.0092255100    0.0046956100   -0.0006082300
  -0.0075857500    0.0068707400    0.0000590200
  -0.0139701700    0.0071489000    0.0001892800
  -0.0000971600    0.0000294700   -0.0001690700
  -0.0001204200   -0.0005640000    0.0002559100
  -0.0003486400    0.0006631500    0.0001781300
  -0.0000011000   -0.0002295600   -0.0002933100
   0.0000218600    0.0000843600    0.0001996200
  -0.0007929100    0.0006490700    0.0002178000
   0.0008461900    0.0013520500   -0.0006829100
   0.0000005100   -0.0001859000   -0.0003210000
   0.0002326500   -0.0000842500    0.0004442500
   0.0000185900   -0.0001987800   -0.0006025900
  -0.0000143300    0.0000965700   -0.0000313000
   0.0004088300    0.0007110600    0.0001532500
   0.0002995600   -0.0005465100   -0.0001824000
   0.0004732000    0.0005454500   -0.0002265900
   0.0003430000   -0.0002358300    0.0003704800
  -0.0000101500   -0.0000149600    0.0002467800
  -0.0005842600   -0.0005542400   -0.0003574800
   0.0002325000    0.0004001300   -0.0000907100
   0.0007749100    0.0011078900   -0.0002678700
  -0.0001606200    0.0000698200   -0.0003261800
  -0.0001497300   -0.0002173500    0.0004798500
   0.0000691400    0.0000091800   -0.0000019500
  -0.0000386500   -0.0003554700    0.0005192600
  -0.0000296600    0.0007238900   -0.0001551400
  -0.0000570000   -0.0000200700   -0.0001781700
   0.0003766600   -0.0002992300    0.0000374100
   0.0000738800    0.0004765600    0.0000281500
   0.0000031700   -0.0000042600   -0.0029934600
  -0.0003646900   -0.0006445200    0.0001421900
   0.0000075900   -0.0000101200    0.0022247400
  -0.0002398200   -0.0001894900    0.0007602600
   0.0000483800    0.0001039400    0.0010374900
   0.0000600700   -0.0000659900   -0.0002948400
  -0.0003976600    0.0000018700    0.0012132500
   0.0010188600    0.0001328800   -0.0003063200
   0.0005811900    0.0011922500   -0.0001578900
   0.0001391300   -0.0000330900    0.0009741000
   0.0007607800   -0.0011061800   -0.0001500300
  -0.0000827900   -0.0001005800    0.0009603700
  -0.0006175400   -0.0000847300    0.0003148500
  -0.0006719000    0.0006812700   -0.0001517900
  -0.0012483700    0.0003758500    0.0004070800
  -0.0005849600   -0.0004527500   -0.0001297500
   0.0009380100    0.0002435200   -0.0001529300
  -0.0003536700    0.0006161700    0.0001688900
   0.0002502900    0.0005872200    0.0002899700
   0.0000400800    0.0000672500   -0.0003076600
   0.0002054200   -0.0003543900    0.0012531200
  -0.0007238800    0.0007151900   -0.0001931000
  -0.0013224100   -0.0000975200   -0.0001393100
   0.0003281400    0.0001327200    0.0005310600
   0.0009682200    0.0009320500    0.0001786300
  -0.0010585800    0.0014216300   -0.0006241800
   0.0003093900   -0.0012707700    0.0004050400
   0.0003441200    0.0003380400   -0.0005136600
  -0.0002210400    0.0003255400   -0.0002491500
  -0.0025654800   -0.0023013700   -0.0008805500
  -0.0023904600   -0.0018560700    0.0000352300
  -0.0003957400    0.0006957100   -0.0005307800
  -0.0011340500   -0.0001216900    0.0002775200
  -0.0000931100   -0.0002458400    0.0017088700
  -0.0000844600   -0.0002372100   -0.0031346700
   0.0002852600   -0.0000036600   -0.0000428700
   0.0015312500    0.0006574700   -0.0004440300
  -0.0003574800    0.0001153600    0.0007321700
   0.0004375300   -0.0009926500   -0.0004727500
  -0.0000665400    0.0000561800    0.0007929100
   0.0004911400    0.0012623500   -0.0005354400
   0.0002763200    0.0009011200   -0.0001378700
   0.0003030600   -0.0005302900   -0.0003493800
  -0.0006488200    0.0002729400   -0.0004302100
   0.0003360100    0.0000481000    0.0003000300
   0.0011573400    0.0000222700   -0.0004322100
  -0.0007394300   -0.0000517900   -0.0000131600
   0.0003831300   -0.0005102200    0.0003165200
  -0.0012981900   -0.0006688400    0.0001922500
   0.0025926400   -0.0029411300    0.0004629500
  -0.0002703600    0.0001971900    0.0005129000
   0.0007191000   -0.0002652900   -0.0002170100
  -0.0002427600   -0.0009337400   -0.0001528400
   0.0007527300   -0.0000083000    0.0002281000
   0.0002202700    0.0003393500    0.0012109900
  -0.0004070900   -0.0009765700   -0.0003279800
  -0.0002899300    0.0003563300    0.0009015000
   0.0098878200    0.0233080200    0.0128532100
   0.0103856700    0.0225789100   -0.0135118500
  -0.0022992600    0.0486966400   -0.0326956000
  -0.0020500900    0.0497475500    0.0330337000
   0.0001280100    0.0013285900    0.0001136400
   0.0003755400    0.0005741100    0.0000666000
   0.0007772800    0.0000841000   -0.0001258200
  -0.0003812900    0.0007790400   -0.0003304200
   0.0006697800    0.0013365800    0.0000613600
   0.0003179000    0.0022683300   -0.0002130500
  -0.0181006600    0.0256073800    0.0193894600
  -0.0188388800    0.0257062700   -0.0193826000
   0.0013119100   -0.0030766200   -0.0002583600
  -0.0004361700   -0.0001933500    0.0000356600

8    
  0.0011470786693528  -0.0099339926779878   0.0000000000000000
  -0.0004538000    0.0000310400   -0.0000910100
  -0.0003448800   -0.0001565200    0.0004019600
  -0.0130955200   -0.0094944400   -0.0006937200
  -0.0065274900   -0.0098139100   -0.0010394100
  -0.0001631200    0.0000599800   -0.0003001300
  -0.0000424000    0.0001251500    0.0004608200
   0.0114234100   -0.0018487000    0.0002347400
  -0.0258032300    0.2436259200   -0.0006284800
   0.0007328500   -0.0014917600   -0.0006349000
   0.0001655000    0.0003396900   -0.0003638000
   0.0012434800   -0.0017484200   -0.0003841300
   0.0000100800    0.0003979400    0.0003972800
   0.0001261200   -0.0000249600   -0.0004185700
  -0.0089985900   -0.0037733400   -0.0001407900
   0.0074900300   -0.0073276100   -0.0005560600
   0.0135213200   -0.0074184300    0.0002530200
   0.0000575400   -0.0001427800    0.0001085800
   0.0003481000   -0.0001766600    0.0001341000
   0.0008840900   -0.0004181700    0.0002663400
  -0.0000184500   -0.0002054300   -0.0002947300
   0.0004878700    0.0004643800    0.0001916600
   0.0000556800   -0.0004792100    0.0001729700
  -0.0008548700   -0.0010101900   -0.0006051200
   0.0000669900   -0.0002160900   -0.0003340600
   0.0002728500   -0.0000345300    0.0004592300
  -0.0000835300    0.0005540900   -0.0005881600
  -0.0000329900   -0.0000260900   -0.0000282600
  -0.0009201100   -0.0004572100    0.0002890800
   0.0001026300   -0.0003029500   -0.0000947800
  -0.0003665300   -0.0005126800   -0.0002650800
   0.0003178400   -0.0001897400    0.0003461000
   0.0000170900   -0.0000037300    0.0004512100
  -0.0002961200    0.0002734800   -0.0003938900
   0.0003031000    0.0003365900   -0.0001869900
  -0.0007728800   -0.0012006300   -0.0002253100
  -0.0002013600    0.0000452100   -0.0003278800
  -0.0001752000   -0.0001783500    0.0004250400
   0.0000398700   -0.0000220300   -0.0000583900
  -0.0000374400   -0.0003594500    0.0005273200
  -0.0001517300    0.0007280600   -0.0001210900
  -0.0001432600   -0.0000959500   -0.0004314100
   0.0003838200   -0.0003145300    0.0000376300
   0.0000669600    0.0004640800    0.0000465700
  -0.0000020800   -0.0000158800   -0.0030025900
  -0.0003780500   -0.0006460200    0.0003311000
  -0.0000054200   -0.0000100600    0.0022306500
  -0.0004817200   -0.0000225800    0.0010768300
  -0.0000629000    0.0001248600    0.0008232000
   0.0001352200   -0.0000816000   -0.0003111100
  -0.0004042500   -0.0000006200    0.0012101000
   0.0010677500    0.0001137700   -0.0003557200
   0.0005824600    0.0011873000   -0.0001543400
   0.0000887700   -0.0000929700    0.0008824900
   0.0007385300   -0.0011151000   -0.0001621500
  -0.0001191200   -0.0000579200    0.0009003700
  -0.0006288800   -0.0000878800    0.0003296200
  -0.0006796100    0.0006692500   -0.0001493900
  -0.0012468500    0.0003842700    0.0004241400
  -0.0005848700   -0.0004599500   -0.0001520300
   0.0009269900    0.0002305600   -0.0001471500
  -0.0003713300    0.0006514400    0.0002983100
   0.0002463600    0.0005591900    0.0003595500
  -0.0000242500    0.0001451400   -0.0002988700
   0.0001908400   -0.0003760500    0.0011762500
  -0.0005322900    0.0009348100   -0.0004774600
  -0.0013275500   -0.0001165100   -0.0001741400
   0.0003259000    0.0001284600    0.0005236100
   0.0009606200    0.0008300500    0.0006446000
  -0.0001339700    0.0002955000   -0.0006239000
   0.0002704900   -0.0012968800    0.0004232300
  -0.0001946900   -0.0001345500   -0.0006736500
  -0.0007593000   -0.0002379000   -0.0002204400
   0.0026920500    0.0020823800   -0.0002667300
   0.0029788300    0.0026749800   -0.0005442100
   0.0014725700    0.0001587700   -0.0003175900
   0.0007942400   -0.0004475300    0.0003125000
   0.0000940200    0.0002289700    0.0021610900
   0.0000849700    0.0002196800   -0.0035076400
  -0.0006842300   -0.0014823600   -0.0000127500
   0.0003944300   -0.0008050100   -0.0003579900
   0.0004949300   -0.0000110300    0.0005960300
   0.0012139000   -0.0011299500   -0.0003467000
  -0.0000981200   -0.0000242100    0.0005532800
   0.0005176600    0.0011937400   -0.0003004100
  -0.0013518400    0.0001689300    0.0001009400
  -0.0013840300   -0.0010853900   -0.0004687900
  -0.0006344000    0.0001906200   -0.0004254900
   0.0003228400   -0.0000976200    0.0003004000
   0.0009445400    0.0001351800   -0.0007912700
  -0.0005069000   -0.0000866700    0.0000767700
   0.0003808100   -0.0005078700    0.0003295900
  -0.0009814900   -0.0007217500    0.0000999200
  -0.0025398400    0.0027888300    0.0008959700
  -0.0002867700    0.0002035100    0.0005416000
   0.0006526600   -0.0003269200   -0.0000626300
  -0.0002497900   -0.0009401600   -0.0001487800
   0.0007362300   -0.0000195400    0.0002447900
   0.0002088200    0.0003340900    0.0012231400
  -0.0003942200   -0.0009745900   -0.0003429800
   0.0008317100   -0.0008992500    0.0009583600
  -0.0097356800   -0.0230553700   -0.0136338000
  -0.0095680600   -0.0232540300    0.0126400700
   0.0014191100   -0.0519403500    0.0327684600
   0.0022665500   -0.0503257200   -0.0324797300
  -0.0001681300    0.0013159200    0.0001756300
   0.0001507800    0.0005477700   -0.0000004700
   0.0007154700    0.0002879000    0.0000829200
  -0.0004482400    0.0009374200   -0.0004817700
  -0.0004287200   -0.0027103900   -0.0008908900
  -0.0006036100   -0.0017014300    0.0007865300
   0.0198598100   -0.0265619800   -0.0185091700
   0.0190075900   -0.0264041100    0.0188680000
  -0.0039471300    0.0027270400   -0.0005911700
  -0.0004538600   -0.0001857600    0.0000363500

8    
  0.0000000000000000   0.0000000000000000   0.0100000000000000
  -0.0005819400    0.0001250900   -0.0000722600
  -0.0003339700   -0.0001901700    0.0003939600
  -0.0000927500    0.0001385700   -0.0077732400
   0.0005481800   -0.0000595100   -0.0080427000
  -0.0001543300    0.0000609200   -0.0003679300
  -0.0001390500    0.0003206900    0.0002319600
   0.0002473400   -0.0003355300   -0.0073855500
  -0.0000235500    0.0005016200   -0.2617625200
  -0.0002102600   -0.0001037200   -0.0002392900
  -0.0000197400    0.0000611900   -0.0002347000
   0.0003321700   -0.0003041300    0.0000540000
   0.0000167100    0.0003347100    0.0003857200
   0.0002150100    0.0001246500   -0.0003525000
  -0.0000150100    0.0000972200   -0.0075312800
  -0.0002441700   -0.0000711100   -0.0070930200
   0.0000293500    0.0000792400   -0.0069717200
  -0.0000993600   -0.0001010600   -0.0001745300
   0.0001306900   -0.0003661100    0.0006760700
   0.0002262000    0.0001848800    0.0008937700
  -0.0000351300   -0.0002132500   -0.0002218300
   0.0002891000    0.0003020700    0.0006205500
  -0.0003699600    0.0000513700    0.0008731500
   0.0000335900    0.0001555400   -0.0002393400
   0.0000121800   -0.0002212800   -0.0002366800
   0.0002531900   -0.0000622500    0.0005275600
  -0.0000695000    0.0001658600    0.0000718700
   0.0000775000   -0.0000833900    0.0000519500
  -0.0002225400    0.0001433000    0.0009084700
   0.0004087800   -0.0002796800   -0.0000889500
   0.0000479400   -0.0000304300    0.0004155700
   0.0003367400   -0.0001731400    0.0003788200
   0.0000274300    0.0000831100    0.0004256700
  -0.0003880400   -0.0001109000    0.0002957700
   0.0002971500    0.0003658000   -0.0002406600
   0.0000327200   -0.0000902800    0.0001611600
  -0.0001675900    0.0000414300   -0.0003017400
  -0.0001967600   -0.0001779700    0.0004797000
   0.0000673000   -0.0000021700    0.0000266400
  -0.0000400400   -0.0003489200    0.0005381600
  -0.0000640200    0.0007909700   -0.0000401300
  -0.0001600300   -0.0002004700   -0.0001066000
   0.0003838300   -0.0003211500    0.0000325200
   0.0000683200    0.0004723800    0.0000463000
   0.0000019500   -0.0000045400   -0.0030022400
  -0.0003627400   -0.0006695200    0.0003066900
   0.0000067700   -0.0000110700    0.0021946300
  -0.0005411800   -0.0001220100    0.0009017300
  -0.0002089900    0.0002548900    0.0006660600
   0.0000878200   -0.0000783400   -0.0003256500
  -0.0004124200   -0.0000028000    0.0011952200
   0.0010695200    0.0001586300   -0.0003716000
   0.0005841400    0.0011986700   -0.0001236100
   0.0002393500    0.0000164000    0.0014772000
   0.0007533400   -0.0011183100   -0.0001593400
  -0.0001001700   -0.0001023700    0.0009348100
  -0.0006260400   -0.0000753700    0.0003140700
  -0.0006776800    0.0006750800   -0.0001476600
  -0.0012249200    0.0003617700    0.0004208200
  -0.0005933300   -0.0004620400   -0.0001581800
   0.0009138800    0.0002454000   -0.0001450800
  -0.0003851400    0.0006562900    0.0002536800
   0.0002446400    0.0005793700    0.0002660000
  -0.0000128900    0.0001130400   -0.0003403400
   0.0001967300   -0.0003658100    0.0012113300
  -0.0006367500    0.0010901700   -0.0003364300
  -0.0013250000   -0.0001101600   -0.0001828200
   0.0003250900    0.0001319700    0.0005114300
   0.0010344400    0.0007328600   -0.0001590900
  -0.0002472400    0.0012812700    0.0003479500
   0.0002989300   -0.0012503200    0.0003569100
   0.0006651900    0.0002093700    0.0004515300
  -0.0010637800    0.0000631800    0.0006579600
   0.0019977400   -0.0012700300    0.0016818500
  -0.0016061300    0.0014350700    0.0020806900
   0.0007083000   -0.0000918300    0.0005819400
  -0.0004731700    0.0002211400    0.0012099900
  -0.0001186600    0.0001299500    0.0018844200
   0.0001039800   -0.0001523300   -0.0033448300
  -0.0005653300   -0.0002988600    0.0010091100
   0.0012601400   -0.0005976300    0.0005197400
  -0.0005137300    0.0001646500    0.0016833000
   0.0013735300   -0.0010517100    0.0004830100
  -0.0002758900    0.0000631700    0.0005832400
   0.0006861100    0.0011889900   -0.0005076000
  -0.0007434900    0.0000382900    0.0009060500
  -0.0002339400   -0.0002843000    0.0004519800
  -0.0006392800    0.0002309600   -0.0004637000
   0.0003238500   -0.0000192800    0.0002489100
   0.0012320600    0.0001081600   -0.0006421500
  -0.0005508900    0.0001053600    0.0000083100
   0.0003767400   -0.0005098800    0.0003082100
  -0.0012096400   -0.0008561400    0.0001167300
  -0.0019817200   -0.0013072000    0.0028751600
  -0.0002822500    0.0002056100    0.0005231700
   0.0006608900   -0.0003256300   -0.0001141400
  -0.0002541700   -0.0009319900   -0.0001708400
   0.0007331100    0.0000033400    0.0002162800
   0.0002178800    0.0003385600    0.0012172200
  -0.0004282100   -0.0009539900   -0.0003826600
  -0.0000237100   -0.0007677100    0.0018110900
   0.0299965100    0.0175905500    0.0457184400
  -0.0298662600   -0.0175078300    0.0455673200
  -0.0002184100   -0.0365327700    0.0455115800
  -0.0001246300    0.0346121000    0.0465304100
   0.0000132800    0.0011437300    0.0000597900
   0.0002009600    0.0007454900   -0.0000599800
   0.0008884500    0.0003425700   -0.0001140200
  -0.0005597500    0.0007249100   -0.0004998200
   0.0000777400    0.0016259700    0.0018217000
  -0.0001908900   -0.0019137500    0.0025964200
  -0.0280689600    0.0165829600    0.0450946500
   0.0295370000   -0.0171509700    0.0451070300
   0.0005294300    0.0009581500    0.0018433900
  -0.0004457900   -0.0001855200    0.0000203800

8    
  0.0000000000000000   0.0000000000000000  -0.0100000000000000
  -0.0003341000   -0.0000588500   -0.0002038100
  -0.0003463600   -0.0001876300    0.0003280500
  -0.0001654200   -0.0001852300    0.0065868900
  -0.0000143200   -0.0001790500    0.0068643500
  -0.0001819600    0.0001609700   -0.0002186500
  -0.0000258800    0.0001518300    0.0006762800
  -0.0000498200    0.0002259300    0.0073507600
  -0.0000599200    0.0004623600    0.2605380100
  -0.0001138600   -0.0000622300   -0.0010436000
   0.0003134400    0.0001754200   -0.0004138000
   0.0003459900   -0.0003261500   -0.0008008400
   0.0000114800    0.0004284900    0.0003350100
   0.0001647900    0.0000526300   -0.0002372500
   0.0000340300    0.0006944400    0.0067955100
   0.0000029800    0.0000084000    0.0066089500
  -0.0000436500   -0.0004571500    0.0074188900
   0.0000529000   -0.0000059200    0.0001159700
   0.0000954200   -0.0003537700   -0.0002804700
   0.0002683400    0.0000963900   -0.0004458500
   0.0000112700   -0.0002148900   -0.0003617000
   0.0002158000    0.0002381100   -0.0002242000
  -0.0003585700    0.0000862000   -0.0004787900
  -0.0000067000    0.0001953000   -0.0010436000
   0.0000512600   -0.0001734700   -0.0004133000
   0.0002476800   -0.0000487800    0.0003798600
  -0.0000165800    0.0001947100   -0.0012581700
  -0.0001288000    0.0001629500   -0.0001103100
  -0.0002622900    0.0001413300   -0.0004617000
  -0.0000073700   -0.0005618700   -0.0001812700
   0.0000457300    0.0000383900   -0.0009036900
   0.0003223700   -0.0002449200    0.0003418000
  -0.0000235500   -0.0000923900    0.0002747900
  -0.0004788800   -0.0001682700   -0.0010429200
   0.0002359000    0.0003795700   -0.0000361100
  -0.0000433000   -0.0000102100   -0.0006488100
  -0.0001969500    0.0000814500   -0.0003484700
  -0.0001323400   -0.0002122200    0.0004283600
   0.0000372000   -0.0000027400   -0.0000832000
  -0.0000389000   -0.0003586700    0.0005141400
  -0.0001188600    0.0006676000   -0.0002309000
  -0.0000401700    0.0000907500   -0.0004975800
   0.0003739200   -0.0002841900    0.0000475400
   0.0000690400    0.0004749600    0.0000321700
  -0.0000031800   -0.0000074800   -0.0029897500
  -0.0003844000   -0.0006127900    0.0001707100
  -0.0000066100   -0.0000006300    0.0022645000
  -0.0001869500   -0.0000855600    0.0009386600
   0.0001883300   -0.0000178500    0.0011927300
   0.0001044800   -0.0000612000   -0.0002761300
  -0.0003941000    0.0000112600    0.0012331700
   0.0010135300    0.0000970300   -0.0002867900
   0.0005767000    0.0011884800   -0.0001838300
  -0.0000188700   -0.0001384000    0.0003838300
   0.0007432800   -0.0010951800   -0.0001485300
  -0.0001049900   -0.0000490500    0.0009311100
  -0.0006229700   -0.0000897200    0.0003353400
  -0.0006778800    0.0006817400   -0.0001488700
  -0.0012727300    0.0004060800    0.0004141400
  -0.0005808900   -0.0004437500   -0.0001194700
   0.0009485200    0.0002372000   -0.0001508100
  -0.0003438400    0.0006189400    0.0002206500
   0.0002486800    0.0005744500    0.0003869100
   0.0000267600    0.0001077000   -0.0002624400
   0.0001961100   -0.0003575300    0.0012219200
  -0.0006203100    0.0005679100   -0.0003350000
  -0.0013282000   -0.0000963800   -0.0001253900
   0.0003248700    0.0001360900    0.0005471600
   0.0008869700    0.0010382700    0.0009835700
  -0.0009524300    0.0004233800   -0.0015621100
   0.0002783300   -0.0013109800    0.0004750800
  -0.0005255500    0.0000051000   -0.0015982200
   0.0000718100    0.0000340900   -0.0011604000
  -0.0018704100    0.0010118900   -0.0028395900
   0.0021951600   -0.0006556500   -0.0025709000
   0.0003494300    0.0009666000   -0.0014259200
   0.0001124500   -0.0007687800   -0.0006165700
   0.0001220000   -0.0001409600    0.0019888700
  -0.0001009300    0.0001412400   -0.0032918900
   0.0001688500   -0.0012005100   -0.0010415600
   0.0006696500    0.0004348700   -0.0013356500
   0.0006549800   -0.0000519000   -0.0003224000
   0.0002815700   -0.0010615200   -0.0013281300
   0.0001106500   -0.0000254000    0.0007699400
   0.0003218400    0.0012724300   -0.0003260200
  -0.0003208900    0.0010505600   -0.0009362800
  -0.0008353300   -0.0013110700   -0.0012681400
  -0.0006459300    0.0002426700   -0.0003861100
   0.0003333100   -0.0000202600    0.0003549500
   0.0008632000    0.0000544900   -0.0005753700
  -0.0007007200   -0.0002311600    0.0000614700
   0.0003837900   -0.0005023100    0.0003429700
  -0.0010751400   -0.0005225300    0.0001778000
   0.0020158800    0.0011205600   -0.0015251000
  -0.0002776300    0.0002024700    0.0005360100
   0.0007086900   -0.0002587500   -0.0001616200
  -0.0002424300   -0.0009341400   -0.0001258800
   0.0007520300   -0.0000232600    0.0002606300
   0.0002076300    0.0003422000    0.0012210800
  -0.0003775200   -0.0009896600   -0.0002841200
   0.0005567100    0.0002115700    0.0000247500
  -0.0293122400   -0.0170328100   -0.0459229400
   0.0312395600    0.0171457500   -0.0469983400
  -0.0006661100    0.0335325600   -0.0458112500
   0.0003346800   -0.0350121300   -0.0456362800
  -0.0000529400    0.0015127200    0.0002332500
   0.0003262900    0.0003888400    0.0001311900
   0.0005955700    0.0000407900    0.0000786900
  -0.0002785500    0.0010040500   -0.0003104400
   0.0001496400   -0.0029845700   -0.0026725100
  -0.0001080500    0.0024967700   -0.0019925500
   0.0295000900   -0.0173605300   -0.0439056400
  -0.0297550700    0.0166603300   -0.0459680300
  -0.0031823800   -0.0013404500   -0.0026785200
  -0.0004468600   -0.0001857700    0.0000560900

15   
  0.0080295506854697   0.0059603956067927   0.0000000000000000
  -0.0005001500    0.0000121500   -0.0001001900
  -0.0003349200   -0.0001879000    0.0003554900
   0.0000382100    0.0008286000   -0.0005955900
   0.0024037900    0.0101362500   -0.0006007500
  -0.0001498600    0.0001011400   -0.0002587100
  -0.0000812300    0.0002156200    0.0004338700
  -0.0003056500    0.0001067500   -0.0000332200
   0.0126488900   -0.0003465000   -0.0007643800
  -0.0003968500    0.0000007900   -0.0006961000
   0.0001106100    0.0002212500   -0.0003766000
   0.0143968200   -0.0067134200   -0.0003200100
   0.0000295300    0.0003624000    0.0003415500
   0.0001139500   -0.0000917000   -0.0004963200
  -0.0039886300    0.0111068200   -0.0002813000
  -0.1960976500   -0.1460987000    0.0016471200
   0.0014815200   -0.0004559100    0.0002721500
   0.0000753800   -0.0001208000    0.0001020800
  -0.0003294400   -0.0004364600    0.0001868100
   0.0010174300    0.0016106900    0.0002624400
  -0.0000306600   -0.0002024000   -0.0003066200
   0.0083671000   -0.0055436800    0.0004018800
   0.0010664100   -0.0000655800    0.0001959400
   0.0008371000   -0.0001313200   -0.0006100200
   0.0000736900   -0.0001884300   -0.0003366000
   0.0002876200    0.0000356100    0.0005356700
   0.0001893000    0.0008229300   -0.0006360900
  -0.0000317400    0.0000240100   -0.0000046300
  -0.0006413900    0.0156690400    0.0002578200
   0.0001800800   -0.0003705800   -0.0001492900
   0.0006564900   -0.0001078100   -0.0002623600
   0.0002323600   -0.0001742900    0.0003337400
   0.0000198600   -0.0000109200    0.0003416500
   0.0003145700    0.0013254600   -0.0004023900
   0.0002717300    0.0003704500   -0.0002369400
  -0.0003192000   -0.0002701100   -0.0002334200
  -0.0002022700    0.0000944100   -0.0003273700
  -0.0001764800   -0.0001915600    0.0004453200
   0.0000213900   -0.0000204700   -0.0000305700
  -0.0000413300   -0.0003523000    0.0005291800
  -0.0001196500    0.0007014600   -0.0001387900
  -0.0001239700   -0.0000126000   -0.0004223300
   0.0003808600   -0.0003011600    0.0000503100
   0.0000583600    0.0004710400    0.0000389000
  -0.0000080400   -0.0000085800   -0.0029955000
  -0.0003836200   -0.0006945100    0.0002296400
  -0.0000022300    0.0000378600    0.0021337300
  -0.0003040700   -0.0000759600    0.0009187400
  -0.0000233000    0.0001152100    0.0010201800
   0.0001128900   -0.0000974200   -0.0003260200
  -0.0004103900   -0.0000014000    0.0012128300
   0.0009976200    0.0001393100   -0.0003245400
   0.0005750900    0.0011901400   -0.0001563900
   0.0001213300   -0.0000319700    0.0009412500
   0.0007414600   -0.0011139400   -0.0001584000
  -0.0000940400   -0.0000805200    0.0009451300
  -0.0006261800   -0.0000826300    0.0003311100
  -0.0006790900    0.0006781600   -0.0001525400
  -0.0012422100    0.0003574200    0.0004274200
  -0.0006046100   -0.0004547900   -0.0001392600
   0.0009204900    0.0002357200   -0.0001486900
  -0.0003686300    0.0006440400    0.0002434300
   0.0002416200    0.0005766800    0.0003308200
  -0.0000202900    0.0001805800   -0.0002446800
   0.0001992700   -0.0003623500    0.0011883500
  -0.0005012000    0.0008637900   -0.0005468200
  -0.0013310400   -0.0001038200   -0.0001639700
   0.0003213700    0.0001304900    0.0005314100
   0.0009280100    0.0008759800    0.0004425000
  -0.0006588900    0.0007752600   -0.0005217100
   0.0002700200   -0.0013129100    0.0004072800
  -0.0001759800    0.0000604800   -0.0003569100
  -0.0007442800   -0.0000002800   -0.0004347600
   0.0007089300   -0.0007067200   -0.0005231400
   0.0009600600   -0.0001831900   -0.0003204400
  -0.0007006900   -0.0031715000   -0.0002806500
  -0.0014744600   -0.0039282000    0.0000554200
  -0.0001390800    0.0003958700    0.0018376500
  -0.0001777800    0.0003189200   -0.0032831900
  -0.0002040700   -0.0008581500   -0.0001971600
   0.0009322900   -0.0002210900   -0.0002552400
   0.0004367600   -0.0000781500    0.0005929700
   0.0011727400   -0.0011577100   -0.0003459900
   0.0001466700    0.0007786300    0.0006772700
   0.0007689600    0.0020122400   -0.0004195000
   0.0124967400    0.0318751700   -0.0200360900
   0.0127335100    0.0283773800    0.0186381800
   0.0002403700    0.0001675300   -0.0004504400
   0.0012173900   -0.0001225200    0.0003405500
   0.0010782800    0.0001021100   -0.0006108900
   0.0012767000    0.0004788700    0.0004993900
   0.0003778800   -0.0005075800    0.0003207700
   0.0007343100   -0.0001027800   -0.0003934200
   0.0242827300    0.0032019400   -0.0116557300
  -0.0002853100    0.0002169300    0.0005655200
   0.0006683300   -0.0003927200   -0.0000470800
  -0.0002544800   -0.0009373000   -0.0001595500
   0.0007670200   -0.0000217600    0.0001716200
   0.0001991000    0.0003364400    0.0012190800
  -0.0003896200   -0.0009818200   -0.0003435700
   0.0002014700   -0.0003394600    0.0008469900
  -0.0003779100    0.0009339100   -0.0004547000
  -0.0000641900    0.0005317500   -0.0003044400
   0.0416357500    0.0253436600    0.0321380800
   0.0438961700    0.0278094600   -0.0328551300
  -0.0000851200    0.0014688000    0.0000947100
   0.0002131000    0.0006850200    0.0000644800
   0.0007876200    0.0002176000   -0.0001359000
  -0.0003966100    0.0008899300   -0.0002839600
   0.0001730800   -0.0008140800   -0.0004024600
  -0.0000806200    0.0001947700    0.0002586100
  -0.0021648200    0.0004913700    0.0004625000
  -0.0030276200    0.0006900700   -0.0002817900
   0.0235178300    0.0029310200    0.0124734200
  -0.0004544000   -0.0001869300    0.0000382400

15   
 -0.0080295506854697  -0.0059603956067927   0.0000000000000000
  -0.0004311600    0.0000539700   -0.0001708600
  -0.0003610000   -0.0001896000    0.0003693000
  -0.0003111700   -0.0010468800   -0.0005908500
  -0.0016311400   -0.0100463800   -0.0005843900
  -0.0002011400    0.0001217700   -0.0003234300
  -0.0000992200    0.0002550500    0.0004779900
   0.0002817300   -0.0001204600   -0.0000089700
  -0.0118493500    0.0005033700   -0.0005183800
   0.0000658300   -0.0001663700   -0.0005889100
   0.0001710900    0.0000170300   -0.0002720100
  -0.0141043800    0.0062526400   -0.0004233500
  -0.0000165900    0.0003996300    0.0003814400
   0.0002477800    0.0002662200   -0.0000865300
   0.0041641900   -0.0102654800   -0.0004625400
   0.1958799300    0.1468707100   -0.0022231100
  -0.0014775900   -0.0001633500    0.0001757000
  -0.0001333300    0.0000152700   -0.0001561100
   0.0005318900   -0.0003027800    0.0002083200
  -0.0005491600   -0.0013008000    0.0001855400
  -0.0000087700   -0.0002263800   -0.0002754700
  -0.0079207100    0.0060792000   -0.0000097100
  -0.0018230900    0.0002132100    0.0001992100
  -0.0007984800    0.0004752900   -0.0006738200
  -0.0000261200   -0.0002076600   -0.0003100700
   0.0001975100   -0.0001485000    0.0003736400
  -0.0002995900   -0.0004991200   -0.0005487300
  -0.0000343700    0.0000546900   -0.0000488200
   0.0000645000   -0.0159480800    0.0001918300
   0.0002026800   -0.0004733300   -0.0001225500
  -0.0006074600    0.0001297700   -0.0002242500
   0.0004090000   -0.0002445100    0.0003883600
  -0.0000302500   -0.0000001800    0.0003615100
  -0.0012195100   -0.0016237700   -0.0003456300
   0.0002440300    0.0003736400   -0.0000350500
   0.0002802500    0.0001724300   -0.0002548500
  -0.0001787500    0.0000275400   -0.0003209000
  -0.0001666200   -0.0001972800    0.0004654400
   0.0000683900    0.0000160600   -0.0000240000
  -0.0000540200   -0.0003558300    0.0005236600
  -0.0000806700    0.0007578000   -0.0001297500
  -0.0000971000   -0.0000990200   -0.0001817400
   0.0003610000   -0.0003051000    0.0000314700
   0.0000635800    0.0004766200    0.0000418700
  -0.0000097800   -0.0000042400   -0.0029952800
  -0.0003786600   -0.0005899600    0.0002496700
  -0.0000144600   -0.0000504200    0.0023263100
  -0.0004334700   -0.0001313900    0.0009247000
  -0.0000105800    0.0001211000    0.0008445200
   0.0000646400   -0.0000438200   -0.0002768000
  -0.0004111600    0.0000093600    0.0012161100
   0.0010703800    0.0001158300   -0.0003324800
   0.0005703200    0.0011964200   -0.0001509000
   0.0000887100   -0.0000864800    0.0009238800
   0.0007394600   -0.0010996800   -0.0001486900
  -0.0001264800   -0.0000708100    0.0009215000
  -0.0006389800   -0.0000832000    0.0003196700
  -0.0006919600    0.0006787100   -0.0001436100
  -0.0012714600    0.0004095600    0.0004082300
  -0.0005841700   -0.0004515800   -0.0001369100
   0.0009262800    0.0002457700   -0.0001456900
  -0.0003747000    0.0006310900    0.0002311000
   0.0002362400    0.0005764400    0.0003249000
   0.0000184700    0.0000419100   -0.0003624200
   0.0001784000   -0.0003613000    0.0012466500
  -0.0007753100    0.0007943300   -0.0001180600
  -0.0013378700   -0.0001034300   -0.0001432100
   0.0003138000    0.0001371000    0.0005285400
   0.0009833900    0.0008908500    0.0003874400
  -0.0005512100    0.0009440900   -0.0007030500
   0.0002911500   -0.0012478100    0.0004254700
   0.0003128500    0.0001499100   -0.0007947400
  -0.0002474100    0.0000929100   -0.0000583300
  -0.0006031300    0.0004496900   -0.0006240000
  -0.0003914100    0.0009645600   -0.0001790500
   0.0017177800    0.0040232700   -0.0005593000
   0.0010754700    0.0033547800    0.0005393000
   0.0001210200   -0.0003978700    0.0020144200
   0.0001584700   -0.0003226300   -0.0033315700
  -0.0002144500   -0.0006312100    0.0001584900
   0.0009769300    0.0000689100   -0.0005512300
  -0.0003206800    0.0001850900    0.0007341500
   0.0004549900   -0.0009639200   -0.0004622300
  -0.0003343000   -0.0007420200    0.0006575500
   0.0002169500    0.0004497200   -0.0003953600
  -0.0135867000   -0.0314870200    0.0205986800
  -0.0138454000   -0.0306538700   -0.0200355000
  -0.0015493000    0.0002990400   -0.0004093200
  -0.0005820400    0.0000744400    0.0002713900
   0.0010073800    0.0000606800   -0.0006079800
  -0.0025545500   -0.0006047800   -0.0004529400
   0.0003666200   -0.0005047400    0.0003311900
  -0.0030441100   -0.0012735500    0.0007141800
  -0.0246813800   -0.0031515600    0.0133903500
  -0.0002898700    0.0001906000    0.0004950900
   0.0006876500   -0.0001908500   -0.0002348000
  -0.0002572800   -0.0009293900   -0.0001363800
   0.0007029000    0.0000018800    0.0003057400
   0.0002113700    0.0003438500    0.0012209500
  -0.0004308700   -0.0009625500   -0.0003224200
   0.0003212000   -0.0002011600    0.0010026800
   0.0000995900   -0.0009161500   -0.0006860500
   0.0004535300   -0.0014316400   -0.0001997500
  -0.0414435200   -0.0266296900   -0.0320829400
  -0.0425597500   -0.0264303900    0.0333915800
   0.0000264800    0.0011888400    0.0002027400
   0.0002953600    0.0004502600    0.0000043400
   0.0006852900    0.0001618100    0.0000980200
  -0.0004528900    0.0008347700   -0.0005227900
   0.0000429100   -0.0005550800   -0.0004451600
  -0.0002296000    0.0003761900    0.0003447400
   0.0044462300   -0.0018109800   -0.0001528700
   0.0037074900   -0.0017416000    0.0003391200
  -0.0266086700   -0.0030728400   -0.0136921000
  -0.0004547800   -0.0001852300    0.0000400400

15   
 -0.0011470786693528   0.0099339926779878   0.0000000000000000
  -0.0005119800    0.0000536700   -0.0001389500
  -0.0003233300   -0.0002058100    0.0003608800
   0.0003054700    0.0004626000   -0.0005826700
  -0.0113672100    0.0017713800   -0.0006538600
  -0.0001825200    0.0001082600   -0.0003262400
  -0.0000927800    0.0002072300    0.0004254400
  -0.0009078000    0.0014671100   -0.0000166400
   0.0135139500    0.0095137100   -0.0006621000
  -0.0009794200    0.0013012600   -0.0006487700
   0.0001207500    0.0002140000   -0.0002850200
   0.0094617500    0.0039183000   -0.0005049300
   0.0000098500    0.0003495700    0.0003521000
   0.0002665400   -0.0001897400   -0.0003145200
  -0.0139860500    0.0079194900   -0.0003234400
   0.0279119900   -0.2420702500    0.0025493900
  -0.0002352000   -0.0004921200    0.0002641400
   0.0000236300   -0.0001141600   -0.0000933700
  -0.0004977500    0.0001618000    0.0001680800
   0.0010615900    0.0013113900    0.0002111100
  -0.0000067200   -0.0001974900   -0.0002963500
   0.0069354500    0.0095125200    0.0003837800
  -0.0005978900   -0.0001047400    0.0001996400
   0.0000649100   -0.0001818300   -0.0006250300
  -0.0000095000   -0.0002203100   -0.0004678900
   0.0003269400    0.0000670600    0.0006223500
   0.0005612600    0.0006824000   -0.0006636200
  -0.0000248900    0.0000399200   -0.0000117100
  -0.0079453100    0.0066075300    0.0005880100
   0.0001878900   -0.0003849000   -0.0001356300
  -0.0001340300   -0.0003714300   -0.0002333700
   0.0001678700   -0.0001193400    0.0003258500
  -0.0000373100    0.0000837600    0.0003818700
   0.0003602500    0.0010492800   -0.0003869100
   0.0002397400    0.0003715600   -0.0001963000
  -0.0004538700    0.0005429600   -0.0002155300
  -0.0001753700    0.0000713900   -0.0003094400
  -0.0001821500   -0.0001808000    0.0004750300
   0.0000214200   -0.0000296500   -0.0000303800
  -0.0000500900   -0.0003453700    0.0005337500
  -0.0001074000    0.0007231800   -0.0001277200
  -0.0000738700   -0.0000369000   -0.0003506600
   0.0003729800   -0.0002911500    0.0000225600
   0.0000524100    0.0004816100    0.0000316500
  -0.0000098400   -0.0000006100   -0.0029986100
  -0.0003709100   -0.0006905400    0.0003128600
  -0.0000305200   -0.0000025300    0.0021287400
  -0.0003627800   -0.0000284800    0.0009215700
  -0.0000096200    0.0001953500    0.0010117900
   0.0000771200   -0.0000673800   -0.0002673500
  -0.0004073800    0.0000043500    0.0012199400
   0.0009778700    0.0001352700   -0.0002961600
   0.0005725300    0.0012007500   -0.0001469500
   0.0001034600   -0.0000416400    0.0009543800
   0.0007373400   -0.0011060900   -0.0001540200
  -0.0000971500   -0.0000596200    0.0009423900
  -0.0006295500   -0.0000741200    0.0003317500
  -0.0006933300    0.0006891000   -0.0001407800
  -0.0012382200    0.0003716500    0.0004284300
  -0.0005997000   -0.0004548900   -0.0001353500
   0.0009193500    0.0002465300   -0.0001422500
  -0.0003785000    0.0006391300    0.0002449700
   0.0002381700    0.0005841800    0.0003269900
   0.0000762100    0.0001709800   -0.0002818700
   0.0001836400   -0.0003491500    0.0011949400
  -0.0006565400    0.0009331400   -0.0005424500
  -0.0013398000   -0.0000998900   -0.0001486600
   0.0003185600    0.0001389600    0.0005281300
   0.0009360900    0.0008654200    0.0003368900
  -0.0005904000    0.0009015200   -0.0004928300
   0.0003242100   -0.0013127500    0.0003960500
  -0.0000859900    0.0001294800   -0.0005268600
  -0.0006227200    0.0000620700   -0.0002797000
   0.0003501400    0.0000707500   -0.0005391700
   0.0005368400    0.0006880200   -0.0002651300
  -0.0020929500   -0.0017187900   -0.0007306300
  -0.0028389100   -0.0025137700    0.0005342400
  -0.0009453900    0.0003192200    0.0018790000
  -0.0009869600    0.0001454100   -0.0032996800
  -0.0003049300   -0.0009788500   -0.0002334700
   0.0008662400   -0.0003045100   -0.0002179000
   0.0005675700    0.0007801000    0.0006784500
   0.0013756900   -0.0002921800   -0.0004125800
  -0.0004974700    0.0000589700    0.0007182600
   0.0000974800    0.0013142000   -0.0004703900
  -0.0024882900    0.0527014400   -0.0335719200
  -0.0023337500    0.0476169200    0.0309900200
   0.0001805500    0.0005426600   -0.0005278400
   0.0011376100    0.0002316500    0.0003548200
   0.0010321600    0.0001146200   -0.0006042100
   0.0019313300   -0.0029551500    0.0001857300
   0.0003651700   -0.0004947000    0.0003273500
   0.0013780700   -0.0035161400   -0.0000827100
  -0.0191669500    0.0259931400    0.0201287700
  -0.0002898000    0.0002169000    0.0005793400
   0.0006087200   -0.0004309200    0.0000330400
  -0.0002543300   -0.0009349400   -0.0001581400
   0.0007385900    0.0000433600    0.0001545100
   0.0002036500    0.0003450400    0.0012230900
  -0.0004030100   -0.0009587100   -0.0003399000
   0.0002418500   -0.0002263600    0.0008130900
  -0.0006462500    0.0006192000   -0.0006136300
  -0.0003419200    0.0002327300   -0.0002066100
   0.0091823800    0.0218512700    0.0125199100
   0.0105398000    0.0236825200   -0.0125810600
   0.0000554500    0.0012674200    0.0003115200
   0.0003703600    0.0004918300   -0.0001232700
   0.0008769000    0.0001931700   -0.0000513700
  -0.0003222600    0.0008706000   -0.0003606300
   0.0001345300   -0.0007832000   -0.0005227100
  -0.0001245700    0.0002052100    0.0003837700
   0.0016584700    0.0012904400    0.0007227700
   0.0008156600    0.0015160500   -0.0004734300
  -0.0211799000    0.0264488800   -0.0202096100
  -0.0004533600   -0.0001806500    0.0000377400

15   
  0.0011470786693528  -0.0099339926779878   0.0000000000000000
  -0.0004229800    0.0000222600   -0.0001311800
  -0.0003768800   -0.0001623500    0.0003662500
  -0.0005769500   -0.0006881700   -0.0006012200
   0.0116720700   -0.0018580400   -0.0005232700
  -0.0001739700    0.0001252100   -0.0002532000
  -0.0000913700    0.0002736500    0.0004887700
   0.0008928700   -0.0014512100   -0.0000251100
  -0.0128915100   -0.0094688600   -0.0006131300
   0.0006728700   -0.0014549100   -0.0006331900
   0.0001569400    0.0000318800   -0.0003599800
  -0.0087887400   -0.0044977200   -0.0002363500
  -0.0000010500    0.0004224900    0.0003727800
   0.0000928100    0.0003795400   -0.0002654700
   0.0137161900   -0.0066947200   -0.0004173300
  -0.0257013300    0.2438811600   -0.0034535300
   0.0002116600   -0.0000974700    0.0001846900
  -0.0000870400    0.0000199000    0.0000387100
   0.0007315800   -0.0008999000    0.0002296100
  -0.0006112100   -0.0010268400    0.0002393600
  -0.0000367700   -0.0002218300   -0.0002836500
  -0.0063981200   -0.0095756600    0.0000140500
  -0.0001432400    0.0002758900    0.0001965200
  -0.0000506900    0.0005546200   -0.0006565300
   0.0000531600   -0.0001670200   -0.0001785900
   0.0001512500   -0.0001720400    0.0002855900
  -0.0006767800   -0.0003416400   -0.0005204000
  -0.0000448700    0.0000491300   -0.0000398800
   0.0073969400   -0.0068031400   -0.0001420000
   0.0001909800   -0.0004503800   -0.0001340400
   0.0001939200    0.0004165400   -0.0002528500
   0.0004733700   -0.0002905100    0.0003998000
   0.0000215100   -0.0000842900    0.0003228300
  -0.0012465200   -0.0013150800   -0.0003588900
   0.0002709900    0.0003826800   -0.0000715700
   0.0004108300   -0.0006029800   -0.0002711400
  -0.0002091500    0.0000601300   -0.0003363700
  -0.0001650000   -0.0001985900    0.0004374600
   0.0000648900    0.0000357500   -0.0000217800
  -0.0000492400   -0.0003528400    0.0005200500
  -0.0000966900    0.0007454700   -0.0001393800
  -0.0001510800   -0.0000639400   -0.0002545900
   0.0003645500   -0.0003057000    0.0000608600
   0.0000654500    0.0004763200    0.0000510800
  -0.0000120900   -0.0000025400   -0.0029904300
  -0.0003955100   -0.0005832600    0.0001665500
   0.0000106300   -0.0000004100    0.0023338600
  -0.0003823900   -0.0001692700    0.0009242200
  -0.0000274400    0.0000504700    0.0008525000
   0.0000959400   -0.0000635000   -0.0003341600
  -0.0004179700    0.0000132200    0.0012102700
   0.0010857600    0.0001290200   -0.0003588700
   0.0005688400    0.0011959400   -0.0001584700
   0.0001021600   -0.0000678600    0.0009120000
   0.0007395200   -0.0010974400   -0.0001512700
  -0.0001282900   -0.0000815900    0.0009247500
  -0.0006398200   -0.0000820300    0.0003208100
  -0.0006816700    0.0006774600   -0.0001536300
  -0.0012798300    0.0004056200    0.0004079500
  -0.0005930200   -0.0004415100   -0.0001397700
   0.0009233900    0.0002444500   -0.0001509100
  -0.0003689600    0.0006452600    0.0002310000
   0.0002358000    0.0005798900    0.0003300600
  -0.0000819900    0.0000620200   -0.0003233000
   0.0001902400   -0.0003649200    0.0012428500
  -0.0006252300    0.0007359800   -0.0001185100
  -0.0013331100   -0.0000972700   -0.0001561100
   0.0003125300    0.0001385600    0.0005336100
   0.0009716800    0.0009111500    0.0004926000
  -0.0006251500    0.0008261100   -0.0007305600
   0.0002315100   -0.0012389000    0.0004400600
   0.0002208500    0.0000906300   -0.0006220400
  -0.0003719700    0.0000402700   -0.0002115000
  -0.0002593000   -0.0003133500   -0.0006405600
   0.0000151700    0.0001073400   -0.0001971800
   0.0031462400    0.0026346200   -0.0001058500
   0.0024735700    0.0020074900    0.0000592200
   0.0009341300   -0.0003229600    0.0020043400
   0.0009766200   -0.0001496600   -0.0033436200
  -0.0001194400   -0.0005003200    0.0001986600
   0.0010368100    0.0001621100   -0.0005873200
  -0.0004580800   -0.0006506700    0.0006689900
   0.0002441200   -0.0018044600   -0.0004111300
   0.0003179800   -0.0000104300    0.0006167400
   0.0008979100    0.0011597000   -0.0003405600
   0.0014040500   -0.0529877200    0.0348860700
   0.0012369600   -0.0504723500   -0.0330537400
  -0.0014911600   -0.0000621600   -0.0003116200
  -0.0005059200   -0.0002657100    0.0002426000
   0.0010465100    0.0000575500   -0.0006125800
  -0.0032021200    0.0028701600   -0.0001225600
   0.0003756500   -0.0005074200    0.0003255900
  -0.0036801700    0.0021785800    0.0003900300
   0.0186269200   -0.0258179800   -0.0181823500
  -0.0002894600    0.0002001500    0.0004814400
   0.0007462000   -0.0001422200   -0.0003165400
  -0.0002614700   -0.0009212800   -0.0001360300
   0.0007267500   -0.0000546600    0.0003264200
   0.0002033000    0.0003448400    0.0012184300
  -0.0004212200   -0.0009760700   -0.0003249800
   0.0002747700   -0.0003065900    0.0010393000
   0.0003636200   -0.0005956400   -0.0005550100
   0.0007269900   -0.0011278900   -0.0002670500
  -0.0096886500   -0.0235108800   -0.0133657300
  -0.0099414600   -0.0227132800    0.0140534900
  -0.0001182300    0.0013975300   -0.0000130100
   0.0001333000    0.0006511700    0.0001948700
   0.0005906100    0.0001934800    0.0000181400
  -0.0005326100    0.0008611500   -0.0004460700
   0.0000760200   -0.0005779200   -0.0003245400
  -0.0001910800    0.0003729600    0.0002232500
   0.0006655100   -0.0025820300   -0.0004020400
  -0.0000923400   -0.0025389600    0.0005217400
   0.0179345000   -0.0264670700    0.0187908700
  -0.0004595900   -0.0001815400    0.0000425600

15   
  0.0000000000000000   0.0000000000000000   0.0100000000000000
  -0.0004719300    0.0000038000   -0.0000302200
  -0.0003451400   -0.0001640900    0.0003991000
  -0.0001430100   -0.0001623600    0.0000916100
   0.0001207700   -0.0002846900   -0.0078664800
  -0.0001725100    0.0000592600   -0.0002431700
  -0.0000713600    0.0002276600    0.0004906300
  -0.0000873500    0.0000005200    0.0004376700
   0.0001731000    0.0003210000   -0.0074698200
  -0.0001841900   -0.0000708900   -0.0002181200
   0.0000995500    0.0002573400   -0.0004517700
   0.0003137900   -0.0004000900   -0.0074868500
  -0.0000027900    0.0004243600    0.0004136200
   0.0000373600   -0.0000708500   -0.0000376200
  -0.0000237100    0.0009513000   -0.0075942400
   0.0003681000    0.0030980000   -0.2642391600
   0.0000219000   -0.0002978300    0.0007027100
   0.0001531600    0.0000400000   -0.0001311800
   0.0000741300   -0.0003277500    0.0008966000
   0.0002521000    0.0001403700    0.0006702300
   0.0000074700   -0.0002318400   -0.0002525800
   0.0005549400    0.0003337900   -0.0072886100
  -0.0003517400    0.0001244700    0.0006490400
  -0.0000182400    0.0001740200    0.0000365200
   0.0000556500   -0.0001256500   -0.0002268200
   0.0003323700    0.0000402300    0.0004854200
  -0.0000010300    0.0002049700    0.0001150100
  -0.0000533000    0.0000320100    0.0000327600
  -0.0005321800    0.0001394800   -0.0067354000
   0.0002207900   -0.0004844100   -0.0001273300
   0.0000686100    0.0000101300    0.0004328300
   0.0001952500   -0.0002055900    0.0002871200
   0.0000382400   -0.0000326000    0.0001960900
  -0.0004111200   -0.0001724800    0.0000780200
   0.0001671900    0.0004388800   -0.0000626000
  -0.0000042200   -0.0000765000    0.0004325200
  -0.0001566600    0.0000708800   -0.0002517300
  -0.0001646000   -0.0001886600    0.0004362100
   0.0000432100    0.0000012700    0.0000840800
  -0.0000460600   -0.0003476000    0.0005384300
  -0.0000855800    0.0007296800   -0.0001571500
  -0.0000472400    0.0000146200   -0.0001656700
   0.0003702400   -0.0002998000    0.0000638600
   0.0000564200    0.0004838500    0.0000707500
  -0.0000069800    0.0000027300   -0.0029835800
  -0.0004518900   -0.0005519800    0.0001741700
   0.0000087600   -0.0000327700    0.0022727300
  -0.0003637600   -0.0001013500    0.0008846400
   0.0001415800    0.0000703000    0.0012607100
   0.0000504600   -0.0000338700   -0.0003152600
  -0.0004075500    0.0000127000    0.0012142700
   0.0010200600    0.0001188100   -0.0003236400
   0.0005685900    0.0011929300   -0.0001468100
   0.0001441500   -0.0000287800    0.0009182400
   0.0007428400   -0.0010970600   -0.0001580500
  -0.0000927000   -0.0000637900    0.0009115700
  -0.0006303900   -0.0000876200    0.0003346700
  -0.0006816900    0.0006794600   -0.0001387700
  -0.0012598700    0.0003799300    0.0004218600
  -0.0005837600   -0.0004541600   -0.0001267600
   0.0009249400    0.0002449700   -0.0001432200
  -0.0003814800    0.0006431000    0.0002465600
   0.0002346100    0.0005824700    0.0003476100
   0.0000767800   -0.0001125300   -0.0001060900
   0.0001903600   -0.0003507500    0.0011707400
  -0.0006755900    0.0007376100   -0.0009307900
  -0.0013307600   -0.0000970400   -0.0001120100
   0.0003164800    0.0001427800    0.0005330000
   0.0009283900    0.0009209400    0.0004882900
  -0.0007913100    0.0009175800   -0.0006820100
   0.0002708700   -0.0012550200    0.0003883400
   0.0000019600   -0.0000498300   -0.0005886900
  -0.0004154600    0.0002177100   -0.0002567100
   0.0006459500   -0.0000414600    0.0004512800
  -0.0002750200    0.0003881800    0.0006951600
   0.0024899300   -0.0007914000    0.0018714200
  -0.0020872400    0.0007798300    0.0026148200
   0.0001833800   -0.0004986300    0.0029171300
  -0.0002830600    0.0005294300   -0.0023395800
  -0.0003237400   -0.0006056600   -0.0000390100
   0.0010613800   -0.0002227000   -0.0004099900
  -0.0002887700    0.0004736700    0.0017228000
   0.0011164800   -0.0015658200    0.0005201300
  -0.0006580900    0.0001213700    0.0016842100
   0.0010721000    0.0012293800    0.0004802400
  -0.0000545900   -0.0369977400    0.0465246500
  -0.0003569500    0.0327945800    0.0448749900
  -0.0008668500   -0.0002727800    0.0005073200
   0.0006282300    0.0005070100    0.0012217000
   0.0010513000    0.0000772300   -0.0006275000
   0.0012263400    0.0010014100    0.0022745300
   0.0003741200   -0.0005200300    0.0003367400
  -0.0031280200   -0.0018811200    0.0024118600
  -0.0296297200    0.0173338700    0.0461828600
  -0.0002841800    0.0002027800    0.0005717300
   0.0005047700    0.0000010700    0.0002801300
  -0.0002569300   -0.0009242300   -0.0001413200
   0.0007402200   -0.0000747800    0.0002664600
   0.0001989000    0.0003465200    0.0012175700
  -0.0004274700   -0.0009468100   -0.0003387400
   0.0004432100   -0.0003040100    0.0008557100
   0.0002056700    0.0004343300    0.0003537100
  -0.0000776700   -0.0009474900    0.0006229100
   0.0293597900    0.0163864500    0.0454442200
  -0.0301246900   -0.0170588300    0.0466730700
   0.0001656000    0.0013611200    0.0001282700
   0.0000783300    0.0005513000    0.0000198700
   0.0007876100    0.0000144600   -0.0000828000
  -0.0004818300    0.0010476300   -0.0004865400
   0.0002611100   -0.0005395500   -0.0005077400
  -0.0002950900    0.0001512700    0.0002224700
   0.0011665400    0.0016014300    0.0023338400
   0.0003323200   -0.0027501800    0.0023403800
   0.0283580900   -0.0171319800    0.0447370900
  -0.0004494800   -0.0001848200    0.0000546000

15   
  0.0000000000000000   0.0000000000000000  -0.0100000000000000
  -0.0004544000    0.0000728000   -0.0002265400
  -0.0003473000   -0.0002029500    0.0003390800
  -0.0001323200   -0.0000959000   -0.0012623500
   0.0004164200    0.0000706200    0.0067029700
  -0.0001752100    0.0001730700   -0.0003265700
  -0.0001044100    0.0002530700    0.0004343800
   0.0000832000    0.0000009800   -0.0004630200
   0.0001246300   -0.0003104500    0.0062106000
  -0.0001539900   -0.0000889600   -0.0010495200
   0.0001861900   -0.0000097100   -0.0001821600
   0.0001664500   -0.0003154600    0.0067625000
   0.0000206000    0.0003487100    0.0003230600
   0.0003283600    0.0002589300   -0.0005273200
   0.0002039500    0.0001575200    0.0068697300
   0.0004793900   -0.0030036900    0.2619489400
  -0.0000336100   -0.0002784400   -0.0002404700
  -0.0002073000   -0.0001329600    0.0000913400
   0.0001296000   -0.0003821000   -0.0004851000
   0.0002460400    0.0001478800   -0.0002060700
  -0.0000419900   -0.0001852600   -0.0003156300
   0.0001157300    0.0001045700    0.0077010500
  -0.0003824100    0.0000313700   -0.0002374900
   0.0000228500    0.0001961700   -0.0013042400
  -0.0000042200   -0.0002592000   -0.0004102100
   0.0001576100   -0.0001424900    0.0004314700
  -0.0000772700    0.0001598600   -0.0012855300
  -0.0000087600    0.0000572500   -0.0000730900
  -0.0001511000    0.0000425800    0.0072050100
   0.0001664400   -0.0003499400   -0.0001322200
   0.0000183800    0.0000295300   -0.0009052400
   0.0004522100   -0.0002038200    0.0004475500
  -0.0000438500    0.0000335800    0.0005196500
  -0.0004777400   -0.0001066300   -0.0008081600
   0.0003537100    0.0003171100   -0.0001954200
  -0.0000184000   -0.0000243200   -0.0009054100
  -0.0002195100    0.0000608700   -0.0003821900
  -0.0001744800   -0.0001907300    0.0004861400
   0.0000509000    0.0000045700   -0.0001244500
  -0.0000444600   -0.0003504000    0.0005288500
  -0.0001092500    0.0007401400   -0.0000971200
  -0.0001679400   -0.0001184900   -0.0004225900
   0.0003762600   -0.0002950700    0.0000306100
   0.0000697900    0.0004736400    0.0000225700
  -0.0000053900   -0.0000047600   -0.0029934500
  -0.0003080600   -0.0007207400    0.0003175900
  -0.0000196900    0.0000313100    0.0022039300
  -0.0003719400   -0.0000935400    0.0009737900
  -0.0001729000    0.0001745900    0.0006190600
   0.0001310900   -0.0000956400   -0.0002704600
  -0.0004095700    0.0000058800    0.0012294000
   0.0010514800    0.0001462500   -0.0003186600
   0.0005809900    0.0012040700   -0.0001461300
   0.0000708600   -0.0000792800    0.0009614100
   0.0007425100   -0.0011061800   -0.0001353700
  -0.0001238100   -0.0000769900    0.0009697400
  -0.0006300400   -0.0000676700    0.0003295900
  -0.0006849800    0.0006873300   -0.0001434400
  -0.0012494800    0.0003975700    0.0004296800
  -0.0006012700   -0.0004412800   -0.0001346300
   0.0009259000    0.0002474800   -0.0001373900
  -0.0003581900    0.0006428500    0.0002426900
   0.0002475100    0.0005816900    0.0003215600
  -0.0000671700    0.0003482500   -0.0004867900
   0.0001912900   -0.0003622100    0.0012771900
  -0.0005953000    0.0009355000    0.0002825100
  -0.0013332500   -0.0000993200   -0.0001798700
   0.0003224100    0.0001356800    0.0005406900
   0.0009863500    0.0008548300    0.0003580000
  -0.0004149100    0.0008077900   -0.0005248400
   0.0002943200   -0.0012965200    0.0004609400
   0.0001392800    0.0002753500   -0.0005493600
  -0.0005728000   -0.0001096800   -0.0002196500
  -0.0005523200   -0.0001977000   -0.0015823300
   0.0008291500    0.0004102600   -0.0011809800
  -0.0014254100    0.0016612500   -0.0027094800
   0.0017362400   -0.0013333900   -0.0019931300
  -0.0002032900    0.0005103500    0.0009783700
   0.0002622200   -0.0005189200   -0.0042902500
  -0.0000853100   -0.0008743500    0.0000146600
   0.0008576100    0.0000801100   -0.0003794000
   0.0004107800   -0.0003651000   -0.0003468200
   0.0005182100   -0.0005546000   -0.0013491700
   0.0004945100   -0.0000679300   -0.0003077300
  -0.0000611500    0.0012488000   -0.0013061800
  -0.0010225000    0.0369716800   -0.0456261700
  -0.0007357400   -0.0354955900   -0.0466181700
  -0.0004205400    0.0007669900   -0.0013337500
   0.0000276100   -0.0005268000   -0.0006121000
   0.0010362000    0.0000974200   -0.0005753500
  -0.0024993900   -0.0011269000   -0.0021861200
   0.0003751900   -0.0004820700    0.0003299600
   0.0008204400    0.0005034700   -0.0021057700
   0.0287340700   -0.0169665700   -0.0438859500
  -0.0002864700    0.0002149500    0.0005014400
   0.0008599700   -0.0005698000   -0.0005537600
  -0.0002507900   -0.0009317700   -0.0001401600
   0.0007333600    0.0000646300    0.0002272900
   0.0002156800    0.0003443700    0.0012356700
  -0.0003889400   -0.0009867800   -0.0003114200
   0.0000828600   -0.0002320900    0.0010072000
  -0.0004842900   -0.0004279400   -0.0014812600
   0.0004658000    0.0000327500   -0.0011129400
  -0.0293271300   -0.0177533200   -0.0457059000
   0.0312779700    0.0183347900   -0.0457335800
  -0.0002225800    0.0013020600    0.0001811000
   0.0004311100    0.0005890800    0.0000672200
   0.0006914500    0.0003790100    0.0000626700
  -0.0003611700    0.0006913600   -0.0003070600
  -0.0000477400   -0.0008189500   -0.0003256800
  -0.0000182100    0.0004304800    0.0003972700
   0.0011550600   -0.0028824100   -0.0020259600
   0.0003900100    0.0017390300   -0.0022489300
  -0.0319620100    0.0173061400   -0.0464693300
  -0.0004545200   -0.0001764300    0.0000368400

39   
  0.0080295506854697   0.0059603956067927   0.0000000000000000
  -0.0006503400    0.0001278000   -0.0001282300
   0.0007378300    0.0015276500   -0.0018205500
  -0.0001370700   -0.0001215500   -0.0005874500
   0.0001720500   -0.0000562400   -0.0005911900
   0.0360143700    0.0314472800    0.0326274400
   0.0327566700    0.0043691000   -0.0206054000
   0.0000001700    0.0000013400   -0.0000147800
   0.0001436800   -0.0001046600   -0.0006325400
  -0.0001619100   -0.0000763900   -0.0006393400
  -0.0037201400    0.0000228200    0.0005252600
   0.0003296200   -0.0003075700   -0.0003674500
   0.0100362600    0.0237047100   -0.0137981200
   0.0002230400    0.0000842400   -0.0001340700
   0.0001016400    0.0004554000   -0.0003686800
  -0.0000287800    0.0000331000   -0.0002380200
  -0.0000022300   -0.0002830100    0.0002238700
   0.0000619000   -0.0001012600   -0.0000950500
   0.0001205300   -0.0003523400    0.0002027300
   0.0002533400    0.0001445600    0.0002295700
  -0.0001724600   -0.0003597800   -0.0004466300
   0.0002490100    0.0002743400    0.0002058200
  -0.0003531500    0.0000868000    0.0002023000
   0.0000089100    0.0001748700   -0.0006387000
   0.0000894100   -0.0001646100   -0.0003175000
   0.0009644300   -0.0006260900    0.0005062900
  -0.0000376100    0.0001840700   -0.0005630000
   0.0008516500    0.0000013100   -0.0005739500
  -0.0002510300    0.0001466700    0.0002328800
  -0.0002206700    0.0003024900   -0.0002164300
   0.0000411900    0.0000179900   -0.0002355100
   0.0004460900    0.0007831800   -0.0000905800
   0.0003091800   -0.0001787500    0.0008225800
  -0.0004419900   -0.0001366100   -0.0003694600
   0.0002425400    0.0004048300    0.0000500900
   0.0000073700   -0.0000498700   -0.0002328800
  -0.0001410800    0.0004337600    0.0002087900
  -0.0001970800   -0.0002876800    0.0003353500
   0.0001887800   -0.0034537000    0.0012501900
  -0.0867864400   -0.0650703000    0.0021484900
  -0.0023724500   -0.0009322500   -0.0002975600
  -0.0016616200    0.0025558500    0.0018186400
   0.0003790100   -0.0003219900    0.0001012300
   0.0012220800    0.0055655800    0.0007183000
   0.0006660700    0.0053781300   -0.0038826400
  -0.0003436200   -0.0006985000    0.0002462700
   0.0000102100    0.0004300300    0.0018116500
  -0.0003641800   -0.0000988000    0.0009311300
  -0.0000050400   -0.0001130000    0.0010029800
   0.0001316300    0.0000120100   -0.0002974500
  -0.0004673200    0.0000553900    0.0012154600
   0.0010018100    0.0002241800   -0.0003100900
   0.0003917900    0.0012280600   -0.0001130000
   0.0001707900   -0.0000246700    0.0009682800
   0.0005614800   -0.0010845000   -0.0002111100
  -0.0000185700   -0.0000895900    0.0009894000
  -0.0006501200   -0.0000773600    0.0003666700
  -0.0006414100    0.0006104100   -0.0001326200
  -0.0010880000    0.0002161400    0.0003447800
  -0.0005158500   -0.0003994100   -0.0002215800
   0.0070195400    0.0009711200   -0.0010965500
   0.0003795900    0.0013342500   -0.0006998200
  -0.0002405100   -0.0005167600    0.0005940500
  -0.0001468700    0.0003026200   -0.0003735300
   0.0001759400   -0.0004821500    0.0011682200
  -0.0006121500    0.0008521000   -0.0002934900
  -0.0012570100   -0.0000706600   -0.0001942400
   0.0001022700   -0.0000694100    0.0006487100
   0.0004757100   -0.0018051300   -0.0011396800
  -0.0005995100    0.0008673100   -0.0006057100
   0.0000976500   -0.0012314200    0.0004829300
   0.0000747100    0.0001174000   -0.0005734500
  -0.0004902800    0.0000523800   -0.0002394400
   0.0000513100   -0.0001186300   -0.0005767100
   0.0002878100    0.0003994300   -0.0002375200
   0.0005325900    0.0004395300   -0.0004146000
  -0.0001776500   -0.0002723200    0.0003099200
  -0.0000081700   -0.0000042900    0.0019561700
  -0.0000035500   -0.0000015600   -0.0033116200
  -0.0001958400   -0.0007380600   -0.0000178200
   0.0009516900   -0.0000723100   -0.0003965000
   0.0000524200    0.0000688800    0.0006593900
   0.0008202500   -0.0010506900   -0.0004113800
  -0.0000866400    0.0000225400    0.0006867500
   0.0005027100    0.0012380400   -0.0004096100
  -0.0005356300    0.0005452600   -0.0000132200
  -0.0005410700   -0.0007954500   -0.0003957900
  -0.0006435300    0.0002341800   -0.0003888400
   0.0003277000   -0.0000136200    0.0003077000
   0.0010325000    0.0000863300   -0.0006116200
  -0.0006280600   -0.0000592400    0.0000414700
   0.0004147700   -0.0004318300    0.0002839100
  -0.0011471400   -0.0006870800    0.0001554800
   0.0000252100   -0.0000846500    0.0006804200
  -0.0002933200    0.0000877400    0.0005734000
   0.0006892500   -0.0002332000   -0.0001339200
  -0.0003469900   -0.0024723800    0.0003627000
  -0.0015120500   -0.0003763000   -0.0010341100
   0.0059354700    0.0015328900    0.0019937400
   0.0020171400   -0.0025748000    0.0016245800
   0.0002666500   -0.0002643100    0.0009306400
  -0.0001460300    0.0000132700   -0.0005665500
   0.0002004200   -0.0004495100   -0.0002397300
  -0.0004424000   -0.0009547900   -0.0006042700
   0.0000974600    0.0003627900    0.0009302900
  -0.0000225200    0.0013292800    0.0001546300
   0.0002613500    0.0005720200    0.0000422300
   0.0007394800    0.0001938500   -0.0000026700
  -0.0004183600    0.0008682000   -0.0003998200
   0.0001154200   -0.0006713300   -0.0003891200
  -0.0001507000    0.0002914200    0.0003098400
   0.0011735400   -0.0006361800    0.0001535900
   0.0003635400   -0.0005126100    0.0000435800
  -0.0013229300   -0.0001820000   -0.0004088300
  -0.0006695100   -0.0003837400   -0.0000291100

39   
 -0.0080295506854697  -0.0059603956067927   0.0000000000000000
  -0.0002692200   -0.0000579700   -0.0001389800
  -0.0013797900   -0.0018556500    0.0025348500
  -0.0001322700   -0.0001245500   -0.0005945000
   0.0001794800   -0.0000621700   -0.0005904700
  -0.0373801100   -0.0321598200   -0.0345865900
  -0.0324933500   -0.0039750700    0.0210394900
   0.0000033300   -0.0000048600   -0.0000238500
   0.0001541900   -0.0001044200   -0.0006461600
  -0.0001628300   -0.0000820600   -0.0006408200
   0.0040428200    0.0001750600   -0.0011589700
   0.0003476500   -0.0003150400   -0.0003748300
  -0.0100054900   -0.0228273500    0.0143486600
   0.0001594800    0.0000958300   -0.0004451900
   0.0001003000    0.0004378300   -0.0003726800
  -0.0000360800    0.0000216700   -0.0002462100
  -0.0000003300   -0.0002984400    0.0002291000
  -0.0001098200    0.0000049400    0.0000415600
   0.0001067500   -0.0003641900    0.0001974900
   0.0002512900    0.0001386300    0.0002241000
   0.0001466600   -0.0000617500   -0.0001304700
   0.0002536200    0.0002748700    0.0001939800
  -0.0003735100    0.0000666600    0.0001970400
   0.0000178500    0.0001810300   -0.0006402100
  -0.0000287700   -0.0002249100   -0.0003268700
  -0.0004630000    0.0005174000    0.0004013700
  -0.0000386400    0.0001730200   -0.0006194800
  -0.0008670400    0.0000912700    0.0005195200
  -0.0002459000    0.0001423200    0.0002192400
   0.0006156200   -0.0011365400   -0.0000549400
   0.0000467700    0.0000083900   -0.0002484200
   0.0002193200   -0.0011681400    0.0008121400
  -0.0003251300    0.0001645400   -0.0001123500
  -0.0004328400   -0.0001446400   -0.0003721900
   0.0002862700    0.0003506300   -0.0003189400
  -0.0000170700   -0.0000440300   -0.0002508100
  -0.0002479600   -0.0003239100   -0.0008495600
  -0.0001320100   -0.0000990300    0.0005782600
  -0.0001275700    0.0034869800   -0.0012951600
   0.0872245600    0.0658553800    0.0004094300
   0.0021843300    0.0023979600    0.0001043700
   0.0014874200   -0.0027077600   -0.0024476400
   0.0003789500   -0.0002778200   -0.0000242100
  -0.0010967700   -0.0047206600   -0.0006636000
  -0.0006678900   -0.0052977000   -0.0021113300
  -0.0004065800   -0.0005785300    0.0002321200
  -0.0000550700   -0.0004426000    0.0026660100
  -0.0003609600   -0.0001002200    0.0009185600
  -0.0000127800    0.0003555800    0.0008634800
   0.0000629900   -0.0001422100   -0.0003052200
  -0.0003436000   -0.0000424100    0.0012116900
   0.0010793400    0.0000361600   -0.0003443100
   0.0007639500    0.0011658700   -0.0001909200
   0.0000529100   -0.0000874000    0.0008952000
   0.0009357900   -0.0011226600   -0.0000939400
  -0.0001867700   -0.0000526500    0.0008720100
  -0.0005993100   -0.0000823000    0.0002814500
  -0.0007163800    0.0007505400   -0.0001607400
  -0.0014114300    0.0005585800    0.0004913000
  -0.0006565000   -0.0004967700   -0.0000594000
  -0.0050311900   -0.0004711500    0.0007895800
  -0.0011148400   -0.0000945000    0.0011832200
   0.0007061800    0.0016964600    0.0000707100
   0.0001632900   -0.0000768100   -0.0002257700
   0.0002142800   -0.0002346000    0.0012659400
  -0.0006535600    0.0008116500   -0.0003695200
  -0.0013962600   -0.0001310300   -0.0001093000
   0.0005425700    0.0003390500    0.0004151700
   0.0014360800    0.0035192300    0.0019606000
  -0.0005980500    0.0008590500   -0.0006103900
   0.0004780900   -0.0013227300    0.0003506600
   0.0000759500    0.0000999500   -0.0005734600
  -0.0004883300    0.0000472200   -0.0002445700
   0.0000649700   -0.0001271800   -0.0005718100
   0.0002902100    0.0003920900   -0.0002449000
   0.0005304400    0.0004337900   -0.0004304300
  -0.0001761300   -0.0002779700    0.0003027600
   0.0000076300    0.0000022200    0.0019245300
   0.0000030000   -0.0000013800   -0.0033184400
  -0.0002077500   -0.0007433900   -0.0000145100
   0.0009717900   -0.0000716400   -0.0004019500
   0.0000750300    0.0000485300    0.0007019000
   0.0008201100   -0.0010587400   -0.0004166700
  -0.0000803300    0.0000238800    0.0006739000
   0.0005037200    0.0012323600   -0.0004169200
  -0.0005388300    0.0005420100   -0.0000178500
  -0.0005383000   -0.0008016300   -0.0004033500
  -0.0006438000    0.0002433000   -0.0004520400
   0.0003273900   -0.0000217400    0.0003025200
   0.0010662000    0.0000837800   -0.0006004100
  -0.0006255500   -0.0000633800    0.0000358300
   0.0003438900   -0.0005737700    0.0003725700
  -0.0011394500   -0.0006878000    0.0001466400
   0.0000185000   -0.0000891700    0.0006804200
  -0.0002675000    0.0003244600    0.0004878900
   0.0006794500   -0.0003435300   -0.0001383700
  -0.0001225700    0.0005899200   -0.0006456500
   0.0029607100    0.0003563400    0.0015138900
  -0.0056518300   -0.0008619100    0.0004165300
  -0.0028518500    0.0006552800   -0.0023124900
   0.0002683100   -0.0002706200    0.0009235600
  -0.0001180200    0.0000022200   -0.0005771900
   0.0002020100   -0.0004538300   -0.0002477500
  -0.0004530400   -0.0009550900   -0.0006114300
   0.0001003100    0.0003582300    0.0009245700
  -0.0000200500    0.0013327100    0.0001469000
   0.0002628700    0.0005680700    0.0000362800
   0.0007474600    0.0001916600   -0.0000258400
  -0.0004174900    0.0008625600   -0.0004034200
   0.0001129700   -0.0006912300   -0.0004531100
  -0.0001472700    0.0002858600    0.0003006700
   0.0011584600   -0.0006620400    0.0001483500
   0.0003683400   -0.0005163800    0.0000348700
  -0.0013195200   -0.0001887800   -0.0004192400
  -0.0002175500    0.0000252300    0.0001038900

39   
 -0.0011470786693528   0.0099339926779878   0.0000000000000000
  -0.0004454700    0.0000788800   -0.0002803700
   0.0027750300   -0.0017573400   -0.0010017200
  -0.0001499700   -0.0001095500   -0.0005907600
   0.0001649800   -0.0000486900   -0.0005906100
   0.0118774500    0.0294621600    0.0195558600
  -0.0143352500    0.0201283200    0.0135648500
  -0.0000091100    0.0000123800   -0.0000214500
   0.0001335900   -0.0000925500   -0.0006338600
  -0.0001738500   -0.0000711200   -0.0006405500
  -0.0007720200    0.0019260400    0.0018609000
   0.0003248000   -0.0002988900   -0.0003727800
  -0.0099412600    0.0511644500   -0.0353211500
   0.0002359800   -0.0001212900   -0.0001246000
   0.0000922300    0.0004662800   -0.0003636300
  -0.0000434600    0.0000439300   -0.0002398600
  -0.0000177500   -0.0002644700    0.0002239300
   0.0000347000   -0.0001122600    0.0000995200
   0.0001061000   -0.0003410500    0.0002003300
   0.0002421400    0.0001552900    0.0002332500
  -0.0001975700   -0.0003134200   -0.0002883900
   0.0002414400    0.0002817600    0.0002094100
  -0.0003698900    0.0000962400    0.0001899500
  -0.0000005500    0.0001812700   -0.0006408800
   0.0000197100   -0.0001173500   -0.0003136500
   0.0005336800    0.0001651300   -0.0000039200
  -0.0000479800    0.0002008800   -0.0005758500
   0.0008108900    0.0003602800   -0.0000937900
  -0.0002573300    0.0001544400    0.0002357400
  -0.0006125200    0.0002066900    0.0003223900
   0.0000307000    0.0000263800   -0.0002419100
   0.0000345100    0.0000767100   -0.0001784700
   0.0004449400    0.0007500200    0.0009053600
  -0.0004507400   -0.0001283200   -0.0003690100
   0.0003347700    0.0004399000   -0.0000738600
  -0.0000102000   -0.0000364800   -0.0002371400
  -0.0010395700    0.0000716600   -0.0002580300
  -0.0002074700   -0.0001839100    0.0002733000
  -0.0017788000   -0.0034098800   -0.0009206900
   0.0145152100   -0.1115483400    0.0027012400
   0.0002211700   -0.0020650900   -0.0002874800
  -0.0003463700    0.0009179000    0.0006394800
   0.0002939200   -0.0003166900    0.0000450900
   0.0025967000    0.0062588900    0.0011804700
   0.0018305700    0.0055600100   -0.0036338200
  -0.0001503600   -0.0005674100    0.0003152900
   0.0026909900    0.0014245900    0.0001255000
  -0.0003720400   -0.0000882800    0.0009299500
   0.0000560500    0.0001239700    0.0009295100
   0.0000780700    0.0000080100   -0.0003090100
  -0.0004513700    0.0000860900    0.0012638100
   0.0008967600    0.0000021900   -0.0003869700
   0.0006685600    0.0011443400   -0.0001895400
   0.0000643200   -0.0000110900    0.0009457400
   0.0008425200   -0.0011681100   -0.0000869700
  -0.0001114200   -0.0000423600    0.0008910300
  -0.0006156700    0.0000042400    0.0003819100
  -0.0007071000    0.0006686500   -0.0001812300
  -0.0010602800    0.0002893000    0.0003521100
  -0.0005572500   -0.0003884000   -0.0001816300
   0.0022252500   -0.0005919000   -0.0005351500
  -0.0011138200   -0.0013660700    0.0014134600
  -0.0043092000    0.0040542300    0.0013991900
  -0.0000985700    0.0001351300   -0.0003134300
   0.0002468200   -0.0006423900    0.0010962200
  -0.0006518500    0.0009269800   -0.0002422600
  -0.0012468600   -0.0000911900   -0.0001646400
   0.0002076600   -0.0000015700    0.0006104400
   0.0006338700    0.0011131600    0.0008781600
  -0.0006084800    0.0008715200   -0.0006032100
   0.0000303200   -0.0013009000    0.0004938700
   0.0000694800    0.0001210300   -0.0005648000
  -0.0005006700    0.0000619000   -0.0002415900
   0.0000486700   -0.0001087000   -0.0005723100
   0.0002787300    0.0004079100   -0.0002400900
   0.0005219900    0.0004489400   -0.0004091400
  -0.0001870700   -0.0002632300    0.0003067500
  -0.0000308100    0.0000057900    0.0019994700
  -0.0000109900    0.0000072000   -0.0033118300
  -0.0002114500   -0.0007273000   -0.0000134800
   0.0009479100   -0.0000680100   -0.0003958800
   0.0000487300    0.0000676500    0.0006648900
   0.0008089700   -0.0010422100   -0.0004110500
  -0.0000943500    0.0000338700    0.0006813700
   0.0004924800    0.0012466700   -0.0004101300
  -0.0005472500    0.0005539100   -0.0000187300
  -0.0005518200   -0.0007856200   -0.0003962900
  -0.0006538700    0.0002257600   -0.0003685200
   0.0003153900   -0.0000032800    0.0003079300
   0.0010353100    0.0001029700   -0.0005840200
  -0.0006368400   -0.0000486700    0.0000405400
   0.0003928400   -0.0004976700    0.0002722200
  -0.0011597000   -0.0006769800    0.0001556400
   0.0000077400   -0.0000790800    0.0006775400
  -0.0002280900   -0.0000787800    0.0006064700
   0.0006263900   -0.0001930500   -0.0001162400
  -0.0040471500    0.0024487200   -0.0006698200
  -0.0024776800   -0.0000591000   -0.0020220000
   0.0008680700   -0.0005925900    0.0010420600
   0.0015986200   -0.0026905600    0.0011603900
   0.0002554400   -0.0002552200    0.0009306800
  -0.0001406700    0.0000184700   -0.0005701500
   0.0001901100   -0.0004393500   -0.0002428600
  -0.0004584700   -0.0009459000   -0.0006136900
   0.0000862700    0.0003725100    0.0009293900
  -0.0000333100    0.0013412300    0.0001557800
   0.0002516800    0.0005809800    0.0000418800
   0.0007354900    0.0001992200   -0.0000040200
  -0.0004279500    0.0008765700   -0.0003986000
   0.0000938800   -0.0006789300   -0.0004344900
  -0.0001604400    0.0003003800    0.0003066100
   0.0011542500   -0.0006309200    0.0001161300
   0.0003557000   -0.0005047600    0.0000429000
  -0.0013324500   -0.0001726700   -0.0004095700
  -0.0005680900   -0.0003210300    0.0000056300

39   
  0.0011470786693528  -0.0099339926779878   0.0000000000000000
  -0.0004783200   -0.0000142000    0.0000116900
  -0.0034078400    0.0014052900    0.0017328700
  -0.0001208400   -0.0001404200   -0.0005977500
   0.0001856600   -0.0000737700   -0.0005979600
  -0.0124816100   -0.0295400700   -0.0205927200
   0.0142454900   -0.0197100100   -0.0128137400
   0.0000117000   -0.0000201700   -0.0000237300
   0.0001622100   -0.0001203600   -0.0006518200
  -0.0001523400   -0.0000915100   -0.0006462300
   0.0010862900   -0.0017419200   -0.0025198300
   0.0003510000   -0.0003271000   -0.0003762300
   0.0096370400   -0.0489455900    0.0346134300
   0.0001430400    0.0002982900   -0.0004548200
   0.0001085000    0.0004226800   -0.0003837700
  -0.0000233700    0.0000068700   -0.0002509800
   0.0000142700   -0.0003214700    0.0002223100
  -0.0000844300    0.0000166000   -0.0001551800
   0.0001195300   -0.0003797200    0.0001935100
   0.0002624400    0.0001241200    0.0002139100
   0.0001718000   -0.0001106900   -0.0002906700
   0.0002592100    0.0002630600    0.0001835900
  -0.0003573900    0.0000533700    0.0002028400
   0.0000256700    0.0001701100   -0.0006444900
   0.0000391300   -0.0002739800   -0.0003315100
  -0.0000350400   -0.0002541600    0.0009211600
  -0.0000303900    0.0001523700   -0.0006130900
  -0.0008635500   -0.0002773000    0.0000362200
  -0.0002405900    0.0001310100    0.0002092700
   0.0010293000   -0.0010745300   -0.0005975000
   0.0000564800   -0.0000035600   -0.0002480900
   0.0006144800   -0.0004652500    0.0009084100
  -0.0004575300   -0.0007920000   -0.0002043300
  -0.0004258000   -0.0001578000   -0.0003792200
   0.0001930600    0.0003102500   -0.0001959500
  -0.0000005700   -0.0000618500   -0.0002527100
   0.0006761900    0.0000531500   -0.0003918800
  -0.0001176900   -0.0002013100    0.0006401700
   0.0018288500    0.0034071800    0.0008782500
  -0.0140254800    0.1104906800    0.0003206800
  -0.0004093900    0.0035198100    0.0000894200
   0.0001084000   -0.0009956600   -0.0012331600
   0.0004638600   -0.0002837800    0.0000311500
  -0.0025167600   -0.0054246700   -0.0011211100
  -0.0017778600   -0.0054376900   -0.0023824800
  -0.0005970300   -0.0007138200    0.0001598800
  -0.0026615100   -0.0014138400    0.0043032500
  -0.0003538900   -0.0001150300    0.0009143200
  -0.0000746500    0.0001157800    0.0009331400
   0.0001113700   -0.0001422300   -0.0002941200
  -0.0003577700   -0.0000753800    0.0011638600
   0.0011839100    0.0002547900   -0.0002714500
   0.0004873400    0.0012487700   -0.0001168300
   0.0001586500   -0.0001031900    0.0009146600
   0.0006531600   -0.0010414600   -0.0002221400
  -0.0000953900   -0.0001064000    0.0009669100
  -0.0006361700   -0.0001689200    0.0002677500
  -0.0006503900    0.0006901900   -0.0001210600
  -0.0014389100    0.0004791000    0.0004814500
  -0.0006178300   -0.0005151600   -0.0001021400
  -0.0003960100    0.0010602900    0.0002497000
   0.0003960100    0.0026736900   -0.0009399100
   0.0048747400   -0.0029435100   -0.0007525300
   0.0001113400    0.0000875400   -0.0002906000
   0.0001410300   -0.0000726100    0.0013382100
  -0.0006144800    0.0007282000   -0.0004268300
  -0.0014102300   -0.0001112800   -0.0001437600
   0.0004390800    0.0002722700    0.0004480700
   0.0013024100    0.0006963700   -0.0000341100
  -0.0005902700    0.0008510000   -0.0006165500
   0.0005430600   -0.0012598300    0.0003368200
   0.0000802400    0.0000924000   -0.0005850100
  -0.0004788000    0.0000339200   -0.0002486700
   0.0000666200   -0.0001413800   -0.0005778400
   0.0002983100    0.0003791800   -0.0002494200
   0.0005403200    0.0004194700   -0.0004374800
  -0.0001675600   -0.0002918400    0.0002988800
   0.0000285400   -0.0000130700    0.0018789300
   0.0000083800   -0.0000151500   -0.0033233800
  -0.0001938300   -0.0007581400   -0.0000226000
   0.0009740600   -0.0000796000   -0.0004077200
   0.0000771800    0.0000461800    0.0006922000
   0.0008302100   -0.0010716200   -0.0004215200
  -0.0000739300    0.0000087400    0.0006752700
   0.0005126200    0.0012197600   -0.0004206800
  -0.0005292600    0.0005297300   -0.0000160700
  -0.0005295300   -0.0008150900   -0.0004079300
  -0.0006341900    0.0002472400   -0.0004752400
   0.0003391800   -0.0000362500    0.0002968900
   0.0010624000    0.0000630700   -0.0006310800
  -0.0006180100   -0.0000777700    0.0000314900
   0.0003653800   -0.0005119100    0.0003745300
  -0.0011283600   -0.0007016600    0.0001432400
   0.0000346700   -0.0000990600    0.0006784300
  -0.0003333200    0.0004822000    0.0004469700
   0.0007406100   -0.0003908100   -0.0001633900
   0.0034589300   -0.0042504400    0.0003522300
   0.0038985100    0.0000380000    0.0024627400
  -0.0004157300    0.0012845600    0.0013999400
  -0.0024500500    0.0007868400   -0.0018335800
   0.0002785100   -0.0002833700    0.0009183800
  -0.0001248100   -0.0000065000   -0.0005763400
   0.0002103500   -0.0004678200   -0.0002506700
  -0.0004395000   -0.0009681100   -0.0006052800
   0.0001085200    0.0003446800    0.0009197500
  -0.0000101300    0.0013161700    0.0001421300
   0.0002711500    0.0005542700    0.0000313100
   0.0007500900    0.0001821900   -0.0000281800
  -0.0004087700    0.0008500300   -0.0004092800
   0.0001330700   -0.0006872500   -0.0004104600
  -0.0001393500    0.0002729300    0.0002982200
   0.0011758700   -0.0006711900    0.0001806800
   0.0003743500   -0.0005286700    0.0000303700
  -0.0013112500   -0.0002021400   -0.0004224400
  -0.0003260700   -0.0000423500    0.0000677800

39   
  0.0000000000000000   0.0000000000000000   0.0100000000000000
  -0.0006575100    0.0000470700   -0.0001634500
  -0.0006595700   -0.0005385700    0.0026010900
  -0.0001326000   -0.0001197800   -0.0005795800
   0.0001762200   -0.0000518700   -0.0006006000
   0.0227404000    0.0215712800    0.0447982600
  -0.0305500700    0.0091527000    0.0457200300
   0.0000076500    0.0000034900   -0.0000148100
   0.0001458400   -0.0001024200   -0.0006173600
  -0.0001565100   -0.0000750100   -0.0006473000
  -0.0000105400    0.0006278200    0.0019749600
   0.0003386000   -0.0003036700   -0.0003768300
   0.0073683000   -0.0312936000    0.0456823300
   0.0002755900   -0.0000871400   -0.0002994200
   0.0001016600    0.0004478600   -0.0003581700
  -0.0000309300    0.0000391300   -0.0002377400
   0.0000426500   -0.0003136200    0.0001881400
  -0.0001059400   -0.0001316700   -0.0001179600
   0.0001132200   -0.0003430700    0.0002111900
   0.0002504100    0.0001420500    0.0002297000
   0.0000977500   -0.0000445600   -0.0003148600
   0.0002466000    0.0002706200    0.0002111100
  -0.0003568800    0.0001353500    0.0002200000
   0.0000236200    0.0001905700   -0.0006353900
   0.0000301800   -0.0001825400   -0.0003715400
   0.0002567900   -0.0001428700    0.0014118800
  -0.0000404400    0.0001757100   -0.0005794200
  -0.0000592900    0.0000670600    0.0008825900
  -0.0002440900    0.0001432900    0.0002214000
   0.0001631200   -0.0004557800    0.0007714300
   0.0000395100    0.0000142300   -0.0002458300
   0.0003624500   -0.0002703500    0.0013275000
   0.0000415500   -0.0000145100    0.0012380500
  -0.0004408200   -0.0001320700   -0.0003654200
   0.0002305400    0.0004940000   -0.0002165700
  -0.0000532100   -0.0000584500   -0.0002076900
  -0.0002353000    0.0000880900    0.0005919800
  -0.0000483700   -0.0002149200    0.0003637000
   0.0005077800   -0.0001910900    0.0022710900
   0.0000784700    0.0009599500   -0.1414980900
  -0.0003812800    0.0005929100    0.0184207600
  -0.0009804800    0.0019231700    0.0000244300
   0.0004230000   -0.0003333400   -0.0002548000
  -0.0005003300   -0.0002662100   -0.0039042400
  -0.0000481200    0.0010587700   -0.0069336700
  -0.0003058700   -0.0006152600    0.0002945100
  -0.0018178000   -0.0011476400    0.0025458800
  -0.0003633300   -0.0000947000    0.0009277500
  -0.0000338100    0.0000672400    0.0009832800
   0.0001512100    0.0000013300   -0.0005459900
  -0.0003943600    0.0000689500    0.0008974400
   0.0010782500    0.0001990300   -0.0002744100
   0.0004607000    0.0012257600   -0.0001576700
   0.0000503100   -0.0000242500    0.0006804600
   0.0008089300   -0.0011302600   -0.0001571900
  -0.0001156800   -0.0000721600    0.0006637500
  -0.0006673700   -0.0000177700    0.0000259300
  -0.0006189400    0.0006995200   -0.0004727500
  -0.0012947100    0.0004443600    0.0004699200
  -0.0005968400   -0.0004208300   -0.0003998200
   0.0018972500    0.0001381600   -0.0040808400
  -0.0016040400   -0.0011709400    0.0005669400
   0.0011926400    0.0001713300   -0.0037029000
   0.0000555600    0.0000655700   -0.0002485000
   0.0001929200   -0.0002863800    0.0012187900
  -0.0006193200    0.0008277200   -0.0006071900
  -0.0013436900   -0.0001573100   -0.0004559800
   0.0002631300    0.0000982000    0.0005304500
   0.0008892700    0.0029856900    0.0007273500
  -0.0005932700    0.0008694000   -0.0005991300
   0.0002085400   -0.0012785000    0.0004664600
   0.0000740900    0.0001231700   -0.0005598800
  -0.0004894600    0.0000557100   -0.0002358700
   0.0000498100   -0.0001183400   -0.0005545400
   0.0002891000    0.0004005400   -0.0002349500
   0.0005403300    0.0004489100   -0.0004064200
  -0.0001770000   -0.0002712500    0.0003138100
  -0.0000086200    0.0000017900    0.0019343500
  -0.0000013300    0.0000030900   -0.0033103300
  -0.0001441900   -0.0007593100    0.0001215200
   0.0009611000   -0.0000669000   -0.0003643600
   0.0000590200    0.0000530800    0.0006902200
   0.0008193900   -0.0010487400   -0.0004068600
  -0.0000842500    0.0000239500    0.0006886100
   0.0005040400    0.0012411400   -0.0004042800
  -0.0005406400    0.0005493400   -0.0000069800
  -0.0005390700   -0.0007956500   -0.0003936600
  -0.0006307000    0.0002604700   -0.0004238000
   0.0003285500   -0.0000104900    0.0003098900
   0.0010462100    0.0000794700   -0.0006305700
  -0.0006263900   -0.0000562400    0.0000492500
   0.0003353300   -0.0005089400    0.0000035100
  -0.0011476800   -0.0006808700    0.0001620300
   0.0000169100   -0.0000927500    0.0006864200
  -0.0002429600    0.0001011600    0.0005282500
   0.0007009100   -0.0003581300   -0.0004144900
  -0.0005979300    0.0000056600   -0.0041095500
   0.0028465100   -0.0002428500    0.0005717600
  -0.0005674800   -0.0001375400   -0.0027390900
   0.0015805400   -0.0020278100    0.0000301000
   0.0002676600   -0.0002634300    0.0009351000
  -0.0001262500    0.0000141500   -0.0005609200
   0.0002000500   -0.0004459400   -0.0002398300
  -0.0004370500   -0.0009569800   -0.0005992900
   0.0000987800    0.0003657500    0.0009324000
  -0.0000231200    0.0013350000    0.0001622700
   0.0002616700    0.0005744400    0.0000442100
   0.0007488000    0.0002021500   -0.0000149500
  -0.0004172200    0.0008720500   -0.0003964400
   0.0001154400   -0.0006770000   -0.0004187800
  -0.0001481000    0.0002952000    0.0003134900
   0.0011710900   -0.0006298000    0.0001547400
   0.0003654400   -0.0005115100    0.0000484300
  -0.0013230300   -0.0001797500   -0.0004068900
  -0.0003575300   -0.0000902900    0.0000348900

39   
  0.0000000000000000   0.0000000000000000  -0.0100000000000000
  -0.0002542100    0.0000334600   -0.0001073100
  -0.0000476500    0.0001473300   -0.0018792500
  -0.0001317600   -0.0001230500   -0.0006016600
   0.0001798100   -0.0000618200   -0.0005796800
  -0.0239116400   -0.0221134100   -0.0462150600
   0.0314766300   -0.0089904700   -0.0456184500
  -0.0000004900   -0.0000015300   -0.0000227100
   0.0001582200   -0.0001016300   -0.0006615900
  -0.0001649600   -0.0000790400   -0.0006313200
   0.0003041000   -0.0003387500   -0.0026265500
   0.0003426900   -0.0003136200   -0.0003643900
  -0.0075961400    0.0331673700   -0.0457433800
   0.0001039800    0.0002750100   -0.0002817300
   0.0001035900    0.0004499500   -0.0003824800
  -0.0000289300    0.0000200800   -0.0002460500
  -0.0000413700   -0.0002614700    0.0002662600
   0.0000680400    0.0000407500    0.0000640000
   0.0001175800   -0.0003683000    0.0001892900
   0.0002584700    0.0001478100    0.0002247100
  -0.0001178100   -0.0003754100   -0.0002664900
   0.0002594500    0.0002845600    0.0001896700
  -0.0003656900    0.0000226500    0.0001795700
   0.0000056300    0.0001707600   -0.0006429100
   0.0000344900   -0.0002026100   -0.0002788300
   0.0002182700    0.0000730300   -0.0005096300
  -0.0000323400    0.0001868800   -0.0006016300
   0.0000530100    0.0000328800   -0.0009430300
  -0.0002480400    0.0001505300    0.0002324700
   0.0002643600   -0.0004074100   -0.0010499400
   0.0000533700    0.0000171800   -0.0002368400
   0.0003102300   -0.0000962700   -0.0006111100
  -0.0000463000   -0.0000205600   -0.0005423100
  -0.0004300800   -0.0001449200   -0.0003752600
   0.0003033400    0.0002589800   -0.0000519300
   0.0000487400   -0.0000293500   -0.0002766500
  -0.0001661300    0.0000405000   -0.0012474900
  -0.0002776000   -0.0001592000    0.0005501500
  -0.0003599900    0.0001859400   -0.0023281900
  -0.0007969700   -0.0018428500    0.1445201200
   0.0002034900    0.0008799800   -0.0190619400
   0.0007697200   -0.0020069800   -0.0006298300
   0.0003412400   -0.0002571500    0.0003482100
   0.0006415700    0.0012390900    0.0040283800
   0.0000457600   -0.0010674700    0.0009864600
  -0.0004396300   -0.0006571000    0.0001830300
   0.0018042300    0.0011412700    0.0019106100
  -0.0003570200   -0.0000997600    0.0009219500
   0.0000195400    0.0001831400    0.0008820800
   0.0000440400   -0.0001287100   -0.0000464100
  -0.0004134900   -0.0000486100    0.0015438300
   0.0010047800    0.0000670600   -0.0003827600
   0.0007002600    0.0011733300   -0.0001468900
   0.0001785600   -0.0000829900    0.0011930100
   0.0006939200   -0.0010702600   -0.0001416200
  -0.0000878000   -0.0000648100    0.0012058700
  -0.0005744800   -0.0001355400    0.0006349100
  -0.0007339900    0.0006659000    0.0001882600
  -0.0011981400    0.0003338200    0.0003658100
  -0.0005705100   -0.0004709700    0.0001254900
  -0.0000399800    0.0003522900    0.0038314100
   0.0008729200    0.0024446200   -0.0000971300
  -0.0007026600    0.0010023300    0.0044031500
  -0.0000368700    0.0001680100   -0.0003540000
   0.0002015800   -0.0004242800    0.0012264500
  -0.0006418900    0.0008368100   -0.0000514700
  -0.0013091500   -0.0000344300    0.0001595000
   0.0003904400    0.0001798200    0.0005394500
   0.0010433800   -0.0011908800    0.0000995800
  -0.0005993100    0.0008613000   -0.0006161400
   0.0003729200   -0.0012743600    0.0003672100
   0.0000799800    0.0001002900   -0.0005864900
  -0.0004852100    0.0000499200   -0.0002489700
   0.0000707100   -0.0001223900   -0.0005926900
   0.0002932000    0.0003958400   -0.0002488200
   0.0005270100    0.0004290200   -0.0004380500
  -0.0001722300   -0.0002745500    0.0002983000
   0.0000126300    0.0000015400    0.0019473200
   0.0000047700   -0.0000005000   -0.0033192900
  -0.0002562700   -0.0007173300   -0.0001547300
   0.0009662400   -0.0000723300   -0.0004350900
   0.0000727900    0.0000701500    0.0006706400
   0.0008251000   -0.0010555600   -0.0004199100
  -0.0000777800    0.0000279300    0.0006718400
   0.0005071700    0.0012346200   -0.0004217600
  -0.0005298100    0.0005414700   -0.0000241000
  -0.0005363300   -0.0007976200   -0.0004050700
  -0.0006522600    0.0002234100   -0.0004170800
   0.0003311100   -0.0000186700    0.0003001900
   0.0010566700    0.0000953500   -0.0005801600
  -0.0006230400   -0.0000615400    0.0000286600
   0.0004296200   -0.0004967700    0.0006604200
  -0.0011351100   -0.0006892700    0.0001401100
   0.0000295500   -0.0000753500    0.0006746400
  -0.0003127800    0.0003152100    0.0005345600
   0.0006715300   -0.0002143100    0.0001480500
   0.0001098500   -0.0018674400    0.0038567700
  -0.0013428300    0.0002348600   -0.0000963900
   0.0010076900    0.0008309800    0.0052198500
  -0.0023700200    0.0000869200   -0.0006965300
   0.0002721700   -0.0002668100    0.0009189700
  -0.0001341000    0.0000064000   -0.0005830700
   0.0002058400   -0.0004526400   -0.0002472900
  -0.0004540500   -0.0009469200   -0.0006153500
   0.0001033000    0.0003611700    0.0009214800
  -0.0000157100    0.0013319500    0.0001393900
   0.0002658500    0.0005702400    0.0000342900
   0.0007415800    0.0001892200   -0.0000128500
  -0.0004148800    0.0008647200   -0.0004066100
   0.0001161500   -0.0006804500   -0.0004221500
  -0.0001466000    0.0002873100    0.0002969400
   0.0011650700   -0.0006630100    0.0001469800
   0.0003708600   -0.0005121800    0.0000302900
  -0.0013164600   -0.0001853800   -0.0004212800
  -0.0005302900   -0.0002659300    0.0000451900

40   
  0.0080295506854697   0.0059603956067927   0.0000000000000000
  -0.0006393300    0.0001664800   -0.0001124700
   0.0007579100    0.0015421600    0.0026638700
  -0.0001252800   -0.0001161300   -0.0006474500
   0.0001817100   -0.0000519200   -0.0005957100
   0.0376151300    0.0332291900   -0.0347699200
   0.0339636200    0.0037301000    0.0224890500
   0.0000052100   -0.0000014400   -0.0000282200
   0.0001385200   -0.0000600600   -0.0005744100
  -0.0001579900   -0.0000847900   -0.0006337900
  -0.0036721800   -0.0000406900   -0.0012707900
   0.0003654100   -0.0003304400   -0.0003729600
   0.0099569500    0.0228352300    0.0141158000
   0.0002542400    0.0000940400   -0.0004420300
   0.0000441900    0.0004243200   -0.0004251000
  -0.0000586800    0.0000150500   -0.0002295700
   0.0000712500   -0.0002305500    0.0003538600
   0.0000729900   -0.0001053900    0.0000657000
   0.0001151200   -0.0003752400    0.0002619000
   0.0002427100    0.0001594100    0.0002374300
  -0.0001862500   -0.0003417900   -0.0001317600
   0.0002406400    0.0002690300    0.0001628100
  -0.0002885200    0.0000644400    0.0005683700
   0.0000171000    0.0002216300   -0.0006038900
   0.0000627800   -0.0001659200   -0.0003184600
   0.0009072100   -0.0006440800    0.0004612000
  -0.0000918500    0.0001482200   -0.0005806900
   0.0008929100   -0.0000233400    0.0004694200
  -0.0002040200    0.0001198200    0.0002246100
  -0.0001577200    0.0002482800    0.0000040600
   0.0000438200    0.0000028600   -0.0002477700
   0.0004937300    0.0007867100    0.0007648200
   0.0003569700   -0.0000642800   -0.0001627600
  -0.0004001600   -0.0001345400   -0.0003273100
   0.0002378400    0.0003882900   -0.0003156700
  -0.0001297500   -0.0000990500   -0.0005380400
  -0.0000313400    0.0004620200   -0.0008663600
  -0.0001805300   -0.0003311200    0.0006021100
   0.0002597500   -0.0034081700   -0.0014655200
  -0.0023023700   -0.0020303000    0.0001735500
  -0.0905743400   -0.0636780000   -0.0036025000
   0.0009897100    0.0050883100   -0.0007435300
   0.0002232100   -0.0001069000    0.0001077100
  -0.0015208000    0.0032195200   -0.0021476600
   0.0000592200    0.0004086700   -0.0025579100
  -0.0003300800   -0.0007299300    0.0002301400
   0.0007081300    0.0057784600    0.0033041600
  -0.0003750000   -0.0000840300    0.0009336300
   0.0000652100    0.0001521200    0.0009633300
  -0.0001315900   -0.0002796700   -0.0002137900
  -0.0004367900    0.0000988100    0.0012058200
   0.0009573000    0.0001848600   -0.0003200200
   0.0006372500    0.0012140700   -0.0001641800
  -0.0000774300   -0.0000190100    0.0008960000
   0.0008123700   -0.0010943000   -0.0002000100
  -0.0003052000   -0.0000484800    0.0010287600
  -0.0004646900   -0.0002489800    0.0003863700
  -0.0006359600    0.0006163200   -0.0001516000
  -0.0012741900    0.0003987900    0.0004182100
  -0.0008284400   -0.0006731800   -0.0002563000
   0.0016797200    0.0009045500    0.0008067800
   0.0061873300    0.0014938700    0.0014131200
  -0.0003442600   -0.0022180500    0.0019053100
   0.0000181700    0.0000774300   -0.0003253100
   0.0002212000   -0.0003357000    0.0012028600
  -0.0006255200    0.0007029100   -0.0002899400
  -0.0013234200   -0.0003289800   -0.0002058100
   0.0004066800    0.0001878200    0.0006159100
   0.0004796800   -0.0002350000    0.0001860800
  -0.0005881600    0.0008603200   -0.0005831700
   0.0003296600   -0.0012042200    0.0004530900
   0.0000865300    0.0001082700   -0.0005565700
  -0.0004828900    0.0000508600   -0.0002351300
   0.0000597900   -0.0001306500   -0.0005728500
   0.0002964500    0.0003978700   -0.0002385300
   0.0005280300    0.0004463300   -0.0004191100
  -0.0001718000   -0.0002735900    0.0003192900
  -0.0000119600    0.0000441300    0.0019040700
   0.0000031000   -0.0000073600   -0.0033096400
  -0.0006324900   -0.0015683400    0.0012345100
   0.0009709300   -0.0000708500   -0.0003585900
   0.0001000100    0.0000966700    0.0007187000
   0.0008329200   -0.0010754100   -0.0004003800
  -0.0000709700    0.0000292200    0.0006760800
   0.0005075000    0.0012342500   -0.0004068900
  -0.0005283500    0.0005512500    0.0000012500
  -0.0005360500   -0.0007963800   -0.0003945800
  -0.0006517600    0.0002478400   -0.0005036300
   0.0003202800   -0.0000066000    0.0002912000
   0.0011297300    0.0000362800   -0.0005955600
  -0.0006262400   -0.0000550100    0.0000468400
   0.0001956900   -0.0004642900    0.0002783700
  -0.0011454700   -0.0006853000    0.0001499600
   0.0000229000   -0.0000744100    0.0006546400
  -0.0002742400    0.0002569800    0.0005553100
   0.0006747000   -0.0004252300   -0.0001770600
  -0.0024655200   -0.0013017200    0.0010207400
   0.0007200700   -0.0016878100   -0.0001355500
   0.0026807600   -0.0012499400   -0.0008584900
   0.0054114500    0.0001873300   -0.0008130900
   0.0002692300   -0.0002666900    0.0009368300
  -0.0000983700    0.0000208300   -0.0005776300
   0.0002000800   -0.0004564700   -0.0002391100
  -0.0004477300   -0.0009450400   -0.0005921000
   0.0001052400    0.0003536700    0.0009327100
  -0.0000071200    0.0013469300    0.0001436400
   0.0002637500    0.0005696800    0.0000382600
   0.0007725600    0.0001959200   -0.0000135500
  -0.0004208200    0.0008614200   -0.0003929900
   0.0002029700   -0.0007402000   -0.0005643200
  -0.0001434600    0.0002949900    0.0003130500
   0.0010856300   -0.0006178900    0.0001805900
   0.0003703300   -0.0005216000    0.0000482100
  -0.0013163900   -0.0001877000   -0.0004102900
  -0.0003897000   -0.0000926700    0.0000679800

40   
 -0.0080295506854697  -0.0059603956067927   0.0000000000000000
  -0.0002716100   -0.0000852300   -0.0001552400
  -0.0013895500   -0.0018566600   -0.0019216100
  -0.0001350300   -0.0001172500   -0.0005354300
   0.0001788600   -0.0000550500   -0.0005856500
  -0.0390547500   -0.0340178700    0.0356377700
  -0.0336968500   -0.0033349800   -0.0210991600
   0.0000073300    0.0000086900   -0.0000107300
   0.0001680700   -0.0001386900   -0.0007053800
  -0.0001576500   -0.0000624400   -0.0006460400
   0.0040066900    0.0002478200    0.0006152400
   0.0003204100   -0.0002809300   -0.0003688700
  -0.0099187200   -0.0219592800   -0.0132169300
   0.0001376100    0.0000970600   -0.0001369700
   0.0001675900    0.0004802300   -0.0003158300
   0.0000033500    0.0000509400   -0.0002544300
  -0.0000646200   -0.0003395300    0.0000963500
  -0.0001122900    0.0000203800   -0.0001177600
   0.0001215600   -0.0003304500    0.0001392100
   0.0002707400    0.0001352700    0.0002168800
   0.0001698700   -0.0000675700   -0.0004465500
   0.0002709300    0.0002913000    0.0002370500
  -0.0004285400    0.0001006600   -0.0001707500
   0.0000185900    0.0001453600   -0.0006748800
   0.0000074400   -0.0002127000   -0.0003269800
  -0.0003985600    0.0005448300    0.0004575000
   0.0000246800    0.0002209500   -0.0006013900
  -0.0009008200    0.0001273700   -0.0005189600
  -0.0002837600    0.0001806000    0.0002276900
   0.0005590000   -0.0010714500   -0.0002685900
   0.0000532000    0.0000348100   -0.0002359800
   0.0001826200   -0.0011609800   -0.0000330500
  -0.0003637900    0.0000593900    0.0008637900
  -0.0004656500   -0.0001349600   -0.0004135500
   0.0003002000    0.0003786500    0.0000462400
   0.0001306100    0.0000172200    0.0000594600
  -0.0003492500   -0.0003397200    0.0002151300
  -0.0001396700   -0.0000444100    0.0003133900
  -0.0001896800    0.0034570300    0.0014088800
   0.0022310800    0.0013417000    0.0008048000
   0.0899413400    0.0654542000    0.0005613600
  -0.0011983500   -0.0052885900    0.0001685200
   0.0005470800   -0.0004814900   -0.0000267300
   0.0016995700   -0.0023053400    0.0022590300
  -0.0000944900   -0.0004102700   -0.0034472700
  -0.0004106100   -0.0005377800    0.0002493000
  -0.0006999500   -0.0056835900    0.0011659300
  -0.0003412400   -0.0001032100    0.0009161200
  -0.0000730000    0.0001000200    0.0009027400
   0.0003395300    0.0001639600   -0.0003803800
  -0.0003624600   -0.0000739900    0.0012234200
   0.0011295900    0.0000864000   -0.0003311800
   0.0005310000    0.0011906800   -0.0001373100
   0.0003072300   -0.0000808900    0.0009697000
   0.0006940300   -0.0010992000   -0.0000991700
   0.0001100900   -0.0000854600    0.0008384600
  -0.0007766900    0.0001028100    0.0002672900
  -0.0007131700    0.0007582000   -0.0001412700
  -0.0012152800    0.0003850700    0.0004238200
  -0.0003418600   -0.0002196200   -0.0000203400
   0.0001817200   -0.0004489000   -0.0011084700
  -0.0067722600   -0.0001872900   -0.0009180700
   0.0008298400    0.0033271000   -0.0012387100
   0.0000045000    0.0001602300   -0.0002691400
   0.0001790600   -0.0003682400    0.0012374300
  -0.0006325700    0.0009715200   -0.0003663000
  -0.0013219400    0.0001404200   -0.0000986200
   0.0002540100    0.0001004400    0.0004521300
   0.0014283200    0.0020393900    0.0006394300
  -0.0006008600    0.0008775400   -0.0006331100
   0.0002545700   -0.0013391200    0.0003799100
   0.0000732400    0.0001202500   -0.0005911400
  -0.0004865000    0.0000599400   -0.0002490900
   0.0000653600   -0.0001043000   -0.0005763400
   0.0002903700    0.0004050100   -0.0002440100
   0.0005438000    0.0004383800   -0.0004263900
  -0.0001727200   -0.0002652700    0.0002932800
   0.0000198900   -0.0000344900    0.0019761500
   0.0000055100    0.0000159200   -0.0033205700
   0.0002555500    0.0001012600   -0.0012425500
   0.0009614700   -0.0000619600   -0.0004397500
   0.0000365600    0.0000330700    0.0006412800
   0.0008164700   -0.0010225700   -0.0004280000
  -0.0000869700    0.0000284700    0.0006839800
   0.0005081300    0.0012472200   -0.0004195300
  -0.0005369700    0.0005475400   -0.0000327100
  -0.0005342600   -0.0007892100   -0.0004047200
  -0.0006264800    0.0002405900   -0.0003374400
   0.0003430600   -0.0000175000    0.0003191200
   0.0009781600    0.0001440000   -0.0006180100
  -0.0006183100   -0.0000561600    0.0000301400
   0.0005727100   -0.0005299500    0.0003770800
  -0.0011319200   -0.0006780200    0.0001517800
   0.0000297700   -0.0000880700    0.0007060000
  -0.0002774800    0.0001696700    0.0005057700
   0.0007029800   -0.0001433600   -0.0000950000
   0.0019415300   -0.0005532800   -0.0013177300
   0.0008047500    0.0016629900    0.0006045200
  -0.0022779000    0.0019679600    0.0033262300
  -0.0063494600   -0.0021298600    0.0001763900
   0.0002744800   -0.0002567100    0.0009172500
  -0.0001568200    0.0000059400   -0.0005667500
   0.0002114400   -0.0004354800   -0.0002484400
  -0.0004386700   -0.0009532800   -0.0006241200
   0.0001015100    0.0003784900    0.0009221900
  -0.0000262700    0.0013266000    0.0001575800
   0.0002694600    0.0005818900    0.0000400000
   0.0007232300    0.0002007300   -0.0000151700
  -0.0004060400    0.0008807000   -0.0004102200
   0.0000371900   -0.0006123800   -0.0002832300
  -0.0001452200    0.0002935800    0.0002970400
   0.0012570800   -0.0006681400    0.0001215000
   0.0003704600   -0.0004963200    0.0000300600
  -0.0013168700   -0.0001718500   -0.0004178300
  -0.0004916900   -0.0002571800    0.0000142100

40   
 -0.0011470786693528   0.0099339926779878   0.0000000000000000
  -0.0004530700    0.0000773300    0.0000493200
   0.0027136100   -0.0017486800    0.0017264900
  -0.0001015600   -0.0000827100   -0.0006177800
   0.0001616800   -0.0000423100   -0.0005821900
   0.0131815300    0.0304784800   -0.0211952500
  -0.0158308600    0.0208998700   -0.0141589100
  -0.0000195400    0.0000055000   -0.0000144100
   0.0001554100   -0.0001039600   -0.0005734900
  -0.0001668800   -0.0000651600   -0.0006233000
  -0.0007544100    0.0019528900   -0.0025981400
   0.0003497900   -0.0003140500   -0.0003545200
  -0.0096149400    0.0493858000    0.0359381000
   0.0002211900   -0.0001240700   -0.0004276700
   0.0000688500    0.0004428100   -0.0003695000
  -0.0000607800    0.0000249100   -0.0002401900
  -0.0000136300   -0.0001798300    0.0000562100
   0.0000726300   -0.0001285500   -0.0001361600
   0.0001149700   -0.0003873600    0.0002487100
   0.0002365300    0.0001473900    0.0002361200
  -0.0002180200   -0.0002893600   -0.0002804700
   0.0001718600    0.0003022400    0.0001268800
  -0.0003080500   -0.0000086000    0.0005807800
  -0.0000259000    0.0002023000   -0.0006389400
   0.0000140200   -0.0001410700   -0.0003170600
   0.0005152200    0.0002167000    0.0009772900
  -0.0000784200    0.0001305000   -0.0005882600
   0.0007995600    0.0003482300   -0.0000127300
  -0.0001967400    0.0001795600    0.0001962900
  -0.0006089200    0.0001778300   -0.0005032400
   0.0000399800    0.0000144600   -0.0002375100
   0.0000172300    0.0001952300    0.0009168500
   0.0004404400    0.0007607800   -0.0001271700
  -0.0004380000   -0.0001265000   -0.0003561200
   0.0003490300    0.0004437600   -0.0002066900
  -0.0000286800   -0.0000047900   -0.0005094300
  -0.0009222000    0.0000633800   -0.0004786700
  -0.0001948600   -0.0002028000    0.0006703600
  -0.0017392300   -0.0033267200    0.0008209700
   0.0002957000   -0.0031466300    0.0003859100
   0.0147366300   -0.1102476800    0.0000034200
   0.0024117600    0.0056774000   -0.0011840900
   0.0002775200   -0.0002799700    0.0000560100
  -0.0001568200    0.0015277300   -0.0008773100
   0.0025483800    0.0012800300   -0.0009642400
  -0.0004089600   -0.0006694000    0.0002784700
   0.0020040400    0.0060417400    0.0031189500
  -0.0003698900   -0.0000875100    0.0009444400
   0.0000735800    0.0001225800    0.0009548000
  -0.0000317100   -0.0002107300   -0.0002404600
  -0.0005383400   -0.0001342600    0.0012808400
   0.0009812200    0.0002099200   -0.0003526400
   0.0005268300    0.0012369000   -0.0001600500
   0.0002080300   -0.0001176900    0.0009739900
   0.0007252300   -0.0010496600   -0.0001269300
  -0.0000257700   -0.0001137700    0.0009257000
  -0.0004386600   -0.0001778600    0.0003972100
  -0.0004540300    0.0007389400   -0.0002074800
  -0.0012417900    0.0004705900    0.0004099600
  -0.0007137600   -0.0006086300   -0.0001969400
   0.0001388700   -0.0019115200   -0.0013509900
   0.0009278700   -0.0002597000    0.0006894900
  -0.0001008100    0.0008329200   -0.0001380600
  -0.0000640800    0.0000916900   -0.0002978500
   0.0001816200   -0.0002627000    0.0011589500
  -0.0005767300    0.0005247900   -0.0002032900
  -0.0012562000   -0.0000919200   -0.0001349400
   0.0003636600    0.0002133200    0.0005878900
  -0.0037474200    0.0044604100   -0.0006262400
  -0.0006123800    0.0008663300   -0.0005817500
   0.0003106000   -0.0012826800    0.0004568900
   0.0000605600    0.0001262200   -0.0005533000
  -0.0004922800    0.0000577300   -0.0002280300
   0.0000442900   -0.0001207300   -0.0005675200
   0.0002884200    0.0004010200   -0.0002378100
   0.0005467000    0.0004471200   -0.0004032600
  -0.0001838400   -0.0002641100    0.0003267500
   0.0000710700    0.0000779300    0.0017767200
  -0.0000331200    0.0000002200   -0.0033167300
  -0.0005054000   -0.0016435000   -0.0012611000
   0.0009543000   -0.0000580800   -0.0004307800
   0.0000607900    0.0000808600    0.0007059700
   0.0008053900   -0.0010483700   -0.0004066700
  -0.0000814900    0.0000329300    0.0006796600
   0.0004920700    0.0012434900   -0.0004035200
  -0.0005488800    0.0005745900    0.0000040400
  -0.0005473000   -0.0007914200   -0.0003822500
  -0.0007304200    0.0003313800   -0.0004894400
   0.0003291400   -0.0000132200    0.0003100300
   0.0010426400    0.0000641400   -0.0005981800
  -0.0006344200   -0.0000478200    0.0000523200
   0.0001225500   -0.0005322900    0.0002695600
  -0.0011516100   -0.0006793400    0.0001586400
   0.0000184000   -0.0000610300    0.0006709300
  -0.0003200400    0.0002969000    0.0005376200
   0.0007511600   -0.0006044500   -0.0001922800
  -0.0035399300   -0.0010258400    0.0019687300
  -0.0034191600    0.0036105400    0.0007480500
   0.0022519100   -0.0013784400   -0.0003964400
   0.0003038300   -0.0018947800    0.0000142800
   0.0002547400   -0.0002598600    0.0009351500
  -0.0001470200    0.0000252000   -0.0005826500
   0.0001946700   -0.0004519900   -0.0002395400
  -0.0004611400   -0.0009257200   -0.0006009200
   0.0000906100    0.0003660900    0.0009337900
  -0.0000256200    0.0013550800    0.0001475200
   0.0002541300    0.0005799400    0.0000542700
   0.0007348500    0.0002051500   -0.0000241300
  -0.0004273800    0.0008720000   -0.0003917000
   0.0001904800   -0.0006514600   -0.0003321500
  -0.0001684900    0.0002886700    0.0003163700
   0.0011384100   -0.0006052100    0.0003342400
   0.0003629200   -0.0004991500    0.0000505000
  -0.0013249400   -0.0001830100   -0.0004066600
  -0.0004445800   -0.0001138300    0.0000736900

40   
  0.0011470786693528  -0.0099339926779878   0.0000000000000000
  -0.0004690300    0.0000117000   -0.0003057600
  -0.0033438900    0.0014226400   -0.0009941600
  -0.0001680000   -0.0001420800   -0.0005586700
   0.0001909500   -0.0000555200   -0.0005942800
  -0.0138186600   -0.0305568600    0.0211013400
   0.0157593300   -0.0204585200    0.0152613900
   0.0000242000    0.0000105800   -0.0000186600
   0.0001414600   -0.0000848100   -0.0007013800
  -0.0001579100   -0.0000733400   -0.0006510600
   0.0010716500   -0.0017459200    0.0019804300
   0.0003274600   -0.0002873900   -0.0003821000
   0.0093129200   -0.0472046900   -0.0337798700
   0.0001599900    0.0003246800   -0.0001412200
   0.0001345700    0.0004708900   -0.0003659500
  -0.0000042100    0.0000500100   -0.0002384400
   0.0000119500   -0.0003827900    0.0003983700
  -0.0001207600    0.0000574700    0.0000943800
   0.0001128200   -0.0003090200    0.0001566300
   0.0002697500    0.0001567700    0.0002236100
   0.0001943200   -0.0001101500   -0.0002872900
   0.0003300600    0.0002669600    0.0002782400
  -0.0004169800    0.0001819700   -0.0001701400
   0.0000520000    0.0001742900   -0.0006340200
   0.0000462400   -0.0002258600   -0.0003172300
  -0.0000156200   -0.0002805200   -0.0000583900
   0.0000007800    0.0002475500   -0.0005883000
  -0.0008528800   -0.0002387800   -0.0000217400
  -0.0002989300    0.0001307300    0.0002616700
   0.0010249100   -0.0010207600    0.0002503400
   0.0000488400    0.0000331100   -0.0002401300
   0.0006341000   -0.0005575000   -0.0001852700
  -0.0004494100   -0.0007762500    0.0008451300
  -0.0004367600   -0.0001352400   -0.0003796400
   0.0001803000    0.0003307900   -0.0000497400
   0.0000211000   -0.0000701300    0.0000314000
   0.0005605600    0.0000890200   -0.0001520400
  -0.0001285000   -0.0001582900    0.0002545300
   0.0017893900    0.0033508100   -0.0008751700
  -0.0003754900    0.0024616000    0.0005999800
  -0.0145353300    0.1086678100   -0.0039260000
  -0.0026732700   -0.0058751900    0.0006070600
   0.0004810000   -0.0002990100    0.0000347700
   0.0002621500   -0.0005220100    0.0009578200
  -0.0025201600   -0.0012468800   -0.0049880800
  -0.0003389200   -0.0005867400    0.0002138300
  -0.0019483600   -0.0058906000    0.0013819100
  -0.0003544800   -0.0000907100    0.0009107700
  -0.0000923800    0.0001423300    0.0009204300
   0.0002255300    0.0001032300   -0.0003488500
  -0.0002692700    0.0001689600    0.0011583300
   0.0011010300    0.0000721300   -0.0002946800
   0.0006330900    0.0011795100   -0.0001331300
   0.0000140100    0.0000294000    0.0008980100
   0.0007729300   -0.0011371600   -0.0001624800
  -0.0001791300   -0.0000091800    0.0009499200
  -0.0008092700    0.0000376100    0.0002641600
  -0.0008994000    0.0006442400   -0.0000766700
  -0.0012575000    0.0003224700    0.0004344000
  -0.0004619700   -0.0002698600   -0.0000698900
   0.0017369800    0.0024542300    0.0010664000
  -0.0016901900    0.0015444000   -0.0002174300
   0.0006054400    0.0003902600    0.0007887800
   0.0000792400    0.0001581900   -0.0002913600
   0.0002109100   -0.0004374000    0.0012917000
  -0.0006911500    0.0011647700   -0.0004497300
  -0.0013972200   -0.0000870800   -0.0001603800
   0.0002872200    0.0000810200    0.0004896000
   0.0057513000   -0.0027134700    0.0014732400
  -0.0005847700    0.0008808600   -0.0006254600
   0.0002664600   -0.0012510000    0.0003898500
   0.0000906400    0.0001118200   -0.0005847400
  -0.0004856400    0.0000624300   -0.0002510000
   0.0000726600   -0.0001045500   -0.0005710700
   0.0002901900    0.0004110400   -0.0002404300
   0.0005168600    0.0004458600   -0.0004313300
  -0.0001691600   -0.0002663500    0.0002901300
  -0.0000711600   -0.0000593300    0.0021115200
   0.0000326100    0.0000167500   -0.0033072100
   0.0001099700    0.0001676400    0.0012633800
   0.0009692400   -0.0000651000   -0.0003618500
   0.0000674800    0.0000577200    0.0006625800
   0.0008355300   -0.0010408100   -0.0004148400
  -0.0000852300    0.0000345100    0.0006889700
   0.0005148400    0.0012475800   -0.0004164800
  -0.0005258500    0.0005335500   -0.0000264700
  -0.0005321200   -0.0007849500   -0.0004112200
  -0.0005560400    0.0001663900   -0.0003435400
   0.0003265500   -0.0000016700    0.0003055300
   0.0010573900    0.0001252200   -0.0006040300
  -0.0006187100   -0.0000540400    0.0000303800
   0.0006359500   -0.0004550600    0.0003946200
  -0.0011346400   -0.0006748300    0.0001524300
   0.0000255600   -0.0000920000    0.0006978800
  -0.0002406800    0.0001361900    0.0005359100
   0.0006183200    0.0000404400   -0.0000673000
   0.0029791200   -0.0008166300   -0.0022217300
   0.0048139500   -0.0035423300   -0.0002388200
  -0.0018725200    0.0021254300    0.0028544900
  -0.0010801000   -0.0000124900   -0.0006731900
   0.0002808500   -0.0002540800    0.0009247300
  -0.0001171800    0.0000113600   -0.0005516800
   0.0002077400   -0.0004307400   -0.0002428700
  -0.0004350500   -0.0009633500   -0.0006053400
   0.0001062000    0.0003755500    0.0009260100
  -0.0000160400    0.0013269300    0.0001626900
   0.0002706400    0.0005797900    0.0000297300
   0.0007521600    0.0002007800    0.0000036200
  -0.0004078200    0.0008789700   -0.0004051900
   0.0000386200   -0.0006897300   -0.0005006400
  -0.0001291600    0.0003097300    0.0002993000
   0.0011950400   -0.0006758700   -0.0000305000
   0.0003686400   -0.0005099900    0.0000335800
  -0.0013171800   -0.0001668000   -0.0004145600
  -0.0004496300   -0.0002272100    0.0000149100

40   
  0.0000000000000000   0.0000000000000000   0.0100000000000000
  -0.0002491000    0.0000234500   -0.0001649900
  -0.0000215400    0.0001257000    0.0026895700
  -0.0001703700    0.0000275400   -0.0005103800
   0.0001770200   -0.0000616800   -0.0006078600
  -0.0247356100   -0.0228990300    0.0452827900
   0.0333602400   -0.0099859700    0.0471669800
  -0.0000059700    0.0000189000   -0.0000699200
   0.0000235300   -0.0001240800   -0.0005421000
  -0.0001530600   -0.0000729900   -0.0006567000
   0.0001669700   -0.0003252500    0.0019333100
   0.0003507700   -0.0003001000   -0.0003720600
  -0.0078347900    0.0326963700    0.0466603400
   0.0000708500    0.0003217600   -0.0003277700
   0.0001372000    0.0003725800   -0.0003463200
  -0.0000431600    0.0000407500   -0.0002801800
   0.0003117500   -0.0004396800   -0.0002814800
   0.0000489700    0.0000674200   -0.0001226300
   0.0001887000   -0.0003697200    0.0001806100
   0.0002534500    0.0001541400    0.0002101100
  -0.0001512200   -0.0004011500   -0.0003330300
   0.0002431000    0.0001780000    0.0002390600
  -0.0003557800    0.0002879000    0.0004935300
   0.0000681000    0.0002330600   -0.0006133000
   0.0000262500   -0.0001884200   -0.0003528800
   0.0002862000   -0.0000204900    0.0014417300
  -0.0000632300    0.0002025900   -0.0006145400
   0.0000744300   -0.0000253700    0.0008964900
  -0.0002649400    0.0000817100    0.0002121800
   0.0003301300   -0.0003817200    0.0007744800
   0.0000426900    0.0000220300   -0.0002456700
   0.0002696100   -0.0001446200    0.0013529100
  -0.0000962700   -0.0000737000    0.0013603500
  -0.0003678800   -0.0000818200   -0.0003612000
   0.0002956000    0.0002796200   -0.0002127000
  -0.0001534400   -0.0001343100    0.0001634400
  -0.0002566000   -0.0000412400    0.0006924700
  -0.0003021800   -0.0001580000    0.0003768600
  -0.0003848800    0.0000921700    0.0022631300
  -0.0001458200   -0.0005507500    0.0194523900
  -0.0033109900    0.0021266500   -0.1503717800
   0.0005048200    0.0009416600   -0.0043059500
   0.0003352500   -0.0002200500    0.0000968700
   0.0009142900   -0.0014675000    0.0003378300
   0.0018632300    0.0011777000   -0.0026581900
  -0.0004238000   -0.0006320900   -0.0000890200
   0.0000301100   -0.0009177200   -0.0018752400
  -0.0003956500   -0.0000560500    0.0009188200
  -0.0000019500    0.0001634700    0.0005962300
   0.0000092700   -0.0001404800   -0.0003461300
  -0.0004422000   -0.0000491900    0.0012718400
   0.0010319300    0.0001000600   -0.0006547400
   0.0006585300    0.0011826200   -0.0004285500
   0.0002237500   -0.0000932200    0.0008935200
   0.0007655800   -0.0010842900   -0.0004340000
  -0.0001831700   -0.0000249800    0.0008980100
  -0.0005626700   -0.0001237100    0.0003742300
  -0.0007628800    0.0006702200   -0.0001008300
  -0.0012212100    0.0003720100    0.0000635000
  -0.0005295400   -0.0004107500   -0.0001880400
   0.0021681100    0.0019778700    0.0002117200
  -0.0012287800    0.0008637200   -0.0038110200
   0.0003212800   -0.0015482600    0.0006990800
  -0.0000267900    0.0001255700   -0.0006517800
   0.0001824600   -0.0003496500    0.0009558100
  -0.0006125100    0.0007594600   -0.0003724400
  -0.0013182900   -0.0000143000   -0.0000981800
   0.0003127900    0.0001271500    0.0002441600
   0.0000681300    0.0012958500   -0.0035831300
  -0.0005898400    0.0008645100   -0.0006217400
   0.0003214000   -0.0012438700    0.0000848200
   0.0000574700    0.0001221100   -0.0005617000
  -0.0004886400    0.0000580900   -0.0002356800
   0.0000474300   -0.0001134600   -0.0005870800
   0.0002828100    0.0004032600   -0.0002280700
   0.0005390100    0.0004457600   -0.0004659900
  -0.0001723500   -0.0002600400    0.0003187900
  -0.0001111600   -0.0000791400    0.0017698400
   0.0000162000    0.0000372500   -0.0033328400
   0.0019530900   -0.0016466500    0.0067437600
   0.0009513200   -0.0000607300   -0.0002671800
   0.0000632000    0.0001541200    0.0004836400
   0.0007976200   -0.0010782500   -0.0004418400
  -0.0000822300    0.0000280700    0.0006686100
   0.0004987200    0.0012361300   -0.0004024900
  -0.0005570500    0.0005509900   -0.0000032300
  -0.0005436400   -0.0007810100   -0.0003978500
  -0.0005538900    0.0002699500   -0.0005753500
   0.0002768200    0.0000071300    0.0002982300
   0.0010894600    0.0000350700   -0.0007574700
  -0.0006356700   -0.0000511800    0.0000470600
   0.0004589300   -0.0004955400    0.0003750500
  -0.0011429500   -0.0006771700    0.0001505200
   0.0000105000   -0.0000933600    0.0006434300
  -0.0002960000    0.0002972900    0.0002580400
   0.0006573500   -0.0001620500   -0.0001831600
  -0.0024756500   -0.0007426500    0.0001522100
   0.0013055100   -0.0010578900   -0.0038401200
  -0.0016710300    0.0013153400    0.0015228100
   0.0006393000   -0.0003505000   -0.0043063800
   0.0002637300   -0.0002559300    0.0009355500
  -0.0001448900    0.0000039500   -0.0006157200
   0.0002101600   -0.0004488300   -0.0002551000
  -0.0004469700   -0.0009504900   -0.0006339200
   0.0000942600    0.0003669000    0.0009360100
  -0.0000299600    0.0013442900    0.0001524900
   0.0002501900    0.0005756000    0.0000378700
   0.0007407500    0.0002217100   -0.0000384000
  -0.0004267000    0.0008741500   -0.0003968700
  -0.0000912600   -0.0007748500   -0.0005550000
  -0.0001121700    0.0003177400    0.0003032400
   0.0011996700   -0.0004411800    0.0000338300
   0.0003575200   -0.0005567500    0.0000368200
  -0.0013271500   -0.0001705800   -0.0004137000
  -0.0005220400   -0.0002346600   -0.0002553500

40   
  0.0000000000000000   0.0000000000000000  -0.0100000000000000
  -0.0006694100    0.0000538300   -0.0000957500
  -0.0006949400   -0.0005231800   -0.0019486700
  -0.0001017800   -0.0002744700   -0.0006691800
   0.0001709700   -0.0000554100   -0.0005701100
   0.0235750200    0.0223610400   -0.0450714900
  -0.0323879200    0.0101136800   -0.0453814200
   0.0000060300   -0.0000206100    0.0000346700
   0.0002733300   -0.0000828300   -0.0007343800
  -0.0001758400   -0.0000839400   -0.0006194300
   0.0001179800    0.0006139400   -0.0025669300
   0.0003234700   -0.0003206700   -0.0003667100
   0.0075851500   -0.0308063800   -0.0450862300
   0.0003017600   -0.0001374800   -0.0002440400
   0.0000602100    0.0005232100   -0.0003914500
  -0.0000250100    0.0000151900   -0.0002004300
  -0.0003195700   -0.0001383300    0.0007450700
  -0.0000941000   -0.0001617400    0.0000755800
   0.0000328000   -0.0003446000    0.0002240500
   0.0002474500    0.0001316800    0.0002468500
   0.0001237300   -0.0000222000   -0.0002381700
   0.0002559400    0.0003742900    0.0001649600
  -0.0003737500   -0.0001322600   -0.0000964700
  -0.0000459600    0.0001251700   -0.0006623200
   0.0000313600   -0.0001994600   -0.0002813100
   0.0001810900   -0.0000539500   -0.0005124800
  -0.0000156200    0.0001555900   -0.0005632900
  -0.0000859200    0.0001224600   -0.0009290600
  -0.0002343000    0.0002094400    0.0002436800
   0.0000919700   -0.0004863200   -0.0010254600
   0.0000421700    0.0000060300   -0.0002338300
   0.0003945300   -0.0002259300   -0.0006099600
   0.0000812700    0.0000335400   -0.0006387500
  -0.0005112300   -0.0001992200   -0.0003766900
   0.0002307000    0.0004700300   -0.0000488500
   0.0001399900    0.0000428800   -0.0006509800
  -0.0001554300    0.0001640900   -0.0013207300
  -0.0000311100   -0.0002191900    0.0005432900
   0.0005273100   -0.0001034500   -0.0023029100
   0.0000586000   -0.0001559800   -0.0180129800
   0.0033541300   -0.0004730000    0.1464498100
  -0.0007127900   -0.0010317600    0.0036692400
   0.0004201800   -0.0003749000   -0.0000066300
  -0.0007931200    0.0024423600   -0.0002466200
  -0.0018843800   -0.0011878300   -0.0033185900
  -0.0003283500   -0.0006453300    0.0005654000
  -0.0000377300    0.0009081100    0.0062997300
  -0.0003316600   -0.0001428500    0.0009349100
  -0.0000221300    0.0000843000    0.0012677900
   0.0001800900    0.0000124500   -0.0002483400
  -0.0003718900    0.0000651300    0.0011662200
   0.0010419700    0.0001637000   -0.0000057400
   0.0004980500    0.0012125100    0.0001200400
  -0.0000053000   -0.0000169900    0.0009786500
   0.0007240800   -0.0011178600    0.0001312000
  -0.0000239100   -0.0001163000    0.0009696600
  -0.0006883400   -0.0000341800    0.0002848900
  -0.0005982400    0.0006937600   -0.0001856400
  -0.0012783500    0.0004045700    0.0007707100
  -0.0006487400   -0.0004874300   -0.0000887800
  -0.0003159400   -0.0014998000   -0.0004928000
   0.0004838400    0.0004143700    0.0042449300
   0.0001702400    0.0027252600   -0.0000310400
   0.0000400300    0.0001054000    0.0000465600
   0.0002060200   -0.0003693500    0.0014859700
  -0.0006579400    0.0009065700   -0.0002889100
  -0.0013401600   -0.0001810100   -0.0002000800
   0.0003366900    0.0001512600    0.0008215200
   0.0018442300    0.0004921400    0.0043743800
  -0.0006102200    0.0008629300   -0.0005901700
   0.0002514200   -0.0013141800    0.0007464400
   0.0000887400    0.0000982400   -0.0005813500
  -0.0004940200    0.0000443800   -0.0002447300
   0.0000654700   -0.0001302500   -0.0005566900
   0.0002919100    0.0003899700   -0.0002512200
   0.0005206400    0.0004290700   -0.0003752600
  -0.0001849100   -0.0002891600    0.0002978200
   0.0001086000    0.0000799900    0.0021187000
  -0.0000209200   -0.0000383000   -0.0032930000
  -0.0024067100    0.0001860500   -0.0069083300
   0.0009683700   -0.0000819400   -0.0005287600
   0.0000613600   -0.0000363500    0.0008844700
   0.0008395200   -0.0010283200   -0.0003805700
  -0.0000871600    0.0000204900    0.0006952600
   0.0005051600    0.0012364500   -0.0004191200
  -0.0005205500    0.0005366900   -0.0000245700
  -0.0005391200   -0.0008157400   -0.0003963400
  -0.0007375600    0.0002110900   -0.0002600900
   0.0003765900   -0.0000396300    0.0003158000
   0.0010046600    0.0001383300   -0.0004487600
  -0.0006213500   -0.0000697600    0.0000353100
   0.0002982100   -0.0005118300    0.0002849900
  -0.0011474700   -0.0006961200    0.0001547000
   0.0000285600   -0.0000781800    0.0007202800
  -0.0002682000    0.0001191700    0.0008024200
   0.0007084300   -0.0004160100   -0.0000855300
   0.0019891700   -0.0011160000   -0.0004344400
   0.0001784500    0.0010415500    0.0042864900
   0.0021063200   -0.0006361200    0.0009263200
  -0.0014435100   -0.0015870800    0.0036136700
   0.0002687000   -0.0002776200    0.0009229500
  -0.0001229400    0.0000135100   -0.0005240500
   0.0001879900   -0.0004531600   -0.0002275800
  -0.0004517500   -0.0009566100   -0.0005775600
   0.0001003500    0.0003568300    0.0009224000
  -0.0000160700    0.0013192500    0.0001530200
   0.0002698600    0.0005659800    0.0000448200
   0.0007419000    0.0001664800    0.0000137800
  -0.0004128600    0.0008593800   -0.0004020500
   0.0003185900   -0.0005839600   -0.0002792500
  -0.0001905400    0.0002611900    0.0003106600
   0.0011293700   -0.0008576000    0.0002746600
   0.0003716100   -0.0004695700    0.0000458800
  -0.0013198900   -0.0001981100   -0.0004101900
  -0.0003757200   -0.0001272600    0.0003326500

41   
  0.0080295506854697   0.0059603956067927   0.0000000000000000
  -0.0004596000    0.0000576400   -0.0001494600
  -0.0003761100   -0.0003265500    0.0004839700
  -0.0001659700   -0.0001395000   -0.0006211500
   0.0001722200   -0.0000702600   -0.0006396400
   0.0098877400    0.0223948800    0.0132243900
   0.0009993300    0.0019107800    0.0026562900
  -0.0000033100   -0.0000358500   -0.0000449400
   0.0001454200   -0.0000562200   -0.0007863900
  -0.0001459800   -0.0001111800   -0.0006486400
   0.0328743100    0.0040434100    0.0202308700
   0.0002760000   -0.0003541300   -0.0004419300
   0.0001247900    0.0013410200    0.0007452400
  -0.0036426200   -0.0000346600   -0.0012149100
   0.0002211400    0.0005447400   -0.0003784500
  -0.0000588900    0.0000579000   -0.0001667800
   0.0000350000   -0.0003774100    0.0002528000
  -0.0003931600    0.0006162800    0.0001101300
   0.0000874400   -0.0003454900    0.0001810400
   0.0002435200    0.0001642900    0.0002407200
   0.0000878200    0.0001617900   -0.0008521900
   0.0002348900    0.0002751400    0.0001780400
  -0.0003983000    0.0000758600    0.0001586600
  -0.0000414400    0.0001471800   -0.0006571600
   0.0003307800   -0.0003487800   -0.0008756400
   0.0002917800   -0.0000610600    0.0002923700
  -0.0000296700    0.0001542500   -0.0006040600
  -0.0002186600   -0.0000981000    0.0001153800
  -0.0002955400    0.0001220900    0.0002245800
   0.0010208800   -0.0005505900    0.0003576900
   0.0000517100    0.0000388700   -0.0002049300
   0.0004032000   -0.0002758600    0.0004356400
   0.0367070000    0.0319414900   -0.0324906500
  -0.0005431800   -0.0002162200   -0.0004550800
   0.0000673900    0.0004993900   -0.0001358900
   0.0000499800   -0.0000755900   -0.0000192400
  -0.0000022900   -0.0033734200   -0.0016900600
  -0.0002021100   -0.0001888600    0.0002521300
   0.0006602400   -0.0005895700   -0.0000245200
   0.0000019700    0.0000359300    0.0009772200
   0.0006698000    0.0063860200    0.0009310000
  -0.0871763700   -0.0629740600   -0.0009370900
  -0.0011701900    0.0023772200   -0.0021849600
  -0.0022148900   -0.0011943800   -0.0001739100
   0.0000222300   -0.0000762400   -0.0030092600
  -0.0003258700   -0.0006190000    0.0002624600
   0.0000199300   -0.0000953500    0.0021968200
  -0.0003952100   -0.0000982600    0.0009030400
  -0.0001959000    0.0001524400    0.0008810000
   0.0059638500    0.0010243600   -0.0010151000
  -0.0003642800    0.0000792400    0.0012214400
   0.0008044000   -0.0000778900   -0.0002562100
   0.0005287300    0.0012731100   -0.0001808600
   0.0000276700    0.0000009700    0.0009188900
   0.0005411500   -0.0010760000   -0.0002209800
  -0.0000744000   -0.0000138200    0.0009589500
  -0.0005751800   -0.0000774700    0.0002603200
  -0.0006898300    0.0004507600   -0.0002151100
  -0.0014582800    0.0003976000    0.0004853600
  -0.0006410500   -0.0004502300   -0.0001521300
   0.0009852500    0.0002795800   -0.0000703600
  -0.0006090900    0.0004186000    0.0001089800
   0.0009397800    0.0011915600    0.0012755300
   0.0011167200    0.0052416100   -0.0008914100
  -0.0003590800   -0.0030907100    0.0028295200
  -0.0011897600   -0.0002966400   -0.0005226500
  -0.0012953200   -0.0000936900   -0.0001806500
   0.0004579400   -0.0000372100    0.0005792100
   0.0074047200    0.0017413800    0.0015322900
  -0.0006046400    0.0008631900   -0.0006340500
   0.0002744600   -0.0013165300    0.0003717400
   0.0000533900    0.0001041700   -0.0005863600
  -0.0005085800    0.0000452800   -0.0002539100
   0.0000520700   -0.0001363000   -0.0005764900
   0.0002715200    0.0003912500   -0.0002484500
   0.0005147500    0.0004191400   -0.0004323600
  -0.0001913800   -0.0002807800    0.0002940400
  -0.0000270900   -0.0000023900    0.0019332900
  -0.0000127100   -0.0000119200   -0.0033181100
  -0.0002622500   -0.0007285200   -0.0000240600
   0.0009384400   -0.0000876200   -0.0004084100
   0.0003141000   -0.0003841700    0.0015883200
   0.0008107600   -0.0010621800   -0.0004050000
  -0.0001038200    0.0000678600    0.0006797300
   0.0004850200    0.0012160400   -0.0004238500
  -0.0005483800    0.0005588600   -0.0000063400
  -0.0005555200   -0.0008138800   -0.0004160500
  -0.0006581700    0.0002374800   -0.0004233300
   0.0003166600   -0.0000248100    0.0002883500
   0.0010195800    0.0000826700   -0.0006553600
  -0.0006417500   -0.0000722900    0.0000225700
   0.0002087100   -0.0003141700    0.0003897600
  -0.0011725800   -0.0006791000    0.0001117400
  -0.0000774300    0.0000213500    0.0009792100
  -0.0002599100    0.0002093100    0.0004947200
   0.0006652400   -0.0004255800   -0.0001031100
  -0.0002561700   -0.0008927700   -0.0001376400
   0.0007270900   -0.0001567200    0.0001871000
  -0.0020125900    0.0000004400    0.0024050900
  -0.0005028400   -0.0025776700   -0.0007554100
   0.0002481500   -0.0002798200    0.0009178200
  -0.0001478500    0.0000089500   -0.0005359900
   0.0001737200   -0.0004656200   -0.0002463000
  -0.0004374800   -0.0009575700   -0.0006628600
   0.0000763400    0.0003433600    0.0009083100
  -0.0000116900    0.0013094800    0.0000959100
   0.0002387300    0.0005695100    0.0000243600
   0.0007335700    0.0001951200   -0.0000352400
  -0.0004389100    0.0008550500   -0.0004215400
   0.0001284800   -0.0006760100   -0.0004355800
  -0.0001807800    0.0002759800    0.0002975800
   0.0016327000   -0.0006450700   -0.0007095300
   0.0003537100   -0.0005232100    0.0000031500
  -0.0013313900   -0.0002000200   -0.0004165000
   0.0019615200   -0.0017569100   -0.0020705100

41   
 -0.0080295506854697  -0.0059603956067927   0.0000000000000000
  -0.0004673600    0.0000084100   -0.0001320800
  -0.0003173400   -0.0000533200    0.0002311500
  -0.0001111200   -0.0001115700   -0.0005763800
   0.0001718200   -0.0000524200   -0.0005575600
  -0.0102262000   -0.0220713900   -0.0136378100
  -0.0011340800   -0.0013969100   -0.0017380200
  -0.0000003700    0.0000267100   -0.0000090000
   0.0001449100   -0.0001558800   -0.0005100100
  -0.0001885200   -0.0000520800   -0.0006463400
  -0.0321776100   -0.0038839100   -0.0204257700
   0.0003949000   -0.0002725100   -0.0003154500
  -0.0000938800   -0.0005491500   -0.0000257200
   0.0040410300    0.0001659700    0.0006116000
  -0.0000270200    0.0003429100   -0.0003795500
  -0.0000146800   -0.0000086500   -0.0003342300
  -0.0000439400   -0.0002096000    0.0001861800
   0.0003355800   -0.0007129200   -0.0001722800
   0.0001311200   -0.0003752500    0.0002045100
   0.0002528600    0.0001152200    0.0001980900
  -0.0001412100   -0.0006042500    0.0002560700
   0.0002596900    0.0002697300    0.0002071400
  -0.0003364400    0.0000735700    0.0002257600
   0.0000602000    0.0002051000   -0.0006367900
  -0.0002936600   -0.0000559200    0.0002134200
   0.0002051500   -0.0000488200    0.0006093400
  -0.0000552600    0.0001987000   -0.0005933100
   0.0001597000    0.0001785800   -0.0001794300
  -0.0002085400    0.0001622900    0.0002123600
  -0.0005992900   -0.0002852400   -0.0006362500
   0.0000281600   -0.0000173500   -0.0002934800
   0.0002405100   -0.0001407800    0.0002792700
  -0.0377807400   -0.0329324500    0.0345852500
  -0.0003383200   -0.0000688300   -0.0003000900
   0.0004519900    0.0002461900   -0.0001454000
  -0.0000685000   -0.0000222000   -0.0004822900
  -0.0004167000    0.0035324100    0.0010272600
  -0.0001331400   -0.0001922100    0.0006497800
  -0.0005651200    0.0005814500   -0.0000343900
  -0.0001344800   -0.0007521200    0.0000491000
  -0.0008617000   -0.0048373000   -0.0012060700
   0.0884277700    0.0648867400   -0.0007690300
   0.0019532300   -0.0030290700    0.0022877800
   0.0023448300    0.0021474300    0.0001707600
  -0.0000327300    0.0000676400   -0.0029930700
  -0.0004309400   -0.0006645900    0.0002006100
  -0.0000294100    0.0000845000    0.0022536400
  -0.0003374900   -0.0001051200    0.0009300900
   0.0001663400    0.0000858500    0.0009700800
  -0.0059213200   -0.0011771200    0.0004317600
  -0.0004493300   -0.0000659400    0.0012048800
   0.0012752700    0.0003406900   -0.0004123700
   0.0006229100    0.0011163300   -0.0001354200
   0.0001860300   -0.0001172200    0.0009354800
   0.0009474500   -0.0011347600   -0.0000952500
  -0.0001394700   -0.0001345600    0.0008927100
  -0.0006810200   -0.0000848700    0.0003869400
  -0.0006763300    0.0009079200   -0.0000893300
  -0.0010466100    0.0003706700    0.0003364600
  -0.0005417100   -0.0004552600   -0.0001328700
   0.0008712700    0.0002085000   -0.0002281100
  -0.0001316300    0.0008557500    0.0003502200
  -0.0004681500   -0.0000810500   -0.0006392500
  -0.0011218800   -0.0051254400    0.0003012700
   0.0007274300    0.0023119900   -0.0003955300
  -0.0001099500    0.0019764500   -0.0001563600
  -0.0013680800   -0.0001114600   -0.0001321700
   0.0001821300    0.0003083900    0.0004731600
  -0.0053575000    0.0000401700   -0.0006981200
  -0.0006009000    0.0008592700   -0.0005959000
   0.0002925100   -0.0012439300    0.0004501100
   0.0000899700    0.0001092800   -0.0005740000
  -0.0004774800    0.0000502600   -0.0002475500
   0.0000562500   -0.0001140600   -0.0005847600
   0.0002985800    0.0003958600   -0.0002518500
   0.0005400700    0.0004488200   -0.0004250500
  -0.0001704700   -0.0002742400    0.0003008100
   0.0000186000   -0.0000044700    0.0019345100
   0.0000044100    0.0000045600   -0.0033286700
  -0.0001507700   -0.0007563700   -0.0000221100
   0.0009766900   -0.0000608500   -0.0004075500
  -0.0001884200    0.0005031500   -0.0002389900
   0.0008217300   -0.0010516900   -0.0004398600
  -0.0000719000   -0.0000255100    0.0006671100
   0.0005130800    0.0012502600   -0.0004194800
  -0.0005341700    0.0005241200   -0.0000384500
  -0.0005321800   -0.0007871600   -0.0003997500
  -0.0006368300    0.0002358400   -0.0004312400
   0.0003303500   -0.0000147300    0.0003047100
   0.0010721100    0.0000831700   -0.0005694700
  -0.0006197200   -0.0000546100    0.0000373300
   0.0005453300   -0.0006977000    0.0002562600
  -0.0011213900   -0.0006998600    0.0001782700
   0.0001161200   -0.0002002700    0.0003658800
  -0.0003075000    0.0002034800    0.0005578500
   0.0006954700   -0.0001552000   -0.0001809200
  -0.0002506300   -0.0009739400   -0.0001658000
   0.0007481300    0.0001327400    0.0002756400
   0.0023966400    0.0006766400    0.0000192900
  -0.0002792300    0.0006134500    0.0000685400
   0.0002789500   -0.0002591800    0.0009199200
  -0.0001248600    0.0000030500   -0.0006200900
   0.0002200300   -0.0004418600   -0.0002585300
  -0.0004671400   -0.0009573100   -0.0005662300
   0.0001128800    0.0003735400    0.0009292900
  -0.0000382400    0.0013470800    0.0001927300
   0.0002777900    0.0005657200    0.0000365000
   0.0007449700    0.0001858700   -0.0000065700
  -0.0004045700    0.0008710100   -0.0003980400
   0.0000917000   -0.0006903400   -0.0004197500
  -0.0001255200    0.0002969700    0.0002958000
   0.0006989000   -0.0006591600    0.0009799000
   0.0003699100   -0.0005104500    0.0000574200
  -0.0013190600   -0.0001746700   -0.0004282600
  -0.0028937300    0.0014066400    0.0021634500

41   
 -0.0011470786693528   0.0099339926779878   0.0000000000000000
  -0.0004855400    0.0000661700   -0.0001399500
  -0.0003582200   -0.0002088600    0.0005619500
  -0.0001407700   -0.0001535300   -0.0005934800
   0.0001454600   -0.0000666100   -0.0005838500
  -0.0095892200    0.0484916700    0.0340210400
   0.0029702900   -0.0013630500    0.0017617400
   0.0000028700   -0.0000012000   -0.0000164800
   0.0001925400   -0.0000747700   -0.0007800700
  -0.0001427300   -0.0000993800   -0.0006330800
  -0.0145875100    0.0204313500   -0.0140289900
   0.0003028200   -0.0003192000   -0.0003318600
  -0.0002912600    0.0007207600    0.0009113700
  -0.0007091900    0.0018825800   -0.0024845800
   0.0000609500    0.0006085000   -0.0003692400
   0.0000075800    0.0000341600   -0.0001869100
   0.0000087200   -0.0003717800    0.0003152200
  -0.0008055200    0.0005071400   -0.0004147200
   0.0000921800   -0.0003592300    0.0001862600
   0.0002279600    0.0001421400    0.0002241600
  -0.0007326700   -0.0002355800   -0.0004575300
   0.0002302700    0.0002754400    0.0002031300
  -0.0004152300    0.0001034200    0.0001180000
  -0.0000100300    0.0001185000   -0.0006612700
   0.0004786800    0.0004615500   -0.0008299400
   0.0002822300   -0.0002767800    0.0003011200
   0.0000126600    0.0001966500   -0.0006164500
  -0.0002303000   -0.0000482100   -0.0000284500
  -0.0002695300    0.0001206800    0.0002260100
   0.0010062500   -0.0001617900   -0.0001537400
   0.0000490600    0.0000111000   -0.0002324400
   0.0004162100   -0.0002974200    0.0002418000
   0.0125647900    0.0296855400   -0.0196216100
  -0.0004994600   -0.0000828800   -0.0005766000
   0.0002760700    0.0004108700    0.0000307100
  -0.0000011700   -0.0001536300   -0.0000866700
  -0.0020120800   -0.0032625200    0.0005444400
  -0.0000704500   -0.0001418600    0.0003673000
   0.0003329300    0.0002195600    0.0004982600
   0.0025074100    0.0009120300    0.0025883200
   0.0019519900    0.0065077500    0.0007822300
   0.0143687500   -0.1082183700   -0.0000467500
   0.0001679200    0.0006740500   -0.0009057600
   0.0003786000   -0.0023371600   -0.0000497800
   0.0002182800    0.0000388100   -0.0030622700
  -0.0002920400   -0.0006552000    0.0002572000
  -0.0000277200   -0.0000499300    0.0022538900
  -0.0003595700   -0.0001124800    0.0009247600
   0.0000907400    0.0000457400    0.0009652200
   0.0008004200   -0.0010383800   -0.0000785900
  -0.0003993500    0.0000575500    0.0012373100
   0.0009124100   -0.0000100200   -0.0002867000
   0.0004441900    0.0010425500   -0.0000948700
   0.0000611500    0.0000060700    0.0008941300
   0.0004942900   -0.0011475300   -0.0002269200
  -0.0000841800   -0.0000920000    0.0009615600
  -0.0006329100   -0.0000425200    0.0003487200
  -0.0006069400    0.0006734600   -0.0001410300
  -0.0011668900    0.0003253700    0.0003897600
  -0.0005889400   -0.0003887100   -0.0001673800
   0.0009646200    0.0003045500   -0.0000928900
  -0.0004789900    0.0004671900    0.0001666700
  -0.0005913000   -0.0015258900   -0.0009071000
   0.0024922300    0.0058160400   -0.0013418500
  -0.0001393800   -0.0001473600    0.0007519400
  -0.0052661500    0.0044285100   -0.0013852700
  -0.0013747500   -0.0000718100   -0.0001719100
   0.0005081000    0.0000260700    0.0005921600
   0.0021625800    0.0000008900    0.0008315900
  -0.0005981500    0.0008579100   -0.0006196700
   0.0002080500   -0.0013029000    0.0004160500
   0.0000635300    0.0000966000   -0.0005773400
  -0.0004985200    0.0000446300   -0.0002449300
   0.0000476300   -0.0001253800   -0.0005773100
   0.0002861600    0.0003899300   -0.0002393300
   0.0005185500    0.0004206400   -0.0004298200
  -0.0001783300   -0.0002856300    0.0002949400
  -0.0000010700    0.0000026500    0.0019451100
  -0.0000080300   -0.0000112800   -0.0033071000
  -0.0002305800   -0.0007059200   -0.0001115400
   0.0009476000   -0.0000826100   -0.0004129200
  -0.0004459200   -0.0000859800   -0.0002972100
   0.0008138500   -0.0010540700   -0.0004528500
  -0.0001011700    0.0000340300    0.0007119500
   0.0004935300    0.0012140400   -0.0004142000
  -0.0005438400    0.0005646000   -0.0000200200
  -0.0005462900   -0.0008140200   -0.0004088700
  -0.0006541200    0.0002488200   -0.0004088400
   0.0003222500   -0.0000306900    0.0003062900
   0.0009804700    0.0000998400   -0.0005903500
  -0.0006312900   -0.0000800100    0.0000276500
   0.0002842700   -0.0004970000    0.0003384300
  -0.0011589800   -0.0006804000    0.0001145400
  -0.0000219200    0.0001229400    0.0011935900
  -0.0002897300    0.0002737800    0.0004464800
   0.0007482800   -0.0006033800   -0.0000189900
  -0.0002825000   -0.0008608900   -0.0001481300
   0.0007987500   -0.0003300100    0.0001634400
  -0.0029676400    0.0002855900    0.0033583900
  -0.0045848400    0.0027304000    0.0002090400
   0.0002556300   -0.0002749600    0.0009209700
  -0.0001546400   -0.0000137300   -0.0005433100
   0.0001857100   -0.0004641000   -0.0002439000
  -0.0004799600   -0.0009562700   -0.0006253000
   0.0000963400    0.0003365700    0.0009154500
  -0.0000390700    0.0013291300    0.0001237900
   0.0002651800    0.0005568000    0.0000435500
   0.0007382100    0.0001940600   -0.0000228400
  -0.0004263200    0.0008613400   -0.0004009000
   0.0001020600   -0.0006811700   -0.0004116300
  -0.0001612200    0.0002785700    0.0003009200
   0.0014105600   -0.0006792000    0.0000005800
   0.0003514600   -0.0005242500    0.0000223400
  -0.0013273500   -0.0001931000   -0.0004087700
   0.0015892200   -0.0019046900   -0.0015884400

41   
  0.0011470786693528  -0.0099339926779878   0.0000000000000000
  -0.0004420500    0.0000071100   -0.0001398800
  -0.0003274500   -0.0001626300    0.0001534400
  -0.0001347100   -0.0000934900   -0.0006000600
   0.0001999700   -0.0000512400   -0.0006093900
   0.0089296500   -0.0468886100   -0.0332177200
  -0.0030916500    0.0018598600   -0.0008626900
  -0.0000061500   -0.0000025700   -0.0000338400
   0.0000994800   -0.0001334500   -0.0005109100
  -0.0001896700   -0.0000590200   -0.0006583100
   0.0149658800   -0.0202409800    0.0135503500
   0.0003693000   -0.0003038700   -0.0004230800
   0.0003059700    0.0000772600   -0.0001999200
   0.0010998600   -0.0017567400    0.0019098400
   0.0001345100    0.0002845600   -0.0003850200
  -0.0000809400    0.0000195900   -0.0003100700
  -0.0000175800   -0.0002100700    0.0001265800
   0.0007691700   -0.0006274700    0.0003553600
   0.0001285100   -0.0003563300    0.0002031200
   0.0002698300    0.0001414400    0.0002185100
   0.0007079000   -0.0001825900   -0.0001285400
   0.0002658600    0.0002736300    0.0001856800
  -0.0003181800    0.0000506800    0.0002704800
   0.0000295700    0.0002375100   -0.0006293100
  -0.0004333300   -0.0008798300    0.0001754600
   0.0002149600    0.0001731800    0.0006004700
  -0.0000953900    0.0001615900   -0.0005763800
   0.0001733000    0.0001335700   -0.0000331600
  -0.0002333700    0.0001687400    0.0002150300
  -0.0006183500   -0.0006716400   -0.0001200400
   0.0000322000    0.0000151100   -0.0002631900
   0.0002275200   -0.0001096500    0.0004747000
  -0.0128495000   -0.0300033200    0.0207772300
  -0.0003816000   -0.0001975300   -0.0001790000
   0.0002428900    0.0003390600   -0.0003102100
  -0.0000147000    0.0000585300   -0.0004061000
   0.0015853600    0.0033918800   -0.0012130600
  -0.0002611600   -0.0002365400    0.0005369500
  -0.0002346400   -0.0001985700   -0.0005660600
  -0.0025655200   -0.0015979000   -0.0015165000
  -0.0020880700   -0.0049127000   -0.0010307600
  -0.0134289000    0.1073620300   -0.0019445900
   0.0005523300   -0.0012413200    0.0009679200
  -0.0002472200    0.0032886400    0.0000454500
  -0.0002234300   -0.0000440400   -0.0029378600
  -0.0004652100   -0.0006188900    0.0002096500
   0.0000206100    0.0000456800    0.0022029800
  -0.0003713400   -0.0000865400    0.0009129500
  -0.0001177500    0.0002000300    0.0008883300
  -0.0005847700    0.0009166400   -0.0005340300
  -0.0004157200   -0.0000405000    0.0011860200
   0.0011641800    0.0002758100   -0.0003810400
   0.0007094200    0.0013518700   -0.0002213200
   0.0001574700   -0.0001164600    0.0009607800
   0.0009942800   -0.0010610100   -0.0000894200
  -0.0001273000   -0.0000509800    0.0008995900
  -0.0006216100   -0.0001182200    0.0002986600
  -0.0007561900    0.0006912900   -0.0001615200
  -0.0013379000    0.0004488700    0.0004365700
  -0.0005946500   -0.0005111000   -0.0001190400
   0.0008918000    0.0001844100   -0.0002059100
  -0.0002569800    0.0008158400    0.0002987200
   0.0010875600    0.0027176800    0.0015511400
  -0.0025387900   -0.0057047300    0.0007463000
   0.0005363300   -0.0005266300    0.0016550000
   0.0040709600   -0.0028125500    0.0007227300
  -0.0012859400   -0.0001266200   -0.0001410500
   0.0001343500    0.0002476800    0.0004587400
  -0.0002792400    0.0017555400   -0.0000215600
  -0.0006059400    0.0008693800   -0.0006083500
   0.0003621100   -0.0012490900    0.0004074600
   0.0000807500    0.0001210000   -0.0005816300
  -0.0004866100    0.0000552800   -0.0002514900
   0.0000618300   -0.0001199300   -0.0005827300
   0.0002850800    0.0004019900   -0.0002557800
   0.0005376900    0.0004523900   -0.0004266900
  -0.0001822000   -0.0002646100    0.0003053300
  -0.0000054700   -0.0000045100    0.0019241200
   0.0000013300    0.0000088400   -0.0033342900
  -0.0001798300   -0.0007744300    0.0000663500
   0.0009685300   -0.0000612200   -0.0003981100
   0.0005668200    0.0001964200    0.0016498300
   0.0008201200   -0.0010545700   -0.0003870100
  -0.0000729200    0.0000130700    0.0006363000
   0.0005060800    0.0012565300   -0.0004242700
  -0.0005370400    0.0005224900   -0.0000232400
  -0.0005397000   -0.0007828700   -0.0004018500
  -0.0006394900    0.0002293500   -0.0004441900
   0.0003259900   -0.0000041200    0.0002915200
   0.0011126500    0.0000696300   -0.0006334200
  -0.0006287900   -0.0000416800    0.0000373900
   0.0004684600   -0.0005083600    0.0003075100
  -0.0011337100   -0.0006938700    0.0001768600
   0.0000604000   -0.0003046200    0.0001391500
  -0.0002761600    0.0001390300    0.0006076500
   0.0006121900    0.0000335000   -0.0002652700
  -0.0002225700   -0.0010043800   -0.0001522300
   0.0006782800    0.0003059900    0.0003082200
   0.0033264700    0.0003996800   -0.0008996500
   0.0036824500   -0.0046031000   -0.0008592800
   0.0002730100   -0.0002591500    0.0009211800
  -0.0001163000    0.0000297700   -0.0006118400
   0.0002100700   -0.0004387300   -0.0002557900
  -0.0004221500   -0.0009529300   -0.0006016600
   0.0000946700    0.0003849000    0.0009271200
  -0.0000091100    0.0013321800    0.0001663900
   0.0002528100    0.0005832300    0.0000221800
   0.0007417800    0.0001915700   -0.0000177900
  -0.0004159600    0.0008693900   -0.0004137900
   0.0001193200   -0.0006800600   -0.0004420000
  -0.0001432500    0.0002994700    0.0002969600
   0.0009148100   -0.0006201600    0.0002912700
   0.0003735000   -0.0005049900    0.0000436700
  -0.0013217800   -0.0001772000   -0.0004316200
  -0.0025322800    0.0015805600    0.0016632800

41   
  0.0000000000000000   0.0000000000000000   0.0100000000000000
  -0.0004635500    0.0000431200   -0.0001788100
  -0.0004826200   -0.0001660800    0.0002579500
  -0.0001386200   -0.0001188600   -0.0006283300
   0.0001478800   -0.0000142800   -0.0006728800
  -0.0076752800    0.0319612600    0.0458399000
   0.0002120600    0.0005639200    0.0027154800
  -0.0000071800    0.0000024600   -0.0000787300
   0.0001349700    0.0000294100   -0.0004658500
  -0.0001562400   -0.0000681800   -0.0006845200
   0.0320864100   -0.0097504900    0.0459026400
   0.0004169000   -0.0003861500   -0.0003006600
  -0.0000627300    0.0004811400    0.0013147000
   0.0002727200   -0.0003099500    0.0019290300
   0.0001960300    0.0003455400   -0.0009948800
  -0.0001405700   -0.0000273400   -0.0001444800
   0.0000713500   -0.0002825400    0.0002647600
   0.0001327500   -0.0000097800    0.0008675500
   0.0001139700   -0.0003504300    0.0001711400
   0.0002524400    0.0001628200    0.0001986500
  -0.0001040300   -0.0003361900    0.0006767000
   0.0002513300    0.0002696000    0.0001617400
  -0.0003891400    0.0000112400    0.0001596100
   0.0000064200    0.0001897700   -0.0006981900
  -0.0000952200   -0.0002615300    0.0006898000
   0.0001360700    0.0001711700    0.0004045200
  -0.0000489000    0.0001529200   -0.0006533700
  -0.0001658500   -0.0001416000   -0.0000726100
  -0.0002638200    0.0001578100    0.0001694900
   0.0002860200   -0.0004797800    0.0008506800
   0.0000838200    0.0000485000   -0.0002937000
   0.0003907500   -0.0000854800    0.0002499000
  -0.0239294700   -0.0223842400    0.0458811900
  -0.0004706400   -0.0000916400   -0.0001173400
   0.0004812800    0.0003572900   -0.0001757500
  -0.0000619900   -0.0000038400   -0.0000840000
  -0.0005905900    0.0001245200    0.0019245400
  -0.0001184500   -0.0002973100    0.0003512400
   0.0000546800    0.0000763500    0.0009678000
   0.0017483400    0.0007993400    0.0008326500
  -0.0000099300   -0.0001602000   -0.0041629700
  -0.0010122100    0.0005156800   -0.1438647500
   0.0011619200   -0.0022012800    0.0003264300
  -0.0000177700    0.0003940200    0.0184985400
  -0.0000861900   -0.0000177200   -0.0029694400
  -0.0003762100   -0.0006009200   -0.0001187200
  -0.0000387100   -0.0000061300    0.0018752000
  -0.0003874300   -0.0000899400    0.0008993900
   0.0000864000    0.0000809400    0.0008662600
   0.0009812500    0.0005024600   -0.0042788200
  -0.0004776200   -0.0000505400    0.0009033500
   0.0009560100    0.0000611500   -0.0003985100
   0.0005417700    0.0011420200   -0.0001224700
   0.0001042600   -0.0000757300    0.0005789200
   0.0008175300   -0.0010941200   -0.0001241400
  -0.0000887500   -0.0000438200    0.0005776100
  -0.0006217800   -0.0000559200    0.0000397300
  -0.0006701500    0.0007639700   -0.0001133600
  -0.0013350500    0.0004295100    0.0003466300
  -0.0005676900   -0.0004618200   -0.0005099400
   0.0009238400    0.0002324200   -0.0004395800
  -0.0003107300    0.0006913000    0.0001630700
   0.0015139800    0.0022850400    0.0006495600
   0.0005871900    0.0009167100   -0.0042798700
   0.0002889500   -0.0024118100    0.0015520400
  -0.0015154600    0.0012145300   -0.0043212600
  -0.0012514300   -0.0001155400   -0.0004547500
   0.0003771100    0.0000910400    0.0005590700
   0.0001232900    0.0010673900   -0.0035755000
  -0.0005950100    0.0008685600   -0.0006304800
   0.0002606800   -0.0012706300    0.0000489200
   0.0000703600    0.0001162000   -0.0005943200
  -0.0004981900    0.0000578200   -0.0002576700
   0.0000432500   -0.0001076700   -0.0005782500
   0.0002878500    0.0004008000   -0.0002568700
   0.0005225800    0.0004392400   -0.0004601100
  -0.0001819500   -0.0002739500    0.0002949200
   0.0000006000    0.0000074900    0.0018856400
   0.0000002600    0.0000143000   -0.0033286200
  -0.0002226100   -0.0007865100   -0.0002154700
   0.0009537200   -0.0000182300   -0.0004503700
   0.0015297400   -0.0005964300    0.0031302800
   0.0007980500   -0.0010378800   -0.0004032600
  -0.0000804200    0.0000615600    0.0005085600
   0.0004573500    0.0012225900   -0.0004703800
  -0.0005350100    0.0005391200   -0.0000672600
  -0.0005462300   -0.0007916400   -0.0004178500
  -0.0006629400    0.0002427200   -0.0004332500
   0.0003178700   -0.0000017500    0.0002882600
   0.0010645700    0.0001542100   -0.0007072700
  -0.0006356900   -0.0000509300    0.0000133700
   0.0003313600   -0.0004315900    0.0003591800
  -0.0011868000   -0.0007006300    0.0000886200
   0.0000298800    0.0002766400    0.0008482400
  -0.0003003500    0.0002095200    0.0002564600
   0.0006972400   -0.0003581000   -0.0002095000
  -0.0002727900   -0.0008433000   -0.0004467300
   0.0007124600    0.0001093800    0.0001712700
  -0.0019252400    0.0005905800    0.0014883500
   0.0000993300   -0.0019375600   -0.0043490400
   0.0002563900   -0.0002675000    0.0009111200
  -0.0000993400   -0.0000122600   -0.0006253300
   0.0001940500   -0.0004435000   -0.0002647800
  -0.0004625900   -0.0009559200   -0.0007406100
   0.0001245500    0.0003555400    0.0008756500
  -0.0000362200    0.0013161900    0.0000477300
   0.0002451700    0.0005931400    0.0000155500
   0.0007334500    0.0002020700   -0.0000447700
  -0.0004334500    0.0008727900   -0.0004197000
   0.0001046600   -0.0006530700   -0.0004886000
  -0.0001525900    0.0002973100    0.0002857000
   0.0004480100   -0.0008486200    0.0008218600
   0.0003828500   -0.0005015600    0.0000167700
  -0.0013300200   -0.0002039200   -0.0004481800
  -0.0023164900    0.0007601800    0.0003129400

41   
  0.0000000000000000   0.0000000000000000  -0.0100000000000000
  -0.0004587000    0.0000439500   -0.0001079900
  -0.0002060200   -0.0001889100    0.0004470100
  -0.0001347200   -0.0001154700   -0.0005757100
   0.0001996100   -0.0000911600   -0.0005304300
   0.0070670200   -0.0306118800   -0.0456076000
  -0.0004091400   -0.0001008200   -0.0018135800
   0.0000060800    0.0000074400    0.0000167000
   0.0001615400   -0.0002269900   -0.0008395900
  -0.0001727900   -0.0000776000   -0.0006182600
  -0.0306815300    0.0096718700   -0.0457243600
   0.0002555200   -0.0002231500   -0.0004651000
   0.0000988400    0.0003402200   -0.0005989700
   0.0000927400    0.0005424200   -0.0025226300
   0.0000011200    0.0005620400    0.0002356100
   0.0000734600    0.0000958900   -0.0003632600
  -0.0000782400   -0.0002851600    0.0001659400
  -0.0001576600   -0.0001061000   -0.0009324400
   0.0001095600   -0.0003523700    0.0002066800
   0.0002464200    0.0001348900    0.0002323500
   0.0000329000   -0.0000794100   -0.0012669200
   0.0002474700    0.0002932400    0.0002159600
  -0.0003418900    0.0001570200    0.0002182900
   0.0000168700    0.0001806900   -0.0006028800
   0.0001437800   -0.0001541900   -0.0013466500
   0.0003565600   -0.0002584600    0.0004883500
  -0.0000326600    0.0002171500   -0.0005521700
   0.0001110300    0.0002343700    0.0000017700
  -0.0002374500    0.0001436700    0.0002608800
   0.0001464500   -0.0003321000   -0.0011304200
  -0.0000009700   -0.0000099900   -0.0002117100
   0.0002630500   -0.0003107600    0.0004546100
   0.0231071600    0.0216287500   -0.0443952400
  -0.0004092700   -0.0001765700   -0.0006511000
   0.0000486700    0.0004097700   -0.0001134100
   0.0000478500   -0.0000755200   -0.0004258700
   0.0002575400    0.0000067900   -0.0025841900
  -0.0002125900   -0.0000754600    0.0005409300
   0.0000169600   -0.0000352600   -0.0010313800
  -0.0018505400   -0.0014952300    0.0002091000
  -0.0001885400    0.0016314700    0.0038278400
   0.0011053600   -0.0017349400    0.1426657800
  -0.0004187800    0.0016309900   -0.0002602400
   0.0001472700    0.0005706600   -0.0180752000
   0.0000799900    0.0000252100   -0.0030389900
  -0.0003796400   -0.0006615900    0.0005664200
   0.0000345000    0.0000124500    0.0025562900
  -0.0003412400   -0.0000959800    0.0009248800
  -0.0001118000    0.0001761200    0.0009735500
  -0.0007827200   -0.0006252700    0.0036157700
  -0.0003338700    0.0000784200    0.0015020400
   0.0011230600    0.0002156000   -0.0002825400
   0.0006130200    0.0012644600   -0.0002024300
   0.0001144300   -0.0000214600    0.0012559900
   0.0006767300   -0.0010991900   -0.0002002700
  -0.0001196200   -0.0000885800    0.0012575800
  -0.0006377300   -0.0000886500    0.0005931500
  -0.0006918700    0.0006137200   -0.0001991700
  -0.0011685800    0.0003571000    0.0004582400
  -0.0006099400   -0.0004234000    0.0002045500
   0.0009382100    0.0002743200    0.0001263000
  -0.0004212100    0.0006060200    0.0002814500
  -0.0010325500   -0.0011265200   -0.0000059400
  -0.0005761800   -0.0006619000    0.0036148400
   0.0000994000    0.0017239600    0.0008704800
   0.0002363500    0.0004753200    0.0035936400
  -0.0014074600   -0.0000702300    0.0001259300
   0.0002690000    0.0001957400    0.0004829300
   0.0017828300    0.0007107000    0.0043378500
  -0.0006063900    0.0008709400   -0.0006076400
   0.0003124600   -0.0012690300    0.0007545700
   0.0000756000    0.0001150000   -0.0005755800
  -0.0004851800    0.0000556000   -0.0002510000
   0.0000684600   -0.0001241600   -0.0005932900
   0.0002858600    0.0004045400   -0.0002503300
   0.0005361400    0.0004474500   -0.0004078600
  -0.0001760900   -0.0002629800    0.0002928100
  -0.0000055500    0.0000041300    0.0019730900
  -0.0000048900   -0.0000033700   -0.0033266900
  -0.0001865300   -0.0006806200    0.0001646500
   0.0009643900   -0.0001131700   -0.0003745200
  -0.0014361300    0.0007420900   -0.0018387300
   0.0008380200   -0.0010575000   -0.0004508300
  -0.0000909700   -0.0000028200    0.0008330400
   0.0005453500    0.0012618200   -0.0003821300
  -0.0005433700    0.0005613000    0.0000138400
  -0.0005367400   -0.0007922200   -0.0004069400
  -0.0006280800    0.0002485300   -0.0004303000
   0.0003331400   -0.0000200300    0.0002963200
   0.0010296200    0.0000298900   -0.0005273900
  -0.0006227800   -0.0000589900    0.0000378900
   0.0004235400   -0.0005585500    0.0002745300
  -0.0011046900   -0.0006616300    0.0001908500
   0.0000100000   -0.0004440500    0.0004876100
  -0.0002631700    0.0002154400    0.0007827200
   0.0006673800   -0.0002045100   -0.0000928600
  -0.0002303600   -0.0010049300    0.0001284200
   0.0007668700   -0.0001136500    0.0002814100
   0.0023648400    0.0001128200    0.0009384400
  -0.0008975200    0.0000079500    0.0036223000
   0.0002746300   -0.0002542700    0.0009177000
  -0.0001688400    0.0000404800   -0.0005422000
   0.0002040900   -0.0004474300   -0.0002466300
  -0.0004366700   -0.0009397100   -0.0004960500
   0.0000688400    0.0003795100    0.0009542900
  -0.0000114400    0.0013606800    0.0002320700
   0.0002744800    0.0005603600    0.0000366400
   0.0007484800    0.0001965700   -0.0000055700
  -0.0004070000    0.0008714600   -0.0004089600
   0.0001200100   -0.0006955800   -0.0003748500
  -0.0001491800    0.0002937000    0.0002987700
   0.0018944400   -0.0004320900   -0.0005546000
   0.0003454600   -0.0005147100    0.0000351500
  -0.0013162700   -0.0001535100   -0.0004065700
   0.0014332000   -0.0011229200   -0.0002485800

42   
  0.0080295506854697   0.0059603956067927   0.0000000000000000
  -0.0001138900   -0.0001324500    0.0003400000
  -0.0003452600   -0.0001466600    0.0005578200
  -0.0001202600   -0.0001193100   -0.0005904700
   0.0001879600   -0.0000513200   -0.0005773800
  -0.0000081300    0.0011247200   -0.0007504000
  -0.0001007600    0.0001385500    0.0003346000
   0.0000121100    0.0000089300   -0.0000139300
   0.0001682900   -0.0000973800   -0.0006362600
  -0.0001462900   -0.0000669000   -0.0006320600
   0.0012653500    0.0018515000   -0.0024816600
   0.0003615600   -0.0002972600   -0.0003615200
   0.0001131200    0.0003475700    0.0003120300
   0.0334522400    0.0035595000   -0.0216227900
   0.0001210500    0.0004597800   -0.0003657700
  -0.0000134100    0.0000440200   -0.0002357200
   0.0000104300   -0.0002806400    0.0002347900
   0.0009225500   -0.0000557600   -0.0005244500
   0.0001254800   -0.0003496200    0.0002113300
   0.0002709700    0.0001549800    0.0002424200
   0.0001856600   -0.0037304900    0.0010677600
   0.0002627100    0.0002813700    0.0002116600
  -0.0003500800    0.0000857700    0.0002128700
   0.0000230500    0.0001821800   -0.0006315300
   0.0375240000    0.0325647000    0.0338335400
  -0.0036150400   -0.0001886500    0.0012887300
  -0.0000204200    0.0001881700   -0.0005914800
   0.0001331800    0.0004636000    0.0004921400
  -0.0002327700    0.0001513900    0.0002317500
   0.0000412000   -0.0005699000   -0.0002815400
   0.0000647400    0.0000182800   -0.0002243200
  -0.0000299500    0.0005191900    0.0002990100
   0.0100522400    0.0229247000   -0.0135717400
  -0.0004220600   -0.0001307000   -0.0003588600
   0.0003429100    0.0004088900   -0.0001251100
   0.0000100600   -0.0000395500   -0.0002283600
   0.0005699100   -0.0005114800   -0.0002404500
  -0.0003462800   -0.0000840300    0.0004735300
   0.0001100800   -0.0000004700    0.0001338300
   0.0000119800   -0.0004169500    0.0005461300
  -0.0000486700    0.0006755300   -0.0001186700
   0.0000228600    0.0003937200   -0.0007899900
  -0.0908711100   -0.0664436700    0.0001307200
   0.0008533700    0.0062688800   -0.0009343200
   0.0000836700    0.0000282600   -0.0030365400
  -0.0003036200   -0.0006118500    0.0002619600
   0.0000181700   -0.0002217100    0.0023011100
  -0.0003479800   -0.0000899700    0.0009320100
  -0.0000329100    0.0002174900    0.0009496000
  -0.0020768600   -0.0004262800   -0.0014391900
   0.0057065400    0.0013155700    0.0020118100
   0.0034412000   -0.0014472800    0.0016689400
   0.0003718700    0.0010084400   -0.0002203100
   0.0001902100    0.0000409800    0.0009184700
   0.0007697700   -0.0011183500   -0.0000948400
  -0.0002347800    0.0001354100    0.0008644900
  -0.0005780400   -0.0000027400    0.0002806000
  -0.0008561500    0.0007042700   -0.0001073600
  -0.0014174500    0.0004364300    0.0004864400
  -0.0004920000   -0.0004552500   -0.0000799600
   0.0009107500    0.0002553500   -0.0001005900
  -0.0001951800    0.0004781500    0.0001763900
   0.0000332500    0.0003794800    0.0004617700
  -0.0022401800   -0.0015657300   -0.0002204700
   0.0065933900    0.0003733000    0.0001889000
   0.0001192000    0.0015277800   -0.0012741500
  -0.0013694700   -0.0000441000   -0.0001596100
   0.0001520500    0.0001641700    0.0004638600
   0.0010586000    0.0009498800    0.0003166900
  -0.0005947200    0.0008542000   -0.0006293700
  -0.0013605000    0.0014192400    0.0025091900
   0.0000770800    0.0001136400   -0.0005681800
  -0.0004744900    0.0000611300   -0.0002336200
   0.0000724800   -0.0001103600   -0.0005668400
   0.0003042400    0.0004038700   -0.0002342700
   0.0005443500    0.0004444600   -0.0004166900
  -0.0001615000   -0.0002662300    0.0003127200
   0.0000112300    0.0000075900    0.0019502100
   0.0000146800    0.0000080600   -0.0033069600
  -0.0001827800   -0.0007315600   -0.0000065100
   0.0009771200   -0.0000635000   -0.0003925600
   0.0000766700    0.0000676100    0.0006889400
   0.0008344900   -0.0010449500   -0.0004061100
  -0.0000575100    0.0000397200    0.0006739400
   0.0005157100    0.0012418200   -0.0004059800
  -0.0005291400    0.0005371900    0.0000339600
  -0.0005253600   -0.0007923100   -0.0003910600
  -0.0006361600    0.0002448700   -0.0004205600
   0.0003423700   -0.0000077800    0.0003118300
   0.0010664900    0.0000914000   -0.0006028100
  -0.0006152100   -0.0000542700    0.0000432400
   0.0014601400    0.0043868500    0.0008557600
  -0.0011229500   -0.0006693000    0.0001331300
   0.0000419700   -0.0000718300    0.0007002000
  -0.0007723800   -0.0008130400    0.0007621600
   0.0001908000   -0.0029582400   -0.0016969300
  -0.0002425600   -0.0010483800   -0.0001846600
   0.0007764100    0.0000208700    0.0002867900
   0.0002085600    0.0002253700    0.0012652800
  -0.0003762100   -0.0009115600   -0.0003454200
   0.0002832600   -0.0002589500    0.0009325500
  -0.0001216000    0.0000131600   -0.0005594600
   0.0002167800   -0.0004416900   -0.0002367000
  -0.0004451500   -0.0009414700   -0.0005929100
   0.0001155100    0.0003713100    0.0009341500
  -0.0000055700    0.0013445600    0.0001611000
   0.0002765800    0.0005792300    0.0000448800
   0.0007564800    0.0002016900   -0.0000099800
  -0.0004034900    0.0008739800   -0.0003936500
   0.0001281900   -0.0006795500   -0.0004155200
  -0.0001354000    0.0002974200    0.0003112700
   0.0011764700   -0.0006507000    0.0001744700
   0.0003815300   -0.0005070800    0.0000462600
  -0.0013103800   -0.0001800900   -0.0004061800
  -0.0005152300   -0.0017808800    0.0004750300

42   
 -0.0080295506854697  -0.0059603956067927   0.0000000000000000
  -0.0007966600    0.0002067500   -0.0006051400
  -0.0003129700   -0.0002088000    0.0001676400
  -0.0001236500   -0.0001162100   -0.0005926000
   0.0001892700   -0.0000551200   -0.0006058700
  -0.0002935700   -0.0008543400    0.0001627600
  -0.0000419600    0.0003432500    0.0005790800
   0.0000160000   -0.0000009000   -0.0000264400
   0.0001557500   -0.0000998400   -0.0006440600
  -0.0001541200   -0.0000802600   -0.0006491200
  -0.0009009400   -0.0015521300    0.0018239600
   0.0003403600   -0.0003132700   -0.0003827600
  -0.0000635300    0.0004345000    0.0004137500
  -0.0326361100   -0.0034581200    0.0205700400
   0.0001052500    0.0004453700   -0.0003764600
  -0.0000264900    0.0000215700   -0.0002493800
   0.0000122800   -0.0002889700    0.0002169700
  -0.0009067600   -0.0000217200    0.0004670800
   0.0001260500   -0.0003541500    0.0001882100
   0.0002596300    0.0001404900    0.0002101500
  -0.0002287900    0.0033553300   -0.0016420500
   0.0002641500    0.0002784900    0.0001875400
  -0.0003506800    0.0000801600    0.0001860000
   0.0000288600    0.0001850200   -0.0006490700
  -0.0385034000   -0.0339427900   -0.0359042100
   0.0041670200    0.0000514000   -0.0003648000
  -0.0000307300    0.0001808200   -0.0005916600
  -0.0001813600   -0.0003872100   -0.0005399500
  -0.0002378800    0.0001490200    0.0002193000
   0.0003787600   -0.0002556200    0.0000128400
   0.0000492100    0.0000198000   -0.0002601500
   0.0007059300   -0.0009151000    0.0004222100
  -0.0100188100   -0.0228149300    0.0140964600
  -0.0004272000   -0.0001390300   -0.0003841600
   0.0002100100    0.0003509700   -0.0001436700
   0.0000054100   -0.0000430700   -0.0002562300
  -0.0009123100    0.0006478600   -0.0004121600
   0.0000438500   -0.0002858700    0.0004399600
   0.0000248300    0.0000117200   -0.0001869000
  -0.0000684300   -0.0002756800    0.0005097500
  -0.0001133500    0.0008014200   -0.0001512400
  -0.0002458200   -0.0004951300    0.0002053400
   0.0893599300    0.0660713100    0.0016263800
  -0.0006892500   -0.0052148200    0.0010071400
  -0.0000586800   -0.0000228700   -0.0029530000
  -0.0004222100   -0.0006545700    0.0002113400
   0.0000071200    0.0002286400    0.0021611100
  -0.0003507600   -0.0000976200    0.0009165000
   0.0000406300    0.0000370600    0.0009150400
   0.0022598300    0.0002995700    0.0008443800
  -0.0066412600   -0.0013065200    0.0003926000
  -0.0013664700    0.0017388400   -0.0023534900
   0.0008189400    0.0014034700   -0.0000875000
   0.0000616200   -0.0001376800    0.0009419500
   0.0007526500   -0.0010781300   -0.0002143100
   0.0000578800   -0.0002699100    0.0010011500
  -0.0006458500   -0.0001444900    0.0003729800
  -0.0004812400    0.0006693300   -0.0001843400
  -0.0010551100    0.0003502000    0.0003489900
  -0.0006577800   -0.0004327500   -0.0002019200
   0.0009763500    0.0002465300   -0.0001981500
  -0.0005085800    0.0008184700    0.0002990400
   0.0004788800    0.0007869400    0.0001964100
   0.0022840000    0.0018100100   -0.0003080800
  -0.0060505000   -0.0010679600    0.0022299300
  -0.0013721700    0.0001046900    0.0006239700
  -0.0012615700   -0.0001441800   -0.0001467700
   0.0005231800    0.0001187200    0.0005977800
   0.0008946800    0.0008372300    0.0005077300
  -0.0005774100    0.0008844500   -0.0005875500
   0.0019948100   -0.0040127100   -0.0017093600
   0.0000997800    0.0001159400   -0.0005797500
  -0.0004781100    0.0000504800   -0.0002529500
   0.0000689600   -0.0001241800   -0.0005815500
   0.0002988800    0.0003990000   -0.0002514300
   0.0005439400    0.0004395900   -0.0004282900
  -0.0001670100   -0.0002732600    0.0002966000
   0.0000134500    0.0000017000    0.0019291000
   0.0000101600    0.0000007000   -0.0033242500
  -0.0001966300   -0.0007387500   -0.0000273400
   0.0009708100   -0.0000696400   -0.0004081600
   0.0000759600    0.0000627600    0.0006696400
   0.0008312800   -0.0010523700   -0.0004225400
  -0.0000846400    0.0000184100    0.0006845900
   0.0005157200    0.0012398900   -0.0004215300
  -0.0005205400    0.0005604700   -0.0000660700
  -0.0005291600   -0.0007934500   -0.0004094700
  -0.0006258700    0.0002450900   -0.0004217200
   0.0003376300   -0.0000152400    0.0002959100
   0.0010584100    0.0000905700   -0.0006107800
  -0.0006128600   -0.0000565000    0.0000314100
  -0.0006845500   -0.0054884200   -0.0002197600
  -0.0011380700   -0.0006943700    0.0001686600
   0.0000262900   -0.0000901100    0.0006587300
   0.0002113300    0.0012628600    0.0003023500
   0.0011902300    0.0023388600    0.0014176400
  -0.0002320600   -0.0008014400   -0.0001104900
   0.0007320500   -0.0000241800    0.0001859400
   0.0002395300    0.0004706000    0.0011759100
  -0.0004061800   -0.0010140100   -0.0003201600
   0.0002772400   -0.0002636700    0.0009200300
  -0.0001179500    0.0000145800   -0.0005854800
   0.0002101800   -0.0004499100   -0.0002524800
  -0.0004256800   -0.0009564600   -0.0006241600
   0.0001066500    0.0003618800    0.0009185000
  -0.0000113500    0.0013289100    0.0001395400
   0.0002728200    0.0005721300    0.0000309300
   0.0007553700    0.0001953000   -0.0000203000
  -0.0004069000    0.0008681800   -0.0004107800
   0.0001244900   -0.0006706000   -0.0004270800
  -0.0001379900    0.0002918500    0.0002967300
   0.0011801600   -0.0006350800    0.0001251900
   0.0003751000   -0.0005103800    0.0000301400
  -0.0013072200   -0.0001787400   -0.0004230900
  -0.0003224700    0.0014041100   -0.0003888000

42   
 -0.0011470786693528   0.0099339926779878   0.0000000000000000
   0.0000225800    0.0007542500    0.0004011800
  -0.0002390000   -0.0001221700    0.0004301300
  -0.0001225400   -0.0001131400   -0.0005911500
   0.0001895900   -0.0000503200   -0.0005858100
  -0.0004675400    0.0004312100   -0.0007948600
  -0.0001020700    0.0002469400    0.0002808600
   0.0000154000    0.0000111200   -0.0000153100
   0.0001610800   -0.0000858400   -0.0006518800
  -0.0001518100   -0.0000638000   -0.0006343500
   0.0033293100   -0.0014484600   -0.0015712400
   0.0003485700   -0.0002913600   -0.0003639900
   0.0000981500    0.0003204600    0.0004958600
  -0.0152472300    0.0204529900    0.0139600200
   0.0001234800    0.0004668300   -0.0003707600
  -0.0000202400    0.0000465100   -0.0002371800
   0.0000143000   -0.0002820200    0.0002303000
   0.0008475300    0.0003252300   -0.0000764100
   0.0001251400   -0.0003485100    0.0002076000
   0.0002666800    0.0001607800    0.0002395000
  -0.0019080800   -0.0036226600   -0.0011226800
   0.0002664000    0.0002876900    0.0002010900
  -0.0003535400    0.0000884400    0.0002057100
   0.0000208700    0.0001859700   -0.0006324500
   0.0130994800    0.0300199800    0.0205912300
  -0.0006787500    0.0017387800    0.0026101100
  -0.0000255900    0.0001925000   -0.0005873100
  -0.0008231200    0.0000942000    0.0000325000
  -0.0002376100    0.0001647200    0.0002325300
   0.0000276100   -0.0005222700   -0.0001329600
   0.0000587100    0.0000228900   -0.0002333100
  -0.0004522300    0.0004127300    0.0008241800
  -0.0095169200    0.0495079700   -0.0347309800
  -0.0004293000   -0.0001241200   -0.0003623400
   0.0002875600    0.0004579900   -0.0001270600
   0.0000082100   -0.0000376700   -0.0002312900
   0.0001431300    0.0003033900   -0.0007606300
  -0.0001251500   -0.0001511200    0.0003121800
   0.0001147500   -0.0002076800    0.0001418600
  -0.0000403500   -0.0003612500    0.0004881200
   0.0001464300    0.0007922900   -0.0000554100
   0.0025403300    0.0012583800   -0.0023002200
   0.0121331400   -0.1122482700   -0.0007997900
   0.0020341200    0.0063704600   -0.0007684500
   0.0000913300    0.0000065100   -0.0029953500
  -0.0004071200   -0.0005966200    0.0002489000
   0.0000868700    0.0000044700    0.0022276900
  -0.0003497500   -0.0000851300    0.0009294600
  -0.0001262900   -0.0000063700    0.0008762600
  -0.0030774100   -0.0001362000   -0.0023967800
   0.0003274500   -0.0009346200    0.0009962200
   0.0030320200   -0.0015991100    0.0011855000
   0.0004828600    0.0010613900   -0.0001762200
   0.0001386200    0.0000239400    0.0009027200
   0.0006935900   -0.0011112600   -0.0001416600
  -0.0001858700   -0.0000435600    0.0009229500
  -0.0005938900   -0.0000729300    0.0002686200
  -0.0005675800    0.0006175900   -0.0001790200
  -0.0014762400    0.0003628100    0.0004968400
  -0.0005782700   -0.0004107800   -0.0001769200
   0.0009558900    0.0003298600   -0.0000875900
  -0.0001485800    0.0005393200    0.0001830100
   0.0001494800    0.0004386900    0.0003965100
   0.0003554100   -0.0026671000   -0.0001428200
   0.0015355800   -0.0012231700    0.0007534200
  -0.0013744300   -0.0012736000    0.0008608500
  -0.0013564800   -0.0000236300   -0.0000971000
   0.0004404200    0.0000789400    0.0005862000
   0.0010365300    0.0009631400    0.0003579500
  -0.0005927800    0.0008595400   -0.0006285100
   0.0000101900   -0.0002014800    0.0013868000
   0.0000805800    0.0001192400   -0.0005666200
  -0.0004766700    0.0000651200   -0.0002368600
   0.0000708300   -0.0001102900   -0.0005690000
   0.0003030200    0.0004093600   -0.0002366800
   0.0005458600    0.0004513300   -0.0004125100
  -0.0001644400   -0.0002619100    0.0003101000
   0.0000145300    0.0000167000    0.0019441000
   0.0000128900    0.0000123800   -0.0033094900
  -0.0001816500   -0.0007297500   -0.0000076100
   0.0009746900   -0.0000586100   -0.0003946200
   0.0000893800    0.0000732400    0.0007089600
   0.0008330300   -0.0010402100   -0.0004080000
  -0.0000676900    0.0000465900    0.0007007100
   0.0005168200    0.0012465600   -0.0004084200
  -0.0005184200    0.0005539600   -0.0000154300
  -0.0005264900   -0.0007873600   -0.0003956600
  -0.0006272900    0.0002449300   -0.0004288800
   0.0003415100   -0.0000035700    0.0003107000
   0.0010661400    0.0000939600   -0.0006044900
  -0.0006129000   -0.0000519100    0.0000425900
   0.0028333500    0.0051152600    0.0012527000
  -0.0011289300   -0.0006657800    0.0001354700
   0.0000368200   -0.0000628100    0.0006946700
  -0.0047452100    0.0036975500    0.0014417200
   0.0003521100    0.0000625900    0.0003603500
  -0.0001692200   -0.0012098500   -0.0002551300
   0.0007536700    0.0000952600    0.0003354100
   0.0002920000    0.0000554500    0.0012909400
  -0.0004267000   -0.0008754500   -0.0003319000
   0.0002823700   -0.0002545900    0.0009307400
  -0.0001225200    0.0000208700   -0.0005631900
   0.0002141000   -0.0004383500   -0.0002385700
  -0.0004297400   -0.0009347600   -0.0006137900
   0.0001114000    0.0003749700    0.0009329200
  -0.0000077200    0.0013435000    0.0001608200
   0.0002737200    0.0005839100    0.0000417800
   0.0007587400    0.0002048300   -0.0000014700
  -0.0004047100    0.0008789000   -0.0003963000
   0.0001249100   -0.0006725900   -0.0004130800
  -0.0001370800    0.0003026000    0.0003094000
   0.0011807600   -0.0006440000    0.0001569600
   0.0003802200   -0.0005022900    0.0000419000
  -0.0013076300   -0.0001782400   -0.0004093800
  -0.0043714900    0.0034785700   -0.0005909100

42   
  0.0011470786693528  -0.0099339926779878   0.0000000000000000
  -0.0009330400   -0.0006990900   -0.0006734700
  -0.0004236600   -0.0002294000    0.0002957800
  -0.0001270700   -0.0001171500   -0.0005907900
   0.0001810300   -0.0000515500   -0.0005955800
   0.0001427800   -0.0001570700    0.0002186800
  -0.0000423300    0.0002429600    0.0006349300
   0.0000070500    0.0000009900   -0.0000234700
   0.0001565500   -0.0001069200   -0.0006270500
  -0.0001550800   -0.0000784300   -0.0006455500
  -0.0029618000    0.0017310900    0.0009323000
   0.0003478000   -0.0003147300   -0.0003791900
  -0.0000547600    0.0004713800    0.0002305300
   0.0157370200   -0.0203128000   -0.0147211300
   0.0000974100    0.0004428100   -0.0003703200
  -0.0000253300    0.0000239400   -0.0002467700
   0.0000023100   -0.0002828900    0.0002234600
  -0.0008786400   -0.0004038600    0.0000168000
   0.0001205100   -0.0003510300    0.0001933500
   0.0002569400    0.0001392200    0.0002145800
   0.0018512700    0.0032207400    0.0005557600
   0.0002547800    0.0002773800    0.0001995100
  -0.0003537700    0.0000817700    0.0001943400
   0.0000246600    0.0001863000   -0.0006468300
  -0.0133038100   -0.0307169200   -0.0217184800
   0.0012166600   -0.0018808600   -0.0017078800
  -0.0000319500    0.0001811900   -0.0005951900
   0.0007984900    0.0000061700   -0.0000871400
  -0.0002396100    0.0001400500    0.0002199300
   0.0003874700   -0.0002976600   -0.0001348800
   0.0000483300    0.0000193800   -0.0002498200
   0.0011437300   -0.0008333100   -0.0001043100
   0.0092246900   -0.0481023600    0.0340275600
  -0.0004265200   -0.0001404600   -0.0003794400
   0.0002597900    0.0003109800   -0.0001405600
   0.0000016000   -0.0000395800   -0.0002521000
  -0.0004920500   -0.0001370500    0.0001200500
  -0.0001853800   -0.0002159800    0.0006013400
   0.0000101600    0.0002252400   -0.0001926500
  -0.0000220000   -0.0003253000    0.0005642300
  -0.0003124700    0.0006883900   -0.0002131200
  -0.0026971900   -0.0013294700    0.0016759100
  -0.0131212300    0.1090470400    0.0024264500
  -0.0018206500   -0.0052662300    0.0008196700
  -0.0000747000    0.0000066300   -0.0029949800
  -0.0003239300   -0.0006632500    0.0002265100
  -0.0000673600    0.0000087000    0.0022359000
  -0.0003556500   -0.0000980900    0.0009188800
   0.0001284200    0.0002653900    0.0009883300
   0.0032305700    0.0000155500    0.0017697200
  -0.0010846800    0.0009780400    0.0014437000
  -0.0009745200    0.0019167000   -0.0018506200
   0.0006983300    0.0013540600   -0.0001273500
   0.0001054100   -0.0001168500    0.0009612400
   0.0008230900   -0.0010753500   -0.0001644000
  -0.0000004500   -0.0000832500    0.0009431500
  -0.0006370500   -0.0000701500    0.0003824600
  -0.0007741100    0.0007643200   -0.0001106400
  -0.0010052200    0.0004254000    0.0003379300
  -0.0005782400   -0.0004741100   -0.0001045700
   0.0009239700    0.0001769900   -0.0002031600
  -0.0005606200    0.0007608300    0.0002925100
   0.0003590000    0.0007362200    0.0002620200
  -0.0003199500    0.0029104700   -0.0003850300
  -0.0011616400    0.0005080200    0.0016933700
   0.0001380200    0.0029860700   -0.0015169100
  -0.0012782700   -0.0001595500   -0.0002033500
   0.0002277200    0.0002110600    0.0004764500
   0.0009080200    0.0008244300    0.0004676000
  -0.0005852900    0.0008836300   -0.0005863300
   0.0005526500   -0.0023085500   -0.0005466400
   0.0000892200    0.0001150800   -0.0005797800
  -0.0004827600    0.0000514700   -0.0002488900
   0.0000649300   -0.0001191900   -0.0005780500
   0.0002944400    0.0003985300   -0.0002480500
   0.0005360300    0.0004375000   -0.0004308000
  -0.0001703900   -0.0002726700    0.0003001100
   0.0000042300   -0.0000027400    0.0019371900
   0.0000059200    0.0000009500   -0.0033214100
  -0.0002039300   -0.0007354400   -0.0000246000
   0.0009670300   -0.0000695000   -0.0004055700
   0.0000573900    0.0000619800    0.0006522300
   0.0008265400   -0.0010524300   -0.0004207800
  -0.0000807300    0.0000163300    0.0006605900
   0.0005086700    0.0012400700   -0.0004191500
  -0.0005365800    0.0005493800   -0.0000160500
  -0.0005339700   -0.0007934300   -0.0004046200
  -0.0006403400    0.0002492800   -0.0004122800
   0.0003326800   -0.0000151200    0.0002974800
   0.0010521800    0.0000924800   -0.0006066600
  -0.0006219000   -0.0000543300    0.0000331100
  -0.0021088300   -0.0062199500   -0.0006101300
  -0.0011388900   -0.0006928500    0.0001671000
   0.0000257900   -0.0000946700    0.0006662700
   0.0042799400   -0.0033106100   -0.0003878400
   0.0010502000   -0.0005805300   -0.0006155500
  -0.0003120000   -0.0006288500   -0.0000348100
   0.0007498100   -0.0000982100    0.0001355300
   0.0001534300    0.0006404200    0.0011472900
  -0.0003592200   -0.0010486900   -0.0003371800
   0.0002721800   -0.0002638200    0.0009220800
  -0.0001231500    0.0000110300   -0.0005800500
   0.0002066600   -0.0004489100   -0.0002502600
  -0.0004475500   -0.0009581100   -0.0006011100
   0.0001046900    0.0003631400    0.0009204500
  -0.0000154700    0.0013350000    0.0001416200
   0.0002696400    0.0005725100    0.0000347400
   0.0007467400    0.0001965800   -0.0000263100
  -0.0004120600    0.0008677700   -0.0004082200
   0.0001221000   -0.0006727200   -0.0004275600
  -0.0001421300    0.0002915600    0.0002990800
   0.0011702100   -0.0006380500    0.0001446700
   0.0003708000   -0.0005109700    0.0000350400
  -0.0013160900   -0.0001759700   -0.0004196000
   0.0034083400   -0.0037635700    0.0006455100

42   
  0.0000000000000000   0.0000000000000000   0.0100000000000000
  -0.0004354400    0.0000607100    0.0007772900
  -0.0003707500   -0.0000710200    0.0002595400
  -0.0001307800   -0.0001239900   -0.0005915600
   0.0001756100   -0.0000517200   -0.0006069600
  -0.0001073500    0.0001183700    0.0005708000
   0.0000287600    0.0002195400    0.0003643100
   0.0000033400    0.0000005500   -0.0000336500
   0.0001453100   -0.0000994800   -0.0006413500
  -0.0001705300   -0.0000820100   -0.0006274400
  -0.0002638400   -0.0002256100    0.0020010200
   0.0003235600   -0.0003119200   -0.0004315900
  -0.0000610500    0.0003092900    0.0002655700
  -0.0314232500    0.0098061600    0.0456846400
   0.0001113800    0.0004775900   -0.0003468300
  -0.0000039500    0.0000171300   -0.0002308500
   0.0000006000   -0.0002930500    0.0002209700
  -0.0000621600   -0.0000096700    0.0008963200
   0.0001208900   -0.0003536300    0.0001910700
   0.0002603600    0.0001410200    0.0002236600
   0.0005290100   -0.0003406200    0.0020326200
   0.0002548000    0.0002844800    0.0002034900
  -0.0003660200    0.0000843500    0.0001977600
   0.0000154600    0.0001810500   -0.0006519500
   0.0237036300    0.0221349400    0.0455505000
   0.0001099900    0.0004703000    0.0027223200
  -0.0000334700    0.0001882700   -0.0005957500
  -0.0000400000    0.0001260100    0.0008290200
  -0.0002293600    0.0001371900    0.0002363200
   0.0003089200   -0.0002456300   -0.0001627200
   0.0000365200    0.0000152800   -0.0002235700
   0.0002611400   -0.0002454000    0.0012435000
   0.0072566300   -0.0313329000    0.0459997100
  -0.0004378000   -0.0001271800   -0.0003608900
   0.0002712400    0.0003785800   -0.0001907100
  -0.0000030000   -0.0000397500   -0.0002385300
  -0.0002107800    0.0000797900    0.0005827800
  -0.0003630800   -0.0001729500    0.0004357700
   0.0001415900   -0.0001690500   -0.0000546800
   0.0000279400   -0.0003367200    0.0002243100
  -0.0000241400    0.0007510700   -0.0000828900
  -0.0020224700   -0.0012178000   -0.0000025300
   0.0007899300   -0.0014404900   -0.1424480300
   0.0000609900    0.0015297200   -0.0039244900
  -0.0000203100   -0.0000498100   -0.0033136200
  -0.0004359200   -0.0006101000   -0.0000386700
  -0.0000142900   -0.0000633900    0.0022843100
  -0.0003586700   -0.0000954200    0.0009283800
   0.0000263200    0.0001956700    0.0009784300
   0.0023100800   -0.0002931500   -0.0000145900
  -0.0013686800   -0.0005903900   -0.0027936800
   0.0029329200   -0.0008976700   -0.0000473500
   0.0006683700    0.0012833100   -0.0001636700
   0.0001707500   -0.0000171900    0.0006645600
   0.0007906900   -0.0011359800   -0.0004818300
  -0.0000603400   -0.0001293500    0.0009796700
  -0.0006743000   -0.0000946900    0.0000072500
  -0.0007902000    0.0007186700   -0.0001571800
  -0.0013163600    0.0003775500    0.0004648200
  -0.0006149700   -0.0004509400   -0.0004286600
   0.0008964300    0.0002946500   -0.0004561800
  -0.0004052900    0.0006960500    0.0002920200
   0.0001944700    0.0005468100    0.0003172000
   0.0000286100    0.0002875900    0.0178114500
   0.0012771500   -0.0004665800   -0.0027631300
  -0.0019246100   -0.0009413900   -0.0000229700
  -0.0013128400   -0.0000522900   -0.0004838400
   0.0003893700    0.0001139500    0.0005210000
   0.0009774700    0.0009162700    0.0001223200
  -0.0005950400    0.0008624600   -0.0005976900
  -0.0006558100    0.0007633900    0.0007023400
   0.0000715100    0.0001060100   -0.0005684600
  -0.0004867000    0.0000553800   -0.0002387900
   0.0000617000   -0.0001174900   -0.0005631900
   0.0002914100    0.0003999400   -0.0002350400
   0.0005387000    0.0004423200   -0.0004155100
  -0.0001751000   -0.0002720200    0.0003091800
   0.0000030100   -0.0000027700    0.0019521300
   0.0000029600    0.0000039600   -0.0033119200
  -0.0001952200   -0.0007361900   -0.0000057600
   0.0009642600   -0.0000677100   -0.0003978700
   0.0000608800    0.0000679600    0.0006945800
   0.0008254400   -0.0010515200   -0.0004126000
  -0.0000771800    0.0000210200    0.0006948300
   0.0005039300    0.0012400600   -0.0004062000
  -0.0005298600    0.0005490600   -0.0000109500
  -0.0005379100   -0.0007938300   -0.0003984300
  -0.0006370400    0.0002392500   -0.0004316100
   0.0003306300   -0.0000148900    0.0003048500
   0.0010488300    0.0000943300   -0.0005974800
  -0.0006228900   -0.0000592100    0.0000483000
  -0.0002051500   -0.0013559900   -0.0036036200
  -0.0011289900   -0.0006766900    0.0001699400
  -0.0000002600   -0.0000953600    0.0007313100
   0.0007202500   -0.0003592600   -0.0034219800
   0.0006447200    0.0019435200    0.0001542200
  -0.0002539900   -0.0008511100   -0.0001536100
   0.0007665200   -0.0000219000   -0.0000458800
   0.0002357900    0.0002262800    0.0012053600
  -0.0003810000   -0.0010370100   -0.0005928200
   0.0002711800   -0.0002623600    0.0009270300
  -0.0001264000    0.0000063400   -0.0005609100
   0.0002037000   -0.0004465000   -0.0002406200
  -0.0004292800   -0.0009600600   -0.0006138700
   0.0001016200    0.0003637000    0.0009299500
  -0.0000244700    0.0013466100    0.0001547600
   0.0002653700    0.0005747600    0.0000419300
   0.0007384600    0.0001921100   -0.0000189100
  -0.0004161700    0.0008702100   -0.0004009200
   0.0001164100   -0.0006715200   -0.0004068800
  -0.0001455800    0.0002930600    0.0003085400
   0.0011660000   -0.0006349500    0.0001340000
   0.0003693000   -0.0005092700    0.0000386800
  -0.0013168900   -0.0001790800   -0.0003973000
  -0.0009058600    0.0007519800   -0.0039254600

42   
  0.0000000000000000   0.0000000000000000  -0.0100000000000000
  -0.0004909700   -0.0000246400   -0.0010542200
  -0.0003092100   -0.0002961900    0.0004693600
  -0.0001370000   -0.0001174100   -0.0005855500
   0.0001772500   -0.0000620600   -0.0005695900
  -0.0002149000    0.0001560700   -0.0011569700
  -0.0001972300    0.0002615500    0.0005539300
   0.0000016100    0.0000005400   -0.0000001600
   0.0001554900   -0.0001047100   -0.0006329200
  -0.0001542400   -0.0000721100   -0.0006485400
   0.0005364100    0.0004482600   -0.0026495300
   0.0003566000   -0.0003060700   -0.0003048400
   0.0000912300    0.0004674800    0.0004632400
   0.0329042700   -0.0099559300   -0.0470767500
   0.0000918600    0.0004190600   -0.0003908400
  -0.0000602200    0.0000431200   -0.0002493900
  -0.0000006900   -0.0002825800    0.0002370900
   0.0000570600   -0.0000700600   -0.0009581600
   0.0001079700   -0.0003581400    0.0002143900
   0.0002442900    0.0001480600    0.0002345800
  -0.0005166900   -0.0000872100   -0.0026140300
   0.0002498800    0.0002703600    0.0002012400
  -0.0003607500    0.0000743000    0.0002072700
   0.0000126700    0.0001812900   -0.0006224200
  -0.0244733500   -0.0233097100   -0.0470175500
   0.0003847900   -0.0005315200   -0.0018118100
  -0.0000420000    0.0001730300   -0.0005817600
  -0.0000494200   -0.0000431900   -0.0008861900
  -0.0002662100    0.0001565700    0.0002202400
   0.0000888500   -0.0005919400   -0.0001055800
   0.0000521200    0.0000151100   -0.0002560900
   0.0004206300   -0.0001936500   -0.0005233400
  -0.0075108400    0.0324517300   -0.0461271600
  -0.0004359100   -0.0001486500   -0.0003769100
   0.0002594500    0.0003784700   -0.0000810900
  -0.0000062600   -0.0000477600   -0.0002405900
  -0.0001864400    0.0000814000   -0.0012355900
   0.0000423200   -0.0002022700    0.0004790400
  -0.0000391700    0.0001777700    0.0000032900
  -0.0001085500   -0.0003642100    0.0008430700
  -0.0001620400    0.0007180700   -0.0001838900
   0.0018016400    0.0011132600   -0.0006008200
  -0.0003536000    0.0007085100    0.1441849300
   0.0000686300   -0.0005815600    0.0040526800
   0.0000182000    0.0000515500   -0.0026633800
  -0.0003121500   -0.0006611400    0.0005236300
   0.0000155700    0.0000646800    0.0021791400
  -0.0003649000   -0.0000983700    0.0009229700
  -0.0000438700    0.0000512500    0.0008891400
  -0.0020990700    0.0001680500   -0.0005872600
   0.0005749100    0.0006099100    0.0052744900
  -0.0008363800    0.0011521600   -0.0006141700
   0.0004951500    0.0011184200   -0.0001322300
   0.0000553300   -0.0000887000    0.0012070300
   0.0007088800   -0.0010637300    0.0001909300
  -0.0001433500   -0.0000090500    0.0008884100
  -0.0005726600   -0.0000621600    0.0006589700
  -0.0005694300    0.0006507600   -0.0001279800
  -0.0011800200    0.0004006200    0.0003732300
  -0.0005646300   -0.0004428400    0.0001566200
   0.0009689400    0.0002017500    0.0001757300
  -0.0003212200    0.0005921300    0.0001845200
   0.0002981100    0.0006176400    0.0003536000
  -0.0000122400   -0.0000589400   -0.0187736400
  -0.0008957000   -0.0002520900    0.0052468800
   0.0006525200    0.0025909600   -0.0006397000
  -0.0013429800   -0.0001427200    0.0001931800
   0.0002599600    0.0001647200    0.0005534400
   0.0009519900    0.0008646400    0.0007112500
  -0.0006016100    0.0008688900   -0.0006139000
   0.0012230100   -0.0032993000    0.0001274100
   0.0000806800    0.0001164100   -0.0005741700
  -0.0004904800    0.0000493100   -0.0002445800
   0.0000557900   -0.0001231600   -0.0005805300
   0.0002876800    0.0003966200   -0.0002469800
   0.0005253200    0.0004354400   -0.0004243500
  -0.0001774400   -0.0002733400    0.0003041500
  -0.0000018100    0.0000058400    0.0019337700
  -0.0000018900   -0.0000015500   -0.0033172300
  -0.0002085500   -0.0007399400   -0.0000220600
   0.0009597400   -0.0000714100   -0.0004001700
   0.0000677900    0.0000555300    0.0006709600
   0.0008161300   -0.0010524000   -0.0004143100
  -0.0000888300    0.0000302200    0.0006710200
   0.0005032900    0.0012352900   -0.0004202200
  -0.0005435800    0.0005424800   -0.0000158300
  -0.0005401300   -0.0007982200   -0.0003993900
  -0.0006490900    0.0002436700   -0.0004047600
   0.0003253900   -0.0000151900    0.0003060600
   0.0010514200    0.0000813400   -0.0006105400
  -0.0006295300   -0.0000586100    0.0000289500
   0.0009659900    0.0003666000    0.0043067000
  -0.0011563400   -0.0006935400    0.0001380800
   0.0000454200   -0.0000736700    0.0006338500
  -0.0012857500    0.0007913100    0.0045289600
   0.0007272200   -0.0024966100   -0.0004294400
  -0.0002440600   -0.0010044500   -0.0001269100
   0.0007186000    0.0000078400    0.0005269400
   0.0001914200    0.0004629700    0.0012427000
  -0.0004237800   -0.0008948400   -0.0000636700
   0.0002646600   -0.0002676100    0.0009284400
  -0.0001364100    0.0000149700   -0.0005786900
   0.0001998000   -0.0004517400   -0.0002457100
  -0.0004653100   -0.0009447400   -0.0005972700
   0.0000973700    0.0003622600    0.0009260100
  -0.0000169000    0.0013205000    0.0001518600
   0.0002595400    0.0005702900    0.0000365500
   0.0007487600    0.0001983600   -0.0000048100
  -0.0004187600    0.0008654600   -0.0004009600
   0.0001135600   -0.0006856300   -0.0004304500
  -0.0001507800    0.0002894900    0.0003029000
   0.0011669700   -0.0006579700    0.0001730000
   0.0003637900   -0.0005151200    0.0000402500
  -0.0013239600   -0.0001865300   -0.0004303100
   0.0000253500   -0.0011174500    0.0040518700

44   
  0.0045857463603687   0.0034040338657640   0.0082087443472859
  -0.0004892200    0.0001573000   -0.0001261200
  -0.0070449400    0.0097136300    0.0258644300
  -0.0001383400   -0.0001122900   -0.0006050000
   0.0001837800   -0.0000614100   -0.0006085800
   0.0000613400    0.0000540000    0.0007046700
  -0.0023572800    0.0005449500    0.0027584600
   0.0000091100    0.0000057200   -0.0000573800
   0.0001601200   -0.0000905100   -0.0006633100
  -0.0001489500   -0.0000745800   -0.0006676300
   0.0002501700   -0.0000187000   -0.0002816800
   0.0003518300   -0.0003030100   -0.0004082200
   0.0392363400    0.0360914200    0.0556971900
   0.0005969900   -0.0002948900    0.0004736100
   0.0001042200    0.0004594600   -0.0004060600
  -0.0000207000    0.0000327600   -0.0002672700
   0.0000168300   -0.0002791300    0.0002029400
   0.0000723500    0.0005148800    0.0004728100
   0.0001666400   -0.0003822400    0.0001770100
   0.0002627000    0.0001548100    0.0002018300
   0.0004316500   -0.0001882700    0.0001146600
   0.0002715400    0.0003426100    0.0001826100
  -0.0003978500    0.0000615300    0.0001861100
   0.0000183100    0.0001843200   -0.0006669900
  -0.0002321600   -0.0001283700   -0.0003672200
   0.0007159200   -0.0021068900    0.0030434600
  -0.0000237000    0.0001911100   -0.0006127700
  -0.0002904700    0.0004402600    0.0006862000
  -0.0002408300    0.0001470700    0.0002129400
   0.0001836500   -0.0005111900   -0.0002737100
   0.0000471800    0.0000188800   -0.0002667900
   0.0122352600   -0.0128910200    0.0298228400
   0.0000399400    0.0000256500    0.0002853000
  -0.0004336200   -0.0001356800   -0.0004053200
   0.0003575000    0.0003038000   -0.0003050600
   0.0000028500   -0.0000336200   -0.0002711400
  -0.0001730500    0.0001208900   -0.0004598400
   0.0001771100    0.0005148600    0.0010521000
   0.0000809300    0.0002275200    0.0010539500
   0.0000661600    0.0018493100   -0.0023863400
  -0.0016924100    0.0038019300    0.0013532400
  -0.0001462200    0.0000149700   -0.0003328900
   0.0003638300   -0.0002654000   -0.0002724000
   0.0001103100    0.0004356600   -0.0002154700
  -0.0497359500   -0.0368149700   -0.1157032200
  -0.0018435400   -0.0013546900    0.0002546300
  -0.0012873700   -0.0009394500    0.0177065400
  -0.0003537700   -0.0000911400    0.0008961100
   0.0000723600    0.0001006600    0.0009448900
   0.0001073700    0.0000485900   -0.0002799500
  -0.0006025200    0.0000449000    0.0012065300
   0.0010152800    0.0001778300   -0.0005584000
   0.0006128900    0.0011643800   -0.0004651600
   0.0001052800   -0.0002336700    0.0009836600
   0.0006981400   -0.0010539100   -0.0004202000
  -0.0000322400   -0.0001198300    0.0008980800
  -0.0007947000   -0.0002208400    0.0003645200
  -0.0003579700    0.0045573900   -0.0040208000
  -0.0012100500    0.0004311700    0.0001214700
  -0.0011840700   -0.0014932100   -0.0004268300
   0.0013891000   -0.0006829300   -0.0033168600
  -0.0006991300    0.0008433800   -0.0004116200
   0.0002432300    0.0005721900    0.0002697900
  -0.0001526300    0.0001404000   -0.0002539100
   0.0002365800   -0.0005131200    0.0012079300
  -0.0006052800    0.0008010700   -0.0005750300
  -0.0012396300   -0.0001253400   -0.0004278100
   0.0045078100    0.0004273400   -0.0033562300
   0.0009934400    0.0009026700    0.0001914200
  -0.0005881200    0.0008724400   -0.0006311700
   0.0003311300   -0.0012863000    0.0001990200
   0.0000728700    0.0001195000   -0.0005951300
  -0.0004805300    0.0000582700   -0.0002670400
   0.0000700700   -0.0001080600   -0.0005854300
   0.0002963400    0.0004032900   -0.0002668700
   0.0005285600    0.0004394800   -0.0004462900
  -0.0001683800   -0.0002680800    0.0002774700
   0.0000087800    0.0000070700    0.0020783900
   0.0000019900    0.0000062900   -0.0033102800
  -0.0002175500   -0.0007248900   -0.0000709400
   0.0009696200   -0.0000641600   -0.0004274000
   0.0000696800    0.0000637700    0.0006597500
   0.0008284200   -0.0010456500   -0.0004379500
  -0.0000711600    0.0000333000    0.0006601200
   0.0005107800    0.0012426400   -0.0004377000
  -0.0005358500    0.0005578800   -0.0000282200
  -0.0005312000   -0.0007884400   -0.0004259000
  -0.0006406400    0.0002486500   -0.0004794600
   0.0003335100   -0.0000097100    0.0002778000
   0.0010540200    0.0000880400   -0.0006230800
  -0.0006189500   -0.0000533000    0.0000111700
   0.0003319800   -0.0005137500    0.0002571000
  -0.0011405300   -0.0006713200    0.0001282200
   0.0000248800   -0.0000784400    0.0006580800
  -0.0005747800    0.0000473700   -0.0024719400
   0.0012098000   -0.0006400400   -0.0005964600
   0.0023620500   -0.0007008800   -0.0030262000
   0.0037091500   -0.0017129600    0.0016219400
   0.0001554000    0.0003144200    0.0011453100
  -0.0003259500   -0.0008673900   -0.0005798000
   0.0002749800   -0.0002597300    0.0008988300
  -0.0001173800    0.0000069100   -0.0005862000
   0.0002086600   -0.0004436400   -0.0002689500
  -0.0004408200   -0.0009454200   -0.0006272100
   0.0001072300    0.0003677300    0.0009001700
  -0.0000091000    0.0013410600    0.0001338200
   0.0002699000    0.0005782100    0.0000115900
   0.0007517400    0.0002026300   -0.0000247600
  -0.0004083500    0.0008751400   -0.0004280500
   0.0001332500   -0.0006508200   -0.0004565700
  -0.0001421700    0.0002947300    0.0002763600
   0.0011727100   -0.0006502100    0.0001274900
   0.0003736800   -0.0005065400    0.0000133100
  -0.0013130200   -0.0001776900   -0.0004387300
  -0.0004642100   -0.0001023800   -0.0002469300

44   
 -0.0045857463603687  -0.0034040338657640  -0.0082087443472859
  -0.0004455300   -0.0000971000   -0.0002142700
   0.0064068400   -0.0101433700   -0.0251783200
  -0.0001480000   -0.0001433700   -0.0006498500
   0.0001509800   -0.0000647300   -0.0006458500
  -0.0004284300    0.0001326400   -0.0013629200
   0.0021991000   -0.0000496500   -0.0019305500
  -0.0000226200   -0.0000181800   -0.0000539600
   0.0001215300   -0.0001272700   -0.0006886000
  -0.0001946000   -0.0000940800   -0.0006851600
   0.0000284500    0.0002563400   -0.0004371800
   0.0003085600   -0.0003264600   -0.0004066100
  -0.0411145100   -0.0371037500   -0.0572493800
  -0.0002571400    0.0004913800   -0.0011301300
   0.0000801600    0.0004248300   -0.0004079900
  -0.0000616800    0.0000137300   -0.0002898900
  -0.0000357100   -0.0003107700    0.0001766500
  -0.0001248000   -0.0005953300   -0.0006125600
   0.0000419400   -0.0003423400    0.0001499100
   0.0002248900    0.0001211600    0.0001790400
  -0.0004452400   -0.0002339400   -0.0007780600
   0.0002129600    0.0001977400    0.0001436200
  -0.0003453300    0.0000847600    0.0001404500
  -0.0000105700    0.0001643100   -0.0006849300
   0.0002815700   -0.0002652400   -0.0003505900
  -0.0001984600    0.0020140500   -0.0022263000
  -0.0000712400    0.0001583700   -0.0006427400
   0.0002442200   -0.0003851400   -0.0008141800
  -0.0002726600    0.0001330200    0.0001662400
   0.0002002700   -0.0003332200   -0.0000677000
   0.0000239500   -0.0000002500   -0.0002893400
  -0.0116940300    0.0127069400   -0.0292912500
  -0.0000582800   -0.0000384800    0.0003448900
  -0.0004590700   -0.0001550600   -0.0004093800
   0.0001548400    0.0004401900   -0.0000374100
  -0.0000297200   -0.0000684300   -0.0002856100
  -0.0002100300    0.0000016300   -0.0002601800
  -0.0005092000   -0.0008937600   -0.0001837500
  -0.0000340900   -0.0002432500   -0.0011846900
  -0.0001626500   -0.0025951200    0.0034193500
   0.0015049900   -0.0023846400   -0.0017354800
  -0.0000742200   -0.0001266300   -0.0003414700
   0.0003773800   -0.0003438700    0.0002866500
   0.0000101300    0.0005108300    0.0002303500
   0.0533597600    0.0397124000    0.1197793600
   0.0010644800    0.0000574000    0.0001574700
   0.0013009800    0.0009499500   -0.0135473700
  -0.0003878900   -0.0001155900    0.0008795600
  -0.0001092000    0.0001322200    0.0008499800
   0.0000635400   -0.0001904700   -0.0003899400
  -0.0002274900   -0.0000394900    0.0011530000
   0.0010481900    0.0000721000   -0.0001685600
   0.0005278400    0.0012225500    0.0000919600
   0.0001020600    0.0001158500    0.0008074400
   0.0007818100   -0.0011605300    0.0000481800
  -0.0001909500   -0.0000316100    0.0008947800
  -0.0004732100    0.0000503500    0.0002181300
  -0.0010054700   -0.0031909900    0.0036582100
  -0.0013055300    0.0003339800    0.0006385300
  -0.0000259500    0.0005647700    0.0000895400
   0.0004573000    0.0011888700    0.0029725800
  -0.0000457500    0.0004618100    0.0008280500
   0.0002307500    0.0005792200    0.0003201100
   0.0001506200    0.0000777700   -0.0004210000
   0.0001363000   -0.0002163900    0.0011571500
  -0.0006814200    0.0008532800   -0.0001542200
  -0.0014333900   -0.0000874500    0.0000557000
  -0.0038517800   -0.0001505200    0.0043412100
   0.0009150900    0.0008574800    0.0005680700
  -0.0006273400    0.0008456000   -0.0006567100
   0.0002238500   -0.0012755900    0.0005628700
   0.0000611600    0.0000892600   -0.0006232000
  -0.0005145900    0.0000328800   -0.0002919500
   0.0000283500   -0.0001462100   -0.0006331700
   0.0002639800    0.0003795500   -0.0002919600
   0.0005171000    0.0004253500   -0.0004686900
  -0.0002024400   -0.0002908200    0.0002595700
  -0.0000260600   -0.0000178500    0.0017306400
  -0.0000197900   -0.0000177500   -0.0033938300
  -0.0002045700   -0.0007655200   -0.0000331800
   0.0009356300   -0.0000883200   -0.0004451000
   0.0000408900    0.0000462300    0.0006288800
   0.0007950500   -0.0010718800   -0.0004630900
  -0.0001136600    0.0000047900    0.0006282700
   0.0004779200    0.0012193400   -0.0004621300
  -0.0005559200    0.0005214100   -0.0000751700
  -0.0005658400   -0.0008164000   -0.0004467800
  -0.0006647700    0.0002209100   -0.0004332500
   0.0003039000   -0.0000336800    0.0002586600
   0.0010277300    0.0000748200   -0.0006607400
  -0.0006513400   -0.0000775400   -0.0000085300
   0.0004123600   -0.0005004300    0.0003314300
  -0.0011631300   -0.0007119000    0.0001024800
   0.0000018300   -0.0001034600    0.0006293700
   0.0000230800    0.0003627300    0.0034882200
   0.0001729600    0.0000570500    0.0002654100
  -0.0029240400   -0.0011717600    0.0027098300
  -0.0022726700    0.0016984500   -0.0012534800
   0.0002539900    0.0003674500    0.0012239600
  -0.0004965200   -0.0010763500   -0.0001522800
   0.0002420000   -0.0002833300    0.0008812800
  -0.0001647200    0.0000010200   -0.0006292800
   0.0001755800   -0.0004675600   -0.0002930100
  -0.0004729400   -0.0009725200   -0.0006603000
   0.0000722100    0.0003449800    0.0008803400
  -0.0000509900    0.0013122200    0.0000961400
   0.0002362100    0.0005526400   -0.0000080900
   0.0007172200    0.0001746300   -0.0000753400
  -0.0004448100    0.0008473400   -0.0004483500
   0.0000779000   -0.0007200600   -0.0004568500
  -0.0001729400    0.0002744300    0.0002599300
   0.0011416600   -0.0006566400    0.0001018600
   0.0003405600   -0.0005313900   -0.0000087600
  -0.0013464000   -0.0002013000   -0.0004622000
  -0.0004533000   -0.0002702800    0.0002574600

45   
  0.0080295506854697   0.0059603956067927   0.0000000000000000
  -0.0004982200   -0.0001049600   -0.0000128800
  -0.0041572200   -0.0003133100   -0.0005065500
  -0.0001577400   -0.0001206700   -0.0005869300
   0.0001911100   -0.0001480800   -0.0003028700
  -0.0001530200    0.0001335500   -0.0002899000
  -0.0000606600    0.0002355000    0.0002978300
  -0.0000272900    0.0000011600   -0.0000472700
   0.0001773300   -0.0001051600   -0.0006416900
  -0.0001740900   -0.0000750400   -0.0006224600
   0.0008126300   -0.0004142800   -0.0003052800
   0.0003174200   -0.0003210300   -0.0003843900
   0.0003177600    0.0002464700   -0.0001233000
   0.0003834100   -0.0033884800   -0.0016339300
   0.0000918300    0.0004346400   -0.0003510300
  -0.0000680900   -0.0000044000   -0.0002451800
  -0.0000123400   -0.0003022400    0.0002308400
   0.0097099700    0.0240626800    0.0152127400
   0.0000509300   -0.0003583300    0.0002182300
   0.0001930400    0.0001403400    0.0002625000
  -0.0003588700    0.0004705800   -0.0001121400
   0.0002960200    0.0002321400   -0.0002359100
  -0.0003525800    0.0000231600    0.0002427600
  -0.0000167800    0.0001589700   -0.0006568700
  -0.0000169900   -0.0001878000   -0.0005256700
   0.0003967100    0.0003499900   -0.0000743200
  -0.0000514700    0.0001831300   -0.0005768500
   0.0000669900   -0.0000117400    0.0000510200
  -0.0003248100    0.0001878800    0.0002691400
   0.0002944500    0.0006051900    0.0002605300
   0.0000624400    0.0000424200   -0.0002681600
   0.0379068600    0.0323191300   -0.0344740600
  -0.0001959400    0.0001258000    0.0003681100
  -0.0004130400   -0.0001647900   -0.0003899300
   0.0013499900    0.0020377300    0.0021623600
  -0.0000125600   -0.0000653700   -0.0002393400
   0.0007115800   -0.0000030100    0.0001749100
   0.0324722000    0.0036186500    0.0215046100
  -0.0001424800   -0.0001392900    0.0001274300
  -0.0002167400   -0.0001534100    0.0005971000
  -0.0000986400    0.0006794500   -0.0001623600
  -0.0000811000    0.0000118200   -0.0002722700
   0.0004462800   -0.0003172400    0.0000098900
  -0.0001373200    0.0005009300   -0.0000096100
  -0.0017289800    0.0027015700   -0.0050999400
  -0.0873509900   -0.0655616000   -0.0009577600
   0.0010510300    0.0051665500    0.0016360800
  -0.0003763800   -0.0001093900    0.0009332400
   0.0007214500    0.0057725100    0.0018435200
  -0.0001187600   -0.0000637900   -0.0003282800
  -0.0004103400   -0.0002186600    0.0011605200
   0.0011125600    0.0001469500   -0.0002987300
   0.0006095300    0.0011257300   -0.0001500500
   0.0001368000   -0.0001435200    0.0009316100
   0.0008121500   -0.0010565600   -0.0000823200
  -0.0003499100   -0.0002952200    0.0008224900
   0.0001332300    0.0006383800    0.0012577300
  -0.0029374900   -0.0010275100    0.0000602000
   0.0050519900    0.0011577100    0.0012559800
  -0.0010259000   -0.0016440600   -0.0004475100
   0.0009543100    0.0002630100   -0.0001632800
  -0.0003812300    0.0005113500    0.0002851700
   0.0002343000    0.0006229700    0.0003390100
  -0.0001877900    0.0001406000   -0.0002276500
  -0.0020976800   -0.0007900800    0.0024425600
  -0.0008177700   -0.0008069700   -0.0008018300
  -0.0012791900    0.0003180900    0.0003132300
  -0.0001535400   -0.0025255900    0.0021959000
   0.0009451200    0.0007388600    0.0003998300
  -0.0006281000    0.0008479900   -0.0005907600
   0.0002293300   -0.0012736300    0.0004104600
   0.0000722500    0.0001075900   -0.0005673400
  -0.0005054400    0.0000424800   -0.0002370200
   0.0000790300   -0.0001012800   -0.0006201900
   0.0002737000    0.0003823500   -0.0002322700
   0.0000506000   -0.0004046200   -0.0015715200
  -0.0001869000   -0.0002830800    0.0002816600
   0.0000101800    0.0000302500    0.0020952700
  -0.0000219500    0.0000090500   -0.0033093100
  -0.0002142400   -0.0007406500   -0.0000090900
   0.0009497600   -0.0000751600   -0.0004007700
   0.0000495400    0.0000451900    0.0006933500
   0.0008038600   -0.0010621900   -0.0004087000
  -0.0000828800    0.0000129100    0.0006962200
   0.0004894000    0.0012291300   -0.0004038000
  -0.0004950800    0.0005097400    0.0002851500
  -0.0005582200   -0.0008014600   -0.0003844900
  -0.0006458300    0.0002535200   -0.0004280500
   0.0003129700   -0.0000272100    0.0003039500
   0.0010515700    0.0000859100   -0.0005985700
  -0.0006344100   -0.0000707400    0.0000363000
   0.0005219000   -0.0006861700    0.0004020300
  -0.0011359700   -0.0007214800    0.0001450800
   0.0000065000   -0.0000990000    0.0007079400
   0.0021338200   -0.0014249900   -0.0014711900
   0.0068401800    0.0010461800   -0.0010531200
  -0.0002080900   -0.0008535400   -0.0001390900
   0.0005008300   -0.0002381600    0.0003206300
   0.0001609200    0.0004282400    0.0012144000
  -0.0004799100   -0.0009283800   -0.0003129200
   0.0002549600   -0.0002768300    0.0009369400
  -0.0001439000    0.0000116400   -0.0005543700
   0.0001893000   -0.0004615600   -0.0002284500
  -0.0004486300   -0.0009661900   -0.0006479900
   0.0000996700    0.0003563400    0.0009236900
   0.0000260100    0.0013178300    0.0001709900
   0.0002426700    0.0005667900    0.0000577600
   0.0006925500    0.0001002300   -0.0000443900
  -0.0004192600    0.0008817000   -0.0004038800
   0.0001096500   -0.0006762400   -0.0004296400
  -0.0001583600    0.0002792000    0.0003066000
   0.0011459600   -0.0006507800    0.0001470300
   0.0003555200   -0.0005186800    0.0000441300
  -0.0013397800   -0.0001929400   -0.0004078400
  -0.0004130900   -0.0001733400    0.0000166400

45   
 -0.0080295506854697  -0.0059603956067927   0.0000000000000000
  -0.0004447500    0.0001644200   -0.0002416800
   0.0034794000   -0.0001133900    0.0012337500
  -0.0001313300   -0.0001337700   -0.0005845800
   0.0001418000    0.0000227400   -0.0008695000
  -0.0002052200    0.0000877700   -0.0002772500
  -0.0001221600    0.0002310700    0.0006311200
   0.0000113800   -0.0000133200    0.0000178500
   0.0001013100   -0.0001117300   -0.0006272300
  -0.0001707100   -0.0000912900   -0.0006478100
  -0.0005349700    0.0006455200   -0.0003211000
   0.0003406800   -0.0003088200   -0.0003477000
  -0.0003239000    0.0005040900    0.0008575200
  -0.0000727200    0.0035949500    0.0010609400
   0.0000892900    0.0004501400   -0.0003798500
  -0.0000179800    0.0000510400   -0.0002296800
  -0.0000097600   -0.0002870400    0.0002317600
  -0.0097688000   -0.0240505900   -0.0150639400
   0.0001550300   -0.0003660800    0.0001912800
   0.0002923300    0.0001358900    0.0002061900
   0.0003118800   -0.0008953000   -0.0004496200
   0.0001865300    0.0003067200    0.0006409400
  -0.0003927600    0.0001222700    0.0001662800
   0.0000236600    0.0001887000   -0.0006125400
   0.0000587000   -0.0002058500   -0.0001066300
   0.0000642700   -0.0004777300    0.0009946100
  -0.0000448300    0.0001665800   -0.0005955900
  -0.0001372200    0.0000857800   -0.0000877200
  -0.0001920000    0.0000938200    0.0001913800
   0.0000967900   -0.0014239600   -0.0005121800
   0.0000061900   -0.0000230400   -0.0002048200
  -0.0383316200   -0.0337269900    0.0366367700
   0.0001751800   -0.0001386700    0.0003509500
  -0.0004811000   -0.0001239500   -0.0003417900
  -0.0008037500   -0.0012507300   -0.0024017400
  -0.0000160900   -0.0000375000   -0.0002343600
  -0.0010641800    0.0001317400   -0.0008057300
  -0.0323798600   -0.0040938800   -0.0200813100
   0.0002277100    0.0001324800   -0.0001666700
   0.0001196600   -0.0005585400    0.0004674100
  -0.0001070900    0.0007763600   -0.0000876200
  -0.0001432600   -0.0001225200   -0.0003162100
   0.0002930000   -0.0002894500    0.0000877000
   0.0002557800    0.0004464900    0.0000993600
   0.0017416300   -0.0027657000   -0.0008473300
   0.0893922000    0.0667153000   -0.0026129500
  -0.0010806000   -0.0052860200    0.0028642800
  -0.0003678600   -0.0000978500    0.0009285000
  -0.0007569900   -0.0054478300    0.0000421000
   0.0002840100   -0.0000772600   -0.0002565900
  -0.0004169400    0.0002260600    0.0012792500
   0.0009508300    0.0001054100   -0.0003450500
   0.0005300300    0.0012606700   -0.0001459200
   0.0000677900    0.0000216500    0.0009490100
   0.0006672700   -0.0011544200   -0.0002052600
   0.0001203500    0.0001389000    0.0010525800
  -0.0014111500   -0.0008499400   -0.0006051700
   0.0015622900    0.0023842700   -0.0004218000
  -0.0074424800   -0.0003826900   -0.0003943500
  -0.0001920500    0.0007583400    0.0001772500
   0.0008875400    0.0002185600   -0.0001132900
  -0.0003684200    0.0007622200    0.0002032500
   0.0002365800    0.0005272700    0.0003294800
   0.0001829200    0.0000756900   -0.0003601700
   0.0024315200    0.0000601600    0.0000006200
  -0.0004375400    0.0024403600    0.0001464500
  -0.0014390300   -0.0005347800   -0.0006241800
   0.0007719900    0.0027329400   -0.0011137700
   0.0009587100    0.0010212500    0.0004433100
  -0.0005889900    0.0008707700   -0.0006152800
   0.0003279100   -0.0012884800    0.0004410100
   0.0000588700    0.0001019700   -0.0005688000
  -0.0004924200    0.0000492500   -0.0002355300
   0.0000179700   -0.0001521400   -0.0005179500
   0.0002851800    0.0004011300   -0.0002394800
   0.0009728700    0.0012658900    0.0007650200
  -0.0001862900   -0.0002762200    0.0003422600
  -0.0000309100   -0.0000408700    0.0017958800
   0.0000019000   -0.0000204700   -0.0033082400
  -0.0002094000   -0.0007489000   -0.0000131900
   0.0009539900   -0.0000770800   -0.0003861200
   0.0000587600    0.0000649100    0.0006773600
   0.0008170700   -0.0010553200   -0.0004065900
  -0.0001036000    0.0000259800    0.0006747500
   0.0004972900    0.0012336000   -0.0004106600
  -0.0006002900    0.0005686100   -0.0003104800
  -0.0005418100   -0.0008035000   -0.0004026300
  -0.0006604400    0.0002167500   -0.0004026200
   0.0003226800   -0.0000155900    0.0003179800
   0.0010279000    0.0000761900   -0.0006029400
  -0.0006385200   -0.0000597700    0.0000526300
   0.0002180000   -0.0003241000    0.0002630000
  -0.0011698600   -0.0006613800    0.0001683600
   0.0000174600   -0.0000823500    0.0006623200
  -0.0027461700    0.0018499800    0.0025670300
  -0.0056412100   -0.0016511200    0.0008286900
  -0.0003081100   -0.0010126700   -0.0001388100
   0.0009682400    0.0002216500    0.0001728200
   0.0002436100    0.0002506700    0.0012339000
  -0.0003497700   -0.0010184400   -0.0003336400
   0.0002602800   -0.0002656700    0.0009292800
  -0.0001400100   -0.0000035200   -0.0005786700
   0.0001928500   -0.0004492700   -0.0002472500
  -0.0004672700   -0.0009514800   -0.0005590100
   0.0000770400    0.0003569600    0.0009426100
  -0.0000873200    0.0013361700    0.0001405700
   0.0002621100    0.0005647700    0.0000321600
   0.0007741400    0.0002782500    0.0000268800
  -0.0004362300    0.0008412400   -0.0003868200
   0.0000986600   -0.0006944500   -0.0004016500
  -0.0001593700    0.0002902000    0.0003156600
   0.0011659000   -0.0006553000    0.0001646500
   0.0003562500   -0.0005183600    0.0000462700
  -0.0013224100   -0.0001854500   -0.0004078600
  -0.0005036200   -0.0002000400    0.0000719600

45   
 -0.0011470786693528   0.0099339926779878   0.0000000000000000
  -0.0004808000   -0.0000006200    0.0000622400
  -0.0012892600    0.0015410300   -0.0019113000
  -0.0001572200   -0.0001303400   -0.0005920000
   0.0001367300   -0.0000937000   -0.0001650100
  -0.0001852800    0.0001514000   -0.0002867900
  -0.0000682000    0.0000151600    0.0002990300
  -0.0000282600   -0.0000351300   -0.0000204800
   0.0001648000   -0.0001140500   -0.0006656000
  -0.0001736800   -0.0000800200   -0.0006384100
   0.0003622300    0.0004175300    0.0001553400
   0.0003188300   -0.0003564100   -0.0003740100
   0.0005011700    0.0011195300   -0.0001346000
  -0.0016918100   -0.0032820200    0.0007134400
   0.0001174300    0.0004420800   -0.0003715500
  -0.0000590000   -0.0000395100   -0.0001464200
  -0.0000030200   -0.0003042500    0.0002258200
  -0.0103989800    0.0525830900    0.0375120800
   0.0000899600   -0.0003896700    0.0001936400
   0.0003044400    0.0000674200    0.0001441100
  -0.0008068800    0.0003573600   -0.0006722000
   0.0001945400    0.0002615100   -0.0000302000
  -0.0003348100    0.0000585200    0.0002475600
   0.0000177500    0.0001312500   -0.0006611500
   0.0001254000   -0.0001369200   -0.0003951300
  -0.0004769100   -0.0000131400    0.0003133100
  -0.0000405500    0.0001672400   -0.0005795700
   0.0000699100   -0.0000501000   -0.0001399500
  -0.0003030100    0.0001998300    0.0001815000
  -0.0000924800   -0.0000776500    0.0003973200
   0.0000047300    0.0000193100   -0.0002000200
   0.0132675900    0.0297265400   -0.0210954400
   0.0000162000    0.0000401100    0.0005168700
  -0.0004323400   -0.0001243000   -0.0003422300
   0.0034225200   -0.0011956400    0.0012767100
  -0.0000116400   -0.0000552400   -0.0002488100
   0.0006005400    0.0003761300   -0.0003422800
  -0.0145987700    0.0195298300   -0.0129846600
  -0.0001612500   -0.0000981400   -0.0000390800
  -0.0001474600   -0.0003398400    0.0005387000
  -0.0001863700    0.0006773400   -0.0001265800
  -0.0000731700   -0.0000767800   -0.0002666000
   0.0003600500   -0.0002779600    0.0000765500
  -0.0001927300    0.0004170600   -0.0000195400
  -0.0003054200    0.0010257200   -0.0039283300
   0.0141561800   -0.1116971400   -0.0044661300
   0.0025014900    0.0059512700    0.0011697300
  -0.0003683900   -0.0001097300    0.0009281000
   0.0019159700    0.0058727000    0.0015516700
   0.0001848800   -0.0001554300   -0.0002590800
  -0.0003353800    0.0000017700    0.0012181900
   0.0011238100    0.0001117000   -0.0003184900
   0.0008111800    0.0012393400   -0.0002134000
   0.0000915200   -0.0000900100    0.0009542600
   0.0007814300   -0.0010608100   -0.0001034000
  -0.0002376900   -0.0002397000    0.0008460300
  -0.0014298300   -0.0021495000   -0.0009226600
  -0.0003517200   -0.0021535400   -0.0001547000
  -0.0000075900   -0.0005384400    0.0007999200
  -0.0051384500    0.0030601300   -0.0010038100
   0.0009186500    0.0003187700   -0.0002156200
  -0.0002893800    0.0003221700    0.0003611300
   0.0001949700    0.0006561200    0.0003246900
   0.0001131600    0.0000345000   -0.0003465300
  -0.0030528800   -0.0004562900    0.0033748600
  -0.0048104500    0.0045296500    0.0002228100
   0.0014181700    0.0012139900    0.0019153900
  -0.0000118900    0.0003897000    0.0001080100
   0.0010199800    0.0005501600    0.0003391200
  -0.0006101100    0.0008531900   -0.0006038900
   0.0002835600   -0.0012027400    0.0003872100
   0.0000663500    0.0001025200   -0.0005666800
  -0.0004949300    0.0000445400   -0.0002354000
   0.0000737400   -0.0001533700   -0.0006127600
   0.0002942200    0.0003849800   -0.0002394400
   0.0002078800   -0.0004570800    0.0007949200
  -0.0001865900   -0.0002794500    0.0003416700
   0.0000203200    0.0000642800    0.0020114600
  -0.0000140800   -0.0000231700   -0.0033207000
  -0.0002046000   -0.0007450100   -0.0000193600
   0.0009551000   -0.0000833800   -0.0003984100
   0.0000554400    0.0000440100    0.0006854100
   0.0008080600   -0.0010620200   -0.0004103200
  -0.0000894200    0.0000199000    0.0006830800
   0.0004966200    0.0012243600   -0.0004146800
  -0.0005484100    0.0004439100    0.0001072700
  -0.0005615800   -0.0007957300   -0.0003931500
  -0.0006438800    0.0002551700   -0.0004101100
   0.0003207300   -0.0000333900    0.0003042900
   0.0010476800    0.0000743400   -0.0006134400
  -0.0006290300   -0.0000685400    0.0000429300
   0.0005675000   -0.0006247600    0.0003907400
  -0.0011425500   -0.0007269900    0.0001483800
   0.0000059300   -0.0000766900    0.0007176400
   0.0017333300   -0.0015728900   -0.0010036400
   0.0015585000   -0.0012288100    0.0000376200
  -0.0002446400   -0.0008851400   -0.0001246100
   0.0006097500   -0.0001862500    0.0002671900
   0.0000763200    0.0001928800    0.0012737500
  -0.0004507800   -0.0009173500   -0.0003484700
   0.0002574900   -0.0002797500    0.0009286400
  -0.0001529700    0.0000242300   -0.0005563900
   0.0001943800   -0.0004655100   -0.0002351500
  -0.0004222800   -0.0009483600   -0.0007092800
   0.0000926100    0.0003531100    0.0009238800
  -0.0000646200    0.0013301400    0.0002079500
   0.0002632000    0.0005823200    0.0000559700
   0.0006870600    0.0002462000    0.0000027500
  -0.0004216100    0.0008507900   -0.0004055300
   0.0001098300   -0.0006695400   -0.0004172100
  -0.0001564800    0.0002764900    0.0003059200
   0.0011535200   -0.0006429600    0.0001599000
   0.0003564500   -0.0005246400    0.0000482900
  -0.0013263200   -0.0001988100   -0.0004069900
  -0.0005039400   -0.0001699500    0.0000323900

45   
  0.0011470786693528  -0.0099339926779878   0.0000000000000000
  -0.0004459300    0.0000555900   -0.0003243200
   0.0006158700   -0.0019829200    0.0026602400
  -0.0001217400   -0.0001312500   -0.0005833400
   0.0002059400   -0.0000393600   -0.0010149100
  -0.0001647100    0.0000652300   -0.0002856600
  -0.0001050400    0.0004455300    0.0006238300
   0.0000222600    0.0000158600   -0.0000128200
   0.0001235900   -0.0001098100   -0.0006079300
  -0.0001608200   -0.0000932800   -0.0006352800
  -0.0000755700   -0.0001674200   -0.0007977800
   0.0003479700   -0.0002815400   -0.0003611900
  -0.0004945900   -0.0003997700    0.0008710200
   0.0020034200    0.0034469600   -0.0012957000
   0.0000740300    0.0004358500   -0.0003633300
  -0.0000155300    0.0000791200   -0.0003315700
  -0.0000095500   -0.0002922300    0.0002341000
   0.0100122700   -0.0512009200   -0.0360861100
   0.0001262900   -0.0003426300    0.0002134700
   0.0001897500    0.0002003500    0.0003222000
   0.0007896500   -0.0008187600    0.0001052700
   0.0002980600    0.0002709200    0.0004360500
  -0.0004008400    0.0000792400    0.0001580900
  -0.0000002800    0.0002097000   -0.0006107900
  -0.0000716100   -0.0002637200   -0.0002407400
   0.0009754700   -0.0001035200    0.0006109400
  -0.0000455600    0.0001745800   -0.0005962000
  -0.0001334900    0.0001225000    0.0000977700
  -0.0002030100    0.0000737800    0.0002767600
   0.0004752300   -0.0007468700   -0.0006632800
   0.0000742700   -0.0000078000   -0.0002771700
  -0.0129069300   -0.0304767500    0.0223211400
  -0.0000274600   -0.0000620500    0.0001975900
  -0.0004526600   -0.0001723000   -0.0003927000
  -0.0028474700    0.0019521100   -0.0015424000
  -0.0000075200   -0.0000540200   -0.0002281400
  -0.0009807000   -0.0002572400   -0.0002893200
   0.0143484800   -0.0199765200    0.0140892200
   0.0002563300    0.0000839600   -0.0000052600
   0.0000555700   -0.0003778800    0.0005215000
  -0.0000096200    0.0007758200   -0.0001313200
  -0.0001420900   -0.0000407700   -0.0003219500
   0.0003888500   -0.0003378600    0.0000165800
   0.0003178100    0.0005204500    0.0001050900
   0.0002605500   -0.0010157000   -0.0020650200
  -0.0133570200    0.1112790100    0.0013613600
  -0.0025659400   -0.0060910800    0.0033165900
  -0.0003658600   -0.0001047800    0.0009281100
  -0.0018856800   -0.0055110000    0.0003471000
  -0.0000079400    0.0000094700   -0.0003337800
  -0.0004815400   -0.0000014200    0.0012169500
   0.0009461600    0.0001366900   -0.0003280900
   0.0003419400    0.0011397700   -0.0000860700
   0.0001233200   -0.0000356500    0.0009252500
   0.0007069500   -0.0011618400   -0.0001898700
   0.0000217100    0.0000802700    0.0010274800
   0.0001839300    0.0020058100    0.0015786800
  -0.0010132800    0.0034972400   -0.0002107000
  -0.0025343300    0.0012795200    0.0000336200
   0.0040298900   -0.0040197200    0.0007412800
   0.0009355200    0.0001508500   -0.0000650200
  -0.0004499000    0.0009504500    0.0001190100
   0.0002877100    0.0004841200    0.0003441400
  -0.0001091500    0.0001768400   -0.0002458400
   0.0033707500   -0.0002787300   -0.0009001000
   0.0034397300   -0.0028147500   -0.0008507700
  -0.0040486500   -0.0014107400   -0.0021828500
   0.0006659000   -0.0000904800    0.0009413200
   0.0008968700    0.0011986900    0.0005017700
  -0.0005968900    0.0008581300   -0.0006050000
   0.0002803700   -0.0013667700    0.0004522200
   0.0000745800    0.0000995800   -0.0005728000
  -0.0004931200    0.0000398500   -0.0002426300
   0.0000320500   -0.0001082100   -0.0005281100
   0.0002746700    0.0003915800   -0.0002376600
   0.0008332200    0.0013323000   -0.0016068200
  -0.0001769100   -0.0002868500    0.0002778800
  -0.0000316800   -0.0000831300    0.0018754200
   0.0000038300    0.0000046200   -0.0033025700
  -0.0002096500   -0.0007519000   -0.0000061300
   0.0009583800   -0.0000762400   -0.0003936700
   0.0000627500    0.0000584600    0.0006819400
   0.0008227300   -0.0010629700   -0.0004099500
  -0.0000869400    0.0000113100    0.0006840100
   0.0005002800    0.0012308100   -0.0004044900
  -0.0005353200    0.0006277100   -0.0001295500
  -0.0005278100   -0.0008166300   -0.0003993600
  -0.0006528300    0.0002071700   -0.0004238600
   0.0003244200   -0.0000171800    0.0003124400
   0.0010416200    0.0000805500   -0.0005914600
  -0.0006345800   -0.0000690700    0.0000410000
   0.0001827300   -0.0003957900    0.0002703200
  -0.0011533900   -0.0006632600    0.0001609400
   0.0000280700   -0.0001115300    0.0006499600
  -0.0023502200    0.0020146800    0.0020772000
  -0.0001675000    0.0006482400   -0.0003102900
  -0.0002643200   -0.0009901500   -0.0001603900
   0.0008651300    0.0001600200    0.0002181900
   0.0003392600    0.0004795400    0.0011702000
  -0.0003642300   -0.0010338100   -0.0003074200
   0.0002677700   -0.0002701900    0.0009322000
  -0.0001209200   -0.0000240100   -0.0005797200
   0.0001980800   -0.0004533400   -0.0002459200
  -0.0004824300   -0.0009766300   -0.0005009500
   0.0000944400    0.0003527500    0.0009369200
   0.0000132100    0.0013165700    0.0000999900
   0.0002516500    0.0005421700    0.0000285900
   0.0007907200    0.0001239100   -0.0000244100
  -0.0004239000    0.0008644700   -0.0003908700
   0.0001086000   -0.0007085500   -0.0004173700
  -0.0001514500    0.0002856100    0.0003113300
   0.0011681300   -0.0006704200    0.0001485300
   0.0003648700   -0.0005197400    0.0000370500
  -0.0013262700   -0.0001870100   -0.0004137700
  -0.0004012500   -0.0002098900    0.0000525900

45   
  0.0000000000000000   0.0000000000000000   0.0100000000000000
  -0.0005816900    0.0000520000   -0.0002098400
  -0.0001904200   -0.0006074700    0.0026669700
  -0.0001375700   -0.0001301600   -0.0006104900
   0.0001829800    0.0002732400   -0.0007954200
  -0.0001664000    0.0001199400   -0.0003115000
  -0.0001827300    0.0004401600    0.0004232700
   0.0000367000   -0.0000852200    0.0000379300
   0.0001046100   -0.0002010000   -0.0005558900
  -0.0001680300   -0.0000674300   -0.0006453000
   0.0001080200    0.0002533500    0.0006213000
   0.0003393800   -0.0003024900   -0.0003885900
  -0.0000938800    0.0003871500    0.0013108200
  -0.0002310400    0.0002821900    0.0020177600
   0.0000787400    0.0004339300   -0.0003513900
  -0.0000942500    0.0000943700   -0.0003067300
  -0.0000155500   -0.0002773200    0.0002266600
  -0.0077619400    0.0340994200    0.0464726900
   0.0000543700   -0.0003793400    0.0001994800
   0.0003091400    0.0000840800    0.0009306300
   0.0000859600   -0.0001929800    0.0007392400
   0.0000102300    0.0000486900   -0.0001055900
  -0.0002540700    0.0000530000    0.0002367500
   0.0000389600    0.0002456600   -0.0006063600
   0.0000806000   -0.0003235500   -0.0004005600
   0.0002128100   -0.0001195400    0.0014405100
  -0.0000437700    0.0001767200   -0.0006175500
   0.0000521700    0.0001323400   -0.0000905100
  -0.0001981500    0.0002470600    0.0003738500
   0.0001261800   -0.0003263100    0.0008323400
  -0.0000270900    0.0000714300   -0.0002160600
  -0.0241270200   -0.0235860000    0.0467536200
   0.0002531700   -0.0000192200    0.0003274600
  -0.0005098200   -0.0001257100   -0.0003652400
   0.0006766500    0.0006997300    0.0021096800
  -0.0000165000   -0.0000458300   -0.0002339700
  -0.0001482000    0.0000226100    0.0007252000
   0.0314042500   -0.0096468100    0.0459291700
  -0.0000753300   -0.0001915800   -0.0000448700
  -0.0000901000   -0.0002800800    0.0005900800
  -0.0001313100    0.0007578000   -0.0004507800
  -0.0000765000   -0.0000283000   -0.0006236900
   0.0003915300   -0.0002904800   -0.0002260100
   0.0001426000    0.0004791800    0.0001087700
   0.0008951400   -0.0019168900   -0.0026426400
   0.0028446600   -0.0032047100   -0.1512842100
   0.0006592600    0.0007503300   -0.0018265100
  -0.0003673900   -0.0001036100    0.0009418600
   0.0000822500   -0.0009626400   -0.0029714500
   0.0002010100   -0.0000975100   -0.0003348800
  -0.0003895200    0.0000902400    0.0012751700
   0.0010550000    0.0001754300   -0.0006523400
   0.0005017000    0.0011636400   -0.0000928700
   0.0000788400   -0.0000699200    0.0006009200
   0.0007387900   -0.0011248300   -0.0004140700
  -0.0000448500   -0.0000061500    0.0009159200
   0.0006708100    0.0017365500    0.0006666900
  -0.0006090900    0.0008586100    0.0188325200
  -0.0024133600    0.0004032200   -0.0035731900
  -0.0015966100    0.0001549200   -0.0041689600
   0.0009103200    0.0002599300   -0.0004141300
  -0.0003705200    0.0005685600    0.0002061900
   0.0002234900    0.0006647600    0.0000546600
  -0.0000640700    0.0001457900   -0.0003368700
  -0.0019228200   -0.0001237100    0.0015568000
  -0.0002063800   -0.0001167300   -0.0043204600
   0.0004670400    0.0010250900    0.0002158500
   0.0004330100   -0.0019714800    0.0008716800
   0.0009302500    0.0010073000    0.0003919800
  -0.0006065600    0.0008530100   -0.0006184100
   0.0003036200   -0.0013166900    0.0000996600
   0.0000817800    0.0001140000   -0.0005665700
  -0.0004906900    0.0000536800   -0.0002205300
  -0.0000534200   -0.0001313500   -0.0007353400
   0.0003369500    0.0004080900   -0.0002258600
  -0.0017498200    0.0014030700    0.0063509400
  -0.0001749100   -0.0002786300    0.0004536200
  -0.0000598300    0.0001258100    0.0017492000
   0.0000013800   -0.0000508700   -0.0033029200
  -0.0002154500   -0.0007398000   -0.0000072500
   0.0009589200   -0.0000742400   -0.0003789400
   0.0000594800    0.0000636800    0.0006865700
   0.0008227100   -0.0010507900   -0.0003912800
  -0.0000811900    0.0000305100    0.0007140500
   0.0005079900    0.0012323600   -0.0004003000
  -0.0002558900    0.0004592300   -0.0000426300
  -0.0005882800   -0.0007741000   -0.0003799600
  -0.0006325500    0.0002277400   -0.0004325000
   0.0003139300   -0.0000176000    0.0003142800
   0.0010584900    0.0000909900   -0.0006064300
  -0.0006363800   -0.0000532600    0.0000575500
   0.0004310600   -0.0005604200    0.0003879500
  -0.0011529100   -0.0006893400    0.0001112100
  -0.0000023300   -0.0000875500    0.0006351700
  -0.0022682100    0.0012572700    0.0008708600
   0.0014187200    0.0001746000   -0.0042054600
  -0.0003192400   -0.0009854700   -0.0004039000
   0.0006550800   -0.0000958500    0.0002119000
   0.0001654000    0.0002733200    0.0012770300
  -0.0004002600   -0.0010026200   -0.0006673700
   0.0002669500   -0.0002698000    0.0009553400
  -0.0001110700    0.0000144000   -0.0005859100
   0.0001944100   -0.0004418600   -0.0002363600
  -0.0002945600   -0.0011040700   -0.0007754400
   0.0000629800    0.0003901000    0.0009369500
  -0.0000326000    0.0012962800    0.0000134600
   0.0002885000    0.0005828400    0.0000270800
   0.0007474400    0.0002434600   -0.0001708000
  -0.0004169700    0.0008442700   -0.0004120600
   0.0001201400   -0.0006904000   -0.0003964200
  -0.0001501500    0.0002947100    0.0003239600
   0.0011533400   -0.0006403700    0.0001415000
   0.0003555700   -0.0005121600    0.0000626000
  -0.0013228600   -0.0001864400   -0.0003961700
  -0.0003633600   -0.0002131300   -0.0002375300

45   
  0.0000000000000000   0.0000000000000000  -0.0100000000000000
  -0.0003498600    0.0000233900   -0.0000494200
  -0.0005094800    0.0002776100   -0.0019242500
  -0.0001408900   -0.0001163800   -0.0005638900
   0.0001584900   -0.0003954800   -0.0003741500
  -0.0001812500    0.0001093900   -0.0002550100
   0.0000024600    0.0000378100    0.0005021700
  -0.0000422800    0.0000811800   -0.0000685200
   0.0001846100   -0.0000071900   -0.0007164200
  -0.0001665000   -0.0000922000   -0.0006267300
   0.0001491500    0.0000198800   -0.0012478700
   0.0003297700   -0.0003199900   -0.0003456400
   0.0001008900    0.0003400000   -0.0005629500
   0.0006432600   -0.0001129400   -0.0025819100
   0.0001138800    0.0004578900   -0.0003817000
   0.0000205600   -0.0000411300   -0.0001675200
   0.0000040300   -0.0003049300    0.0002349700
   0.0074373500   -0.0330545600   -0.0456843500
   0.0001651200   -0.0003363100    0.0002092200
   0.0001882400    0.0001977700   -0.0004827800
  -0.0000904100   -0.0002589800   -0.0012997700
   0.0004845300    0.0005034700    0.0005177300
  -0.0004835300    0.0001004900    0.0001712700
  -0.0000225200    0.0001091600   -0.0006647800
  -0.0000280900   -0.0000689700   -0.0002355500
   0.0002387400    0.0000069000   -0.0005074500
  -0.0000420500    0.0001799200   -0.0005568000
  -0.0001075600   -0.0000469400    0.0000477600
  -0.0003086600    0.0000400000    0.0000842100
   0.0002772500   -0.0004702900   -0.0010808100
   0.0001056600   -0.0000463600   -0.0002594900
   0.0239120200    0.0223759300   -0.0451569300
  -0.0002572700    0.0000178500    0.0003889700
  -0.0003732700   -0.0001559300   -0.0003685800
  -0.0001881900    0.0000225800   -0.0023643300
  -0.0000020500   -0.0000479800   -0.0002418300
  -0.0001875000    0.0001141800   -0.0013520300
  -0.0306629900    0.0089482000   -0.0442120900
   0.0001723900    0.0001873400    0.0000030400
  -0.0000005500   -0.0004214400    0.0004732200
  -0.0000628800    0.0007086100    0.0001830000
  -0.0001368300   -0.0000789300    0.0000241100
   0.0003533000   -0.0003069700    0.0003134700
  -0.0000140200    0.0004731300   -0.0000201100
  -0.0009136700    0.0019242400   -0.0033326400
  -0.0027367100    0.0023948200    0.1477289400
  -0.0006699400   -0.0007457700    0.0062563200
  -0.0003662900   -0.0000955400    0.0009156800
  -0.0001184500    0.0011967900    0.0048045900
  -0.0000219400   -0.0000350700   -0.0002560300
  -0.0004277800   -0.0000745700    0.0011645800
   0.0010153800    0.0000870100   -0.0000020800
   0.0006482800    0.0012280000   -0.0002035300
   0.0001365800   -0.0000452900    0.0012664900
   0.0007531400   -0.0010785300    0.0001165300
  -0.0001686000   -0.0001389900    0.0009527600
  -0.0019386600   -0.0019150100   -0.0000014700
  -0.0007554800    0.0005085000   -0.0187406200
  -0.0000998600    0.0003646600    0.0043779100
   0.0004103400   -0.0010487300    0.0038659100
   0.0009430000    0.0002253700    0.0001279900
  -0.0003676000    0.0007148800    0.0002708300
   0.0002595900    0.0004927700    0.0006043600
   0.0000698700    0.0000808800   -0.0002604900
   0.0023237500   -0.0005921000    0.0008910900
  -0.0010566100    0.0017712100    0.0036271300
  -0.0031470500   -0.0012309700   -0.0005071700
   0.0002084700    0.0022633800    0.0002027000
   0.0009868300    0.0007609000    0.0004467500
  -0.0006003500    0.0008725300   -0.0005896600
   0.0002657800   -0.0012374900    0.0007357200
   0.0000604600    0.0001030400   -0.0005722900
  -0.0004965500    0.0000458600   -0.0002562200
   0.0001618600   -0.0001151200   -0.0004004000
   0.0002309300    0.0003827000   -0.0002507400
   0.0028509100   -0.0005508900   -0.0073218000
  -0.0001877300   -0.0002725300    0.0001644600
   0.0000513200   -0.0001286700    0.0021442300
  -0.0000111100    0.0000487100   -0.0033193600
  -0.0001988900   -0.0007422200   -0.0000179400
   0.0009545000   -0.0000706800   -0.0004115600
   0.0000588700    0.0000543100    0.0006817000
   0.0008086000   -0.0010587100   -0.0004281300
  -0.0000952600    0.0000155700    0.0006542700
   0.0004890700    0.0012377400   -0.0004178200
  -0.0008328600    0.0006271500    0.0000218900
  -0.0004996800   -0.0008243100   -0.0004122100
  -0.0006642600    0.0002501100   -0.0004006500
   0.0003316100   -0.0000180100    0.0003037300
   0.0010313500    0.0000794300   -0.0005981200
  -0.0006264400   -0.0000701600    0.0000276100
   0.0003211400   -0.0004462700    0.0002751800
  -0.0011427500   -0.0006866800    0.0001988800
   0.0000365200   -0.0000866300    0.0007320800
   0.0017122200   -0.0008541800    0.0002007400
  -0.0000448000   -0.0007501300    0.0038978500
  -0.0001890400   -0.0008753200    0.0001112300
   0.0008196500    0.0000831300    0.0002745800
   0.0002485600    0.0004135800    0.0011711000
  -0.0004177600   -0.0009338300    0.0000052600
   0.0002586000   -0.0002654000    0.0009069700
  -0.0001633100    0.0000011600   -0.0005489300
   0.0001983600   -0.0004618000   -0.0002439300
  -0.0006133300   -0.0008033200   -0.0004275100
   0.0001259700    0.0003304300    0.0009244300
  -0.0000182600    0.0013659500    0.0002993100
   0.0002254300    0.0005558600    0.0000589000
   0.0007294500    0.0001399400    0.0001518900
  -0.0004280200    0.0008867400   -0.0003827600
   0.0000991400   -0.0006729500   -0.0004370900
  -0.0001568600    0.0002821100    0.0002941400
   0.0011692900   -0.0006584200    0.0001680200
   0.0003670900   -0.0005176700    0.0000238400
  -0.0013291300   -0.0001845100   -0.0004237700
  -0.0005399100   -0.0001517600    0.0003168600

46   
  0.0045857463603687   0.0034040338657640   0.0082087443472859
  -0.0004426200   -0.0000422700   -0.0003117600
   0.0466089800   -0.0064392000    0.0515074600
  -0.0002148900   -0.0000625300   -0.0005195400
   0.0002090100   -0.0001459800   -0.0005561300
  -0.0000054300    0.0000717700    0.0001996800
  -0.0022081700   -0.0002061400    0.0018380100
   0.0000145000    0.0000111800   -0.0000257200
   0.0001448700   -0.0000960600   -0.0006575600
  -0.0001548700   -0.0000685100   -0.0006652700
   0.0000986300    0.0003059500   -0.0004469400
   0.0003496200   -0.0003076800   -0.0003590500
   0.0020796900    0.0007402300    0.0169994100
   0.0006016000   -0.0001609400    0.0004921000
   0.0001188000    0.0004525700   -0.0003696500
  -0.0000268100   -0.0000584900   -0.0002177600
  -0.0000376500   -0.0003291600    0.0001999900
   0.0000139400    0.0006085100    0.0009886200
   0.0003750300   -0.0004860500    0.0004574400
   0.0002986900    0.0001722600    0.0002290400
   0.0005927200   -0.0002577200    0.0007711900
   0.0002752100    0.0005545700    0.0005136300
  -0.0006206600   -0.0000971500    0.0000109300
   0.0000178500    0.0001939000   -0.0006566800
   0.0001281200   -0.0001243100   -0.0003455900
   0.0000362300   -0.0018807900    0.0015466100
   0.0000183300    0.0002885800   -0.0005100700
  -0.0001259300    0.0004488200    0.0008599900
  -0.0002949200    0.0001666400    0.0002290800
   0.0003315900   -0.0003624700   -0.0001536400
   0.0000015900    0.0000867100   -0.0002278400
  -0.0007327300    0.0411410200    0.0469673700
   0.0000315900    0.0000243600    0.0003304400
  -0.0004321200   -0.0001394200   -0.0003676900
   0.0001608600    0.0003241300   -0.0001285000
   0.0001153200   -0.0000431200   -0.0001943300
  -0.0003865700   -0.0001680900   -0.0002700300
   0.0007568200    0.0010186500    0.0037211800
   0.0001530800    0.0001815300    0.0004753900
  -0.0002456800   -0.0003610200   -0.0004358000
   0.0010154300    0.0045289700   -0.0037744700
  -0.0001244300   -0.0000493200   -0.0005833900
   0.0003469100   -0.0002715900    0.0000614700
  -0.0000467700    0.0006550400    0.0001272600
  -0.0012999200   -0.0009806600    0.0127415900
   0.0000453900    0.0017865400   -0.0025444900
  -0.0534455300   -0.0395567900   -0.1245366800
  -0.0003587500   -0.0000939300    0.0009229600
  -0.0000106500    0.0000781100    0.0006591000
   0.0000657500   -0.0000708000   -0.0005635100
  -0.0002977600    0.0000023900    0.0009811300
   0.0010282200    0.0001181600   -0.0003820100
   0.0006031800    0.0011411300   -0.0001425800
   0.0001795900    0.0000046100    0.0006749200
   0.0009000400   -0.0012401000   -0.0000721400
  -0.0000945900   -0.0000842100    0.0006544000
  -0.0005751000   -0.0000497000    0.0001347200
   0.0008813100    0.0018868300    0.0003957100
  -0.0013226500    0.0003055300    0.0003258700
   0.0022213400    0.0000892000   -0.0029850400
   0.0006878100   -0.0030985100    0.0010473300
  -0.0013889900    0.0004093300   -0.0032766600
   0.0002613000    0.0006178000    0.0000911800
   0.0000681800    0.0001862300   -0.0005545600
   0.0001927400   -0.0002488600    0.0010054100
  -0.0006509700    0.0008673600   -0.0003823500
  -0.0013589100   -0.0001490300   -0.0001086100
   0.0018186000    0.0020575200    0.0013308900
   0.0009747800    0.0007617900    0.0004084800
  -0.0005793600    0.0008760800   -0.0006009300
   0.0001168400   -0.0012211100    0.0004438000
   0.0000840600    0.0001112700   -0.0005966400
  -0.0004800300    0.0000627800   -0.0002314800
   0.0000759100   -0.0001041000   -0.0005916700
   0.0003021700    0.0004077500   -0.0002270100
   0.0004250600    0.0004228200   -0.0005993800
  -0.0001198700   -0.0002534500    0.0003021700
  -0.0006764700   -0.0005024300    0.0095054300
   0.0000107100    0.0000079800   -0.0031459500
  -0.0001782000   -0.0005877200   -0.0001044500
   0.0009764700   -0.0001134300   -0.0003958500
   0.0000754800    0.0000682400    0.0006757800
   0.0008331100   -0.0010503600   -0.0004005400
  -0.0000666100    0.0000291100    0.0006820700
   0.0005166500    0.0012497000   -0.0003973500
  -0.0004094400    0.0005115800   -0.0002363400
  -0.0005704300   -0.0007671600   -0.0004142800
  -0.0004772100    0.0001079400   -0.0004776100
   0.0002920000    0.0000285100    0.0003081800
   0.0010696700    0.0001073000   -0.0006088700
  -0.0006122600   -0.0000539400    0.0000471100
   0.0004414800   -0.0004960200    0.0000724800
  -0.0011426800   -0.0006807100    0.0001564800
   0.0000266300   -0.0000732500    0.0006719100
  -0.0033817600    0.0001322600    0.0014874300
   0.0010394400   -0.0020687500   -0.0037254600
  -0.0004157100   -0.0010211100   -0.0010253100
   0.0049679200    0.0012227500   -0.0034534800
   0.0001996700    0.0003535900    0.0010083400
  -0.0006122100   -0.0011517600   -0.0003237300
   0.0002822700   -0.0002631400    0.0009286600
  -0.0001296200    0.0000109400   -0.0005867900
   0.0002114800   -0.0004506900   -0.0002281200
  -0.0004371100   -0.0009424500   -0.0005958300
   0.0001062000    0.0003766700    0.0009292000
   0.0000051400    0.0013516100    0.0001465200
   0.0002670800    0.0005726400    0.0000483200
   0.0006961000    0.0001139900   -0.0001940800
  -0.0003705800    0.0009048100   -0.0004004100
   0.0001168700   -0.0005564500   -0.0005928700
  -0.0001476500    0.0002599300    0.0002997200
   0.0011854600   -0.0006383400    0.0001316400
   0.0003741400   -0.0005021200    0.0000467500
  -0.0013189800   -0.0001717600   -0.0003970300
  -0.0004909800   -0.0001773500    0.0000855700

46   
 -0.0045857463603687  -0.0034040338657640  -0.0082087443472859
  -0.0004728200    0.0001250400    0.0000587800
  -0.0455509800    0.0056120900   -0.0493030800
  -0.0000475100   -0.0001759400   -0.0006496400
   0.0001502400    0.0000374400   -0.0006120600
  -0.0003369400    0.0001391000   -0.0007588200
   0.0020240600    0.0006866600   -0.0009224800
  -0.0000035100   -0.0000055000   -0.0000002700
   0.0001595300   -0.0001022600   -0.0006086800
  -0.0001635900   -0.0000816200   -0.0006013200
   0.0002048800   -0.0000525800   -0.0001804000
   0.0003346400   -0.0003045800   -0.0003696600
  -0.0019354800    0.0001385700   -0.0164407800
  -0.0002354100    0.0003636800   -0.0010426600
   0.0000884700    0.0004498800   -0.0003579200
  -0.0000331000    0.0001231300   -0.0002534300
   0.0000431900   -0.0002421700    0.0002668100
  -0.0000354700   -0.0006479100   -0.0010227600
  -0.0001431200   -0.0002199200   -0.0000503000
   0.0002122100    0.0001205400    0.0002382900
  -0.0005594100   -0.0001396200   -0.0013309500
   0.0002334300    0.0000030100   -0.0001097200
  -0.0000955600    0.0002634800    0.0004111400
   0.0000141700    0.0001716300   -0.0006093600
  -0.0000595600   -0.0002555600   -0.0002822800
   0.0004613800    0.0017709300   -0.0006381200
  -0.0000896400    0.0000781300   -0.0006595700
   0.0000960200   -0.0003754500   -0.0008829300
  -0.0001939900    0.0001320900    0.0002360800
   0.0000732400   -0.0004650700   -0.0000989000
   0.0000940000   -0.0000505100   -0.0002422600
   0.0011219700   -0.0401844900   -0.0451212000
  -0.0000244400   -0.0000184900    0.0003944400
  -0.0004359500   -0.0001331900   -0.0003604700
   0.0003667300    0.0004349700   -0.0001234900
  -0.0001190300   -0.0000412200   -0.0002760500
   0.0000223500    0.0002962600   -0.0003594000
  -0.0011078400   -0.0014100800   -0.0027450600
  -0.0000727900   -0.0001817700   -0.0005054300
   0.0001634700   -0.0003048400    0.0014916500
  -0.0012020900   -0.0030791800    0.0035302300
  -0.0000726800   -0.0000431400   -0.0000038800
   0.0004192800   -0.0003183500    0.0000325400
   0.0001902100    0.0003099200   -0.0000347400
   0.0012786200    0.0009633500   -0.0184883400
  -0.0008072200   -0.0030208300    0.0029889200
   0.0511074600    0.0380286200    0.1243911800
  -0.0003594300   -0.0000952800    0.0009408300
   0.0000002900    0.0001741900    0.0012169300
   0.0001322600   -0.0000518200   -0.0000246700
  -0.0005055100    0.0000231000    0.0014604700
   0.0010559000    0.0001530600   -0.0002624800
   0.0005628800    0.0012621400   -0.0001517600
   0.0000512400   -0.0001065000    0.0012011400
   0.0006045000   -0.0009560300   -0.0002196000
  -0.0001015900   -0.0000482100    0.0012252900
  -0.0006613400   -0.0000940000    0.0005287800
  -0.0022696600   -0.0005177200   -0.0006719500
  -0.0011706000    0.0004762600    0.0005171300
  -0.0033445200   -0.0009932400    0.0026738000
   0.0011746900    0.0035574800   -0.0013009600
   0.0006416900    0.0008867800    0.0037303200
   0.0002368900    0.0005485400    0.0005815400
  -0.0000458000    0.0000481700   -0.0000381200
   0.0002055000   -0.0004577700    0.0014401000
  -0.0006090800    0.0008042000   -0.0002643400
  -0.0012888900   -0.0000400300   -0.0001801500
  -0.0011644800   -0.0018060600   -0.0002439700
   0.0009555700    0.0010187200    0.0004352400
  -0.0006119500    0.0008595900   -0.0006003100
   0.0004648800   -0.0013257800    0.0004020600
   0.0000736400    0.0001156200   -0.0005356600
  -0.0004914600    0.0000464500   -0.0002385700
   0.0000474400   -0.0001319100   -0.0005399200
   0.0002826900    0.0003934200   -0.0002435600
   0.0006452400    0.0004582500   -0.0002277000
  -0.0002277500   -0.0002885100    0.0003232100
   0.0007155000    0.0005332200   -0.0057254900
  -0.0000045800   -0.0000016800   -0.0034712700
  -0.0002189100   -0.0008876200    0.0000883000
   0.0009532900   -0.0000209300   -0.0003885800
   0.0000588500    0.0000582500    0.0006980600
   0.0008141100   -0.0010504800   -0.0004110000
  -0.0000937900    0.0000276700    0.0006918300
   0.0004963400    0.0012309700   -0.0004134700
  -0.0006612200    0.0005845600    0.0002236500
  -0.0005030800   -0.0008214800   -0.0003701600
  -0.0008065900    0.0003823100   -0.0003479500
   0.0003697900   -0.0000543800    0.0003162700
   0.0010354100    0.0000728100   -0.0005877800
  -0.0006344800   -0.0000593100    0.0000447100
   0.0003224300   -0.0005003300    0.0005988000
  -0.0011371400   -0.0006853400    0.0001599900
   0.0000226100   -0.0000902200    0.0007021800
   0.0027974800    0.0002889200   -0.0003966900
   0.0003398500    0.0014772100    0.0034365500
  -0.0000480200   -0.0008416200    0.0007335700
  -0.0035156400   -0.0012358900    0.0039588600
   0.0002307800    0.0003432600    0.0014454400
  -0.0001838900   -0.0007716600   -0.0003240600
   0.0002589200   -0.0002620800    0.0009400600
  -0.0001284100    0.0000147200   -0.0005416500
   0.0001967300   -0.0004426800   -0.0002456200
  -0.0004530200   -0.0009575100   -0.0006036000
   0.0000972300    0.0003544000    0.0009382800
  -0.0000404400    0.0013192300    0.0001689300
   0.0002636400    0.0005758300    0.0000442600
   0.0007963300    0.0002819700    0.0001821000
  -0.0004593500    0.0008349200   -0.0003875200
   0.0001172100   -0.0007979800   -0.0002310100
  -0.0001448300    0.0003271200    0.0003253500
   0.0011517600   -0.0006500800    0.0001835500
   0.0003633700   -0.0005172700    0.0000467200
  -0.0013179200   -0.0001886500   -0.0004152300
  -0.0003950400   -0.0001775800    0.0000068800

47   
  0.0080295506854697   0.0059603956067927   0.0000000000000000
  -0.0004741900    0.0000252600   -0.0001323400
  -0.0003520100   -0.0001971400    0.0003655000
  -0.0001719300   -0.0000382100   -0.0005232000
   0.0001357300    0.0003017600   -0.0010416900
  -0.0001736500    0.0001076400   -0.0002848900
  -0.0000947200    0.0002271400    0.0004591300
  -0.0012501400   -0.0036737100   -0.0009283700
   0.0001452700   -0.0000700600   -0.0007899400
   0.0004107800   -0.0006809300   -0.0005662100
   0.0001368600    0.0001092400   -0.0003245600
   0.0003593300   -0.0005263000   -0.0003754300
   0.0000062700    0.0003761100    0.0003707600
   0.0001788900    0.0000820700   -0.0002870400
  -0.0002421900    0.0012822800   -0.0004180000
   0.0000015500    0.0000715500   -0.0002395300
   0.0010100100   -0.0004662800    0.0006801700
  -0.0000358800   -0.0000673200   -0.0000248800
  -0.0000072700   -0.0003708200    0.0003291900
   0.0006584500    0.0001047000   -0.0003060800
  -0.0000219400   -0.0002240600   -0.0002825900
   0.0000483600    0.0001471400    0.0003658400
   0.0016476700    0.0006546400    0.0024424300
   0.0416473200    0.0266752200   -0.0345430500
   0.0000216300   -0.0002073000   -0.0003238100
   0.0002389900   -0.0000638000    0.0004579400
   0.0132159000    0.0303342600    0.0202836700
  -0.0000395200    0.0000240900   -0.0000165800
  -0.0000381400    0.0010068800    0.0007634500
   0.0001936200   -0.0004226500   -0.0001306700
   0.0000583200   -0.0000232400   -0.0004210900
   0.0003193700   -0.0002178900    0.0003623100
  -0.0000083600   -0.0000118100    0.0003402300
  -0.0037336000    0.0009932400   -0.0016325700
   0.0002599900    0.0003636300   -0.0001338300
   0.0251987400    0.0027224600    0.0139018400
  -0.0001923100    0.0000635400   -0.0003231800
  -0.0001766200   -0.0002020100    0.0004583600
   0.0000502600   -0.0000083600   -0.0000161400
  -0.0000532100   -0.0003626600    0.0005289100
  -0.0001101300    0.0007212000   -0.0001345300
  -0.0001260500   -0.0000599700   -0.0003116200
   0.0003674700   -0.0003103300    0.0000449900
   0.0000586200    0.0004660100    0.0000448900
  -0.0000124400   -0.0000136400   -0.0029907000
  -0.0003896600   -0.0006480400    0.0002372100
  -0.0000127700   -0.0000144200    0.0022251000
  -0.0879741900   -0.0641415400   -0.0007999600
  -0.0000243400    0.0001208500    0.0009412700
   0.0000705000   -0.0000882700   -0.0002818300
  -0.0004141400   -0.0000034100    0.0012181500
   0.0010276400    0.0001150200   -0.0003219500
   0.0005691800    0.0011859800   -0.0001482900
   0.0000980800   -0.0000555000    0.0009403600
   0.0007348700   -0.0011147800   -0.0001513000
  -0.0001095900   -0.0000761100    0.0009269500
  -0.0006359000   -0.0000909100    0.0003296000
  -0.0006880200    0.0006714600   -0.0001446500
  -0.0012692400    0.0003887300    0.0004485900
  -0.0006056000   -0.0004579400   -0.0001324000
   0.0009200600    0.0002338200   -0.0001439400
  -0.0003742300    0.0006309300    0.0002362000
   0.0002354400    0.0005689700    0.0003306400
  -0.0000002900    0.0001017900   -0.0002971000
   0.0001848800   -0.0003692400    0.0012213400
  -0.0006461200    0.0008172500   -0.0003243000
  -0.0013372200   -0.0001119600   -0.0001524100
   0.0003138300    0.0001262300    0.0005336600
   0.0009520900    0.0008783900    0.0004196700
  -0.0008300100    0.0009166600   -0.0006699700
   0.0002715000   -0.0012983200    0.0004137400
  -0.0026197300    0.0003919800    0.0010083900
  -0.0016541500   -0.0001224700   -0.0004759600
   0.0020980700   -0.0025071300   -0.0026210200
   0.0056510400   -0.0000114200   -0.0008854000
   0.0006108000    0.0004531200   -0.0004153700
  -0.0004475800   -0.0004401900    0.0003752100
   0.0000633100    0.0000486700    0.0020317900
  -0.0002752000   -0.0001629300   -0.0034314900
   0.0002089200   -0.0008827900    0.0004521800
   0.0065762400   -0.0010547200    0.0005609900
  -0.0009378400   -0.0019538200    0.0018892100
  -0.0006904200   -0.0006842800   -0.0008715700
  -0.0000920600    0.0000910000    0.0006260100
   0.0004558600    0.0010412000   -0.0003497800
  -0.0004738700    0.0004713700   -0.0000293700
  -0.0005212000   -0.0008823400   -0.0003926200
   0.0002219200    0.0007519100    0.0005141500
   0.0027696900    0.0057552200    0.0012358800
  -0.0012354000   -0.0016027400   -0.0005108500
  -0.0006737400   -0.0002609500    0.0000060800
   0.0003683800   -0.0005140400    0.0003279400
  -0.0011123500   -0.0006551100    0.0001273000
   0.0000019300   -0.0002932000    0.0006234000
  -0.0002906900    0.0001963400    0.0005336800
   0.0006767000   -0.0003014000   -0.0001330400
  -0.0002595900   -0.0009413000   -0.0001456700
   0.0007321000   -0.0000170100    0.0002099000
   0.0001955400    0.0003266000    0.0012219600
  -0.0004119900   -0.0009744900   -0.0003316900
   0.0002988200   -0.0002195100    0.0009737300
  -0.0001151600    0.0000110300   -0.0006039000
   0.0000636800   -0.0004428000   -0.0001863900
  -0.0003231500   -0.0011710200   -0.0005370500
   0.0000646900    0.0003615600    0.0008658200
  -0.0008451000    0.0040939500   -0.0018446400
   0.0030664100    0.0058250900   -0.0006904000
   0.0006153300    0.0003807200    0.0000624400
  -0.0004316900    0.0008312000   -0.0004399600
   0.0000482400   -0.0006430800   -0.0004234800
  -0.0002187500    0.0003305900    0.0002943600
   0.0012065600   -0.0006760800    0.0001576600
   0.0002283200   -0.0005020500   -0.0000066000
  -0.0012557700   -0.0001787200   -0.0003652500
  -0.0004589800   -0.0001932100    0.0000419500

47   
 -0.0080295506854697  -0.0059603956067927   0.0000000000000000
  -0.0004593100    0.0000409800   -0.0001423100
  -0.0003454300   -0.0001807500    0.0003558000
  -0.0001132200   -0.0002204800   -0.0006703600
   0.0001800600   -0.0004400000   -0.0001582900
  -0.0001810800    0.0001158200   -0.0003009300
  -0.0000885100    0.0002421500    0.0004494300
   0.0011999300    0.0037022000    0.0008655700
   0.0001375100   -0.0001436900   -0.0005018200
  -0.0007499500    0.0005106700   -0.0007227400
   0.0001444300    0.0001271800   -0.0003270400
   0.0002987100   -0.0001027300   -0.0003803600
   0.0000030500    0.0003846100    0.0003489100
   0.0001825600    0.0000926200   -0.0002983700
   0.0004222000   -0.0003970100   -0.0003297000
  -0.0000838900   -0.0000239400   -0.0002578400
  -0.0009997000   -0.0001188700   -0.0002345100
  -0.0000254300   -0.0000376100   -0.0000356300
   0.0002110200   -0.0003508800    0.0000596900
  -0.0001943700    0.0001527300    0.0007418800
  -0.0000195800   -0.0002058600   -0.0003023700
   0.0004370000    0.0003917300    0.0000198600
  -0.0023363800   -0.0004820000   -0.0020417900
  -0.0428674300   -0.0270631200    0.0346651100
   0.0000240400   -0.0001891600   -0.0003272500
   0.0002439100   -0.0000482500    0.0004486700
  -0.0132649900   -0.0295597300   -0.0210033700
  -0.0000273400    0.0000539300   -0.0000400100
  -0.0004559700   -0.0006929400   -0.0003196600
   0.0001869300   -0.0004230500   -0.0001442300
   0.0000189600    0.0000411700   -0.0000749900
   0.0003198800   -0.0002011900    0.0003577500
  -0.0000071300    0.0000012100    0.0003598300
   0.0028610700   -0.0013334900    0.0008709800
   0.0002511700    0.0003805700   -0.0001406900
  -0.0251272200   -0.0028499200   -0.0142250800
  -0.0001903700    0.0000570900   -0.0003278800
  -0.0001685400   -0.0001873300    0.0004490000
   0.0000396600    0.0000037500   -0.0000400000
  -0.0000458100   -0.0003462400    0.0005149700
  -0.0000933400    0.0007371800   -0.0001390000
  -0.0000966500   -0.0000494400   -0.0002969900
   0.0003709900   -0.0002975200    0.0000276500
   0.0000606300    0.0004825900    0.0000265400
  -0.0000080800   -0.0000001800   -0.0030059200
  -0.0003753100   -0.0006356100    0.0002330200
  -0.0000064300    0.0000012800    0.0022278100
   0.0902119700    0.0655859600    0.0010202500
  -0.0000105100    0.0001146000    0.0009167100
   0.0001035100   -0.0000532100   -0.0003259200
  -0.0004082600    0.0000114500    0.0012017300
   0.0010389800    0.0001398500   -0.0003398700
   0.0005743000    0.0012005100   -0.0001643500
   0.0001102400   -0.0000634900    0.0009165000
   0.0007447600   -0.0010984800   -0.0001604700
  -0.0001130500   -0.0000747400    0.0009299400
  -0.0006311900   -0.0000759700    0.0003156600
  -0.0006850500    0.0006852500   -0.0001576600
  -0.0012469600    0.0003770500    0.0003785200
  -0.0005842200   -0.0004490500   -0.0001508700
   0.0009251300    0.0002474000   -0.0001563200
  -0.0003707700    0.0006436900    0.0002303400
   0.0002402300    0.0005840300    0.0003186000
  -0.0000053900    0.0001163200   -0.0003114400
   0.0001909100   -0.0003547000    0.0012079800
  -0.0006350900    0.0008390600   -0.0003449900
  -0.0013342800   -0.0000954000   -0.0001609500
   0.0003204100    0.0001407200    0.0005191600
   0.0009572800    0.0008873900    0.0004028100
  -0.0003822400    0.0008034800   -0.0005598500
   0.0002871600   -0.0012628600    0.0004142800
   0.0026964600   -0.0001752500   -0.0021555400
   0.0006724100    0.0001858600   -0.0000270600
  -0.0020369900    0.0023002900    0.0014970300
  -0.0052011000    0.0008184800    0.0004101100
   0.0004376700    0.0004127800   -0.0004314900
   0.0000840200   -0.0001146300    0.0002252200
  -0.0000762000   -0.0000573500    0.0018427400
   0.0002530500    0.0001493500   -0.0032092800
  -0.0006531400   -0.0006457600   -0.0005117000
  -0.0045885400    0.0008773000   -0.0013638300
   0.0010345800    0.0020363100   -0.0005428400
   0.0023015100   -0.0013954000    0.0000253400
  -0.0000915900   -0.0000540600    0.0007259900
   0.0005315200    0.0014209700   -0.0004836300
  -0.0006178100    0.0006101100   -0.0000143200
  -0.0005763600   -0.0007227100   -0.0004127100
  -0.0015699300   -0.0002781400   -0.0013746900
  -0.0020851100   -0.0056800100   -0.0006220500
   0.0033237300    0.0017646400   -0.0007861000
  -0.0005997500    0.0001272200    0.0000590200
   0.0003744500   -0.0004976400    0.0003150000
  -0.0011942500   -0.0007280200    0.0001672100
   0.0000277800    0.0001108200    0.0007241300
  -0.0002872900    0.0002103200    0.0005200300
   0.0006749700   -0.0002842900   -0.0001496300
  -0.0002538100   -0.0009263200   -0.0001580300
   0.0007358500   -0.0000042400    0.0002626700
   0.0002147400    0.0003526400    0.0012099100
  -0.0004089600   -0.0009703900   -0.0003409200
   0.0002205700   -0.0003198100    0.0008718300
  -0.0001655400   -0.0000013500   -0.0005457800
   0.0003210100   -0.0004681000   -0.0003104500
  -0.0005929500   -0.0007438200   -0.0006910100
   0.0001117200    0.0003523400    0.0009842800
   0.0007953500   -0.0014747700    0.0021645000
  -0.0026146900   -0.0048275800    0.0007826200
   0.0008569700   -0.0000042400   -0.0001041300
  -0.0004194500    0.0008916200   -0.0003652600
   0.0001636900   -0.0007264200   -0.0004281300
  -0.0000970700    0.0002408700    0.0003044100
   0.0011083600   -0.0006317000    0.0001366600
   0.0004836600   -0.0005361600    0.0000703500
  -0.0014014300   -0.0002009400   -0.0004716700
  -0.0004521700   -0.0001801000    0.0000280700

47   
 -0.0011470786693528   0.0099339926779878   0.0000000000000000
  -0.0004661400    0.0000333500   -0.0001358100
  -0.0003402600   -0.0001915700    0.0003620600
  -0.0001079800   -0.0001208400   -0.0004066700
  -0.0007698200    0.0000929200   -0.0005304400
  -0.0001694500    0.0001139300   -0.0003000600
  -0.0000800500    0.0002290600    0.0004605700
  -0.0027325500   -0.0023073100    0.0012404200
   0.0003584700   -0.0001850400   -0.0006460100
   0.0000653500    0.0002534600   -0.0001266800
   0.0001502400    0.0001160700   -0.0003228600
   0.0003346300   -0.0005391200   -0.0005395000
   0.0000145000    0.0003808800    0.0003558700
   0.0001943600    0.0000839900   -0.0002950400
  -0.0004990200    0.0010188700   -0.0009067200
  -0.0000524500    0.0000898900   -0.0002545100
   0.0007786200   -0.0000969900    0.0001611800
  -0.0000208500   -0.0000597300   -0.0000361900
   0.0000246800   -0.0003357800    0.0001336000
   0.0008805100    0.0008943100   -0.0002408500
  -0.0000072100   -0.0002183400   -0.0002960800
   0.0002219900    0.0002923400    0.0003471400
   0.0022692700   -0.0028369700    0.0010260700
   0.0099597900    0.0233696100   -0.0145959900
   0.0000323100   -0.0002012400   -0.0003340000
   0.0002490200   -0.0000548000    0.0004481000
  -0.0017256700    0.0505853300    0.0342572400
  -0.0000285300    0.0000304400   -0.0000220800
  -0.0005891600    0.0002618400    0.0006719500
   0.0001998300   -0.0004168600   -0.0001314300
  -0.0000070300   -0.0000828300   -0.0003737200
   0.0003282600   -0.0002092800    0.0003522700
  -0.0000031100   -0.0000068300    0.0003456100
   0.0000810100    0.0017438900   -0.0024990800
   0.0002622900    0.0003737000   -0.0001377900
  -0.0197927400    0.0264180600   -0.0211498900
  -0.0001815600    0.0000692200   -0.0003281800
  -0.0001660800   -0.0001963500    0.0004545000
   0.0000489300    0.0000051700   -0.0000269800
  -0.0000430100   -0.0003570300    0.0005203200
  -0.0000774100    0.0007317800   -0.0000998000
  -0.0000851300   -0.0000606000   -0.0003014300
   0.0003770700   -0.0003048500    0.0000349400
   0.0000677500    0.0004752400    0.0000360500
  -0.0000025100   -0.0000087600   -0.0030003500
  -0.0003767800   -0.0006445100    0.0002297200
   0.0000001100   -0.0000127300    0.0022224900
   0.0122445900   -0.1095562300    0.0012036100
  -0.0000074600    0.0001288100    0.0009243100
   0.0000904600   -0.0000856500   -0.0002702800
  -0.0004037500    0.0000017200    0.0012076500
   0.0010348800    0.0001186900   -0.0003308200
   0.0005787200    0.0011920700   -0.0001581400
   0.0001112900   -0.0000540900    0.0009255900
   0.0007481500   -0.0011119000   -0.0001593000
  -0.0001025600   -0.0000633800    0.0008982400
  -0.0006247400   -0.0000857100    0.0003211800
  -0.0006776100    0.0006767700   -0.0001535300
  -0.0012541400    0.0003845400    0.0004179000
  -0.0005924900   -0.0004525500   -0.0001424700
   0.0009308600    0.0002387700   -0.0001537900
  -0.0003616200    0.0006341600    0.0002333600
   0.0002459300    0.0005753500    0.0003221100
   0.0000072000    0.0001012000   -0.0002983300
   0.0001950100   -0.0003639200    0.0012131800
  -0.0006338700    0.0008289400   -0.0003339700
  -0.0013280900   -0.0001047100   -0.0001597700
   0.0003242800    0.0001315800    0.0005245700
   0.0009659500    0.0008835600    0.0004083000
  -0.0008342400    0.0008532300   -0.0006859100
   0.0002843300   -0.0012926900    0.0004049700
  -0.0027737800    0.0007694800    0.0014887400
  -0.0036754300    0.0052766600    0.0005706600
   0.0012744200   -0.0020187100   -0.0017371300
  -0.0008462700   -0.0007890500    0.0002307400
   0.0005647600    0.0004660500   -0.0004371600
  -0.0002601900   -0.0003780400    0.0003343000
   0.0000029500    0.0000225300    0.0019715400
  -0.0000898300   -0.0000938100   -0.0033527300
  -0.0017783300   -0.0029873900   -0.0015889500
   0.0004558500   -0.0011376500   -0.0001665400
   0.0000881100    0.0011313400   -0.0003144000
  -0.0027841900    0.0037940600   -0.0013791100
  -0.0001050500    0.0001043400    0.0005760900
   0.0005093800    0.0009266100   -0.0003015200
  -0.0002877400    0.0005609000   -0.0001031800
  -0.0005602500   -0.0008171200   -0.0003472300
   0.0025070400    0.0009182600    0.0016996400
   0.0032562900    0.0042411100    0.0008377200
   0.0013620900   -0.0027131000   -0.0006338900
  -0.0006185500   -0.0003721700   -0.0000396200
   0.0003785300   -0.0005062600    0.0003181100
  -0.0011326700   -0.0006064000    0.0001371200
   0.0001123200   -0.0000545500    0.0006896300
  -0.0002794800    0.0002026100    0.0005262200
   0.0006895900   -0.0002960900   -0.0001435800
  -0.0002478300   -0.0009356500   -0.0001546200
   0.0007337300   -0.0000030300    0.0001930300
   0.0002133700    0.0003316200    0.0012148900
  -0.0004079500   -0.0009639600   -0.0003268000
   0.0002837200   -0.0002963600    0.0009552200
  -0.0001904600    0.0000496300   -0.0005217700
   0.0003390800   -0.0005868200   -0.0003180800
  -0.0002910800   -0.0010733400   -0.0005588800
   0.0001300300    0.0004278200    0.0008695400
   0.0002050800    0.0017200000   -0.0003620400
   0.0038174800    0.0049954500   -0.0009111400
   0.0006671900    0.0001686100   -0.0000118300
  -0.0004970600    0.0008391500   -0.0004049200
  -0.0000565700   -0.0008422500   -0.0003714600
  -0.0001772500    0.0003519500    0.0002446600
   0.0011414400   -0.0005972500    0.0001744000
   0.0005068800   -0.0006397300    0.0000643400
  -0.0012459900   -0.0001953800   -0.0004234500
  -0.0004489300   -0.0001876400    0.0000327900

47   
  0.0011470786693528  -0.0099339926779878   0.0000000000000000
  -0.0004519900    0.0000435600   -0.0001425300
  -0.0003421500   -0.0001769700    0.0003556100
  -0.0001635700   -0.0001271100   -0.0007930600
   0.0011222800   -0.0002043000   -0.0006639600
  -0.0001696400    0.0001202600   -0.0002898100
  -0.0000871600    0.0002506900    0.0004439900
   0.0026815200    0.0023169000   -0.0013026300
  -0.0000599600   -0.0000204800   -0.0006524600
  -0.0003947500   -0.0003807200   -0.0011755600
   0.0001468000    0.0001306200   -0.0003330400
   0.0003397800   -0.0000793300   -0.0002218700
   0.0000106700    0.0003899900    0.0003595000
   0.0001820900    0.0001003500   -0.0002950100
   0.0007149200   -0.0001512600    0.0001517300
  -0.0000131400   -0.0000307500   -0.0002476300
  -0.0007913500   -0.0004813500    0.0002766700
  -0.0000251100   -0.0000352600   -0.0000281500
   0.0001965900   -0.0003740800    0.0002494000
  -0.0003878500   -0.0006372100    0.0006830400
  -0.0000198300   -0.0002022300   -0.0002921300
   0.0002778900    0.0002540000    0.0000349300
  -0.0029441400    0.0030100300   -0.0006558600
  -0.0100021100   -0.0230889400    0.0134821200
   0.0000280500   -0.0001856500   -0.0003211900
   0.0002486600   -0.0000472700    0.0004545100
   0.0016454000   -0.0487874400   -0.0340532000
  -0.0000234600    0.0000573500   -0.0000375200
   0.0000914600    0.0000490300   -0.0002425900
   0.0001956800   -0.0004174700   -0.0001474400
   0.0000971900    0.0001177600   -0.0001261900
   0.0003261000   -0.0001997900    0.0003631300
   0.0000027800    0.0000060100    0.0003503800
  -0.0009609000   -0.0020767700    0.0017513900
   0.0002648800    0.0003803800   -0.0001408400
   0.0201311300   -0.0267578300    0.0211265700
  -0.0001866400    0.0000623200   -0.0003266600
  -0.0001640600   -0.0001823400    0.0004486300
   0.0000551300    0.0000017100   -0.0000333300
  -0.0000405600   -0.0003414000    0.0005186700
  -0.0001110300    0.0007372500   -0.0001772200
  -0.0001215300   -0.0000378800   -0.0003105200
   0.0003765800   -0.0002942300    0.0000332000
   0.0000671100    0.0004842800    0.0000319500
  -0.0000024500    0.0000047500   -0.0030017300
  -0.0003728700   -0.0006296700    0.0002372000
  -0.0000041100    0.0000092100    0.0022281400
  -0.0132894300    0.1081729900   -0.0004352200
  -0.0000121800    0.0001179300    0.0009299600
   0.0000982000   -0.0000455100   -0.0003400600
  -0.0004035500    0.0000154500    0.0012067600
   0.0010468600    0.0001452500   -0.0003330800
   0.0005794000    0.0012055400   -0.0001601900
   0.0001118300   -0.0000537900    0.0009297100
   0.0007474100   -0.0010909100   -0.0001572600
  -0.0001043500   -0.0000771000    0.0009562600
  -0.0006267700   -0.0000711200    0.0003197700
  -0.0006800400    0.0006890600   -0.0001526400
  -0.0012467500    0.0003920000    0.0004062800
  -0.0005828000   -0.0004447500   -0.0001432300
   0.0009294900    0.0002523600   -0.0001529200
  -0.0003680900    0.0006503700    0.0002324500
   0.0002453100    0.0005883000    0.0003217900
   0.0000023000    0.0001257100   -0.0003131300
   0.0001947800   -0.0003496200    0.0012122200
  -0.0006333400    0.0008373500   -0.0003385500
  -0.0013280900   -0.0000915100   -0.0001571200
   0.0003247800    0.0001447200    0.0005235800
   0.0009590500    0.0008928400    0.0004123400
  -0.0003668100    0.0008764600   -0.0005475900
   0.0002892200   -0.0012574000    0.0004214300
   0.0028924600   -0.0005434300   -0.0026285500
   0.0026121200   -0.0050600100   -0.0010406000
  -0.0011789900    0.0018051400    0.0005693900
   0.0014616300    0.0015764100   -0.0007422400
   0.0004980200    0.0004109500   -0.0004208300
  -0.0000918200   -0.0001662200    0.0002566700
  -0.0000044700   -0.0000250200    0.0018914600
   0.0000876300    0.0000919700   -0.0032866100
   0.0014019700    0.0015574600    0.0015430100
   0.0014301100    0.0010008800   -0.0006512500
   0.0000616600   -0.0009725100    0.0016423900
   0.0045006500   -0.0059973100    0.0005565400
  -0.0000646900   -0.0000591300    0.0007718000
   0.0004946700    0.0015533800   -0.0005409300
  -0.0007866200    0.0005282100    0.0000518900
  -0.0005208400   -0.0007764800   -0.0004611400
  -0.0037391400   -0.0004296900   -0.0025339500
  -0.0025336400   -0.0041960700   -0.0002164200
   0.0007375800    0.0028846500   -0.0006759900
  -0.0006350100    0.0002442600    0.0001012300
   0.0003788800   -0.0004944400    0.0003197400
  -0.0011552000   -0.0007687500    0.0001545300
  -0.0000685400   -0.0001154100    0.0006518300
  -0.0002832400    0.0002149600    0.0005226900
   0.0006772400   -0.0002788800   -0.0001414300
  -0.0002507500   -0.0009220400   -0.0001537000
   0.0007495000   -0.0000081100    0.0002755900
   0.0002117700    0.0003580500    0.0012121400
  -0.0003980900   -0.0009705500   -0.0003481300
   0.0002495100   -0.0002342800    0.0008880200
  -0.0000761800   -0.0000322400   -0.0006351300
   0.0000633600   -0.0003137600   -0.0001840200
  -0.0006085000   -0.0008343500   -0.0006756000
   0.0000635400    0.0002962500    0.0009695300
  -0.0002702800    0.0009818600    0.0006281500
  -0.0033557500   -0.0039150600    0.0009806100
   0.0008163600    0.0002198900   -0.0000370700
  -0.0003402200    0.0008955700   -0.0004103500
   0.0002832700   -0.0005143100   -0.0004895600
  -0.0001208500    0.0002321000    0.0003494900
   0.0011875900   -0.0006981000    0.0001118900
   0.0002197400   -0.0003841700   -0.0000025300
  -0.0013976200   -0.0001698200   -0.0004162200
  -0.0004475500   -0.0001751800    0.0000334500

47   
  0.0000000000000000   0.0000000000000000   0.0100000000000000
  -0.0004466100    0.0000279900   -0.0001107800
  -0.0003353600   -0.0001821800    0.0003528300
  -0.0000258800   -0.0000733600   -0.0006850300
   0.0001505100   -0.0001152100    0.0002990900
  -0.0001987200    0.0001193500   -0.0002646900
  -0.0000749700    0.0002442400    0.0004464200
  -0.0004096000    0.0002611300    0.0023077300
   0.0003049400   -0.0002455200   -0.0006547100
  -0.0001678400    0.0000230200    0.0002610200
   0.0001491100    0.0001194400   -0.0003401000
   0.0003861700   -0.0001212400   -0.0003970600
   0.0000094000    0.0003886300    0.0003736800
   0.0001883900    0.0000895200   -0.0003022300
   0.0002011000    0.0003767800    0.0005640400
  -0.0000309800    0.0000279200   -0.0002913800
   0.0000681000   -0.0003605700    0.0011364000
  -0.0000242300   -0.0000526900   -0.0000435100
   0.0001111200   -0.0004767500    0.0000947800
   0.0002010100    0.0001678000    0.0011093400
  -0.0000203900   -0.0002121300   -0.0002940900
   0.0000541800    0.0002214900    0.0001706100
   0.0000477800    0.0002947300    0.0024825800
  -0.0289728500   -0.0166792200    0.0458630700
   0.0000350800   -0.0001967900   -0.0003230100
   0.0002475200   -0.0000476100    0.0004591500
   0.0000699800    0.0332176500    0.0454913700
  -0.0000279400    0.0000456700   -0.0000440800
  -0.0002359200    0.0001607400    0.0011804500
   0.0001930400   -0.0004138400   -0.0001440500
  -0.0000519500    0.0000783500   -0.0003246500
   0.0003343200   -0.0001988600    0.0003542400
   0.0000077400   -0.0000014200    0.0003513200
  -0.0004134200   -0.0006309500    0.0018933900
   0.0002846200    0.0003864600   -0.0001369200
   0.0293923300   -0.0169234100    0.0463586300
  -0.0001570600    0.0000989800   -0.0003257100
  -0.0001623300   -0.0001887600    0.0004588200
   0.0000449700   -0.0000264000   -0.0000884900
  -0.0000377600   -0.0003469300    0.0005245000
  -0.0000942600    0.0007434700   -0.0001385600
  -0.0001149900   -0.0000478200   -0.0002985700
   0.0003788200   -0.0002979700    0.0000425900
   0.0000689200    0.0004775200    0.0000413500
  -0.0000017700   -0.0000018400   -0.0029947500
  -0.0003689500   -0.0006358100    0.0002431800
  -0.0000048400   -0.0000024000    0.0022248900
  -0.0013084200    0.0007016800   -0.1436306200
   0.0000070500    0.0001247300    0.0009195700
   0.0001047000   -0.0000632900   -0.0003241800
  -0.0004012100    0.0000097800    0.0012176400
   0.0010496000    0.0001385300   -0.0003184100
   0.0005807000    0.0011982100   -0.0001512500
   0.0001167100   -0.0000667200    0.0009270100
   0.0007504700   -0.0011030300   -0.0001417800
  -0.0001126500   -0.0000616900    0.0009619400
  -0.0006259500   -0.0000774200    0.0003271100
  -0.0006777400    0.0006847100   -0.0001447600
  -0.0012401200    0.0003954300    0.0004182700
  -0.0005843000   -0.0004434400   -0.0001284800
   0.0009306400    0.0002459200   -0.0001414000
  -0.0003683800    0.0006373400    0.0002524400
   0.0002459800    0.0005812600    0.0003294800
   0.0000030100    0.0001109200   -0.0002882000
   0.0001959900   -0.0003559300    0.0012234800
  -0.0006318400    0.0008341300   -0.0003201600
  -0.0013254300   -0.0000980100   -0.0001514800
   0.0003266300    0.0001399100    0.0005318200
   0.0009658000    0.0008936700    0.0004257400
  -0.0005279600    0.0008674800   -0.0005575600
   0.0002844100   -0.0012769800    0.0004278700
  -0.0019273000    0.0008112300   -0.0002883600
  -0.0003237900   -0.0009697300   -0.0042662500
  -0.0015706400    0.0013111900   -0.0002220700
   0.0013210300    0.0007462400   -0.0042954500
   0.0004677400    0.0004086200   -0.0006878100
  -0.0002802400   -0.0003365900    0.0002938300
  -0.0000190300    0.0000122000    0.0016655800
   0.0000646200    0.0000440700   -0.0033300600
   0.0014056100    0.0006695100    0.0003088200
  -0.0000988200    0.0002582600   -0.0044070300
  -0.0003415800   -0.0020694200    0.0009940000
   0.0000305200   -0.0004028300   -0.0043755100
  -0.0000744300    0.0000361100    0.0003892500
   0.0005211000    0.0011634800   -0.0004222300
  -0.0006067300    0.0005344400    0.0000313100
  -0.0005952100   -0.0007876900   -0.0007339900
   0.0014327200    0.0009498200   -0.0001191400
   0.0000894000   -0.0010220100   -0.0037018500
   0.0011224300    0.0001706200    0.0180248400
  -0.0006350700    0.0000619000    0.0000188900
   0.0003823400   -0.0004977500    0.0003269800
  -0.0011395500   -0.0006115000   -0.0001213800
   0.0000485200   -0.0000121800    0.0007222600
  -0.0002798600    0.0002092300    0.0005332400
   0.0006792300   -0.0002914000   -0.0001270300
  -0.0002489100   -0.0009288300   -0.0001436500
   0.0007524300   -0.0000065200    0.0002364200
   0.0002136200    0.0003468200    0.0012404200
  -0.0003583300   -0.0010051000   -0.0002682100
   0.0003379600   -0.0002738300    0.0006056300
  -0.0001276500   -0.0000112700   -0.0008619800
   0.0001425800   -0.0004275100   -0.0002659000
  -0.0004022800   -0.0010126800   -0.0005571700
   0.0001200200    0.0003174000    0.0006043900
   0.0004567200   -0.0008721800    0.0005027400
   0.0010351300    0.0012643200   -0.0039603300
   0.0007104200    0.0002543600    0.0000285600
  -0.0004542000    0.0009181800   -0.0007158900
   0.0000708500   -0.0007407700   -0.0003665900
  -0.0001730600    0.0002423000   -0.0000281200
   0.0012291600   -0.0006723200   -0.0001376900
   0.0004608100   -0.0005699800    0.0000321200
  -0.0013001000   -0.0001376000   -0.0007407400
  -0.0004463600   -0.0001789500    0.0000379800

47   
  0.0000000000000000   0.0000000000000000  -0.0100000000000000
  -0.0004748900    0.0000500800   -0.0001597100
  -0.0003510400   -0.0001841900    0.0003716500
  -0.0002408100   -0.0001688600   -0.0004982200
   0.0001549200    0.0000084700   -0.0014727600
  -0.0001442900    0.0001161200   -0.0003164700
  -0.0000948000    0.0002368900    0.0004660900
   0.0004419600   -0.0002813400   -0.0023426400
  -0.0000056500    0.0000320900   -0.0006246100
  -0.0001875600   -0.0001417000   -0.0015329300
   0.0001450600    0.0001292900   -0.0003085000
   0.0002909300   -0.0004918800   -0.0003448500
   0.0000133800    0.0003844500    0.0003501700
   0.0001847400    0.0000957300   -0.0002802600
   0.0000149600    0.0004795200   -0.0012968400
  -0.0000378900    0.0000308300   -0.0001888500
  -0.0000339100   -0.0002113200   -0.0006760600
  -0.0000242700   -0.0000414300   -0.0000137100
   0.0001098200   -0.0002371500    0.0003042700
   0.0002828900    0.0000821300   -0.0006479300
  -0.0000080900   -0.0002053500   -0.0002870100
   0.0004364500    0.0003324200    0.0002294800
  -0.0008112100   -0.0001562100   -0.0020802200
   0.0280021500    0.0164610800   -0.0463076000
   0.0000241000   -0.0001873900   -0.0003249600
   0.0002484700   -0.0000503100    0.0004510200
  -0.0001492000   -0.0317282500   -0.0458632600
  -0.0000277100    0.0000433300   -0.0000096700
  -0.0002372800    0.0001676600   -0.0007191600
   0.0001990500   -0.0004187800   -0.0001274200
   0.0001343400   -0.0000462600   -0.0001599000
   0.0003177600   -0.0002082900    0.0003689400
  -0.0000110300    0.0000012100    0.0003523100
  -0.0004646000    0.0003901600   -0.0026311500
   0.0002402700    0.0003686200   -0.0001339700
  -0.0284180700    0.0162609300   -0.0460319500
  -0.0002130500    0.0000348400   -0.0003217100
  -0.0001706600   -0.0001880000    0.0004523700
   0.0000566300    0.0000312600    0.0000338200
  -0.0000472500   -0.0003497100    0.0005263900
  -0.0000956000    0.0007280500   -0.0001284200
  -0.0000941100   -0.0000499700   -0.0003032800
   0.0003726800   -0.0002992800    0.0000362000
   0.0000636800    0.0004824100    0.0000378000
  -0.0000061700    0.0000002800   -0.0029953900
  -0.0003827600   -0.0006366300    0.0002348000
  -0.0000019800    0.0000012500    0.0022348700
   0.0008721900   -0.0009548500    0.1425229100
  -0.0000288400    0.0001217300    0.0009453100
   0.0000811700   -0.0000666400   -0.0002763400
  -0.0004083000    0.0000101500    0.0012096900
   0.0010303500    0.0001281800   -0.0003371300
   0.0005746400    0.0012005000   -0.0001542700
   0.0001039900   -0.0000401800    0.0009364100
   0.0007414000   -0.0010991100   -0.0001624400
  -0.0000971800   -0.0000784100    0.0009018100
  -0.0006296100   -0.0000777700    0.0003235800
  -0.0006822400    0.0006831900   -0.0001512000
  -0.0012642600    0.0003826500    0.0004168800
  -0.0005936000   -0.0004506300   -0.0001473400
   0.0009259500    0.0002459600   -0.0001524900
  -0.0003652400    0.0006481500    0.0002214700
   0.0002415800    0.0005839400    0.0003256600
   0.0000042900    0.0001170700   -0.0003121200
   0.0001913300   -0.0003561500    0.0012124600
  -0.0006379400    0.0008336000   -0.0003415300
  -0.0013332700   -0.0000982900   -0.0001547200
   0.0003197400    0.0001397700    0.0005277700
   0.0009555700    0.0008842500    0.0004049500
  -0.0006721300    0.0008641800   -0.0006586900
   0.0002874200   -0.0012709300    0.0004075800
   0.0020930500   -0.0005937200   -0.0008560100
  -0.0006491600    0.0010631800    0.0037365200
   0.0016931100   -0.0015670500   -0.0009216400
  -0.0007339500    0.0000467600    0.0037667300
   0.0005881600    0.0004693400   -0.0001614700
  -0.0000770500   -0.0002077600    0.0003109200
   0.0000187200   -0.0000077400    0.0022093600
  -0.0000694800   -0.0000421300   -0.0033063300
  -0.0018298000   -0.0021617300   -0.0003391600
   0.0020016600   -0.0004008900    0.0035660300
   0.0004732800    0.0022119300    0.0003664300
   0.0016044900   -0.0016882500    0.0035070500
  -0.0000952100    0.0000077300    0.0009649300
   0.0004828200    0.0013092800   -0.0004106200
  -0.0004726500    0.0005569200   -0.0000679300
  -0.0004886500   -0.0008069000   -0.0000722000
  -0.0027417600   -0.0004706000   -0.0007215100
   0.0005536300    0.0009833300    0.0042694500
   0.0009760100    0.0000056300   -0.0188766300
  -0.0006220100   -0.0001801500    0.0000538500
   0.0003733100   -0.0005008700    0.0003233600
  -0.0011506500   -0.0007554900    0.0004162400
  -0.0000096300   -0.0001575100    0.0006316500
  -0.0002857800    0.0002102100    0.0005258100
   0.0006843800   -0.0002813100   -0.0001468400
  -0.0002519800   -0.0009271700   -0.0001525400
   0.0007284600   -0.0000033600    0.0002414400
   0.0002082900    0.0003447100    0.0011992600
  -0.0004505100   -0.0009276200   -0.0003969700
   0.0001945500   -0.0002583600    0.0012383600
  -0.0001440600    0.0000323900   -0.0002842400
   0.0002562100   -0.0004726300   -0.0002322000
  -0.0004977100   -0.0008939000   -0.0006632800
   0.0000750000    0.0004083500    0.0012422000
  -0.0005081700    0.0035553100   -0.0001956300
  -0.0005115900   -0.0001070000    0.0039911400
   0.0007713400    0.0001351400   -0.0000578600
  -0.0003842600    0.0008176800   -0.0000969400
   0.0001524000   -0.0006143500   -0.0004734600
  -0.0001313800    0.0003435200    0.0006254700
   0.0010976900   -0.0006248100    0.0004343300
   0.0002632600   -0.0004561500    0.0000387700
  -0.0013488300   -0.0002285700   -0.0000935100
  -0.0004529300   -0.0001825700    0.0000387100

48   
  0.0080295506854697   0.0059603956067927   0.0000000000000000
   0.0006239000    0.0016944700    0.0021573700
  -0.0003049200   -0.0001751800    0.0002086000
  -0.0001269500   -0.0001126700   -0.0006399000
   0.0002421700   -0.0000552700   -0.0007677700
  -0.0003566100    0.0002527800   -0.0002749800
   0.0005896200   -0.0003130500    0.0004786700
  -0.0000110700   -0.0000676600    0.0002627200
   0.0001208800   -0.0000687900   -0.0007104000
  -0.0001885200   -0.0000623300   -0.0006471700
   0.0003122200   -0.0033492200   -0.0016673800
   0.0003321800   -0.0002834700   -0.0003351700
   0.0000323100    0.0004041800    0.0003666200
   0.0002538800    0.0004773000   -0.0008558000
   0.0000787900    0.0004424500   -0.0003895800
  -0.0000827900    0.0000756800   -0.0001407600
  -0.0000057300   -0.0002955500    0.0002454700
   0.0364508300    0.0315653700   -0.0329193400
   0.0001046800   -0.0003589200    0.0002026400
   0.0002072200    0.0001451300    0.0002698400
   0.0000817900   -0.0002648100   -0.0002142900
   0.0002620000    0.0002459400    0.0002446100
  -0.0003600500    0.0000759900    0.0002049900
   0.0000119300    0.0002136400   -0.0006938900
   0.0000005800   -0.0003277300   -0.0001856200
   0.0000677400   -0.0001760700    0.0006200200
  -0.0000552200    0.0001533100   -0.0006277700
   0.0000595900    0.0010255600    0.0003912000
  -0.0002435000    0.0001609900    0.0002595600
   0.0101195800    0.0228304900    0.0142038500
   0.0000333400    0.0000300600   -0.0002468000
   0.0006325500   -0.0003558600   -0.0001114100
  -0.0000316100    0.0000150700    0.0001645800
  -0.0004309300   -0.0001145400   -0.0003951000
   0.0325073600    0.0043944700    0.0200892700
   0.0000148900   -0.0000561600   -0.0002558900
  -0.0005786500    0.0007733900   -0.0001358200
  -0.0040057800   -0.0003156400   -0.0004278300
   0.0009287900   -0.0000658700    0.0004412700
  -0.0002423300   -0.0003155700    0.0004799400
  -0.0000616800    0.0008068700   -0.0000984100
  -0.0002689500   -0.0000239400   -0.0002357800
   0.0005261500   -0.0004674900    0.0001156500
   0.0001453700    0.0004736400    0.0000219600
  -0.0001730700    0.0002083700   -0.0029281500
   0.0007482300    0.0043970700   -0.0003073400
  -0.0000002900   -0.0000413000    0.0022049900
  -0.0003718400   -0.0000879900    0.0009454400
  -0.0873037600   -0.0645004200   -0.0015952200
   0.0001728000   -0.0000539300   -0.0002653300
  -0.0003638300   -0.0000533300    0.0012175600
   0.0010713800    0.0000519500   -0.0003331500
   0.0006416100    0.0016207500    0.0003120600
   0.0009044800    0.0055520600    0.0018517900
   0.0014550500   -0.0004510100    0.0007670000
   0.0061859300    0.0006538900    0.0019086900
  -0.0010951700   -0.0027998600    0.0020077600
  -0.0023110900    0.0032941000   -0.0022919500
  -0.0016956100   -0.0007787600    0.0001626100
  -0.0005945900   -0.0005889600   -0.0000682200
   0.0009191400    0.0002940800   -0.0001359500
  -0.0003688600    0.0005120700    0.0002151400
  -0.0019693900    0.0001652700    0.0015554100
  -0.0000251100    0.0001279300   -0.0002973100
   0.0026585400   -0.0019322900   -0.0008379600
   0.0054665800    0.0020412300   -0.0010926100
  -0.0035664100   -0.0017674000   -0.0001271700
   0.0003489300    0.0001585400    0.0005061700
   0.0008255600   -0.0007276500   -0.0001064400
  -0.0006080500    0.0008733800   -0.0005819000
   0.0000488000   -0.0014792600    0.0003050100
   0.0000830900    0.0001394800   -0.0005930600
  -0.0004962200    0.0000522400   -0.0002293000
   0.0002807300   -0.0005631400   -0.0014000400
   0.0002871000    0.0004011300   -0.0002518700
   0.0005160500    0.0004702000   -0.0003285500
  -0.0001925300   -0.0002646200    0.0003035400
  -0.0000101700    0.0000060300    0.0019458900
  -0.0000068600    0.0000026300   -0.0033130700
  -0.0002103700   -0.0007450100   -0.0000054400
   0.0009504500   -0.0000698100   -0.0003909800
   0.0000698400    0.0000552800    0.0006974600
   0.0008137800   -0.0010489300   -0.0004014100
  -0.0000965000    0.0000155100    0.0006929500
   0.0004943100    0.0012377400   -0.0004026400
  -0.0005381100    0.0005617500   -0.0000265100
  -0.0005499300   -0.0007991500   -0.0004026700
  -0.0006403100    0.0002443500   -0.0004137300
   0.0003191300   -0.0000184000    0.0003164800
   0.0010620700    0.0000831000   -0.0005687500
  -0.0006369600   -0.0000602300    0.0000439700
   0.0004545700   -0.0004409900    0.0004013400
  -0.0011411600   -0.0006844500    0.0001578600
   0.0000480300   -0.0001221100    0.0006615200
  -0.0002410000    0.0003035000    0.0005474200
   0.0004753400   -0.0005071800   -0.0000385700
  -0.0002951800   -0.0008320100   -0.0001443400
   0.0006653600    0.0000466000    0.0002596200
   0.0002514200    0.0003661600    0.0012128100
  -0.0006018200   -0.0009567200   -0.0003704500
   0.0002725500   -0.0002690900    0.0009478000
  -0.0002255000    0.0001237900   -0.0006949800
   0.0002061800   -0.0004421200   -0.0002354100
  -0.0000947600   -0.0007611800    0.0001678800
   0.0000976800    0.0003654400    0.0009476900
  -0.0000402900    0.0012731000    0.0001482200
   0.0002624000    0.0005796200    0.0000395600
   0.0007446400    0.0001987600   -0.0000145800
  -0.0004203100    0.0008662200   -0.0003962200
   0.0001007000   -0.0006766000   -0.0004140400
  -0.0001499500    0.0002935200    0.0003137300
   0.0011669100   -0.0006466100    0.0001630100
   0.0003501300   -0.0005135800    0.0000506700
  -0.0013248400   -0.0001892100   -0.0004127400
  -0.0004447400   -0.0003945600   -0.0000129500

48   
 -0.0080295506854697  -0.0059603956067927   0.0000000000000000
  -0.0015183400   -0.0015840500   -0.0023977800
  -0.0003864300   -0.0002000800    0.0005313300
  -0.0001550500   -0.0001386600   -0.0005303200
   0.0000970000   -0.0000689000   -0.0004061100
   0.0000022200   -0.0000273900   -0.0002930500
  -0.0007679500    0.0007793100    0.0004548100
   0.0000020000    0.0000600300   -0.0002914100
   0.0001641900   -0.0001448500   -0.0005597500
  -0.0001487200   -0.0001008100   -0.0006219100
  -0.0000700100    0.0036225500    0.0010288200
   0.0003315800   -0.0003437500   -0.0003960100
  -0.0000201200    0.0003598100    0.0003724200
   0.0000919600   -0.0003193100    0.0002836800
   0.0001106200    0.0004469900   -0.0003404600
   0.0000044600   -0.0000255400   -0.0003347500
  -0.0000098400   -0.0002908000    0.0002193100
  -0.0375532100   -0.0326285800    0.0342628900
   0.0001096600   -0.0003621700    0.0002086900
   0.0002847300    0.0001338200    0.0001948900
  -0.0001214500   -0.0001615200   -0.0003509500
   0.0002280100    0.0002983000    0.0001658600
  -0.0003795600    0.0000729600    0.0002054500
   0.0000007000    0.0001380500   -0.0005710500
   0.0000462900   -0.0000689500   -0.0004460500
   0.0004228500    0.0000688700    0.0003047100
  -0.0000332700    0.0002002000   -0.0005441500
  -0.0001099900   -0.0009200600   -0.0004257100
  -0.0002663800    0.0001227000    0.0002031300
  -0.0097251400   -0.0235599100   -0.0142718200
   0.0000427200   -0.0000073500   -0.0002256900
  -0.0000083600   -0.0000725800    0.0008449700
   0.0000200400   -0.0000207600    0.0005531100
  -0.0004563200   -0.0001715900   -0.0003351800
  -0.0315796600   -0.0037318300   -0.0198721100
  -0.0000356500   -0.0000421500   -0.0002165200
   0.0001957900   -0.0006445000   -0.0004928800
   0.0036943000   -0.0001165100    0.0013440200
  -0.0007999000    0.0000692100   -0.0004791600
   0.0001483500   -0.0003907400    0.0005863600
  -0.0001385000    0.0006540300   -0.0001583200
   0.0000517300   -0.0000857200   -0.0003513200
   0.0002190500   -0.0001333000   -0.0000236200
  -0.0000206900    0.0004764600    0.0000744300
   0.0001624600   -0.0002190400   -0.0030495200
  -0.0015199600   -0.0057864100    0.0008203500
  -0.0000132200    0.0000315500    0.0022736800
  -0.0003651300   -0.0001153800    0.0009152100
   0.0892744100    0.0667587300   -0.0005270500
   0.0000066500   -0.0000850400   -0.0003206500
  -0.0004576800    0.0000635300    0.0012228400
   0.0009969200    0.0002022800   -0.0003077800
   0.0004606800    0.0007611100   -0.0006239800
  -0.0006893500   -0.0055785100    0.0000340400
   0.0000207000   -0.0018029900   -0.0010702800
  -0.0062750100   -0.0007927900   -0.0000159700
  -0.0001783800    0.0025766100   -0.0013336600
   0.0009750200   -0.0019854100    0.0020427000
  -0.0008382800    0.0015671300    0.0006803900
  -0.0005937300   -0.0003155300   -0.0001926500
   0.0009298900    0.0001897100   -0.0001442800
  -0.0003724900    0.0007615500    0.0002713500
   0.0024128200    0.0009830300   -0.0008912000
   0.0000270400    0.0000939800   -0.0002842400
  -0.0023139700    0.0012296700    0.0033127100
  -0.0068956100   -0.0003998500    0.0004756200
   0.0009000600    0.0015661200   -0.0002384300
   0.0002879100    0.0001112700    0.0005707900
   0.0011166300    0.0024727600    0.0009434200
  -0.0006022800    0.0008486100   -0.0006223800
   0.0005104800   -0.0010839000    0.0005375900
   0.0000556300    0.0000735600   -0.0005433700
  -0.0004943200    0.0000429000   -0.0002438700
  -0.0001868300    0.0003099200    0.0002671800
   0.0002783200    0.0003857100   -0.0002203800
   0.0005340800    0.0003974400   -0.0005051500
  -0.0001736200   -0.0002905500    0.0003196400
  -0.0000028600   -0.0000129600    0.0019472800
  -0.0000059900   -0.0000100400   -0.0033057400
  -0.0002069500   -0.0007411000   -0.0000161300
   0.0009599800   -0.0000793400   -0.0003967500
   0.0000455700    0.0000584700    0.0006743200
   0.0008144800   -0.0010647600   -0.0004149200
  -0.0000832300    0.0000262900    0.0006783100
   0.0004992600    0.0012280600   -0.0004121900
  -0.0005488200    0.0005207000    0.0000070400
  -0.0005422600   -0.0008023900   -0.0003853800
  -0.0006595700    0.0002289500   -0.0004164200
   0.0003229200   -0.0000212700    0.0003048300
   0.0010247100    0.0000832300   -0.0006316300
  -0.0006290400   -0.0000669500    0.0000445200
   0.0002951700   -0.0005655400    0.0002708100
  -0.0011579400   -0.0006950800    0.0001558700
  -0.0000161600   -0.0000557200    0.0007109700
  -0.0003302000    0.0001101200    0.0005272500
   0.0008858400   -0.0000675400   -0.0002170600
  -0.0002162600   -0.0010342100   -0.0001395000
   0.0008016500   -0.0000677100    0.0002354700
   0.0001590500    0.0003168900    0.0012391300
  -0.0002219900   -0.0009840700   -0.0002789600
   0.0002494700   -0.0002700400    0.0009174700
  -0.0000519900   -0.0001124100   -0.0004406700
   0.0001831600   -0.0004656700   -0.0002407500
  -0.0008175800   -0.0011550500   -0.0013831600
   0.0000867500    0.0003512900    0.0009177100
  -0.0000153500    0.0013841300    0.0001649700
   0.0002490700    0.0005557900    0.0000495900
   0.0007295300    0.0001820300   -0.0000026300
  -0.0004280200    0.0008599900   -0.0003956700
   0.0001153200   -0.0006903100   -0.0004167200
  -0.0001604300    0.0002792400    0.0003077000
   0.0011521100   -0.0006556500    0.0001494500
   0.0003690500   -0.0005201600    0.0000392000
  -0.0013298900   -0.0001859200   -0.0004038100
  -0.0004621300    0.0000260200    0.0001007100

48   
 -0.0011470786693528   0.0099339926779878   0.0000000000000000
   0.0026698900   -0.0015881300    0.0012336400
  -0.0003148000   -0.0003966600    0.0001978800
  -0.0001790600   -0.0001152900   -0.0006708700
   0.0001437600   -0.0000840100   -0.0008468100
  -0.0001537700    0.0001641400   -0.0001228300
   0.0001687300    0.0005020500    0.0009159000
  -0.0000503000   -0.0000084800    0.0001888600
   0.0001605800   -0.0001247400   -0.0004829600
  -0.0001669500   -0.0000992000   -0.0006296300
  -0.0017168000   -0.0032571200    0.0006466400
   0.0003291800   -0.0003011000   -0.0003706900
   0.0000103900    0.0004217900    0.0003609000
  -0.0005591100    0.0000837100   -0.0004627600
   0.0000833000    0.0003991700   -0.0003907400
  -0.0000810600    0.0000897100   -0.0003129100
   0.0000325800   -0.0002838000    0.0001947300
   0.0122404800    0.0293137400   -0.0201725700
   0.0001128700   -0.0003575200    0.0001816300
   0.0002321600    0.0001199700    0.0002297700
   0.0000881400   -0.0002978100   -0.0004120300
   0.0002846400    0.0002502500    0.0002486200
  -0.0003615600    0.0000772500    0.0001958500
   0.0000220900    0.0001466400   -0.0005504600
   0.0000216200   -0.0002156400   -0.0001300200
   0.0000479200   -0.0001357100    0.0004480000
  -0.0000344100    0.0001590400   -0.0006057300
  -0.0003339900    0.0003209100    0.0005374700
  -0.0002376900    0.0001454000    0.0002318200
  -0.0096048000    0.0498423100    0.0353467200
   0.0000267100    0.0000189500   -0.0002607500
   0.0007871600    0.0005045500   -0.0001037600
   0.0001067600    0.0000591400    0.0002808800
  -0.0004662400   -0.0001281900   -0.0003502900
  -0.0141544800    0.0203108200   -0.0135005200
  -0.0000040500   -0.0000429400   -0.0002195800
  -0.0009681600    0.0006001300   -0.0007254400
  -0.0010724300    0.0015387200   -0.0017985600
   0.0008591600    0.0003192300   -0.0000557400
  -0.0003008400   -0.0004031100    0.0004694400
  -0.0000554600    0.0007149100   -0.0001035600
   0.0000189700   -0.0001236600   -0.0003612500
   0.0005693200   -0.0004047300    0.0001027200
   0.0000587100    0.0005084000    0.0000796200
  -0.0001015100    0.0000166000   -0.0029943800
   0.0021548800    0.0050684100   -0.0008398400
  -0.0000794800   -0.0000421800    0.0022306700
  -0.0003581500   -0.0000901900    0.0009225100
   0.0137166900   -0.1095859300   -0.0018658000
   0.0001858900   -0.0000771900   -0.0002881700
  -0.0001693700    0.0000569600    0.0011463900
   0.0010336300    0.0001101900   -0.0003067000
   0.0032758600    0.0025428600    0.0019226300
   0.0021160800    0.0057042900    0.0016331700
  -0.0000245200   -0.0031602700   -0.0014148800
   0.0011042900   -0.0009742600    0.0013971700
  -0.0009524600    0.0001630800   -0.0001049700
  -0.0009359500    0.0016517000   -0.0010643700
  -0.0057596300    0.0039640500   -0.0004195800
  -0.0005155600   -0.0007582700   -0.0000122100
   0.0008811800    0.0003214400   -0.0001502000
  -0.0002835500    0.0003264300    0.0001496400
  -0.0028791100    0.0004565500    0.0024560600
   0.0000263100    0.0001891700   -0.0003284200
   0.0022673800   -0.0020862700   -0.0003840900
   0.0002448200   -0.0000823600   -0.0001567300
  -0.0010008700   -0.0028971100   -0.0002295900
   0.0003156200    0.0002224300    0.0004615800
  -0.0031049500    0.0045931900    0.0009200300
  -0.0005808100    0.0008800300   -0.0005990400
   0.0001831700   -0.0014215800    0.0003484000
   0.0000523100    0.0000956300   -0.0005712600
  -0.0004762200    0.0000473900   -0.0002465500
  -0.0004645800   -0.0002318500    0.0002209800
   0.0002877900    0.0004028800   -0.0002343500
   0.0005109600    0.0004787300   -0.0003698400
  -0.0001803200   -0.0002816300    0.0002929200
   0.0000028900    0.0000047500    0.0019356400
   0.0000024000   -0.0000064000   -0.0033207200
  -0.0002020300   -0.0007492200   -0.0000166600
   0.0009596100   -0.0000732200   -0.0003978900
   0.0000718000    0.0000634600    0.0006843000
   0.0008244100   -0.0010564700   -0.0004183000
  -0.0000826100    0.0000158500    0.0006775700
   0.0005028500    0.0012280300   -0.0004158100
  -0.0005225700    0.0005621700   -0.0000171600
  -0.0005440700   -0.0008052700   -0.0004085100
  -0.0006345200    0.0002340500   -0.0004274600
   0.0003280000   -0.0000218500    0.0003022200
   0.0010358000    0.0000809600   -0.0005971300
  -0.0006266400   -0.0000608300    0.0000382200
   0.0004313400   -0.0004435600    0.0003587500
  -0.0011427800   -0.0006826100    0.0001457000
   0.0000501000   -0.0001283900    0.0006759800
  -0.0002708500    0.0002629700    0.0005422500
   0.0005711600   -0.0004561700   -0.0000960300
  -0.0003803500   -0.0010774400   -0.0000934700
   0.0006970700    0.0000516700    0.0002162800
   0.0001617300    0.0003603300    0.0012167000
  -0.0003095000   -0.0010396700   -0.0002958000
   0.0002751800   -0.0002748200    0.0009329900
  -0.0001739300    0.0002270800   -0.0009327300
   0.0002031300   -0.0004459900   -0.0002520500
  -0.0004082200   -0.0010715300   -0.0004040100
   0.0000929000    0.0003650900    0.0009270600
  -0.0000402300    0.0013487000    0.0001256700
   0.0002729000    0.0005725900    0.0000237900
   0.0007489000    0.0002040900   -0.0000177500
  -0.0004175600    0.0008595900   -0.0004046700
   0.0001084400   -0.0006694700   -0.0004075300
  -0.0001500200    0.0002817900    0.0003141600
   0.0011416600   -0.0006266600    0.0001573800
   0.0003635100   -0.0005243700    0.0000449600
  -0.0013205700   -0.0001797200   -0.0004094400
  -0.0003683300   -0.0001755000    0.0000416800

48   
  0.0011470786693528  -0.0099339926779878   0.0000000000000000
  -0.0035395900    0.0016884500   -0.0015089600
  -0.0003687600    0.0000336400    0.0005266300
  -0.0000934000   -0.0001230700   -0.0005165000
   0.0002058800   -0.0000281200   -0.0003396500
  -0.0001909700    0.0000732400   -0.0004593900
  -0.0003391900    0.0000031000   -0.0000073700
   0.0000508300    0.0000134500   -0.0002341600
   0.0001364100   -0.0000751400   -0.0007999800
  -0.0001602800   -0.0000514100   -0.0006537700
   0.0019583600    0.0035077500   -0.0013048900
   0.0003454000   -0.0003134400   -0.0003744500
   0.0000125900    0.0003558000    0.0003632500
   0.0009401400    0.0001071500   -0.0001159400
   0.0001146400    0.0005022200   -0.0003526000
   0.0000142300   -0.0000280600   -0.0001732600
  -0.0000380900   -0.0002895100    0.0002553900
  -0.0125594400   -0.0297127800    0.0205892900
   0.0001108100   -0.0003509700    0.0002153400
   0.0002696200    0.0001720300    0.0002213500
  -0.0001182700   -0.0001114800   -0.0001680900
   0.0002157300    0.0003066600    0.0001475500
  -0.0003676300    0.0000840900    0.0002005100
   0.0000004100    0.0002173100   -0.0007277600
   0.0000406100   -0.0001660100   -0.0005176300
   0.0004508400    0.0000408300    0.0004621400
  -0.0000445900    0.0002069900   -0.0005796200
   0.0002762100   -0.0002023600   -0.0005942900
  -0.0002617500    0.0001515300    0.0002171500
   0.0096862400   -0.0492495500   -0.0342009100
   0.0000596400    0.0000160300   -0.0002261100
  -0.0001449700   -0.0009409700    0.0008295900
  -0.0001070300   -0.0000542600    0.0004240800
  -0.0004104800   -0.0001456100   -0.0003938400
   0.0147687500   -0.0196109300    0.0134147000
  -0.0000073700   -0.0000435100   -0.0002669600
   0.0006157200   -0.0004871100    0.0000817600
   0.0007601400   -0.0019654400    0.0027263100
  -0.0007583900   -0.0003073000    0.0000071200
   0.0002141700   -0.0002934000    0.0005821700
  -0.0001344400    0.0007588400   -0.0001622300
  -0.0002263700    0.0000281700   -0.0002400600
   0.0001874000   -0.0001856400   -0.0000260600
   0.0000763800    0.0004523400    0.0000023300
   0.0000982900   -0.0000137100   -0.0029992900
  -0.0029614700   -0.0064533700    0.0013336600
   0.0000783100    0.0000487900    0.0022323500
  -0.0003689100   -0.0001013600    0.0009228700
  -0.0130472800    0.1081335800    0.0013461600
   0.0000008100   -0.0000456600   -0.0003097900
  -0.0006386700   -0.0000345900    0.0012810500
   0.0010449500    0.0001595300   -0.0003459000
  -0.0020867200   -0.0001226300   -0.0022033900
  -0.0018362600   -0.0056746700    0.0002587600
   0.0015329100    0.0009946500    0.0011058400
  -0.0013432100    0.0008237900    0.0004570500
  -0.0002841500   -0.0002735200    0.0007353600
  -0.0004562800   -0.0002510700    0.0007564600
   0.0033351900   -0.0032301000    0.0012590900
  -0.0006635100   -0.0001291000   -0.0002672400
   0.0009780900    0.0001732200   -0.0001409300
  -0.0004457900    0.0009571700    0.0003257500
   0.0033092600    0.0007054700   -0.0017726300
  -0.0000158500    0.0000459700   -0.0002736900
  -0.0019250100    0.0014174500    0.0028251800
  -0.0014839900    0.0017639600   -0.0005099200
  -0.0016551400    0.0027029700   -0.0001525900
   0.0003323300    0.0000542700    0.0006023300
   0.0049354300   -0.0027484800   -0.0000673800
  -0.0006186300    0.0008532000   -0.0006189700
   0.0003892500   -0.0011255600    0.0004824500
   0.0000958600    0.0001296100   -0.0005782900
  -0.0005047200    0.0000606100   -0.0002417500
   0.0005735200    0.0000028900   -0.0013697500
   0.0002877100    0.0003966500   -0.0002530000
   0.0005495100    0.0004015400   -0.0004788400
  -0.0001758900   -0.0002609500    0.0003157100
  -0.0000058700    0.0000004100    0.0019430900
  -0.0000052200    0.0000112300   -0.0033126600
  -0.0002050200   -0.0007246000   -0.0000187900
   0.0009610100   -0.0000634700   -0.0004042700
   0.0000533900    0.0000624500    0.0006730900
   0.0008137100   -0.0010450600   -0.0004125900
  -0.0000865400    0.0000384400    0.0006798500
   0.0005011900    0.0012501600   -0.0004137800
  -0.0005543500    0.0005324500   -0.0000164400
  -0.0005382000   -0.0007840400   -0.0003945400
  -0.0006552000    0.0002516400   -0.0004164000
   0.0003244000   -0.0000055600    0.0003038900
   0.0010609200    0.0000972600   -0.0006174600
  -0.0006298100   -0.0000539500    0.0000356100
   0.0003270600   -0.0005551200    0.0002985400
  -0.0011465700   -0.0006844700    0.0001536600
  -0.0000091800   -0.0000375000    0.0006816600
  -0.0002925600    0.0001629800    0.0005151800
   0.0007969700   -0.0001069500   -0.0001768200
  -0.0001212300   -0.0007765700   -0.0002041900
   0.0007830500   -0.0000588400    0.0002593400
   0.0002593700    0.0003360800    0.0012199600
  -0.0005033600   -0.0008862000   -0.0003696300
   0.0002576500   -0.0002525100    0.0009175200
  -0.0000936100   -0.0002001200   -0.0002212300
   0.0001960600   -0.0004497800   -0.0002391200
  -0.0004862700   -0.0008274600   -0.0008101000
   0.0001024000    0.0003643100    0.0009234000
  -0.0000045200    0.0013213400    0.0001731600
   0.0002486200    0.0005754900    0.0000506800
   0.0007350700    0.0001890300   -0.0000130100
  -0.0004210800    0.0008788100   -0.0004021600
   0.0001174200   -0.0006853000   -0.0004367000
  -0.0001506900    0.0003033100    0.0002926900
   0.0011880100   -0.0006623900    0.0001412100
   0.0003657100   -0.0004968000    0.0000301400
  -0.0013251300   -0.0001829400   -0.0004222500
  -0.0005277300   -0.0001799000    0.0000305800

48   
  0.0000000000000000   0.0000000000000000   0.0100000000000000
  -0.0000035900    0.0004461800    0.0020570800
  -0.0004420500    0.0000266600    0.0003414200
  -0.0001375100   -0.0002039800   -0.0003807400
   0.0001285000   -0.0002639600   -0.0010575900
   0.0000773300    0.0001000800   -0.0003002500
  -0.0000939600    0.0003648300    0.0014427200
   0.0000806400    0.0001732600   -0.0003629500
   0.0000636800   -0.0000003500   -0.0008816400
  -0.0001451900   -0.0001173400   -0.0006184600
  -0.0003690900    0.0002731500    0.0019047000
   0.0003452400   -0.0002933200   -0.0003855100
   0.0000199100    0.0003929300    0.0003436800
   0.0001471800    0.0000448600    0.0007536100
   0.0001199500    0.0004629400   -0.0003892200
   0.0000172100    0.0001177100    0.0000841900
  -0.0000365200   -0.0003126700    0.0002543700
  -0.0235931300   -0.0223853300    0.0454319700
   0.0001091300   -0.0003374800    0.0001913700
   0.0001957200    0.0001498700    0.0002402900
   0.0000615900   -0.0001007500   -0.0003550200
   0.0003363600    0.0002398400    0.0002480600
  -0.0003647200    0.0000841100    0.0002028900
  -0.0000724200    0.0002253700   -0.0000793100
  -0.0000986600   -0.0001797900   -0.0003927200
   0.0001246100   -0.0002434700    0.0004497600
  -0.0000287600    0.0002487700   -0.0005470800
  -0.0000587000    0.0001027200    0.0009880100
  -0.0002519600    0.0001536500    0.0002098900
  -0.0072706400    0.0322297200    0.0459197800
   0.0000496700    0.0000054400   -0.0002620400
   0.0002030700   -0.0002241700    0.0013771400
   0.0000611600   -0.0001220800    0.0002822800
  -0.0004580400   -0.0001014600   -0.0003948400
   0.0314111500   -0.0091560100    0.0452139300
  -0.0000204600   -0.0000530800   -0.0002542700
  -0.0000990900    0.0000819900    0.0007085000
   0.0000068200   -0.0007198300    0.0026535700
   0.0001273100   -0.0000532400    0.0010267800
   0.0000454500   -0.0003419500    0.0005893100
  -0.0000666600    0.0007516700   -0.0004550600
  -0.0001709400   -0.0000200600   -0.0003312200
   0.0004357500   -0.0003508700    0.0001033900
   0.0000973200    0.0005002000   -0.0002122600
  -0.0000489800    0.0000761900   -0.0029357600
   0.0002432300    0.0000518400   -0.0036597000
  -0.0000166700    0.0000203000    0.0019072300
  -0.0003521300   -0.0000965800    0.0009288700
   0.0004613100   -0.0018466600   -0.1464425100
   0.0001163700   -0.0000240800   -0.0006141200
  -0.0004790900   -0.0000154700    0.0012774500
   0.0010118600    0.0001314700   -0.0006476400
   0.0023834000    0.0023547800    0.0002137800
   0.0002075200   -0.0010094900   -0.0029277900
   0.0020399100    0.0006246800    0.0002419900
  -0.0010420800    0.0000422200   -0.0029265400
  -0.0004977600   -0.0021513200    0.0006926100
   0.0001347600   -0.0011940000    0.0002383100
  -0.0021937900    0.0008903800   -0.0034837400
  -0.0005722000   -0.0005169600   -0.0001644400
   0.0009123200    0.0003392200   -0.0004165100
  -0.0004114100    0.0007543100    0.0002289100
  -0.0018169400    0.0008400600    0.0006971800
   0.0000244600    0.0000827900   -0.0006154100
  -0.0017503000    0.0006331600    0.0015493500
   0.0001450900    0.0013095000   -0.0042785700
  -0.0012973700   -0.0000339400    0.0185267700
   0.0002974800    0.0001596100    0.0002849300
   0.0013362700   -0.0000149500   -0.0034673900
  -0.0005704500    0.0008921200   -0.0006526900
   0.0003436300   -0.0012123000    0.0003979100
   0.0000488600    0.0001339100   -0.0007052600
  -0.0004629200    0.0000601400   -0.0002125000
  -0.0016769500    0.0005980400    0.0019177500
   0.0003017800    0.0003944200   -0.0001745000
   0.0005298700    0.0004758000   -0.0006033600
  -0.0001777400   -0.0002944700    0.0003298400
  -0.0000090000    0.0000016800    0.0019466000
  -0.0000004000    0.0000044300   -0.0032917100
  -0.0002041900   -0.0007271900   -0.0000065800
   0.0009652200   -0.0000649500   -0.0003741200
   0.0000648100    0.0000739800    0.0007271900
   0.0008256300   -0.0010517800   -0.0003904000
  -0.0000830600    0.0000222100    0.0006915200
   0.0005079400    0.0012399300   -0.0003778500
  -0.0005252800    0.0005166600   -0.0000558800
  -0.0005505100   -0.0007921300   -0.0003912900
  -0.0006309000    0.0002455700   -0.0004171300
   0.0003281600   -0.0000159700    0.0003281900
   0.0010982900    0.0000993900   -0.0006681200
  -0.0006274200   -0.0000535700    0.0000629100
   0.0003747200   -0.0005348600    0.0000736300
  -0.0011277200   -0.0006830900    0.0001823400
  -0.0000061900   -0.0000820200    0.0006179200
  -0.0003514600    0.0001486800    0.0002635100
   0.0006257100   -0.0003795500   -0.0001504800
  -0.0002893800   -0.0009984300   -0.0000920500
   0.0007395800   -0.0000273600   -0.0000893500
   0.0003057600    0.0003213300    0.0009446500
  -0.0002950500   -0.0009772500   -0.0003496300
   0.0002673000   -0.0002538800    0.0009396200
  -0.0000143300   -0.0004958200   -0.0003632200
   0.0001990000   -0.0004196000   -0.0002135100
   0.0003907700   -0.0006794900    0.0001772100
   0.0000713900    0.0003726300    0.0009732400
  -0.0000037200    0.0012931500    0.0000528400
   0.0002761600    0.0005753900    0.0000360600
   0.0007410700    0.0001864800    0.0000232600
  -0.0004133500    0.0008737800   -0.0003768100
   0.0000891500   -0.0006607600   -0.0004418200
  -0.0001487800    0.0002977100    0.0003262400
   0.0011519300   -0.0006475400    0.0000497700
   0.0003576100   -0.0005048100    0.0000669200
  -0.0013257700   -0.0001756900   -0.0004003100
  -0.0004277500   -0.0000966900    0.0001036800

48   
  0.0000000000000000   0.0000000000000000  -0.0100000000000000
  -0.0009516200   -0.0003895000   -0.0022844700
  -0.0002508300   -0.0003828700    0.0004217300
  -0.0001373600   -0.0000284400   -0.0007753100
   0.0002168300    0.0001611200   -0.0000886100
  -0.0004176400    0.0001433500   -0.0002442800
  -0.0001075500    0.0001533800   -0.0004825500
  -0.0000847100   -0.0001671200    0.0003590900
   0.0002293100   -0.0001984500   -0.0003632500
  -0.0001878800   -0.0000294900   -0.0006309400
   0.0007017900   -0.0000311500   -0.0025088500
   0.0003255500   -0.0003166400   -0.0003269800
  -0.0000003900    0.0003893900    0.0004218400
   0.0001857300    0.0001421300   -0.0012891200
   0.0000761000    0.0004407200   -0.0003221100
  -0.0000911400   -0.0000514200   -0.0005448300
   0.0000283100   -0.0002564800    0.0002291400
   0.0227016100    0.0215269500   -0.0446217300
   0.0001107300   -0.0003674500    0.0002393800
   0.0003041500    0.0001464700    0.0002436200
  -0.0000902600   -0.0003061000   -0.0001898800
   0.0001582500    0.0003216400    0.0001822600
  -0.0003685800    0.0000815500    0.0002263700
   0.0000956500    0.0001409900   -0.0011810600
   0.0001513700   -0.0001949200   -0.0002185200
   0.0003704000    0.0001456100    0.0004981700
  -0.0000553000    0.0001192900   -0.0006049000
   0.0000148400    0.0000321300   -0.0009942200
  -0.0002508200    0.0001460800    0.0002728000
   0.0073995900   -0.0319289400   -0.0453170600
   0.0000320700    0.0000323500   -0.0001917800
   0.0004346100   -0.0002159500   -0.0006049200
  -0.0000648200    0.0001271000    0.0004577900
  -0.0004239400   -0.0001688800   -0.0003169900
  -0.0298047200    0.0095934700   -0.0446364700
   0.0000048300   -0.0000278800   -0.0001990400
  -0.0002485100    0.0000279900   -0.0013094000
  -0.0003497500    0.0003897500   -0.0016979800
   0.0000106200    0.0000767800   -0.0010339800
  -0.0001317500   -0.0003500800    0.0004994300
  -0.0001246300    0.0007224400    0.0002111200
  -0.0000413400   -0.0000725600   -0.0002417000
   0.0003182200   -0.0002359500    0.0000112900
   0.0000274800    0.0004664200    0.0003228400
   0.0000416000   -0.0000674900   -0.0030196600
  -0.0010012800   -0.0013049100    0.0041309900
   0.0000117800   -0.0000110900    0.0025789200
  -0.0003788600   -0.0000901900    0.0009513000
   0.0000811900    0.0011473700    0.1415866200
   0.0000665000   -0.0000954100    0.0000408900
  -0.0003363100    0.0000408000    0.0011877900
   0.0010629000    0.0001392800    0.0000162600
  -0.0012480100    0.0000441000   -0.0004804600
  -0.0000012300    0.0008984000    0.0047838900
  -0.0005561100   -0.0028354900   -0.0005084600
   0.0008227300   -0.0001828300    0.0047837600
  -0.0007565400    0.0020201000   -0.0000023400
  -0.0015072800    0.0025827400   -0.0004940600
  -0.0003164700   -0.0000934200    0.0043129300
  -0.0006098600   -0.0003712900   -0.0000841600
   0.0009429300    0.0001618300    0.0001517500
  -0.0003229300    0.0005378500    0.0002766400
   0.0023212000    0.0003322700   -0.0000031000
  -0.0000140600    0.0001576000    0.0000412300
   0.0021489500   -0.0013495700    0.0009226200
  -0.0014014400    0.0003648900    0.0036108100
  -0.0013649800   -0.0001517400   -0.0184306500
   0.0003455100    0.0001216900    0.0008080900
   0.0005977900    0.0017925100    0.0042915200
  -0.0006352100    0.0008464600   -0.0005336900
   0.0002267500   -0.0013301000    0.0004615800
   0.0000956900    0.0000940400   -0.0004101500
  -0.0005216400    0.0000511100   -0.0002426100
   0.0018183400   -0.0008453600   -0.0030807200
   0.0002692100    0.0004087600   -0.0002797700
   0.0005268000    0.0004106400   -0.0002077000
  -0.0001823700   -0.0002438500    0.0003109500
   0.0000021000    0.0000077900    0.0019634200
  -0.0000065300    0.0000043500   -0.0033075500
  -0.0002075000   -0.0007422100    0.0000028600
   0.0009508500   -0.0000671300   -0.0003939800
   0.0000555400    0.0000567700    0.0006630400
   0.0008080100   -0.0010450500   -0.0004070700
  -0.0000907500    0.0000360800    0.0006982200
   0.0004918100    0.0012423800   -0.0004185000
  -0.0005561800    0.0005821900    0.0000553900
  -0.0005355800   -0.0007935000   -0.0003777000
  -0.0006633400    0.0002443000   -0.0003950000
   0.0003202200   -0.0000071300    0.0003119200
   0.0009942800    0.0000837200   -0.0005130900
  -0.0006323900   -0.0000570400    0.0000441000
   0.0003825700   -0.0004545300    0.0006134900
  -0.0011650500   -0.0006801400    0.0001497200
   0.0000434400   -0.0000801700    0.0007718900
  -0.0002152300    0.0002801900    0.0008245400
   0.0007379900   -0.0001822600   -0.0000911800
  -0.0002181600   -0.0008512100   -0.0001680000
   0.0007332900    0.0000249000    0.0005926500
   0.0001116900    0.0003789500    0.0015239600
  -0.0005210800   -0.0009460800   -0.0002837900
   0.0002607000   -0.0002690100    0.0009450100
  -0.0002575700    0.0005330100   -0.0007525300
   0.0001966400   -0.0004715900   -0.0002450500
  -0.0013082400   -0.0012234700   -0.0013745300
   0.0001200900    0.0003601700    0.0009104800
  -0.0000447000    0.0013807100    0.0002789400
   0.0002409400    0.0005761300    0.0000717400
   0.0007386700    0.0002105800   -0.0000219900
  -0.0004293000    0.0008688300   -0.0003959800
   0.0001331600   -0.0006896100   -0.0003697600
  -0.0001555900    0.0002917900    0.0003143300
   0.0011736300   -0.0006392600    0.0002815700
   0.0003677500   -0.0005126300    0.0000408700
  -0.0013231600   -0.0001830400   -0.0003976900
  -0.0004728600   -0.0002543000    0.0000082800

51   
  0.0080295506854697   0.0059603956067927   0.0000000000000000
  -0.0042259600   -0.0001068200   -0.0010168800
  -0.0002386100   -0.0036100000   -0.0009706900
  -0.0002139600   -0.0001379900   -0.0005941100
   0.0001869600   -0.0000469900   -0.0006034500
  -0.0001923700   -0.0000162500   -0.0001851900
   0.0000373500    0.0006907500   -0.0001079800
  -0.0000228800   -0.0000021500   -0.0000058200
   0.0001976800   -0.0001086200   -0.0006079100
  -0.0000892300   -0.0000275000   -0.0005429100
  -0.0000186500   -0.0000078000   -0.0001727000
   0.0002802100   -0.0002529100   -0.0003019400
  -0.0000096100    0.0004073200    0.0001597200
   0.0011077000    0.0000787500    0.0001913900
   0.0000653900    0.0004682500   -0.0003742700
  -0.0000259100   -0.0000073900   -0.0002736900
   0.0000243200   -0.0002325700    0.0002941200
   0.0000134800   -0.0000196600   -0.0000253400
   0.0000849800   -0.0003653200    0.0001441800
   0.0002706200    0.0001193000    0.0002608800
   0.0101524500    0.0228288300    0.0131643800
   0.0002508100    0.0002757000    0.0001827800
  -0.0003604400    0.0000941500    0.0001957800
   0.0000021800    0.0002022100   -0.0006719100
   0.0328714000    0.0034310800    0.0205967500
  -0.0001384300    0.0006012300    0.0006150800
  -0.0000547400    0.0001995700   -0.0005900100
   0.0363923700    0.0317609700   -0.0330723400
  -0.0002270000    0.0001704700    0.0002011900
   0.0005649800   -0.0005832800   -0.0006609400
   0.0001587900    0.0001456500   -0.0002572100
   0.0001537900   -0.0000809800    0.0003501900
   0.0011942300    0.0017636500    0.0026494700
  -0.0003701300   -0.0001606200   -0.0005487700
   0.0003185200    0.0003776100   -0.0003063800
  -0.0000047200   -0.0000218000   -0.0002755200
  -0.0001038100    0.0010132800    0.0000566900
   0.0005048000   -0.0007448900    0.0004712100
   0.0001466400   -0.0000574100    0.0000412000
   0.0001207300   -0.0005159500    0.0005852700
  -0.0001324500    0.0007343500   -0.0001661200
  -0.0003225900   -0.0002512900   -0.0004202100
   0.0011164300    0.0003315800    0.0009241400
   0.0001440100    0.0005347600    0.0001079700
   0.0000868900    0.0000056200   -0.0030516400
  -0.0003257000   -0.0005568300    0.0002688700
  -0.0001989400    0.0000203900    0.0022934700
  -0.0003582400   -0.0001004800    0.0009233400
  -0.0000151300    0.0001116500    0.0008983300
   0.0009117200    0.0058102000    0.0007202400
  -0.0026733800   -0.0016514200    0.0012017700
  -0.0880343400   -0.0670394400   -0.0021535200
  -0.0010475300    0.0039157300   -0.0022916100
   0.0011649900    0.0052440100    0.0004166700
   0.0007783300   -0.0010678300   -0.0001809500
  -0.0001155400   -0.0001775800    0.0009525400
  -0.0006246100   -0.0000219700    0.0003316500
  -0.0008710700    0.0007255600   -0.0002145600
  -0.0012432900    0.0002859300    0.0003606000
  -0.0007045300   -0.0019737900   -0.0006393900
   0.0032913400   -0.0012954500   -0.0021931900
   0.0057955900    0.0018352700   -0.0005235500
   0.0003071200    0.0006525500    0.0003262300
   0.0066250400    0.0008479700    0.0006459200
   0.0001609100   -0.0002647000    0.0012018900
  -0.0006950300    0.0008790300   -0.0003396100
  -0.0014748900    0.0001007100   -0.0000896000
  -0.0018936700   -0.0002014300    0.0017997500
   0.0007356700    0.0006988200    0.0004802800
  -0.0004820700    0.0014554900    0.0012354100
  -0.0002472600   -0.0022919700    0.0001681900
   0.0000792500    0.0001585800   -0.0005716700
  -0.0004925400    0.0000406100   -0.0002582000
   0.0000580600   -0.0001094900   -0.0005862600
   0.0002937300    0.0003986700   -0.0002571900
   0.0005309000    0.0004377500   -0.0004410600
  -0.0001796400   -0.0002676300    0.0002968200
   0.0000099600    0.0000079600    0.0019322300
   0.0000017700    0.0000077400   -0.0033249200
  -0.0001954300   -0.0007384400   -0.0000374200
   0.0009598500   -0.0000633300   -0.0004185200
   0.0000828500    0.0000770100    0.0006892200
   0.0008214300   -0.0010547000   -0.0004128400
   0.0000794900    0.0005006500   -0.0001793700
   0.0005156100    0.0012476500   -0.0004475100
  -0.0005258800    0.0005461300   -0.0000175900
  -0.0005396400   -0.0007838000   -0.0004027500
  -0.0006338500    0.0002411400   -0.0004318300
   0.0003328200   -0.0000055600    0.0002911300
   0.0010567200    0.0000973700   -0.0006148000
  -0.0006244200   -0.0000501100    0.0000220800
  -0.0001163200   -0.0031550400    0.0018998600
  -0.0011689100   -0.0006814200    0.0000794500
   0.0000533200   -0.0000641400    0.0007098800
  -0.0002249200    0.0002362100    0.0005059600
   0.0004959000   -0.0002449200   -0.0001997800
  -0.0002408100   -0.0011417400   -0.0002209000
   0.0008112500    0.0000167100    0.0002635300
   0.0002490600    0.0002827300    0.0012081100
  -0.0003691600   -0.0010318300   -0.0003621700
   0.0002785900   -0.0002526500    0.0009592300
  -0.0001167000    0.0000836100   -0.0005867300
   0.0002059200   -0.0004588600   -0.0002613300
  -0.0004515800   -0.0009471600   -0.0006208500
   0.0001035300    0.0003671400    0.0009167700
  -0.0000189900    0.0013390800    0.0001672000
   0.0002555200    0.0005754600    0.0000329200
   0.0007734700    0.0001745000   -0.0000615800
  -0.0004297100    0.0008809900   -0.0004122500
   0.0002146900   -0.0006734200   -0.0003670600
  -0.0001584700    0.0003009800    0.0002962000
   0.0011862400   -0.0006378600    0.0001307500
   0.0003642600   -0.0005098900    0.0000217400
  -0.0013341700   -0.0001888600   -0.0004171800
  -0.0004547100    0.0002249300    0.0005010700

51   
 -0.0080295506854697  -0.0059603956067927   0.0000000000000000
   0.0033415300    0.0001512900    0.0007206200
  -0.0004813000    0.0032918400    0.0016780100
  -0.0000467100   -0.0000899600   -0.0006018800
   0.0001739800   -0.0000527400   -0.0005934700
  -0.0001409700    0.0002613200   -0.0004091600
  -0.0002190500   -0.0002137000    0.0010044900
   0.0000348700    0.0000174500   -0.0000491100
   0.0001085000   -0.0000806600   -0.0006860200
  -0.0002278000   -0.0001134300   -0.0007564100
   0.0003249100    0.0002703800   -0.0004885000
   0.0004044800   -0.0003492100   -0.0004552600
   0.0000446500    0.0003847900    0.0005521900
  -0.0006864500    0.0001293300   -0.0007842600
   0.0001435600    0.0004442000   -0.0003821000
  -0.0000314700    0.0000802800   -0.0002258600
  -0.0000189100   -0.0003308500    0.0001437500
  -0.0000510900   -0.0000598700   -0.0000443900
   0.0001494500   -0.0003304900    0.0002395500
   0.0002418700    0.0001833800    0.0001768900
  -0.0101640700   -0.0231275500   -0.0135818400
   0.0002596400    0.0002908300    0.0002015400
  -0.0003567800    0.0000789700    0.0001881800
   0.0000324800    0.0001718400   -0.0006230200
  -0.0323942700   -0.0038893700   -0.0207933500
   0.0006442600   -0.0006822300    0.0002873200
  -0.0000136000    0.0001772800   -0.0006074400
  -0.0374702800   -0.0326300100    0.0344132700
  -0.0002608800    0.0001377800    0.0002345600
  -0.0001769400   -0.0002484700    0.0003731300
  -0.0000621200   -0.0000995700   -0.0002441200
   0.0005088200   -0.0003138800    0.0003607100
  -0.0011444800   -0.0017060800   -0.0019417900
  -0.0004947000   -0.0001030100   -0.0002106500
   0.0002216700    0.0003920500    0.0000226200
   0.0000038500   -0.0000538600   -0.0002236000
  -0.0002431600   -0.0008400900   -0.0007123700
  -0.0008255100    0.0003783400    0.0004342000
  -0.0000341100    0.0000766000   -0.0001072600
  -0.0001954100   -0.0001652400    0.0004538400
  -0.0000460800    0.0007494100   -0.0001109800
   0.0001220300    0.0001628400   -0.0001962600
  -0.0003589700   -0.0009533400   -0.0008678600
   0.0000034100    0.0004415300   -0.0000379400
  -0.0000795300    0.0000100800   -0.0029491600
  -0.0004159200   -0.0007013300    0.0001939500
   0.0002081200   -0.0000067100    0.0021557900
  -0.0003579800   -0.0000798000    0.0009110700
   0.0000053100    0.0001490200    0.0009569700
  -0.0007102900   -0.0058318900   -0.0013278300
   0.0018734300    0.0016863400    0.0011415700
   0.0897170900    0.0666818700    0.0005767200
   0.0022478800   -0.0015515700    0.0020038900
  -0.0009422700   -0.0054455600    0.0014557000
   0.0007274900   -0.0011190000   -0.0001332400
  -0.0000815600    0.0000514000    0.0008998700
  -0.0006159500   -0.0001199900    0.0003072800
  -0.0004781700    0.0006566700   -0.0000945600
  -0.0012461400    0.0005022800    0.0004589600
  -0.0004330300    0.0010709700    0.0003368300
  -0.0014499100    0.0018213400    0.0019103600
  -0.0066622000   -0.0005500300    0.0010123400
   0.0001945200    0.0005272200    0.0003205600
  -0.0064690400   -0.0005908200   -0.0012460300
   0.0002368700   -0.0004337700    0.0012169400
  -0.0005674600    0.0008022400   -0.0003297600
  -0.0011684500   -0.0002830800   -0.0002298000
   0.0025164700    0.0004887200   -0.0007544600
   0.0012035900    0.0010962200    0.0003395400
  -0.0006965800    0.0002918200   -0.0024754300
   0.0008086200   -0.0002256400    0.0006436700
   0.0000810500    0.0000780100   -0.0005914100
  -0.0004771000    0.0000783700   -0.0002414100
   0.0000665400   -0.0001178400   -0.0005770400
   0.0002928500    0.0004114800   -0.0002418700
   0.0005414500    0.0004530900   -0.0004191400
  -0.0001650300   -0.0002651300    0.0002996400
  -0.0000023300    0.0000082900    0.0019320500
   0.0000060300    0.0000081300   -0.0033198500
  -0.0002002000   -0.0007244900   -0.0000110800
   0.0009719600   -0.0000622000   -0.0003955300
   0.0000532600    0.0000595600    0.0006550400
   0.0008276400   -0.0010362700   -0.0004293200
  -0.0002357300   -0.0004253700    0.0015053700
   0.0004992200    0.0012420300   -0.0003947100
  -0.0005410600    0.0005591600   -0.0000298600
  -0.0005319400   -0.0007950300   -0.0004117000
  -0.0006453300    0.0002558100   -0.0004260100
   0.0003304600   -0.0000102900    0.0003037600
   0.0010507000    0.0000917600   -0.0006131700
  -0.0006203900   -0.0000541200    0.0000394800
   0.0008724900    0.0021106300   -0.0012495300
  -0.0011089100   -0.0006760200    0.0002055700
  -0.0000016300   -0.0000903200    0.0006350100
  -0.0003287700    0.0001975700    0.0005400200
   0.0008766900   -0.0003124900   -0.0000861800
  -0.0002502600   -0.0007004900   -0.0000885300
   0.0006804100   -0.0000147600    0.0001998700
   0.0001830500    0.0004238700    0.0012141800
  -0.0004296700   -0.0008885900   -0.0003131800
   0.0002643900   -0.0002633700    0.0008789600
  -0.0001389200   -0.0000488400   -0.0005738700
   0.0002042600   -0.0004250000   -0.0002412400
  -0.0004364300   -0.0009433000   -0.0006102100
   0.0001017800    0.0003732600    0.0009218500
  -0.0000153200    0.0013410500    0.0001184900
   0.0002768900    0.0005831500    0.0000299500
   0.0007197600    0.0002323900    0.0000169600
  -0.0003976400    0.0008689900   -0.0004055600
   0.0000202600   -0.0006699200   -0.0004910700
  -0.0001316000    0.0002946800    0.0002989900
   0.0011532900   -0.0006410500    0.0001541800
   0.0003753500   -0.0005000700    0.0000417700
  -0.0013005800   -0.0001623900   -0.0004255300
  -0.0004747400   -0.0005790500   -0.0004558800

51   
 -0.0011470786693528   0.0099339926779878   0.0000000000000000
  -0.0013170500    0.0017316000   -0.0023857300
  -0.0022240200   -0.0035671000    0.0012272800
  -0.0001893200   -0.0001101000   -0.0003888300
   0.0002008600   -0.0000608300   -0.0006059200
  -0.0001870100    0.0000826400   -0.0000966800
  -0.0008635000    0.0003043000    0.0002944000
   0.0000194400   -0.0000468000   -0.0000012900
   0.0002000200   -0.0001016700   -0.0006237400
  -0.0000061000   -0.0001187800   -0.0008024100
  -0.0000508400    0.0000153500   -0.0003391000
   0.0003598500   -0.0003292200   -0.0004574700
   0.0001194000    0.0004298500    0.0002900600
   0.0009833900    0.0003759100   -0.0003050500
   0.0001147700    0.0004100500   -0.0003622000
  -0.0000104500    0.0000249300   -0.0002655600
   0.0000123500   -0.0002701600    0.0002790600
  -0.0000240200   -0.0000324000   -0.0000267000
   0.0001094000   -0.0003836100    0.0001424000
   0.0002938000    0.0001068200    0.0002020400
  -0.0096185300    0.0495935400    0.0345235000
   0.0002609000    0.0002490100    0.0001786200
  -0.0003660000    0.0000623100    0.0001973700
   0.0000127500    0.0001896000   -0.0006816600
  -0.0149113600    0.0197421800   -0.0143600800
  -0.0005214600    0.0004831900    0.0000616900
  -0.0000607000    0.0001656400   -0.0005850800
   0.0123505100    0.0296436000   -0.0199364200
  -0.0002511900    0.0001374900    0.0002486800
   0.0007490500    0.0002277000   -0.0006374600
   0.0000594000    0.0001338900   -0.0001666800
   0.0003581300   -0.0001822700    0.0005072800
   0.0032067500   -0.0015255200    0.0016689200
  -0.0004441900   -0.0002121800   -0.0004046200
   0.0002881000    0.0001399700   -0.0002941800
  -0.0000127700   -0.0000455500   -0.0002797800
  -0.0004573000    0.0003718400    0.0002059000
   0.0001529800   -0.0000091700    0.0009602000
   0.0001645600   -0.0000899500   -0.0001530400
   0.0001618400   -0.0004667700    0.0005736500
  -0.0000656600    0.0007971400   -0.0001837300
  -0.0002138000   -0.0002002500   -0.0003793200
  -0.0003776400   -0.0023785400   -0.0012076900
   0.0001129800    0.0005278300    0.0000789200
   0.0000212200    0.0000207500   -0.0029715100
  -0.0003359100   -0.0006686100    0.0002708000
   0.0001238000   -0.0000944100    0.0021637300
  -0.0003553100   -0.0001179300    0.0009192500
  -0.0000850100    0.0000836200    0.0009225700
   0.0021697400    0.0060543000    0.0005552500
  -0.0000736700   -0.0027970600    0.0010948700
   0.0121024100   -0.1092651900   -0.0018543700
   0.0003292800    0.0021793000   -0.0011117800
   0.0025359700    0.0058790900    0.0000289500
   0.0007532400   -0.0010301900   -0.0002289400
  -0.0000264800   -0.0003682000    0.0010277000
  -0.0006622200   -0.0000032400    0.0003128600
  -0.0009313800    0.0006317500   -0.0002289200
  -0.0011700600    0.0000825200    0.0003268700
  -0.0044848900    0.0030677900    0.0005800600
   0.0029391100   -0.0014820100   -0.0017918100
   0.0004306700   -0.0004016500    0.0004452600
   0.0002617100    0.0006100100    0.0003401100
   0.0013095300   -0.0008604800    0.0001632100
   0.0000806400   -0.0005258200    0.0012618700
  -0.0006564400    0.0008900100   -0.0003719200
  -0.0014150200   -0.0001021600   -0.0001486700
  -0.0028535000    0.0000741700    0.0027713900
   0.0008653900    0.0007284800    0.0004414400
   0.0000481600    0.0013686300    0.0012920900
  -0.0039813400    0.0020739800   -0.0005310500
   0.0000774800    0.0001427800   -0.0005811200
  -0.0004854300    0.0000166500   -0.0002555200
   0.0000663900   -0.0001233600   -0.0005778400
   0.0002984500    0.0003779500   -0.0002579100
   0.0005279600    0.0004242100   -0.0004277300
  -0.0001703900   -0.0002876200    0.0002991800
  -0.0000051900    0.0000011600    0.0019279200
   0.0000113600   -0.0000151200   -0.0033218200
  -0.0001840100   -0.0007711500   -0.0000388500
   0.0009678900   -0.0000837700   -0.0004146900
   0.0001009800    0.0000511800    0.0007045500
   0.0008304200   -0.0010667400   -0.0004209500
   0.0000983200    0.0002070000   -0.0000019100
   0.0005174900    0.0012281300   -0.0004305600
  -0.0005375700    0.0005282700   -0.0000312600
  -0.0005311900   -0.0008045600   -0.0004075000
  -0.0006463000    0.0002295700   -0.0004386400
   0.0003413000   -0.0000254200    0.0002816500
   0.0010561200    0.0000785400   -0.0006115800
  -0.0006175000   -0.0000602500    0.0000327900
   0.0000863200   -0.0001773500   -0.0001857300
  -0.0011661100   -0.0007432100    0.0001201200
   0.0000385800   -0.0000982500    0.0006654100
  -0.0003101400    0.0002201900    0.0005119400
   0.0008155700   -0.0003592800   -0.0001176300
  -0.0001651700   -0.0009395900   -0.0001617800
   0.0008290100   -0.0000263400    0.0002492600
   0.0004461400    0.0003735700    0.0011442100
  -0.0004274400   -0.0010118900   -0.0003357900
   0.0002796000   -0.0002707100    0.0009715200
  -0.0001192200    0.0000251700   -0.0006419900
   0.0002044600   -0.0004798200   -0.0002737600
  -0.0004427000   -0.0009748700   -0.0006217100
   0.0001035500    0.0003429300    0.0009157000
  -0.0000437800    0.0013363200    0.0001511900
   0.0002718000    0.0005477300    0.0000345700
   0.0007738100    0.0001703300   -0.0002329700
  -0.0004215500    0.0008550000   -0.0004050900
   0.0001751300   -0.0007173200   -0.0003684400
  -0.0001383800    0.0002822600    0.0003045800
   0.0011859700   -0.0006531200    0.0001319800
   0.0003685900   -0.0005282000    0.0000186800
  -0.0013228600   -0.0002077200   -0.0004216700
   0.0022042400    0.0011437500    0.0021302600

51   
  0.0011470786693528  -0.0099339926779878   0.0000000000000000
   0.0004220800   -0.0017160300    0.0021199600
   0.0014965300    0.0031939200   -0.0005249900
  -0.0000719400   -0.0001375500   -0.0008092000
   0.0001586400   -0.0000603100   -0.0005922400
  -0.0001407600    0.0001437100   -0.0004968700
   0.0007106200    0.0001693900    0.0006129300
  -0.0000079700    0.0000402900   -0.0000542100
   0.0001049600   -0.0001100000   -0.0006715900
  -0.0003113500   -0.0000420000   -0.0004921500
   0.0003568700    0.0002278400   -0.0003201900
   0.0003256300   -0.0002941900   -0.0003035400
  -0.0000839500    0.0003394900    0.0004256600
  -0.0005982800   -0.0001952800   -0.0002813700
   0.0000945700    0.0004795600   -0.0003949700
  -0.0000471700    0.0000270300   -0.0002347400
  -0.0000071500   -0.0003144700    0.0001578100
  -0.0000150100   -0.0000658000   -0.0000407600
   0.0001250400   -0.0003348400    0.0002402500
   0.0002189200    0.0001739800    0.0002346700
   0.0092850200   -0.0486072100   -0.0337122100
   0.0002488000    0.0002968700    0.0002043500
  -0.0003522600    0.0000880400    0.0001856100
   0.0000214400    0.0001633200   -0.0006141000
   0.0150685600   -0.0201969800    0.0138930300
   0.0010495400   -0.0006118300    0.0008432400
  -0.0000078400    0.0001892100   -0.0006137500
  -0.0126700500   -0.0298821700    0.0203567100
  -0.0002380600    0.0001487000    0.0001867300
  -0.0003552500   -0.0011026700    0.0003587100
   0.0000357900   -0.0001092300   -0.0003387500
   0.0003011900   -0.0002342700    0.0002069900
  -0.0031463000    0.0015425700   -0.0009812300
  -0.0004215700   -0.0000725200   -0.0003547900
   0.0002496400    0.0006095500    0.0000125200
   0.0000116100   -0.0000505900   -0.0002204900
   0.0000931700   -0.0002188100   -0.0008682700
  -0.0004740000   -0.0003563800   -0.0000635900
  -0.0000546300    0.0000915800    0.0000891600
  -0.0002353900   -0.0002388000    0.0004678400
  -0.0001151300    0.0006647100   -0.0000996600
   0.0000152100    0.0000947800   -0.0002338100
   0.0011566300    0.0018100900    0.0012725700
   0.0000320300    0.0004228600   -0.0000084700
  -0.0000143200   -0.0000285300   -0.0030265200
  -0.0004057300   -0.0006100800    0.0001976300
  -0.0001162700    0.0000882200    0.0022850500
  -0.0003614500   -0.0000838500    0.0009155000
   0.0000758300    0.0001600000    0.0009311800
  -0.0019116800   -0.0060513200   -0.0011366500
  -0.0007259600    0.0028074700    0.0012496200
  -0.0104847900    0.1090466900    0.0001532700
   0.0008066000    0.0002443300    0.0007816500
  -0.0023559200   -0.0061115200    0.0018358400
   0.0007523300   -0.0011827500   -0.0000833100
  -0.0001727900    0.0002269300    0.0008210500
  -0.0005777400   -0.0001630800    0.0003318600
  -0.0004206300    0.0007269600   -0.0000788500
  -0.0013185600    0.0006800500    0.0004964000
   0.0032314000   -0.0039065600   -0.0008435900
  -0.0011123400    0.0020075200    0.0014949200
  -0.0011214500    0.0016913000    0.0000086300
   0.0002364500    0.0005480400    0.0003049700
  -0.0013223800    0.0010698600   -0.0007875100
   0.0003172900   -0.0001943200    0.0011581300
  -0.0006028100    0.0007711700   -0.0003007900
  -0.0012316800   -0.0001003000   -0.0001694800
   0.0034521500    0.0001937700   -0.0016901000
   0.0010680800    0.0010450800    0.0003758300
  -0.0012443500    0.0003674900   -0.0025357100
   0.0046386000   -0.0046784100    0.0013564500
   0.0000813900    0.0000716300   -0.0005812500
  -0.0004852100    0.0000803100   -0.0002439100
   0.0000579600   -0.0001250000   -0.0005841800
   0.0002876900    0.0004110000   -0.0002409200
   0.0005426300    0.0004450800   -0.0004306700
  -0.0001756000   -0.0002663000    0.0002973700
   0.0000122600   -0.0000064200    0.0019384300
  -0.0000040600    0.0000092800   -0.0033233700
  -0.0002126200   -0.0007128500   -0.0000092100
   0.0009630600   -0.0000628900   -0.0003992200
   0.0000341700    0.0000639400    0.0006420300
   0.0008177500   -0.0010454700   -0.0004214600
  -0.0002549500   -0.0001627700    0.0013401600
   0.0004965100    0.0012397800   -0.0004113700
  -0.0005295000    0.0005563000   -0.0000150800
  -0.0005408400   -0.0007950500   -0.0004066300
  -0.0006331000    0.0002454400   -0.0004175100
   0.0003214900   -0.0000124500    0.0003130700
   0.0010509700    0.0000891500   -0.0006152300
  -0.0006281800   -0.0000652500    0.0000288900
   0.0006951800   -0.0007888500    0.0008091300
  -0.0011115800   -0.0006346700    0.0001663000
   0.0000127600   -0.0000782300    0.0006801900
  -0.0002439200    0.0001941200    0.0005333200
   0.0005566900   -0.0002162600   -0.0001684500
  -0.0003252400   -0.0009231500   -0.0001458300
   0.0006600500    0.0000107800    0.0002160700
  -0.0000111400    0.0003105900    0.0012801900
  -0.0003712800   -0.0009281400   -0.0003350200
   0.0002629700   -0.0002660200    0.0008670400
  -0.0001374400   -0.0000123900   -0.0005161100
   0.0002051800   -0.0004262400   -0.0002290000
  -0.0004460700   -0.0009373400   -0.0006083600
   0.0001008700    0.0003759800    0.0009232900
   0.0000093100    0.0013224300    0.0001360700
   0.0002602400    0.0005892000    0.0000284500
   0.0007199800    0.0002124700    0.0001866900
  -0.0004058400    0.0008728200   -0.0004129200
   0.0000605000   -0.0006463800   -0.0004875900
  -0.0001517300    0.0002923500    0.0002902400
   0.0011533500   -0.0006477700    0.0001544300
   0.0003706400   -0.0005037500    0.0000449700
  -0.0013118700   -0.0001651900   -0.0004210800
  -0.0030597300   -0.0014935300   -0.0020401700

51   
  0.0000000000000000   0.0000000000000000   0.0100000000000000
  -0.0003303600   -0.0004581500    0.0021033600
  -0.0007908000   -0.0000790600    0.0025962200
  -0.0000984900   -0.0001193200   -0.0001095300
   0.0001811600   -0.0000620700   -0.0006236800
  -0.0003003600    0.0001185000   -0.0003948400
  -0.0001021200    0.0001134300    0.0014077500
   0.0000237900   -0.0000315900   -0.0000373600
   0.0001654500   -0.0000821600   -0.0006938900
  -0.0000404100   -0.0001725600   -0.0006523600
   0.0000107100   -0.0000841100   -0.0003625000
   0.0004358600   -0.0002849100   -0.0004168300
   0.0000717400    0.0002617100    0.0002691500
   0.0003176900    0.0000503700    0.0006784400
   0.0001024800    0.0004297000   -0.0004332700
  -0.0000433100    0.0000514000   -0.0002672200
   0.0000772300   -0.0002952200    0.0001745700
  -0.0000204500   -0.0000592100   -0.0000678300
   0.0001273100   -0.0002642500    0.0002265400
   0.0001338000    0.0000627300    0.0002801500
  -0.0076416000    0.0320673300    0.0454645100
   0.0002697900    0.0002745800    0.0001654700
  -0.0003721300    0.0000681800    0.0001663800
   0.0000172200    0.0001555200   -0.0007000500
   0.0320801600   -0.0099591100    0.0457370300
   0.0003559800   -0.0000649200    0.0014437300
  -0.0000706500    0.0001802700   -0.0005950400
  -0.0240775000   -0.0223828300    0.0459486200
  -0.0003135000    0.0001819900    0.0002360100
   0.0001549700   -0.0004343800    0.0008900400
  -0.0000972400    0.0002042600   -0.0008680800
   0.0005641800   -0.0002235500    0.0003066200
   0.0003030600    0.0002744600    0.0025975300
  -0.0003416600   -0.0002130100   -0.0001354900
   0.0001747100    0.0005719300   -0.0001615100
   0.0000098800   -0.0000516600   -0.0002777000
  -0.0002474800    0.0001835700    0.0006306900
  -0.0001214400   -0.0000463600    0.0014353300
   0.0001302500    0.0000958900   -0.0001216000
   0.0000237800   -0.0004118500    0.0005642200
  -0.0000625200    0.0006956900   -0.0004740700
  -0.0000338700   -0.0000063600   -0.0003652400
   0.0016368100    0.0013543000    0.0003176500
   0.0000872400    0.0004582100   -0.0002346300
   0.0000179200    0.0000013400   -0.0032720900
  -0.0003467200   -0.0006363100   -0.0001133800
  -0.0000606400    0.0000190300    0.0021657800
  -0.0003552000   -0.0001038700    0.0009200300
  -0.0000353900    0.0001348900    0.0005812300
   0.0001333500   -0.0010190500   -0.0043109700
  -0.0002579100   -0.0000012900    0.0198369600
  -0.0003484600   -0.0005809800   -0.1457720900
   0.0014909700   -0.0008503400    0.0001687700
   0.0006790600    0.0007997000   -0.0030472400
   0.0007299600   -0.0010883300   -0.0004451200
  -0.0000828100   -0.0001605700    0.0008808300
  -0.0006438800    0.0000058600    0.0000318600
  -0.0005955800    0.0006824200   -0.0001083400
  -0.0012774100    0.0004908000    0.0003602300
  -0.0003905600   -0.0012805600   -0.0041299400
  -0.0009070500    0.0011864600    0.0002058400
   0.0004795400    0.0012107000   -0.0037791100
   0.0001854100    0.0005180700    0.0000306700
  -0.0011265300    0.0001547200   -0.0042812300
   0.0001601600   -0.0004336500    0.0012585100
  -0.0006185900    0.0008014800   -0.0006844600
  -0.0013602900   -0.0000381300   -0.0001219300
  -0.0017036300    0.0003720600    0.0008773100
   0.0008781600    0.0008135300    0.0003592800
   0.0003186100    0.0028150200    0.0029538300
  -0.0006210300   -0.0008379100   -0.0035234500
   0.0001097200    0.0001349300   -0.0006954100
  -0.0004971200    0.0000157400   -0.0002480500
   0.0000612600   -0.0001439000   -0.0005857700
   0.0002908900    0.0003948300   -0.0002485400
   0.0005416100    0.0004522800   -0.0004504500
  -0.0001692000   -0.0002804700    0.0002963000
  -0.0000112900   -0.0000046900    0.0019257900
   0.0000056300   -0.0000133200   -0.0033229000
  -0.0002070900   -0.0007352500   -0.0000534500
   0.0009580300   -0.0000780800   -0.0003973600
   0.0000661900    0.0000720300    0.0006055400
   0.0008331200   -0.0010610700   -0.0004244400
  -0.0005699900   -0.0006072900    0.0014346700
   0.0005363500    0.0012490700   -0.0004087900
  -0.0005269000    0.0005502500   -0.0000415900
  -0.0005274300   -0.0008016300   -0.0004033800
  -0.0006426100    0.0002198300   -0.0004601900
   0.0003365200   -0.0000312100    0.0002942100
   0.0010521400    0.0000728600   -0.0006182100
  -0.0005829000   -0.0000823400    0.0000097200
   0.0004756200   -0.0026443300    0.0006289100
  -0.0012475600   -0.0007108300   -0.0000625700
   0.0000540100   -0.0000989200    0.0005877000
  -0.0001936700    0.0001764100    0.0002294900
   0.0008041300   -0.0003132700   -0.0001891400
  -0.0002323800   -0.0008542000   -0.0001152600
   0.0007457400    0.0000181700   -0.0001236600
   0.0001425100    0.0003193200    0.0012594900
  -0.0004353800   -0.0009762000   -0.0006856900
   0.0002677400   -0.0002854700    0.0009758200
  -0.0001813900   -0.0000214600   -0.0006616700
   0.0002087700   -0.0004768400   -0.0002649900
  -0.0004414200   -0.0009594400   -0.0006213700
   0.0001031700    0.0003526900    0.0009217600
  -0.0000265700    0.0013189600    0.0000615700
   0.0002735400    0.0005883200    0.0000057700
   0.0008391900    0.0001383900   -0.0002083700
  -0.0004354500    0.0008782700   -0.0004244900
   0.0001255400   -0.0006840600   -0.0005863500
  -0.0001637000    0.0002612900    0.0002618900
   0.0011761500   -0.0006603600    0.0001676600
   0.0003637300   -0.0005247000    0.0000317600
  -0.0013159900   -0.0001853600   -0.0004253000
   0.0013459400    0.0009786000    0.0003402500

51   
  0.0000000000000000   0.0000000000000000  -0.0100000000000000
  -0.0005807900    0.0005632800   -0.0023777000
   0.0001612700   -0.0003120300   -0.0018734600
  -0.0001576900   -0.0001377300   -0.0010994200
   0.0001861300   -0.0000658400   -0.0005750700
  -0.0000253500    0.0001034700   -0.0001974200
  -0.0000868600    0.0003462700   -0.0004944900
  -0.0000043200    0.0000194100   -0.0000176500
   0.0001492700   -0.0001365100   -0.0006024400
  -0.0002698700    0.0000047700   -0.0006436700
   0.0003031400    0.0003157400   -0.0002946100
   0.0002561500   -0.0003463000   -0.0003409500
  -0.0000290400    0.0004963900    0.0004453600
   0.0001166700    0.0001330600   -0.0012614100
   0.0001142300    0.0004536800   -0.0003246400
  -0.0000058100   -0.0000054700   -0.0002347000
  -0.0000645300   -0.0002944000    0.0002624000
  -0.0000092900   -0.0000473200    0.0000062700
   0.0001154200   -0.0004632000    0.0001568800
   0.0003869500    0.0002133300    0.0001563000
   0.0073803600   -0.0313720400   -0.0452204100
   0.0002485600    0.0002664700    0.0002176200
  -0.0003392700    0.0000770600    0.0002157900
   0.0000233500    0.0001930000   -0.0005954900
  -0.0309155900    0.0092312500   -0.0455783300
   0.0001878100   -0.0000802100   -0.0005319800
   0.0000086800    0.0001679200   -0.0006041000
   0.0232150200    0.0216663800   -0.0451799000
  -0.0001664700    0.0000969600    0.0001993500
   0.0002472700   -0.0004501900   -0.0011613700
   0.0002030500   -0.0001885000    0.0003737300
   0.0001101700   -0.0001948600    0.0004091000
  -0.0003178500   -0.0003157300   -0.0018975300
  -0.0005180500   -0.0000760500   -0.0006274100
   0.0003665400    0.0001719200   -0.0001183200
  -0.0000032300   -0.0000510900   -0.0002232600
  -0.0000910000   -0.0000245300   -0.0012778600
  -0.0002204300   -0.0003145100   -0.0005220800
  -0.0000069400   -0.0001020400    0.0000580300
  -0.0000885400   -0.0003002600    0.0004772900
  -0.0001063200    0.0007609100    0.0001850800
  -0.0001553200   -0.0001056200   -0.0002540600
  -0.0008718500   -0.0019807200   -0.0002442000
   0.0000688000    0.0004910000    0.0002979300
  -0.0000076900   -0.0000134600   -0.0027337800
  -0.0003850400   -0.0006534200    0.0005691600
   0.0000763300   -0.0000321900    0.0022763800
  -0.0003543100   -0.0001038500    0.0009138900
   0.0000359000    0.0001025200    0.0012623400
   0.0000663800    0.0008613000    0.0036530800
  -0.0005312200    0.0000075000   -0.0170513100
   0.0005094000    0.0022988300    0.1436664200
  -0.0003255600    0.0032493500   -0.0004839200
  -0.0004398000   -0.0009089100    0.0048587300
   0.0007833000   -0.0011330300    0.0001238500
  -0.0001068900    0.0000062700    0.0009657700
  -0.0005912000   -0.0001746400    0.0005992300
  -0.0007435400    0.0006692500   -0.0001987200
  -0.0012052400    0.0002716600    0.0004613000
  -0.0007577600    0.0003650900    0.0037971800
   0.0027976000   -0.0007147200   -0.0005084000
  -0.0011819200    0.0000630000    0.0042000200
   0.0003223800    0.0006317700    0.0006046000
   0.0011429700    0.0000560100    0.0036267800
   0.0002430900   -0.0002919200    0.0011649800
  -0.0006364100    0.0008548200    0.0000023400
  -0.0012769200   -0.0001678200   -0.0001961900
   0.0023813900   -0.0001063600    0.0001749900
   0.0010647700    0.0009513500    0.0004584400
  -0.0015182200   -0.0011371000   -0.0042537900
   0.0012125000   -0.0017161800    0.0043031200
   0.0000558600    0.0000727100   -0.0004672800
  -0.0004655500    0.0000756200   -0.0002523700
   0.0000710000   -0.0001109700   -0.0005782400
   0.0003026600    0.0003875000   -0.0002507500
   0.0005372300    0.0004120400   -0.0004106500
  -0.0001692500   -0.0002787100    0.0003000500
   0.0000265200   -0.0000062400    0.0019390400
   0.0000095700    0.0000019800   -0.0033230900
  -0.0001821800   -0.0007554000    0.0000044300
   0.0009808900   -0.0000750800   -0.0004173000
   0.0000769500    0.0000371100    0.0007388500
   0.0008227900   -0.0010569900   -0.0004188100
   0.0004272600    0.0006579700   -0.0001030000
   0.0004854600    0.0012127300   -0.0004344600
  -0.0005323100    0.0005274300   -0.0000059600
  -0.0005364700   -0.0008050000   -0.0004115300
  -0.0006287600    0.0002502300   -0.0003970000
   0.0003340800   -0.0000124400    0.0002996800
   0.0010614600    0.0000888400   -0.0006099200
  -0.0006558100   -0.0000490300    0.0000514200
   0.0003027400    0.0016466800    0.0000159200
  -0.0010217400   -0.0006731100    0.0003533400
   0.0000047800   -0.0000831700    0.0007558200
  -0.0003523500    0.0002293500    0.0008091500
   0.0005765500   -0.0002722500   -0.0000973900
  -0.0002519400   -0.0010133500   -0.0001924600
   0.0007497000   -0.0000400400    0.0005810100
   0.0002969700    0.0003587200    0.0011663500
  -0.0003549100   -0.0009717200    0.0000014300
   0.0002825400   -0.0002586600    0.0008613300
  -0.0000675100    0.0000278700   -0.0004974000
   0.0002083700   -0.0004350700   -0.0002384000
  -0.0004382800   -0.0009589400   -0.0006102000
   0.0001104600    0.0003597300    0.0009168000
  -0.0000007700    0.0013343100    0.0002252200
   0.0002654400    0.0005423400    0.0000566700
   0.0006620900    0.0002391700    0.0001680700
  -0.0003853200    0.0008439300   -0.0003945900
   0.0001180400   -0.0006872100   -0.0002696300
  -0.0001184700    0.0003078200    0.0003325600
   0.0011715200   -0.0006463700    0.0001174900
   0.0003837200   -0.0005134200    0.0000313400
  -0.0013113700   -0.0001941800   -0.0004185700
  -0.0022403100   -0.0013589600   -0.0002706300

52   
  0.0080295506854697   0.0059603956067927   0.0000000000000000
   0.0323347800    0.0038254200   -0.0211025300
   0.0003967800   -0.0008052000    0.0004181300
  -0.0001234100   -0.0001121700   -0.0005968700
   0.0001803900   -0.0000596600   -0.0006059400
  -0.0001846900    0.0001387100   -0.0001094200
   0.0000625200   -0.0033206600    0.0017685000
   0.0000073000    0.0000054800   -0.0000241100
   0.0001595200   -0.0001048800   -0.0006380200
  -0.0001520000   -0.0000697900   -0.0006513800
   0.0002310100    0.0005123100    0.0001751200
   0.0003436500   -0.0003066600   -0.0003886400
  -0.0001725600    0.0004835500    0.0003662900
   0.0000338900   -0.0000638700   -0.0004539200
   0.0001006600    0.0004423300   -0.0003737400
  -0.0000314100    0.0000314800   -0.0002559700
   0.0000026000   -0.0002840800    0.0002285300
   0.0002919300   -0.0002390000    0.0004466100
   0.0001159200   -0.0003556000    0.0001958800
   0.0002567300    0.0001441800    0.0002207400
   0.0001126100    0.0007365000   -0.0007409300
   0.0002517200    0.0002720300    0.0001929900
  -0.0003563900    0.0000799500    0.0001942700
   0.0000169800    0.0001788000   -0.0006341100
   0.0011757000    0.0014688700   -0.0025105500
   0.0012187200   -0.0000656300   -0.0000688800
  -0.0000335900    0.0001789800   -0.0006011600
   0.0100878800    0.0232535600   -0.0140681700
  -0.0002499100    0.0001460700    0.0002226500
   0.0376974400    0.0319811600    0.0337989000
   0.0000518000    0.0000156900   -0.0002484200
   0.0003943400   -0.0001756700    0.0003638600
  -0.0000284000   -0.0000967600    0.0002240100
  -0.0004330500   -0.0001385200   -0.0003786100
  -0.0036274200    0.0002528900    0.0007638000
  -0.0000049100   -0.0000467600   -0.0002526200
  -0.0001003600    0.0000127400   -0.0003890100
  -0.0001198500   -0.0001944000    0.0006113200
  -0.0003204100    0.0007144400   -0.0001059400
  -0.0002150200   -0.0003300000    0.0004397600
  -0.0000154400    0.0007228600   -0.0000886200
   0.0000583100   -0.0002240700   -0.0003656900
   0.0001608300   -0.0005064000    0.0001538200
   0.0000490000    0.0004850700    0.0000722900
   0.0000391700    0.0000743200   -0.0030550800
  -0.0005269700   -0.0004325300    0.0001548100
  -0.0001938500    0.0000371100    0.0022856400
  -0.0003574100   -0.0000987200    0.0009195100
  -0.0016445300    0.0028762700    0.0030538100
   0.0001347500   -0.0001257700   -0.0002980800
   0.0002902400    0.0054578200    0.0002239300
   0.0011084200    0.0005291500   -0.0008131800
  -0.0886782700   -0.0640412000    0.0012706700
  -0.0021349000   -0.0017074100    0.0009601100
   0.0002628500   -0.0021328900    0.0000894800
  -0.0006037100   -0.0027269200   -0.0006485900
  -0.0006286800   -0.0002093100    0.0002740800
  -0.0006708600    0.0006542800   -0.0000984300
  -0.0012212000    0.0004149400    0.0004438700
  -0.0005628500   -0.0004005200   -0.0001498400
   0.0008347300   -0.0013523700    0.0003141200
  -0.0027039300    0.0002774500   -0.0009755700
   0.0059936400    0.0018380700    0.0010663000
   0.0000902800    0.0001648400   -0.0003959000
  -0.0000275800   -0.0005606200    0.0011366200
  -0.0005730300    0.0009039700   -0.0003625700
  -0.0001867900    0.0049476200    0.0003666800
   0.0003133800    0.0000067200    0.0005652500
   0.0033639400   -0.0007608300    0.0024687200
  -0.0005913000    0.0008686800   -0.0005985800
   0.0010133300   -0.0006205700   -0.0004884600
   0.0000805700    0.0001098400   -0.0005625300
  -0.0004856800    0.0000489500   -0.0002468800
   0.0000543200   -0.0001342200   -0.0005948900
   0.0002928800    0.0003972000   -0.0002448800
   0.0005366600    0.0004351800   -0.0004363100
  -0.0001731200   -0.0002743400    0.0003010100
   0.0000048000   -0.0000002900    0.0019388500
   0.0000038800   -0.0000010900   -0.0033205400
  -0.0002002500   -0.0007398100   -0.0000275900
   0.0009667100   -0.0000716800   -0.0004053400
   0.0000639300    0.0000594200    0.0006726800
   0.0008246300   -0.0010547700   -0.0004185000
  -0.0000759900    0.0000174600    0.0006762800
   0.0005079600    0.0012363600   -0.0004180500
  -0.0005356000    0.0005491000   -0.0000181900
  -0.0005357300   -0.0007976000   -0.0004044800
  -0.0006421900    0.0002398300   -0.0004289100
   0.0003312000   -0.0000162000    0.0003005800
   0.0010545400    0.0000857000   -0.0006031100
  -0.0006211500   -0.0000587400    0.0000315900
   0.0069788900    0.0002697900   -0.0007423100
  -0.0011484400   -0.0006852700    0.0001688000
   0.0000229500   -0.0000888800    0.0006783800
  -0.0003513200    0.0002556800    0.0005119000
   0.0006473100   -0.0001992500   -0.0001236200
  -0.0004336700   -0.0009118800   -0.0001252100
   0.0007944300    0.0000040700    0.0002560900
   0.0002875500    0.0003677700    0.0011715500
  -0.0003930800   -0.0011842800   -0.0002774800
   0.0002692700   -0.0002700600    0.0009230100
  -0.0001203400    0.0000135100   -0.0005958900
   0.0002005400   -0.0004523300   -0.0002517700
  -0.0004634100   -0.0009620500   -0.0006184800
   0.0001029400    0.0003627700    0.0009213100
  -0.0000127700    0.0013304700    0.0001440300
   0.0002666600    0.0005704400    0.0000343700
   0.0007453300    0.0001877400   -0.0000206200
  -0.0004143200    0.0008672800   -0.0004070500
   0.0001397400   -0.0006716000   -0.0004318500
  -0.0001439500    0.0002907200    0.0002982300
   0.0011584600   -0.0006433600    0.0001290600
   0.0003702000   -0.0005142300    0.0000344500
  -0.0013162300   -0.0001841500   -0.0004187000
  -0.0004021900   -0.0002480400    0.0000374400

52   
 -0.0080295506854697  -0.0059603956067927   0.0000000000000000
  -0.0328446800   -0.0038462400    0.0203628400
  -0.0010785900    0.0004227800    0.0002986700
  -0.0001462900   -0.0001430700   -0.0005909500
   0.0001729200   -0.0000676300   -0.0005808600
  -0.0001526000    0.0000852100   -0.0004745000
  -0.0002730600    0.0038204800   -0.0008518100
  -0.0000023200   -0.0000193100   -0.0000207600
   0.0001393100   -0.0001128600   -0.0006465000
  -0.0001716200   -0.0000986600   -0.0006340200
   0.0000445500   -0.0002952800   -0.0008204600
   0.0003355500   -0.0003243700   -0.0003590000
   0.0001995700    0.0002746000    0.0003562000
   0.0003456600    0.0002361600   -0.0001292400
   0.0001018400    0.0004405100   -0.0003728300
  -0.0000340600    0.0000144100   -0.0002336800
  -0.0000029300   -0.0003064300    0.0002193700
  -0.0003531900    0.0001185900   -0.0005005600
   0.0001121000   -0.0003706900    0.0001991600
   0.0002498600    0.0001296100    0.0002276700
  -0.0001253600   -0.0011412000    0.0001510700
   0.0002513600    0.0002669800    0.0002014800
  -0.0003694900    0.0000648000    0.0001998100
   0.0000102100    0.0001685300   -0.0006499300
  -0.0010750800   -0.0018252600    0.0018479000
  -0.0006802600   -0.0000399200    0.0009727600
  -0.0000419800    0.0001692400   -0.0005862500
  -0.0101288000   -0.0230725600    0.0138342600
  -0.0002457300    0.0001334600    0.0002236500
  -0.0383656000   -0.0338080700   -0.0354893400
   0.0000367800    0.0000026600   -0.0002399700
   0.0002620100   -0.0002457900    0.0003587000
   0.0000296200    0.0000793800    0.0004769200
  -0.0004411600   -0.0001531300   -0.0003687400
   0.0041833400    0.0004424000   -0.0010251300
  -0.0000034800   -0.0000559300   -0.0002364500
  -0.0002685800    0.0001082300   -0.0002610400
  -0.0002045600   -0.0001970500    0.0002982300
   0.0004233900   -0.0007179400    0.0000464900
   0.0001359500   -0.0003831400    0.0006095800
  -0.0001695100    0.0007340700   -0.0001875100
  -0.0002638200    0.0001129900   -0.0002368700
   0.0005950500   -0.0001048500   -0.0000751900
   0.0000883500    0.0004597000   -0.0000035800
  -0.0000388400   -0.0000884000   -0.0029387300
  -0.0002180100   -0.0008550900    0.0003210400
   0.0001956500   -0.0000501100    0.0021733300
  -0.0003659800   -0.0001086300    0.0009254100
   0.0016600600   -0.0026942800   -0.0012238700
   0.0000569700   -0.0000161800   -0.0003024900
  -0.0010963900   -0.0053655600    0.0021952100
   0.0009309600   -0.0002851000    0.0001704500
   0.0902978900    0.0690079200    0.0005324400
   0.0023617300    0.0015905800    0.0009744800
   0.0012118900   -0.0000637800   -0.0003906500
   0.0003883400    0.0025153300    0.0024999600
  -0.0006204800    0.0000404400    0.0003719500
  -0.0006849400    0.0006984600   -0.0002049000
  -0.0012760200    0.0003499800    0.0003845200
  -0.0006121400   -0.0005095200   -0.0001294600
   0.0010586100    0.0018100700   -0.0006014200
   0.0019410100    0.0009917200    0.0014491400
  -0.0056448800   -0.0007062000   -0.0004424200
  -0.0000717900    0.0000571400   -0.0002144500
   0.0004249000   -0.0001604100    0.0012923400
  -0.0006910900    0.0007520800   -0.0003049200
  -0.0024773000   -0.0052655600   -0.0006977500
   0.0003350200    0.0002534400    0.0004922700
  -0.0014691000    0.0025433300   -0.0016669100
  -0.0006060800    0.0008486200   -0.0006235900
  -0.0004447500   -0.0019882100    0.0013276700
   0.0000725200    0.0000971700   -0.0005902700
  -0.0004904800    0.0000407900   -0.0002431500
   0.0000628500   -0.0001209400   -0.0005578400
   0.0002860400    0.0003849200   -0.0002446700
   0.0005279900    0.0004282100   -0.0004131400
  -0.0001790900   -0.0002856500    0.0003048500
  -0.0000039300   -0.0000114600    0.0019360900
  -0.0000030600   -0.0000111100   -0.0033143700
  -0.0002034500   -0.0007510400   -0.0000112400
   0.0009572300   -0.0000819100   -0.0003989700
   0.0000648400    0.0000492200    0.0006824800
   0.0008169800   -0.0010639800   -0.0004144700
  -0.0000905700    0.0000203700    0.0006780700
   0.0004989600    0.0012252500   -0.0004137600
  -0.0005385900    0.0005287900   -0.0000193900
  -0.0005435300   -0.0008085900   -0.0003996900
  -0.0006448100    0.0002287200   -0.0004191600
   0.0003238800   -0.0000282500    0.0003046200
   0.0010455300    0.0000765300   -0.0006153800
  -0.0006305000   -0.0000734900    0.0000397200
  -0.0060843900   -0.0012735000    0.0013769600
  -0.0011361400   -0.0006995300    0.0001273100
   0.0000224100   -0.0000938600    0.0006757000
  -0.0002121300    0.0001501900    0.0005393300
   0.0007211000   -0.0003871500   -0.0001505800
  -0.0000696900   -0.0009586800   -0.0001741600
   0.0006870400   -0.0000290500    0.0002171500
   0.0001379300    0.0003094300    0.0012633000
  -0.0004127600   -0.0007618200   -0.0003881200
   0.0002656700   -0.0002738400    0.0009259100
  -0.0001430700   -0.0000057800   -0.0005547500
   0.0002021300   -0.0004595900   -0.0002414100
  -0.0004319100   -0.0009571700   -0.0006027600
   0.0000951000    0.0003492700    0.0009275000
  -0.0000286500    0.0013216800    0.0001516200
   0.0002581600    0.0005596000    0.0000381100
   0.0007422300    0.0001886500   -0.0000142900
  -0.0004203000    0.0008543600   -0.0004005300
   0.0000900300   -0.0006998500   -0.0004165700
  -0.0001526700    0.0002770200    0.0003072200
   0.0011743000   -0.0006639400    0.0001668400
   0.0003626100   -0.0005243900    0.0000384000
  -0.0013247500   -0.0001956300   -0.0004139400
  -0.0004909500   -0.0001274200    0.0000331800

52   
 -0.0011470786693528   0.0099339926779878   0.0000000000000000
  -0.0154804700    0.0204266900    0.0137676900
  -0.0000498800    0.0000325200   -0.0000837800
  -0.0001371000   -0.0001066700   -0.0005978500
   0.0001775700   -0.0000540800   -0.0005891800
  -0.0000898700    0.0001647900   -0.0002270200
  -0.0019728100   -0.0031895500   -0.0004678000
  -0.0000036700    0.0000158600   -0.0000133100
   0.0001521500   -0.0000952600   -0.0006310500
  -0.0001634300   -0.0000643400   -0.0006354800
  -0.0006587700    0.0001469600   -0.0002633200
   0.0003336400   -0.0002963400   -0.0003700800
   0.0000342500    0.0004286200    0.0002096000
   0.0000090900   -0.0000157600   -0.0002875000
   0.0000965700    0.0004474400   -0.0003664900
  -0.0000357100    0.0000370400   -0.0002437300
  -0.0000034000   -0.0002784600    0.0002255900
   0.0004423600    0.0006868500    0.0005124200
   0.0001155900   -0.0003517700    0.0002071500
   0.0002497100    0.0001513200    0.0002336400
  -0.0003201400    0.0000519100   -0.0008102900
   0.0002495700    0.0002799300    0.0002027700
  -0.0003634000    0.0000847700    0.0002039500
   0.0000065500    0.0001832200   -0.0006262700
   0.0032190300   -0.0018368800   -0.0015628700
   0.0011439400    0.0003059900    0.0004022000
  -0.0000385700    0.0001887700   -0.0005885800
  -0.0097658600    0.0502575300   -0.0352490400
  -0.0002499600    0.0001497900    0.0002296100
   0.0130156300    0.0295391400    0.0203239500
   0.0000501500    0.0000240700   -0.0002406700
   0.0003298500   -0.0001269300    0.0003733300
  -0.0000255900    0.0000080500    0.0001672700
  -0.0004319700   -0.0001399500   -0.0003766000
  -0.0006347100    0.0021573500    0.0020361200
  -0.0000047000   -0.0000391100   -0.0002398300
  -0.0001180000   -0.0000031800   -0.0001957300
  -0.0001090800   -0.0003955800    0.0006284200
  -0.0007258900    0.0005945600    0.0004250100
   0.0000690100   -0.0004082100    0.0005685200
  -0.0001062300    0.0007729500   -0.0001655300
   0.0000895500   -0.0001541400   -0.0003518800
   0.0002757000   -0.0004427100    0.0001161300
   0.0000823600    0.0005561000    0.0000930200
   0.0000262700   -0.0000045300   -0.0030577300
  -0.0004696100   -0.0006164500    0.0002189000
  -0.0002554100   -0.0000348900    0.0023129300
  -0.0003607600   -0.0000917500    0.0009281500
  -0.0002562600    0.0011467800    0.0018824400
   0.0003246400   -0.0000108600   -0.0002285400
   0.0014400700    0.0056156700    0.0004742800
   0.0037008300    0.0014612500   -0.0024773900
   0.0137115100   -0.1101770300    0.0001823800
   0.0004426400   -0.0028196400    0.0009134400
  -0.0036947400    0.0023453900    0.0008456300
  -0.0004134000    0.0002035700    0.0014427800
  -0.0005608000   -0.0003678600    0.0002123900
  -0.0007562000    0.0006584200   -0.0001424900
  -0.0012488800    0.0004839700    0.0005076000
  -0.0006071300   -0.0003630700   -0.0001189000
  -0.0030224000    0.0038660000   -0.0006610800
  -0.0036657500    0.0005961200   -0.0018942200
   0.0009591600   -0.0003142000    0.0000987700
   0.0000442900    0.0001719000   -0.0003529700
   0.0000864900   -0.0004990500    0.0011915600
  -0.0006252800    0.0008938200   -0.0003560200
   0.0011830300    0.0056425100    0.0008366200
   0.0003896900   -0.0001601300    0.0006007800
   0.0029776500   -0.0009218700    0.0019909100
  -0.0005952500    0.0008819600   -0.0005696700
  -0.0004957600   -0.0034357900    0.0015782000
   0.0000805800    0.0001241000   -0.0005785300
  -0.0004872300    0.0000544900   -0.0002403900
   0.0000523700   -0.0001248800   -0.0006148500
   0.0002893800    0.0004042500   -0.0002371300
   0.0005293700    0.0004426900   -0.0004251400
  -0.0001760000   -0.0002668000    0.0003095300
  -0.0000025400    0.0000044900    0.0019499500
   0.0000000800    0.0000057700   -0.0033116500
  -0.0002007200   -0.0007340900   -0.0000095200
   0.0009628700   -0.0000647000   -0.0003965400
   0.0000629400    0.0000645700    0.0006846900
   0.0008220200   -0.0010473000   -0.0004097100
  -0.0000820300    0.0000384200    0.0006901900
   0.0005047000    0.0012435700   -0.0004106000
  -0.0005359300    0.0005542600   -0.0000147300
  -0.0005387400   -0.0007911300   -0.0003961100
  -0.0006379300    0.0002433300   -0.0004133900
   0.0003270400   -0.0000097700    0.0003091200
   0.0010598100    0.0000950300   -0.0006008300
  -0.0006254000   -0.0000527600    0.0000431600
   0.0017552700   -0.0013716700   -0.0001431100
  -0.0011412200   -0.0006698500    0.0001734500
   0.0000190300   -0.0000787500    0.0006857600
  -0.0003282100    0.0002840800    0.0005832500
   0.0005516200   -0.0004345400   -0.0001864400
  -0.0001404100   -0.0009989000   -0.0001865400
   0.0007018900    0.0000272900    0.0002447600
   0.0002907200    0.0003521600    0.0012205700
  -0.0003246300   -0.0009580000   -0.0003363600
   0.0002680900   -0.0002631600    0.0009327700
  -0.0001277000    0.0000244600   -0.0005801800
   0.0002030900   -0.0004481100   -0.0002409000
  -0.0004565400   -0.0009533100   -0.0006041800
   0.0000988400    0.0003686800    0.0009291100
  -0.0000152800    0.0013338900    0.0001480500
   0.0002628200    0.0005784200    0.0000424700
   0.0007447400    0.0001899400   -0.0000137200
  -0.0004177600    0.0008740900   -0.0003972400
   0.0001399700   -0.0006727400   -0.0003869500
  -0.0001497500    0.0002973000    0.0003070600
   0.0011599500   -0.0006306200    0.0001404400
   0.0003677800   -0.0005066300    0.0000438100
  -0.0013197400   -0.0001772900   -0.0004092800
  -0.0004589600   -0.0001938400    0.0000046100

52   
  0.0011470786693528  -0.0099339926779878   0.0000000000000000
   0.0146483900   -0.0204079300   -0.0142149500
  -0.0006347100   -0.0003791900    0.0008173100
  -0.0001327300   -0.0001363100   -0.0005832700
   0.0001746000   -0.0000611500   -0.0005905900
  -0.0002489200    0.0000726500   -0.0003514100
   0.0017538000    0.0036717900    0.0013965500
   0.0000073300   -0.0000158500   -0.0000243800
   0.0001456400   -0.0001088900   -0.0006459600
  -0.0001609800   -0.0000900000   -0.0006428700
   0.0009643400    0.0001001700   -0.0003840500
   0.0003435700   -0.0003221900   -0.0003699600
  -0.0000106600    0.0003423500    0.0005191300
   0.0003698400    0.0002022200   -0.0002897800
   0.0001044400    0.0004495900   -0.0003727300
  -0.0000303900    0.0000210900   -0.0002386500
   0.0000007300   -0.0002992200    0.0002298900
  -0.0004996300   -0.0008142700   -0.0005677400
   0.0001104100   -0.0003609000    0.0001950300
   0.0002554200    0.0001368200    0.0002219500
   0.0002914100   -0.0004417200    0.0002377600
   0.0002524300    0.0002723800    0.0001989200
  -0.0003627200    0.0000724200    0.0001974000
   0.0000194000    0.0001758300   -0.0006507200
  -0.0031073200    0.0014752300    0.0009254800
  -0.0006441700   -0.0004038400    0.0005065600
  -0.0000379400    0.0001726900   -0.0005916500
   0.0093958500   -0.0487425700    0.0337811700
  -0.0002471900    0.0001432500    0.0002243500
  -0.0128946700   -0.0306888100   -0.0210584000
   0.0000390600    0.0000068000   -0.0002408700
   0.0003223400   -0.0002789200    0.0003556400
   0.0000284100   -0.0000100900    0.0005405400
  -0.0004423500   -0.0001379200   -0.0003632600
   0.0011802900   -0.0014570700   -0.0023160700
  -0.0000040600   -0.0000514500   -0.0002419000
  -0.0002517100    0.0001409300   -0.0004481100
  -0.0002174400    0.0000190600    0.0002886800
   0.0008506700   -0.0006156300   -0.0004814900
  -0.0001504300   -0.0002889600    0.0004863000
  -0.0000803300    0.0006957300   -0.0001051300
  -0.0002944700    0.0000542800   -0.0002456500
   0.0004810500   -0.0001524000   -0.0000348100
   0.0000533800    0.0004015600   -0.0000113600
  -0.0000281700    0.0000028600   -0.0029356100
  -0.0002802100   -0.0006547200    0.0002616200
   0.0002532800    0.0000319100    0.0021520500
  -0.0003640100   -0.0001034300    0.0009240200
   0.0002054100   -0.0008698100   -0.0000034200
  -0.0001311000   -0.0001191300   -0.0003667900
  -0.0021921900   -0.0054655900    0.0019315100
  -0.0015875000   -0.0011779300    0.0017950900
  -0.0121254700    0.1113469800    0.0008467500
  -0.0002182500    0.0027093100    0.0010266900
   0.0052685300   -0.0045948500   -0.0011560500
   0.0002241100   -0.0003048600    0.0004424400
  -0.0006903700    0.0002184100    0.0004440800
  -0.0006004600    0.0007125300   -0.0001518100
  -0.0012484900    0.0002896000    0.0003236300
  -0.0005668500   -0.0005366400   -0.0001581700
   0.0047949200   -0.0033085100    0.0003464100
   0.0028764300    0.0006883700    0.0023414300
  -0.0004383100    0.0014872300    0.0005645700
  -0.0000292400    0.0000580100   -0.0002495600
   0.0003054300   -0.0002093200    0.0012439900
  -0.0006420100    0.0007757200   -0.0003011700
  -0.0038923600   -0.0059547000   -0.0011555600
   0.0002605400    0.0004285300    0.0004584900
  -0.0010966700    0.0027367900   -0.0011649700
  -0.0006018900    0.0008480100   -0.0006444900
   0.0010853100    0.0009180700   -0.0007414800
   0.0000704000    0.0000975900   -0.0005667900
  -0.0004911900    0.0000492600   -0.0002414500
   0.0000637900   -0.0001173100   -0.0005321000
   0.0002886800    0.0003910100   -0.0002439100
   0.0005338300    0.0004339100   -0.0004175800
  -0.0001775100   -0.0002801800    0.0003051800
   0.0000016200   -0.0000033300    0.0019330200
  -0.0000006800   -0.0000048100   -0.0033153700
  -0.0002040800   -0.0007436900   -0.0000214600
   0.0009601900   -0.0000758000   -0.0003997200
   0.0000646800    0.0000573600    0.0006777100
   0.0008186000   -0.0010581600   -0.0004149500
  -0.0000847900    0.0000122000    0.0006720100
   0.0005018000    0.0012308100   -0.0004131300
  -0.0005388600    0.0005366400   -0.0000144800
  -0.0005410300   -0.0008022400   -0.0004003700
  -0.0006493800    0.0002385400   -0.0004258600
   0.0003278600   -0.0000215100    0.0003032300
   0.0010393000    0.0000792600   -0.0006089200
  -0.0006282900   -0.0000661100    0.0000365800
  -0.0010298600    0.0003541600    0.0008107600
  -0.0011455500   -0.0007014600    0.0001308600
   0.0000243900   -0.0000912200    0.0006763500
  -0.0002328600    0.0001358900    0.0004775800
   0.0008169600   -0.0001379900   -0.0000825700
  -0.0003618100   -0.0008558400   -0.0001050700
   0.0007800900   -0.0000380700    0.0002351000
   0.0001323300    0.0003425500    0.0012181700
  -0.0004816400   -0.0009729900   -0.0003232500
   0.0002666900   -0.0002680500    0.0009238100
  -0.0001366500   -0.0000040300   -0.0005618500
   0.0001988300   -0.0004510800   -0.0002437200
  -0.0004397400   -0.0009525300   -0.0006089900
   0.0000984000    0.0003563900    0.0009273500
  -0.0000271500    0.0013317400    0.0001556300
   0.0002609200    0.0005653200    0.0000381200
   0.0007416400    0.0001996900   -0.0000126800
  -0.0004183600    0.0008606900   -0.0004033700
   0.0000884300   -0.0006857800   -0.0004524300
  -0.0001483800    0.0002837400    0.0003059300
   0.0011717500   -0.0006634800    0.0001631700
   0.0003639400   -0.0005185200    0.0000369000
  -0.0013229900   -0.0001896000   -0.0004159300
  -0.0004347400   -0.0001673600    0.0000678700

52   
  0.0000000000000000   0.0000000000000000   0.0100000000000000
  -0.0315100800    0.0094806300    0.0454384700
  -0.0003968000   -0.0001981700    0.0013156200
  -0.0001555400   -0.0000982700   -0.0006395100
   0.0001852500   -0.0000564700   -0.0005929000
  -0.0001990700    0.0002286300   -0.0003936000
   0.0003658400    0.0000850000    0.0027284500
   0.0000231200   -0.0000311400   -0.0000571000
   0.0001285300   -0.0001050100   -0.0006081300
  -0.0001389300   -0.0000727900   -0.0006663800
   0.0001828400    0.0001880600    0.0005763400
   0.0003399500   -0.0003169300   -0.0003800700
  -0.0001830800    0.0003998400    0.0003247000
   0.0003051500    0.0002470300   -0.0003191700
   0.0001058500    0.0004486600   -0.0003935600
  -0.0000371800    0.0000325300   -0.0002518800
   0.0000029600   -0.0002878500    0.0002268500
   0.0000434400   -0.0000592900    0.0008907100
   0.0001107700   -0.0003674100    0.0001966300
   0.0002570600    0.0001486400    0.0002251800
   0.0000078300   -0.0003105400    0.0006228400
   0.0002511400    0.0002781200    0.0001929900
  -0.0003593600    0.0000734900    0.0001915100
   0.0000028100    0.0001810600   -0.0006429700
  -0.0003113000   -0.0005378100    0.0019333900
   0.0002449000    0.0000340500    0.0013467500
  -0.0000350100    0.0001741500   -0.0005785700
   0.0072632500   -0.0313460900    0.0451595900
  -0.0002543000    0.0001511600    0.0002161100
   0.0238303900    0.0215982300    0.0453318000
   0.0000524600    0.0000244500   -0.0002179100
   0.0003285600   -0.0001992100    0.0002992600
   0.0001094900   -0.0000261600    0.0002576000
  -0.0004371900   -0.0001397000   -0.0003955200
   0.0001538600    0.0008646000    0.0021048400
  -0.0000014400   -0.0000464300   -0.0002625100
  -0.0002625700   -0.0000156600   -0.0004155000
  -0.0000876600   -0.0003606400    0.0004245600
  -0.0000033600   -0.0000325800    0.0008509800
   0.0000291700   -0.0003820000    0.0005165900
  -0.0001039600    0.0007160200   -0.0004067600
  -0.0001634900    0.0000032900   -0.0002548400
   0.0003174700   -0.0003369500    0.0000291700
   0.0000312800    0.0005232300   -0.0002895200
  -0.0000428900   -0.0000252400   -0.0033134800
  -0.0003320900   -0.0006953700    0.0002843000
  -0.0000710600   -0.0000062800    0.0022768800
  -0.0003605500   -0.0000969600    0.0009199100
  -0.0009002600    0.0021077300    0.0012745000
   0.0001697700   -0.0000425500   -0.0002562400
  -0.0004863100    0.0009683900   -0.0027070400
  -0.0007801300   -0.0010307800   -0.0000012500
   0.0005118200    0.0012126600   -0.1414341800
   0.0000438300   -0.0001161500    0.0192249900
   0.0016391700   -0.0015312700   -0.0041040400
  -0.0001537600    0.0021259100    0.0013029400
  -0.0006245800   -0.0000009300    0.0003252700
  -0.0006396500    0.0006501800   -0.0004514900
  -0.0012356100    0.0003831400    0.0001322900
  -0.0005566500   -0.0005128000   -0.0004218800
   0.0004859700    0.0012336500   -0.0041590700
   0.0017833000    0.0004173700    0.0005852800
  -0.0005659400    0.0000613900   -0.0036109600
  -0.0000032600    0.0001342500   -0.0005815800
   0.0002906500   -0.0002854000    0.0012143000
  -0.0005877700    0.0008835400   -0.0006118000
  -0.0019532400   -0.0009203500   -0.0041050700
   0.0003370600    0.0000136100    0.0005213000
   0.0028828900   -0.0001239700    0.0007786000
  -0.0005897800    0.0008411100   -0.0005924700
  -0.0009591800   -0.0030670200    0.0007957500
   0.0000654700    0.0001086200   -0.0005837200
  -0.0004886700    0.0000516900   -0.0002398400
   0.0000599900   -0.0001195000   -0.0006080200
   0.0002893500    0.0003961000   -0.0002454600
   0.0005298100    0.0004382100   -0.0004143300
  -0.0001771800   -0.0002740700    0.0003043300
  -0.0000039200    0.0000005400    0.0019471600
   0.0000006500    0.0000002400   -0.0033157500
  -0.0002105300   -0.0007359800   -0.0000204700
   0.0009608800   -0.0000709800   -0.0004037700
   0.0000619200    0.0000631900    0.0006940600
   0.0008206000   -0.0010531900   -0.0004121300
  -0.0000850700    0.0000379100    0.0006731400
   0.0005020200    0.0012368500   -0.0004176900
  -0.0005370500    0.0005448300   -0.0000100000
  -0.0005390700   -0.0007980300   -0.0004003200
  -0.0006392700    0.0002385600   -0.0004226200
   0.0003269300   -0.0000174700    0.0003013000
   0.0010608300    0.0000844700   -0.0006050500
  -0.0006259700   -0.0000602800    0.0000344700
   0.0014761800   -0.0006310900   -0.0036851500
  -0.0011363700   -0.0006845800    0.0001190800
   0.0000288100   -0.0000829800    0.0006828100
  -0.0002768500    0.0002570100    0.0002186500
   0.0007204500   -0.0002224600   -0.0000849800
  -0.0003646800   -0.0008851300   -0.0001484900
   0.0006804000    0.0000036500   -0.0000369300
   0.0001919300    0.0002913300    0.0008993600
  -0.0004188300   -0.0010406400   -0.0002940500
   0.0002689300   -0.0002659100    0.0009323100
  -0.0000911600    0.0000493000   -0.0005382900
   0.0002010200   -0.0004512900   -0.0002325200
  -0.0004521800   -0.0009586700   -0.0006077000
   0.0000987400    0.0003637100    0.0009232400
  -0.0000135300    0.0013255000    0.0001516600
   0.0002627300    0.0005713300    0.0000350300
   0.0007399600    0.0001967300   -0.0000125200
  -0.0004164100    0.0008656600   -0.0004062400
   0.0001257500   -0.0006747700   -0.0004515800
  -0.0001490500    0.0002902200    0.0003010000
   0.0011564000   -0.0006590200    0.0001371700
   0.0003673900   -0.0005163700    0.0000330100
  -0.0013211200   -0.0001834200   -0.0004179200
  -0.0003850200   -0.0001614200   -0.0002925400

52   
  0.0000000000000000   0.0000000000000000  -0.0100000000000000
   0.0316901600   -0.0097331800   -0.0465428900
  -0.0003192300   -0.0001339700   -0.0006091300
  -0.0001153700   -0.0001380500   -0.0005512700
   0.0001636100   -0.0000520700   -0.0005980400
  -0.0001403100    0.0000078300   -0.0001970400
  -0.0004950800    0.0003895200   -0.0018280700
  -0.0000216200    0.0000385600    0.0000090400
   0.0001679700   -0.0000934600   -0.0006819800
  -0.0001893800   -0.0000762900   -0.0006225400
   0.0000711900    0.0000590800   -0.0012418400
   0.0003359500   -0.0002942300   -0.0003713800
   0.0002122600    0.0003832300    0.0003895200
   0.0000704200   -0.0000603500   -0.0002730700
   0.0000933400    0.0004546900   -0.0003567100
  -0.0000301700    0.0000325500   -0.0002420100
  -0.0000074300   -0.0002830700    0.0002170300
  -0.0001013500   -0.0000681900   -0.0009648800
   0.0001149900   -0.0003384600    0.0001939500
   0.0002450200    0.0001452300    0.0002187200
  -0.0000192400   -0.0000597000   -0.0012221900
   0.0002496000    0.0002822700    0.0001972500
  -0.0003706800    0.0000911400    0.0001981800
   0.0000220100    0.0001859400   -0.0006455800
   0.0003425000    0.0001333000   -0.0025935600
   0.0002939700   -0.0001151400   -0.0004533000
  -0.0000436300    0.0001941500   -0.0006145800
  -0.0075710700    0.0325459500   -0.0460239900
  -0.0002443500    0.0001473800    0.0002265900
  -0.0242703900   -0.0232062400   -0.0464296900
   0.0000323500    0.0000127400   -0.0002769200
   0.0003240800   -0.0002028600    0.0004107300
  -0.0001139300    0.0000341600    0.0004376700
  -0.0004397400   -0.0001310400   -0.0003554900
   0.0003641800   -0.0000637100   -0.0023881400
  -0.0000103600   -0.0000367700   -0.0002302200
  -0.0001040800    0.0001562300   -0.0002406000
  -0.0002459200   -0.0000071100    0.0004772700
   0.0001319700    0.0000128700   -0.0009224800
  -0.0001138300   -0.0003103900    0.0005351300
  -0.0000908200    0.0007605500    0.0001293900
  -0.0000430600   -0.0000958500   -0.0003562200
   0.0004387300   -0.0002507900    0.0000493400
   0.0001053400    0.0004434500    0.0003671000
   0.0000399900    0.0000292700   -0.0026775200
  -0.0004193900   -0.0005700300    0.0001835300
   0.0000695500    0.0000122100    0.0021749000
  -0.0003660300   -0.0000915500    0.0009177700
   0.0008669600   -0.0018367200    0.0005759300
   0.0000188700   -0.0000799900   -0.0003536600
  -0.0003309200   -0.0009528700    0.0051694800
   0.0028414500    0.0012962400   -0.0006696600
   0.0007200400    0.0004185800    0.1442999200
   0.0001794600    0.0000166800   -0.0177377900
  -0.0001488000   -0.0006526200    0.0038327400
  -0.0000494700   -0.0022410400    0.0005468300
  -0.0006264400   -0.0001499800    0.0003246200
  -0.0007185900    0.0007250900    0.0001565100
  -0.0012629900    0.0003940400    0.0006940800
  -0.0006210900   -0.0003762500    0.0001397700
   0.0013847300   -0.0007397300    0.0038975400
  -0.0024936300    0.0008782800   -0.0001262600
   0.0010691100    0.0011062000    0.0042988600
   0.0000190800    0.0001069500   -0.0000280200
   0.0000999500   -0.0004178500    0.0012150200
  -0.0006810900    0.0007905700   -0.0000537400
  -0.0007056900    0.0007455200    0.0038320800
   0.0003105800    0.0002675300    0.0005343500
  -0.0009447800    0.0018931100    0.0000372300
  -0.0006106600    0.0008953600   -0.0006339000
   0.0015255700    0.0005046300    0.0000208300
   0.0000838900    0.0001200700   -0.0005720600
  -0.0004914500    0.0000591200   -0.0002565800
   0.0000540900   -0.0001155500   -0.0005477300
   0.0002866400    0.0004061000   -0.0002512700
   0.0005307500    0.0004440200   -0.0004384600
  -0.0001788600   -0.0002669000    0.0002948600
   0.0000012700    0.0000080200    0.0019248000
  -0.0000032600    0.0000079100   -0.0033258000
  -0.0001967100   -0.0007349600   -0.0000215400
   0.0009595100   -0.0000628000   -0.0004064200
   0.0000633400    0.0000654000    0.0006558400
   0.0008173900   -0.0010455600   -0.0004259700
  -0.0000845000    0.0000194400    0.0006777000
   0.0005021000    0.0012448000   -0.0004199400
  -0.0005397800    0.0005523600   -0.0000305500
  -0.0005425600   -0.0007889400   -0.0004103900
  -0.0006502400    0.0002499200   -0.0004278500
   0.0003258400   -0.0000068200    0.0002971000
   0.0010362400    0.0000969300   -0.0006159400
  -0.0006299500   -0.0000523900    0.0000313000
  -0.0007305300   -0.0003704900    0.0043716000
  -0.0011525200   -0.0006810300    0.0001740200
   0.0000126800   -0.0000796700    0.0006679800
  -0.0002888800    0.0001687100    0.0008387800
   0.0006444700   -0.0003452200   -0.0001968500
  -0.0001398600   -0.0009638500   -0.0001521900
   0.0008002600   -0.0000072300    0.0005095800
   0.0002284700    0.0004079700    0.0015381600
  -0.0003892900   -0.0008849600   -0.0003804500
   0.0002634300   -0.0002587300    0.0009104700
  -0.0001755900   -0.0000225400   -0.0006144800
   0.0001986100   -0.0004408900   -0.0002676300
  -0.0004464900   -0.0009401100   -0.0006162900
   0.0000960900    0.0003683300    0.0009185900
  -0.0000309700    0.0013464700    0.0001411500
   0.0002594900    0.0005785100    0.0000310600
   0.0007440400    0.0001994500   -0.0000252900
  -0.0004219500    0.0008757700   -0.0004082700
   0.0001007100   -0.0006768400   -0.0003990600
  -0.0001506600    0.0002973500    0.0002979000
   0.0011730000   -0.0006286000    0.0001547800
   0.0003618100   -0.0005026200    0.0000344000
  -0.0013235100   -0.0001760600   -0.0004214200
  -0.0005109100   -0.0001953400    0.0003678000

56   
  0.0080295506854697   0.0059603956067927   0.0000000000000000
  -0.0003026500    0.0010849700   -0.0005973900
   0.0000010000   -0.0003120800    0.0008034700
  -0.0001271100   -0.0001234900   -0.0006004300
   0.0001937700   -0.0000584400   -0.0006039700
   0.0007401400    0.0000839700   -0.0008431400
  -0.0000120700    0.0002682200    0.0004397400
   0.0000108900    0.0000018200   -0.0000310400
   0.0001562700   -0.0001034000   -0.0006457900
  -0.0001527900   -0.0000777100   -0.0006502200
  -0.0000259300    0.0002148500   -0.0003296800
   0.0003367000   -0.0003129200   -0.0003876100
  -0.0001430000    0.0002294500    0.0001854800
   0.0001833600    0.0001201900   -0.0001125500
   0.0001093900    0.0004509400   -0.0003773700
  -0.0000222800    0.0000334500   -0.0002581200
   0.0000072800   -0.0002901900    0.0002164100
   0.0001171000   -0.0035490500    0.0012528700
   0.0001191700   -0.0003620600    0.0001859000
   0.0002658700    0.0001479000    0.0002249500
  -0.0038643300   -0.0003810300    0.0006705200
   0.0002604100    0.0002717900    0.0001864300
  -0.0003527800    0.0000793600    0.0001901300
   0.0000286600    0.0001888200   -0.0006542200
   0.0001197200   -0.0002424500   -0.0003904200
   0.0002231200   -0.0001532100    0.0003212500
  -0.0000311700    0.0001812700   -0.0006117100
   0.0000354000    0.0000368000    0.0001163600
  -0.0002413000    0.0001422600    0.0002182000
   0.0009185600   -0.0009947100   -0.0000888900
   0.0000622800    0.0000166000   -0.0002598100
   0.0004129700    0.0001826200    0.0009030500
  -0.0003988500    0.0007312500    0.0002859600
  -0.0004262400   -0.0001464300   -0.0003835100
   0.0103421800    0.0232677400   -0.0138344900
   0.0000071300   -0.0000472800   -0.0002539800
   0.0319700600    0.0040598000   -0.0207561500
   0.0381592400    0.0329162400    0.0349209500
   0.0012308800    0.0017599700   -0.0022693200
  -0.0000968000   -0.0002989100    0.0005139100
  -0.0001205400    0.0008193900   -0.0001250100
  -0.0000464500   -0.0000210500   -0.0002923900
   0.0004571300   -0.0002815700   -0.0000209500
  -0.0001138600    0.0004941600    0.0000598400
  -0.0002150000   -0.0002059800   -0.0030757300
   0.0021382800   -0.0022320100    0.0023455900
   0.0000694300    0.0000690900    0.0022006900
  -0.0003536700   -0.0000999600    0.0009139500
  -0.0021873900   -0.0002681800   -0.0002201100
  -0.0004385500   -0.0027353600   -0.0018615200
  -0.0004062100   -0.0001212700    0.0011479200
   0.0010688000    0.0001502300   -0.0003057800
   0.0005796100    0.0010663600   -0.0001158600
   0.0001195100   -0.0000055000    0.0009136500
   0.0015049100    0.0047521700   -0.0012289800
  -0.0001160700    0.0003236400    0.0004397200
  -0.0904610200   -0.0662632400    0.0009984600
   0.0049739400    0.0018158900    0.0004804600
  -0.0034838000   -0.0013053100    0.0005632900
  -0.0022875500    0.0022878700    0.0019735100
   0.0009475300    0.0002166600   -0.0000943400
  -0.0005141900    0.0008354000    0.0001549700
   0.0002936900    0.0006476100    0.0002711900
   0.0000139200   -0.0001106600   -0.0002507000
   0.0000222300   -0.0003424800    0.0011361200
  -0.0005655600    0.0008225000   -0.0002938200
  -0.0013466000   -0.0016979400    0.0002631200
   0.0014380500    0.0052786200    0.0010346300
   0.0007768400    0.0009318500    0.0004599000
  -0.0005883400    0.0008605800   -0.0006228600
   0.0003312300   -0.0013490300    0.0004121600
   0.0000860000    0.0001030200   -0.0005861200
  -0.0004806100    0.0000482300   -0.0002510700
   0.0000655400   -0.0001243500   -0.0005815700
   0.0002938300    0.0003925300   -0.0002491300
   0.0005523700    0.0004288900   -0.0004842600
  -0.0001697000   -0.0002765400    0.0002942000
   0.0000056900   -0.0000068100    0.0019357500
   0.0000087500   -0.0000009000   -0.0033257100
  -0.0001951900   -0.0007384800   -0.0000253500
   0.0009713400   -0.0000717300   -0.0004098000
   0.0000656500    0.0000568400    0.0006752100
   0.0008296400   -0.0010553000   -0.0004233500
  -0.0000619600    0.0000219000    0.0006595200
   0.0005127200    0.0012337000   -0.0004267500
  -0.0005251500    0.0005383900   -0.0000356300
  -0.0005301400   -0.0007994100   -0.0004088700
  -0.0006356200    0.0002357100   -0.0004228700
   0.0003371100   -0.0000182000    0.0002946300
   0.0010576800    0.0000889700   -0.0005730900
  -0.0006174100   -0.0000622700    0.0000287300
   0.0004260900   -0.0005783700    0.0003249300
  -0.0011337500   -0.0006874300    0.0001416400
   0.0000281900   -0.0000866700    0.0006663300
  -0.0002970700    0.0002110000    0.0005529100
   0.0008512400   -0.0004580900   -0.0002214400
  -0.0004677800   -0.0011378800   -0.0000343800
   0.0008290400    0.0000456100    0.0001371100
   0.0066035000    0.0009995700    0.0001718600
   0.0003425700   -0.0003084300   -0.0012734600
   0.0002767800   -0.0002675500    0.0009180500
  -0.0001239900    0.0000003400   -0.0005856800
   0.0002098900   -0.0004513900   -0.0002549000
  -0.0004459700   -0.0009615500   -0.0006394700
   0.0001084200    0.0003593100    0.0009174100
  -0.0000069900    0.0013282300    0.0001468200
   0.0002670100    0.0005662800    0.0000292800
   0.0007648300    0.0001697400   -0.0000564300
  -0.0004082900    0.0008670600   -0.0004105000
   0.0001182700   -0.0006802600   -0.0004368800
  -0.0001401000    0.0002880200    0.0002947400
   0.0011753400   -0.0006482400    0.0001390300
   0.0003746700   -0.0005157900    0.0000293600
  -0.0013117900   -0.0001863800   -0.0004245300
  -0.0009151800   -0.0012107100    0.0002268700

56   
 -0.0080295506854697  -0.0059603956067927   0.0000000000000000
  -0.0006015000   -0.0009954100    0.0003057900
  -0.0006966400   -0.0000829300   -0.0000876400
  -0.0001372300   -0.0001354200   -0.0006021200
   0.0001623300   -0.0000726400   -0.0005984200
  -0.0010383800    0.0001435400    0.0002426800
  -0.0001497500    0.0001935600    0.0004589700
  -0.0000029100   -0.0000173800   -0.0000280300
   0.0001469900   -0.0001169800   -0.0006536700
  -0.0001676300   -0.0000921400   -0.0006502700
   0.0003296600    0.0000148000   -0.0003320300
   0.0003451900   -0.0003211300   -0.0003751100
   0.0001725900    0.0005283500    0.0005254700
   0.0002000600    0.0000518800   -0.0004843400
   0.0000961800    0.0004301600   -0.0003840700
  -0.0000384800    0.0000091000   -0.0002463800
  -0.0000053600   -0.0003032400    0.0002163700
  -0.0002024200    0.0034750000   -0.0013184300
   0.0001120900   -0.0003660400    0.0001938600
   0.0002435500    0.0001238800    0.0002078500
   0.0038719600   -0.0001000100   -0.0012559000
   0.0002468600    0.0002651600    0.0001928000
  -0.0003691700    0.0000620800    0.0001889400
   0.0000026400    0.0001547300   -0.0006461800
  -0.0000564500   -0.0001579400   -0.0002729300
   0.0002817300    0.0000321500    0.0005736800
  -0.0000400900    0.0001638800   -0.0005906600
  -0.0000759000    0.0000327500   -0.0001844500
  -0.0002511700    0.0001351800    0.0002137200
  -0.0005170500    0.0001410300   -0.0002025700
   0.0000312100   -0.0000023700   -0.0002439500
   0.0002226100   -0.0006248800   -0.0001892800
   0.0004009200   -0.0007425400    0.0003981500
  -0.0004433100   -0.0001474200   -0.0003782400
  -0.0098042200   -0.0224292200    0.0133814000
  -0.0000109300   -0.0000585700   -0.0002498500
  -0.0319320800   -0.0040180900    0.0196356300
  -0.0395829500   -0.0343184300   -0.0354635300
  -0.0010796900   -0.0017284900    0.0021867100
   0.0000171000   -0.0004167100    0.0005190300
  -0.0000614400    0.0006324600   -0.0001620000
  -0.0001549300   -0.0000951600   -0.0003296200
   0.0003072100   -0.0003315400    0.0000839700
   0.0002511300    0.0004482100    0.0000014000
   0.0002247800    0.0001941900   -0.0029350900
  -0.0029155600    0.0009626800   -0.0019167600
  -0.0000629500   -0.0000836700    0.0022363300
  -0.0003665100   -0.0001111800    0.0009159700
   0.0021409000    0.0004941800    0.0020688800
   0.0006217300    0.0025337900    0.0012347300
  -0.0003978300    0.0001235700    0.0012617600
   0.0010183200    0.0000995000   -0.0003742000
   0.0005842800    0.0013126000   -0.0002078900
   0.0001092600   -0.0001183700    0.0009318600
  -0.0000024400   -0.0068795600    0.0008982100
  -0.0001266500   -0.0004875100    0.0014227400
   0.0892950900    0.0690090700    0.0033651000
  -0.0064690800   -0.0004798200   -0.0008176300
   0.0009950300    0.0020683800    0.0003248300
   0.0011517500   -0.0032516700   -0.0023003200
   0.0009188200    0.0002597100   -0.0002225500
  -0.0002069200    0.0004337800    0.0003012400
   0.0002018400    0.0004995400    0.0003664700
   0.0000057100    0.0003245500   -0.0003687900
   0.0003741700   -0.0003873300    0.0012780600
  -0.0006961000    0.0008301500   -0.0003879400
  -0.0012735900    0.0014651400   -0.0005765700
  -0.0007938700   -0.0051281400   -0.0000142400
   0.0011525700    0.0008290800    0.0003529000
  -0.0006042800    0.0008534400   -0.0006118100
   0.0002485100   -0.0012182800    0.0004016100
   0.0000689400    0.0001028800   -0.0005794500
  -0.0004933600    0.0000396000   -0.0002528700
   0.0000550700   -0.0001334400   -0.0005850000
   0.0002886600    0.0003869700   -0.0002534400
   0.0005148800    0.0004327400   -0.0003790200
  -0.0001791900   -0.0002859300    0.0002986400
  -0.0000019400   -0.0000078600    0.0019264700
  -0.0000046600   -0.0000141500   -0.0033234500
  -0.0002042500   -0.0007547600   -0.0000265600
   0.0009567700   -0.0000842800   -0.0004081500
   0.0000668900    0.0000484300    0.0006664000
   0.0008157000   -0.0010663200   -0.0004233200
  -0.0000999000    0.0000127200    0.0006820800
   0.0004985300    0.0012248900   -0.0004191000
  -0.0005449800    0.0005367400   -0.0000141600
  -0.0005447700   -0.0008099800   -0.0004096100
  -0.0006464600    0.0002306400   -0.0004374400
   0.0003229100   -0.0000289300    0.0002961000
   0.0010455800    0.0000690300   -0.0006586000
  -0.0006316200   -0.0000723300    0.0000291800
   0.0003379900   -0.0004417500    0.0003101600
  -0.0011482300   -0.0006993700    0.0001418400
   0.0000198000   -0.0000986900    0.0006751400
  -0.0002595300    0.0001927100    0.0004808200
   0.0005204700   -0.0001284200   -0.0000687600
  -0.0000308200   -0.0007390800   -0.0002779700
   0.0006606500   -0.0000694100    0.0003167400
  -0.0060458800   -0.0003146000    0.0022314900
  -0.0011538800   -0.0016836500    0.0006012700
   0.0002629600   -0.0002793900    0.0009169500
  -0.0001353200    0.0000036300   -0.0005768800
   0.0001971200   -0.0004635500   -0.0002520000
  -0.0004446800   -0.0009601900   -0.0005943800
   0.0000939900    0.0003498000    0.0009174300
  -0.0000308000    0.0013218900    0.0001361900
   0.0002617400    0.0005614400    0.0000296700
   0.0007265200    0.0002043100    0.0000101600
  -0.0004229000    0.0008520400   -0.0004119600
   0.0001148300   -0.0006945200   -0.0004235200
  -0.0001531500    0.0002772700    0.0002961500
   0.0011608600   -0.0006618100    0.0001436000
   0.0003615900   -0.0005251900    0.0000298800
  -0.0013263800   -0.0001961000   -0.0004224400
   0.0000009000    0.0008549000   -0.0001619100

56   
 -0.0011470786693528   0.0099339926779878   0.0000000000000000
  -0.0007477200    0.0003888000   -0.0006461500
   0.0001350600    0.0006149500    0.0008514600
  -0.0001407200   -0.0001314000   -0.0005913600
   0.0001716900   -0.0000639600   -0.0005936400
   0.0007175400    0.0004358800   -0.0003790500
  -0.0000789600    0.0003016700    0.0004467000
  -0.0000004200   -0.0000054800   -0.0000251900
   0.0001464900   -0.0001134700   -0.0006337000
  -0.0001625500   -0.0000891300   -0.0006386200
   0.0001716200    0.0001457100   -0.0004850500
   0.0003349900   -0.0003198200   -0.0003711900
  -0.0001652300    0.0002543000    0.0003473300
   0.0002727400    0.0001308200   -0.0002299600
   0.0000972200    0.0004373600   -0.0003758900
  -0.0000358800    0.0000221000   -0.0002534900
  -0.0000015000   -0.0003031200    0.0002251000
  -0.0018819600   -0.0034777300   -0.0008682700
   0.0001091200   -0.0003723100    0.0001941800
   0.0002440200    0.0001417300    0.0002346600
  -0.0008893300    0.0015232500    0.0019115000
   0.0002495900    0.0002651200    0.0001994400
  -0.0003662300    0.0000721300    0.0001964100
   0.0000107900    0.0001801700   -0.0006434200
   0.0000983200   -0.0002742500   -0.0001991600
   0.0002212300   -0.0000629300    0.0002650700
  -0.0000421200    0.0001714400   -0.0005983300
   0.0000289600   -0.0001867000    0.0001247600
  -0.0002527900    0.0001332000    0.0002267700
   0.0005098200   -0.0002143700   -0.0006195100
   0.0000438200    0.0000088300   -0.0002319600
  -0.0004716500   -0.0001950000    0.0004544300
  -0.0007485000    0.0005526500    0.0007978900
  -0.0004380500   -0.0001428800   -0.0003680300
  -0.0095866500    0.0503409900   -0.0355065600
  -0.0000078300   -0.0000552900   -0.0002490900
  -0.0146807700    0.0201718600    0.0133110000
   0.0130582800    0.0301023500    0.0210880100
   0.0032421900   -0.0016238000   -0.0013873700
  -0.0000876600   -0.0002937000    0.0005838300
  -0.0002225700    0.0005803100   -0.0001961700
  -0.0001341300   -0.0000175100   -0.0002890200
   0.0004544200   -0.0003069000    0.0000242000
   0.0001675800    0.0003946800    0.0000005900
  -0.0001106600   -0.0001644100   -0.0030290200
   0.0017070600   -0.0023667500    0.0018937200
   0.0000089000    0.0000427600    0.0022127400
  -0.0003649400   -0.0001079900    0.0009252000
  -0.0032321900    0.0000083100   -0.0011712400
  -0.0002105300    0.0002402800    0.0002010000
  -0.0003386200   -0.0002918900    0.0010884100
   0.0010303800    0.0002176700   -0.0002400000
   0.0006388200    0.0008846800   -0.0000800000
   0.0000649900    0.0000280000    0.0009589100
   0.0027030700    0.0049171200   -0.0009805800
   0.0024633700    0.0011769800   -0.0010880600
   0.0116638300   -0.1098752200    0.0012784400
  -0.0000155900   -0.0002472000   -0.0004019000
  -0.0009384700   -0.0024335500    0.0004767900
  -0.0008069300    0.0005071400    0.0007864700
   0.0008547700    0.0002026300   -0.0001357400
  -0.0004625400    0.0006404200    0.0002264600
   0.0002733000    0.0005611700    0.0002725200
   0.0000739600    0.0001053100   -0.0003078000
   0.0002999600   -0.0004401100    0.0012563000
  -0.0006510600    0.0008577800   -0.0003723000
  -0.0051613200    0.0033434900   -0.0007135900
   0.0028535700    0.0059985300    0.0015569900
   0.0007033900    0.0008457500    0.0004897700
  -0.0006030400    0.0008499400   -0.0006174900
   0.0005157300   -0.0012378000    0.0004799700
   0.0000760800    0.0000783900   -0.0005598500
  -0.0004912000    0.0000413200   -0.0002417700
   0.0000448000   -0.0001291200   -0.0005537300
   0.0002864200    0.0003841300   -0.0002400000
   0.0005406300    0.0004246300   -0.0004595800
  -0.0001784100   -0.0002851800    0.0003039900
  -0.0000025100   -0.0000122600    0.0019405700
  -0.0000027800   -0.0000097400   -0.0033162100
  -0.0002081700   -0.0007461800   -0.0000240600
   0.0009591700   -0.0000803900   -0.0003987500
   0.0000602100    0.0000421400    0.0006722300
   0.0008166000   -0.0010625800   -0.0004142500
  -0.0000788500    0.0000108400    0.0006657000
   0.0005019700    0.0012270900   -0.0004140400
  -0.0005365900    0.0005376100   -0.0000262900
  -0.0005423600   -0.0008065000   -0.0003998000
  -0.0006476100    0.0002300700   -0.0004173600
   0.0003252500   -0.0000256900    0.0003046200
   0.0010489700    0.0000911900   -0.0005877400
  -0.0006289800   -0.0000700700    0.0000383100
   0.0003566600   -0.0005370900    0.0002800800
  -0.0011435100   -0.0007001900    0.0001464600
   0.0000219700   -0.0000913700    0.0006753100
  -0.0002695700    0.0002719300    0.0005643300
   0.0008773000   -0.0004038100   -0.0002023900
  -0.0003651400   -0.0010862000   -0.0000710600
   0.0007869400    0.0000448900    0.0001817700
   0.0014597000   -0.0005590000    0.0007859000
  -0.0012343000   -0.0030342800    0.0008706100
   0.0002644500   -0.0002744200    0.0009266100
  -0.0001365400   -0.0000129500   -0.0005781500
   0.0001970700   -0.0004589500   -0.0002450100
  -0.0004513300   -0.0009761600   -0.0006074100
   0.0000952300    0.0003523100    0.0009241700
  -0.0000272200    0.0013268700    0.0001385000
   0.0002603900    0.0005556600    0.0000370200
   0.0007370500    0.0001758000   -0.0000396200
  -0.0004212400    0.0008595700   -0.0004021400
   0.0001070500   -0.0006863200   -0.0004253100
  -0.0001510700    0.0002809000    0.0003048700
   0.0011662800   -0.0006585500    0.0001528300
   0.0003625300   -0.0005230400    0.0000389800
  -0.0013238400   -0.0001930600   -0.0004146400
  -0.0048129900    0.0031041300    0.0010172100

56   
  0.0011470786693528  -0.0099339926779878   0.0000000000000000
  -0.0001842400   -0.0002891100    0.0003759400
  -0.0008380100   -0.0010250600   -0.0001334800
  -0.0001374700   -0.0001192700   -0.0005966800
   0.0001713400   -0.0000585600   -0.0005934400
  -0.0010687000   -0.0002068500   -0.0002128500
  -0.0000971300    0.0001728800    0.0004632400
  -0.0000048500   -0.0000025000   -0.0000192700
   0.0001434700   -0.0000992400   -0.0006507300
  -0.0001712300   -0.0000730100   -0.0006469600
   0.0001168200    0.0000915600   -0.0001662000
   0.0003335800   -0.0003063700   -0.0003766500
   0.0001826900    0.0005123000    0.0003740400
   0.0000980500    0.0000484300   -0.0003563000
   0.0000956700    0.0004511700   -0.0003708800
  -0.0000379300    0.0000285100   -0.0002361000
  -0.0000099100   -0.0002817600    0.0002230000
   0.0017734500    0.0033772100    0.0008197100
   0.0001084300   -0.0003485200    0.0002003100
   0.0002521700    0.0001382700    0.0002133500
   0.0008740900   -0.0020025000   -0.0025086400
   0.0002439600    0.0002802600    0.0001950400
  -0.0003690100    0.0000770200    0.0001978400
   0.0000067600    0.0001724400   -0.0006415300
  -0.0000471000   -0.0001126600   -0.0004524700
   0.0002743000   -0.0000463200    0.0006425000
  -0.0000433000    0.0001816500   -0.0005895900
  -0.0000872200    0.0002672600   -0.0001808900
  -0.0002531400    0.0001524600    0.0002201300
  -0.0001229900   -0.0006073400    0.0003496400
   0.0000359800    0.0000138900   -0.0002570200
   0.0011236700   -0.0002195700    0.0002639100
   0.0007575300   -0.0005844000   -0.0001040400
  -0.0004452300   -0.0001428900   -0.0003784800
   0.0097790600   -0.0481838500    0.0338158600
  -0.0000098700   -0.0000419100   -0.0002396700
   0.0143908700   -0.0201083400   -0.0141405800
  -0.0136809700   -0.0308014500   -0.0206463200
  -0.0030925800    0.0016432300    0.0013343900
  -0.0000016500   -0.0004117300    0.0004651600
   0.0000285700    0.0008810800   -0.0000765200
  -0.0000802300   -0.0000889700   -0.0003184000
   0.0002934400   -0.0002947300    0.0000497300
  -0.0000423900    0.0005585500    0.0000751400
   0.0001023600    0.0001592000   -0.0029675500
  -0.0025084100    0.0011249800   -0.0014319700
  -0.0000178700   -0.0000504200    0.0022421800
  -0.0003689000   -0.0000952600    0.0009193500
   0.0031448000    0.0002275000    0.0029998800
   0.0004060500   -0.0003354700   -0.0007876000
  -0.0004794500    0.0003091000    0.0013380800
   0.0010439600    0.0000365800   -0.0004285000
   0.0005129100    0.0014985000   -0.0002333400
   0.0001510100   -0.0001452600    0.0008963400
  -0.0011543000   -0.0069892800    0.0006429500
  -0.0026445700   -0.0013082100    0.0029213200
  -0.0114886500    0.1093782700    0.0015481400
  -0.0013220600    0.0016167900    0.0001085100
  -0.0015652000    0.0031979000    0.0004261200
  -0.0004093400   -0.0013806100   -0.0010570100
   0.0009983800    0.0002861300   -0.0001664300
  -0.0002756400    0.0006392800    0.0002434100
   0.0002082900    0.0005942100    0.0003727600
  -0.0000680100    0.0001177000   -0.0002970900
   0.0000827300   -0.0002795300    0.0011708300
  -0.0006236900    0.0008013500   -0.0002959100
   0.0024081300   -0.0034852600    0.0003823700
  -0.0022686800   -0.0058473300   -0.0005188400
   0.0012101400    0.0009209700    0.0003374400
  -0.0006029700    0.0008723200   -0.0006031100
   0.0000540900   -0.0013207300    0.0003478900
   0.0000658500    0.0001349900   -0.0005919700
  -0.0004962700    0.0000546200   -0.0002477300
   0.0000627300   -0.0001206200   -0.0006000900
   0.0002832400    0.0004034800   -0.0002480600
   0.0005127700    0.0004447200   -0.0003893400
  -0.0001840900   -0.0002692200    0.0003032700
  -0.0000066100    0.0000058100    0.0019350500
  -0.0000061400    0.0000027000   -0.0033180900
  -0.0002051300   -0.0007391200   -0.0000145200
   0.0009554100   -0.0000676100   -0.0004044600
   0.0000588300    0.0000723200    0.0006833000
   0.0008150800   -0.0010506400   -0.0004182600
  -0.0000962900    0.0000316400    0.0006886400
   0.0004959900    0.0012393800   -0.0004165800
  -0.0005467600    0.0005454400   -0.0000102000
  -0.0005459600   -0.0007947200   -0.0004041900
  -0.0006481000    0.0002442200   -0.0004292100
   0.0003213000   -0.0000131700    0.0003003300
   0.0010408600    0.0000750300   -0.0006292300
  -0.0006333700   -0.0000561900    0.0000347600
   0.0003951200   -0.0004723000    0.0003632100
  -0.0011516000   -0.0006785900    0.0001501400
   0.0000125600   -0.0000864700    0.0006797500
  -0.0003018400    0.0001401200    0.0004894300
   0.0004822300   -0.0001762000   -0.0000743400
  -0.0001440200   -0.0007790800   -0.0002306200
   0.0006879900   -0.0000651800    0.0002875500
  -0.0010796400    0.0012288700    0.0016577400
   0.0004331500    0.0011259700   -0.0015376500
   0.0002620300   -0.0002640700    0.0009225500
  -0.0001366100    0.0000243300   -0.0005710400
   0.0001961300   -0.0004486900   -0.0002474300
  -0.0004530000   -0.0009373000   -0.0006127500
   0.0000936300    0.0003652800    0.0009249400
  -0.0000242700    0.0013319000    0.0001579800
   0.0002547700    0.0005807700    0.0000364800
   0.0007403500    0.0002054700    0.0000056800
  -0.0004235100    0.0008669500   -0.0004058300
   0.0001120600   -0.0006794300   -0.0004217900
  -0.0001560800    0.0002930700    0.0003009100
   0.0011570700   -0.0006433300    0.0001431600
   0.0003608600   -0.0005099100    0.0000349200
  -0.0013279600   -0.0001817200   -0.0004178900
   0.0039833600   -0.0035181800   -0.0009540000

56   
  0.0000000000000000   0.0000000000000000   0.0100000000000000
  -0.0003826600    0.0000253900    0.0007274600
  -0.0002680000   -0.0001952100    0.0013016300
  -0.0001340300   -0.0001208400   -0.0006096300
   0.0001538500   -0.0000636300   -0.0006078000
  -0.0001439100    0.0001470200    0.0006338100
  -0.0000874300    0.0002278000    0.0003942000
   0.0000052100    0.0000068600   -0.0000074000
   0.0001515300   -0.0001126200   -0.0006509000
  -0.0001655400   -0.0000810400   -0.0006578100
  -0.0000349300    0.0001405400   -0.0003542800
   0.0003345900   -0.0003080100   -0.0003903500
   0.0001244900    0.0005467100    0.0003330400
   0.0001604000    0.0001962800   -0.0003838200
   0.0001016300    0.0004367500   -0.0003765400
  -0.0000269800    0.0000321200   -0.0002508500
  -0.0000001000   -0.0002938800    0.0002141100
   0.0004697900   -0.0001567700    0.0021871900
   0.0001235900   -0.0003581600    0.0001837400
   0.0002217700    0.0001149200    0.0002070900
  -0.0000806600    0.0002690500    0.0020172900
   0.0002535800    0.0002732800    0.0002068900
  -0.0003712300    0.0000738800    0.0001952800
   0.0000292000    0.0002110500   -0.0007001500
  -0.0000457700   -0.0002801800   -0.0004220700
   0.0003671200   -0.0000863900    0.0003502000
  -0.0000352600    0.0001734900   -0.0005861900
   0.0000675100   -0.0001392700   -0.0000638900
  -0.0002508000    0.0001391000    0.0002042000
   0.0001776800   -0.0004816300    0.0007446800
   0.0000460800    0.0000162800   -0.0002493500
   0.0003746700   -0.0001308200    0.0012775800
  -0.0000495200    0.0000017400    0.0012544500
  -0.0004204600   -0.0001677500   -0.0003378400
   0.0077412700   -0.0310854500    0.0455916200
  -0.0000068200   -0.0000418700   -0.0002406000
  -0.0304655700    0.0093397400    0.0447997900
   0.0238619500    0.0222047400    0.0459647300
  -0.0003185700   -0.0003658800    0.0022520100
  -0.0000337200   -0.0002957400    0.0002172400
  -0.0000745000    0.0007975500   -0.0000913800
  -0.0001828000   -0.0000415300   -0.0005706500
   0.0003592400   -0.0003667600   -0.0002808500
  -0.0000446800    0.0005264900    0.0000232600
   0.0000901700    0.0000776200   -0.0030074000
   0.0015624800   -0.0016811500    0.0005598300
   0.0000418700    0.0000490300    0.0019443500
  -0.0003611300   -0.0001002000    0.0009213800
   0.0022042600   -0.0000482700    0.0012740000
   0.0000010200    0.0021397700    0.0000316900
  -0.0004092400    0.0000730100    0.0011957100
   0.0010606300    0.0001221800   -0.0006094800
   0.0006090900    0.0010791000   -0.0001584600
   0.0001171400   -0.0001184700    0.0006617200
   0.0006786800   -0.0000565200   -0.0041678800
  -0.0019215500   -0.0011856400    0.0012765000
  -0.0021691600    0.0000547600   -0.1408574100
  -0.0015580500    0.0000998100   -0.0040754800
  -0.0010046900    0.0003098000    0.0187298600
  -0.0014575300    0.0015056500    0.0002229200
   0.0009656100    0.0002191700   -0.0004790000
  -0.0003222700    0.0005736700    0.0002820200
   0.0001963600    0.0005609300    0.0000110600
  -0.0000120300    0.0000380900   -0.0002545500
   0.0002655200   -0.0003979200    0.0012094300
  -0.0006478400    0.0008126700   -0.0006131800
  -0.0017343500    0.0008479000   -0.0040942800
  -0.0003456800   -0.0007541000   -0.0035121200
   0.0008901900    0.0008850800    0.0004624400
  -0.0006048600    0.0008532800   -0.0006066900
   0.0003583100   -0.0012627500    0.0004575300
   0.0000719800    0.0001164600   -0.0005761900
  -0.0004903300    0.0000476800   -0.0002492200
   0.0000593600   -0.0001477400   -0.0005756900
   0.0002871500    0.0003941700   -0.0002379900
   0.0005307500    0.0004378000   -0.0004299100
  -0.0001757900   -0.0002762500    0.0003030600
  -0.0000012200   -0.0000052300    0.0019367100
  -0.0000000200   -0.0000018400   -0.0033198700
  -0.0001949300   -0.0007415800   -0.0000117400
   0.0009624400   -0.0000745000   -0.0004027100
   0.0000708800    0.0000613700    0.0006855700
   0.0008191200   -0.0010582300   -0.0004195800
  -0.0000714700    0.0000173300    0.0006545100
   0.0005045500    0.0012338700   -0.0004207500
  -0.0005455900    0.0005389100   -0.0000155200
  -0.0005386800   -0.0008018800   -0.0004035400
  -0.0006433600    0.0002481100   -0.0004284300
   0.0003281700   -0.0000190600    0.0002992100
   0.0010405500    0.0000777000   -0.0006262200
  -0.0006263500   -0.0000636900    0.0000371200
   0.0004354200   -0.0004984200    0.0000107100
  -0.0011409200   -0.0006942200    0.0001622100
   0.0000192100   -0.0000904600    0.0006807000
  -0.0003193800    0.0002488700    0.0001956200
   0.0006338800   -0.0002420600   -0.0000937900
  -0.0003092700   -0.0009747900   -0.0001557300
   0.0007453400    0.0000056700   -0.0000437400
   0.0012009000    0.0002508500   -0.0027403100
  -0.0016960100   -0.0027147600   -0.0000267100
   0.0002686100   -0.0002697100    0.0009227100
  -0.0001322700    0.0000129700   -0.0005763800
   0.0002030300   -0.0004541900   -0.0002475900
  -0.0004530100   -0.0009553100   -0.0006330900
   0.0000986000    0.0003597400    0.0009217800
  -0.0000635100    0.0013609400    0.0002122300
   0.0002627400    0.0005661300    0.0000517300
   0.0007283900    0.0001902200   -0.0000447900
  -0.0004176600    0.0008634900   -0.0004073400
   0.0001167300   -0.0006866100   -0.0004178700
  -0.0001486300    0.0002868500    0.0003036500
   0.0011715300   -0.0006514200    0.0001531200
   0.0003667500   -0.0005164500    0.0000361400
  -0.0013205800   -0.0001876800   -0.0004191700
   0.0003687100   -0.0006169300   -0.0038965400

56   
  0.0000000000000000   0.0000000000000000  -0.0100000000000000
  -0.0005234900    0.0000757100   -0.0010181600
  -0.0004245700   -0.0002246600   -0.0005975400
  -0.0001373400   -0.0001355500   -0.0005831800
   0.0001964000   -0.0000640500   -0.0005847800
  -0.0001597300    0.0000862400   -0.0012369400
  -0.0000795100    0.0002387400    0.0005024200
  -0.0000040100   -0.0000210500   -0.0000434300
   0.0001456700   -0.0001058200   -0.0006395900
  -0.0001615700   -0.0000878600   -0.0006329200
   0.0003362500    0.0000942400   -0.0003060400
   0.0003408800   -0.0003236200   -0.0003626900
  -0.0001017300    0.0002090700    0.0003785700
   0.0002189500   -0.0000263000   -0.0002088400
   0.0000978800    0.0004463400   -0.0003757700
  -0.0000403200    0.0000131100   -0.0002445900
  -0.0000038400   -0.0002970000    0.0002278900
  -0.0004829700    0.0000372400   -0.0022587800
   0.0001011300   -0.0003683900    0.0002055200
   0.0002817200    0.0001595800    0.0002355500
   0.0000439300   -0.0006614000   -0.0026144400
   0.0002469100    0.0002661200    0.0001813100
  -0.0003583900    0.0000706600    0.0001930800
  -0.0000058400    0.0001355700   -0.0005896400
   0.0001072800   -0.0001156000   -0.0002359900
   0.0001298300   -0.0000279200    0.0005496000
  -0.0000430400    0.0001749400   -0.0006079200
  -0.0001244300    0.0002164800   -0.0000015700
  -0.0002483000    0.0001388100    0.0002372600
   0.0001864200   -0.0003365800   -0.0010352700
   0.0000399000    0.0000007000   -0.0002451700
   0.0002366200   -0.0002972400   -0.0005728700
   0.0000742900   -0.0000463500   -0.0005711200
  -0.0004568100   -0.0001238300   -0.0004165200
  -0.0074836700    0.0329457300   -0.0467023200
  -0.0000041100   -0.0000611800   -0.0002547800
   0.0311820800   -0.0095541400   -0.0462806300
  -0.0250295400   -0.0233739000   -0.0458621800
   0.0003924900    0.0003301600   -0.0023214000
  -0.0000536500   -0.0004158900    0.0008344400
  -0.0001161500    0.0006576200   -0.0001890900
  -0.0000249900   -0.0000713200   -0.0000366500
   0.0003941200   -0.0002390600    0.0003596100
   0.0001747300    0.0004191300    0.0000476800
  -0.0000912400   -0.0000897000   -0.0029918200
  -0.0022990700    0.0003838600   -0.0000964200
  -0.0000439600   -0.0000634300    0.0025112500
  -0.0003658800   -0.0001078200    0.0009150800
  -0.0022079200    0.0002831700    0.0005749900
   0.0001918400   -0.0022646700   -0.0006474400
  -0.0004012100   -0.0000678100    0.0012302500
   0.0010190800    0.0001252600   -0.0000576000
   0.0005492100    0.0013020000   -0.0001565100
   0.0001052200   -0.0000024100    0.0011977100
   0.0008112200   -0.0021709900    0.0038928700
   0.0016986700    0.0010252700    0.0005724400
   0.0010172400    0.0012847300    0.1448803200
   0.0002096800    0.0012534300    0.0038095600
  -0.0015019400    0.0004541200   -0.0182755500
   0.0002677000   -0.0023999100   -0.0005155300
   0.0008961700    0.0002635800    0.0001833400
  -0.0004076700    0.0007020600    0.0001805000
   0.0002954700    0.0005853800    0.0006423600
   0.0000236200    0.0001809000   -0.0003602700
   0.0001243400   -0.0003280600    0.0012208300
  -0.0006242800    0.0008425900   -0.0000564200
  -0.0009131300   -0.0010632300    0.0038186600
   0.0009929900    0.0010298600    0.0046022400
   0.0010354400    0.0008760400    0.0003568900
  -0.0005949300    0.0008628700   -0.0006196000
   0.0002143500   -0.0013035300    0.0003626300
   0.0000772300    0.0000910800   -0.0005817900
  -0.0004899600    0.0000423500   -0.0002478800
   0.0000545700   -0.0001072600   -0.0005830300
   0.0002884100    0.0003878700   -0.0002582600
   0.0005302700    0.0004253400   -0.0004254100
  -0.0001798700   -0.0002838400    0.0002963400
  -0.0000017100   -0.0000061800    0.0019335900
  -0.0000027100   -0.0000102100   -0.0033230200
  -0.0002120800   -0.0007492300   -0.0000318000
   0.0009583100   -0.0000792300   -0.0004091800
   0.0000545700    0.0000469700    0.0006643400
   0.0008195100   -0.0010608600   -0.0004209700
  -0.0000978200    0.0000202300    0.0006956900
   0.0004996400    0.0012274000   -0.0004187200
  -0.0005308400    0.0005378100   -0.0000262700
  -0.0005427900   -0.0008053300   -0.0004087900
  -0.0006463200    0.0002199900   -0.0004243100
   0.0003243200   -0.0000258700    0.0002983900
   0.0010561800    0.0000839300   -0.0005958900
  -0.0006294900   -0.0000691800    0.0000266700
   0.0003216200   -0.0005206900    0.0006399600
  -0.0011479900   -0.0006911500    0.0001294600
   0.0000224800   -0.0000925400    0.0006693700
  -0.0002403000    0.0001577800    0.0008603300
   0.0007340600   -0.0003451500   -0.0001916300
  -0.0001915400   -0.0008961800   -0.0001448800
   0.0007388300   -0.0000271500    0.0005133800
  -0.0007883600    0.0004215400    0.0052085800
   0.0008806500    0.0007524800   -0.0006514900
   0.0002639600   -0.0002752600    0.0009183700
  -0.0001341200   -0.0000070500   -0.0005786400
   0.0001969500   -0.0004589300   -0.0002525800
  -0.0004440500   -0.0009633700   -0.0005931400
   0.0000975300    0.0003520900    0.0009197400
   0.0000185100    0.0012913600    0.0000785400
   0.0002587800    0.0005637600    0.0000128100
   0.0007561200    0.0001862200    0.0000064700
  -0.0004201200    0.0008582300   -0.0004087600
   0.0001099900   -0.0006856400   -0.0004343000
  -0.0001509200    0.0002803700    0.0002934400
   0.0011582900   -0.0006565200    0.0001377800
   0.0003633000   -0.0005226100    0.0000289800
  -0.0013239400   -0.0001924500   -0.0004222100
  -0.0012696500    0.0002540300    0.0040037600

57   
  0.0080295506854697   0.0059603956067927   0.0000000000000000
  -0.0005001000   -0.0000613900   -0.0002560900
  -0.0042053400   -0.0003488100    0.0012613800
  -0.0001392300   -0.0001179900   -0.0005873500
   0.0001774700   -0.0000438500   -0.0005902600
  -0.0001174100    0.0001553400   -0.0002967300
  -0.0000449500    0.0002403300    0.0006125700
  -0.0000086500    0.0000052800   -0.0000246800
   0.0001421500   -0.0000980000   -0.0006405600
  -0.0001709700   -0.0000787400   -0.0006357800
   0.0008664900   -0.0004589500   -0.0002522000
   0.0003354400   -0.0003016400   -0.0003742900
   0.0003053200    0.0002333500    0.0008300100
   0.0003072900   -0.0033973400    0.0010275100
   0.0000904300    0.0004509000   -0.0003740700
  -0.0000323500    0.0000315500   -0.0002433800
  -0.0000093400   -0.0002849100    0.0002249200
   0.0102061400    0.0224495400   -0.0135016800
   0.0001135600   -0.0003478300    0.0001926500
   0.0002497400    0.0001426500    0.0002185400
  -0.0004576900    0.0005113000   -0.0003552600
   0.0002557200    0.0002800600    0.0002091700
  -0.0003683300    0.0000787700    0.0001943800
   0.0000117800    0.0001809100   -0.0006467100
   0.0000130300   -0.0001595800   -0.0001274400
   0.0002981700    0.0003079500    0.0010171700
  -0.0000423200    0.0001856100   -0.0005946600
   0.0000454100    0.0000051600   -0.0000834300
  -0.0002544500    0.0001464200    0.0002223200
   0.0003294400    0.0006124000   -0.0005976900
   0.0000309300    0.0000177100   -0.0002382700
   0.0375781100    0.0325147100    0.0340308600
  -0.0001985400    0.0000926500    0.0003557900
  -0.0004438600   -0.0001342900   -0.0003668200
   0.0013353300    0.0020971500   -0.0023075700
  -0.0000123400   -0.0000396700   -0.0002416600
   0.0006692000    0.0000426700   -0.0008702400
   0.0322799300    0.0037930700   -0.0201613100
  -0.0001116500   -0.0001538700   -0.0001868700
  -0.0000400000   -0.0003759300    0.0005797800
  -0.0002541900    0.0009331700   -0.0002094500
  -0.0002985900   -0.0000068600   -0.0002435600
   0.0001859100   -0.0002845500   -0.0000320500
   0.0000982000    0.0005509000   -0.0000080300
   0.0010020700    0.0048751600   -0.0025096000
  -0.0026403900   -0.0023169500    0.0004377700
  -0.0016360200    0.0027133300    0.0044037000
  -0.0003678100   -0.0000943200    0.0009247700
  -0.0000098900    0.0005058700    0.0004715000
   0.0001385100   -0.0000264100   -0.0002792800
  -0.0003392100    0.0000331300    0.0011601500
   0.0010376000   -0.0000960600   -0.0002612600
   0.0006142900    0.0011214500   -0.0001440700
   0.0001440700   -0.0001221800    0.0009421100
   0.0005091400   -0.0013046200   -0.0000277300
  -0.0000343700   -0.0000179500    0.0008376800
   0.0054965300    0.0005998600   -0.0007388700
  -0.0877245300   -0.0646417500   -0.0000347200
  -0.0005246000    0.0010407300   -0.0005453200
  -0.0011468800   -0.0032237100   -0.0017178600
   0.0009176000    0.0001222600   -0.0001906000
  -0.0003536400    0.0006638500    0.0002743400
   0.0002329700    0.0004552400    0.0003688100
   0.0000601300    0.0001145500   -0.0002541300
   0.0001539700   -0.0019724600    0.0016710200
  -0.0028045200    0.0004503200   -0.0014837400
  -0.0005723300    0.0056430900   -0.0011927000
  -0.0001302800   -0.0009148600    0.0007525100
   0.0009565000    0.0009345900    0.0004075300
  -0.0006043100    0.0008689100   -0.0006068800
   0.0004469600   -0.0014446800    0.0003421900
   0.0000667900    0.0001067400   -0.0005658200
  -0.0004953400    0.0000542100   -0.0002422400
   0.0000532400   -0.0001253400   -0.0005263500
   0.0002828400    0.0003991600   -0.0002427100
   0.0005304500    0.0004404300   -0.0004174400
  -0.0001905100   -0.0002739700    0.0003064000
  -0.0000039400   -0.0000017800    0.0018832200
  -0.0000050900    0.0000047200   -0.0033159300
  -0.0002135000   -0.0007331700   -0.0000184100
   0.0009549100   -0.0000672700   -0.0003986900
   0.0000593700    0.0000642400    0.0006820800
   0.0008139100   -0.0010511200   -0.0004136400
  -0.0000893500    0.0000309900    0.0006772500
   0.0004970200    0.0012393100   -0.0004132900
  -0.0005437400    0.0005656300   -0.0000656100
  -0.0005487100   -0.0007957500   -0.0004009700
  -0.0006566400    0.0002369500   -0.0004156400
   0.0003215800   -0.0000127100    0.0003042300
   0.0010381500    0.0000906800   -0.0005979100
  -0.0006322900   -0.0000574000    0.0000393700
   0.0003424100   -0.0005004400    0.0003516200
  -0.0011444600   -0.0006798400    0.0001406000
   0.0000145600   -0.0000804400    0.0006692600
   0.0053356400    0.0013721400    0.0012106300
   0.0031779600   -0.0018711500    0.0019668700
  -0.0004770300   -0.0011241500   -0.0002224500
   0.0007886100    0.0000694200    0.0002194100
   0.0001433100    0.0004007800    0.0012175300
  -0.0004457400   -0.0008749100   -0.0003109200
   0.0002615300   -0.0002632700    0.0009267400
  -0.0001355800    0.0000087100   -0.0005713000
   0.0001949000   -0.0004483200   -0.0002425500
  -0.0004632800   -0.0009500900   -0.0006009500
   0.0000918600    0.0003654400    0.0009282900
  -0.0000410600    0.0013467100    0.0001641800
   0.0002569600    0.0005755700    0.0000396900
   0.0007479500    0.0002204400   -0.0000031100
  -0.0004245100    0.0008675800   -0.0004035300
   0.0001066200   -0.0006787600   -0.0004238000
  -0.0001549600    0.0002933700    0.0003063200
   0.0011595000   -0.0006484900    0.0001464100
   0.0003594700   -0.0005096100    0.0000381300
  -0.0013273400   -0.0001815300   -0.0004147400
  -0.0006429100   -0.0001555300    0.0000734700

57   
 -0.0080295506854697  -0.0059603956067927   0.0000000000000000
  -0.0004410600    0.0001342600   -0.0000070800
   0.0035288600   -0.0000632500   -0.0005167100
  -0.0001475100   -0.0001228400   -0.0005907500
   0.0001572300   -0.0000685400   -0.0005882500
  -0.0002378900    0.0000796100   -0.0002758800
  -0.0001358700    0.0002396100    0.0003096100
  -0.0000047000   -0.0000038600   -0.0000107800
   0.0001382400   -0.0001051000   -0.0006350600
  -0.0001710100   -0.0000735200   -0.0006409100
  -0.0005861700    0.0007059100   -0.0003924500
   0.0003251100   -0.0003151400   -0.0003644600
  -0.0003101900    0.0005296300   -0.0000910900
   0.0000109100    0.0036152400   -0.0015953700
   0.0000934900    0.0004474500   -0.0003635400
  -0.0000509300    0.0000289800   -0.0002371200
  -0.0000104300   -0.0002905700    0.0002316200
  -0.0102583600   -0.0224419100    0.0132826300
   0.0000954100   -0.0003625500    0.0002112100
   0.0002390600    0.0001460000    0.0002386800
   0.0004142600   -0.0009204200   -0.0002206400
   0.0002283200    0.0002733600    0.0001938300
  -0.0003744500    0.0000806200    0.0002084300
  -0.0000027300    0.0001800700   -0.0006286800
   0.0000307700   -0.0002208800   -0.0005106300
   0.0001655500   -0.0004222100   -0.0000928700
  -0.0000515400    0.0001775500   -0.0005840800
  -0.0001132200    0.0000819000    0.0000382600
  -0.0002600800    0.0001488400    0.0002333400
   0.0000647400   -0.0014146300    0.0003292800
   0.0000398300    0.0000149200   -0.0002417500
  -0.0380153200   -0.0339263500   -0.0347107800
   0.0001807300   -0.0000919700    0.0003576900
  -0.0004479200   -0.0001415400   -0.0003715100
  -0.0007861100   -0.0012977500    0.0020336200
  -0.0000137900   -0.0000496200   -0.0002384000
  -0.0010205600    0.0000982700    0.0002282500
  -0.0322143800   -0.0042460800    0.0206199200
   0.0001987300    0.0001603400    0.0001424600
  -0.0000575200   -0.0003220700    0.0004747300
   0.0000540900    0.0005360600   -0.0000523400
   0.0000773800   -0.0000902100   -0.0003512800
   0.0005561500   -0.0003107900    0.0001185200
   0.0000221700    0.0004094900    0.0000934500
  -0.0010303800   -0.0049809700   -0.0034966300
   0.0018786200    0.0010489700    0.0001183600
   0.0016514600   -0.0027630100    0.0000311700
  -0.0003742100   -0.0000994500    0.0009301000
  -0.0000679500   -0.0002647200    0.0014157300
   0.0000326600   -0.0001018700   -0.0003153400
  -0.0004847400   -0.0000141200    0.0012753200
   0.0010269600    0.0003630200   -0.0003889300
   0.0005277800    0.0012762500   -0.0001580900
   0.0000626900    0.0000159200    0.0009302500
   0.0009659100   -0.0009001800   -0.0002693500
  -0.0001853400   -0.0001170300    0.0010263000
  -0.0066363100   -0.0007442700    0.0013799200
   0.0888869200    0.0669162900    0.0006991000
  -0.0020000000   -0.0003040700    0.0013969100
  -0.0000568400    0.0022712300    0.0014385900
   0.0009253300    0.0003721000   -0.0000983900
  -0.0003925100    0.0006241300    0.0002009400
   0.0002398200    0.0007058000    0.0002942100
  -0.0000628700    0.0001180400   -0.0003467500
   0.0002497800    0.0012418700    0.0007795400
   0.0014871100    0.0012149800    0.0008327300
  -0.0020978500   -0.0057485700    0.0008865000
   0.0007396200    0.0012137200    0.0003207600
   0.0009499100    0.0008424300    0.0004282200
  -0.0006102500    0.0008632100   -0.0006035800
   0.0001117600   -0.0011020200    0.0004965400
   0.0000667100    0.0001163900   -0.0005751800
  -0.0005002300    0.0000509700   -0.0002375100
   0.0000458300   -0.0001145700   -0.0006170200
   0.0002781600    0.0003978200   -0.0002357400
   0.0005151200    0.0004379000   -0.0004201200
  -0.0001801000   -0.0002714000    0.0003102600
  -0.0000139000    0.0000044000    0.0020043300
  -0.0000127000   -0.0000020600   -0.0033088700
  -0.0002076700   -0.0007431200   -0.0000090200
   0.0009514100   -0.0000714900   -0.0003951900
   0.0000510500    0.0000594500    0.0006841500
   0.0008093000   -0.0010527200   -0.0004088200
  -0.0000945900    0.0000214300    0.0006887700
   0.0004922000    0.0012369400   -0.0004081700
  -0.0005487900    0.0005269800    0.0000402700
  -0.0005483900   -0.0007960500   -0.0003931600
  -0.0006475300    0.0002469800   -0.0004200400
   0.0003164900   -0.0000163800    0.0003104800
   0.0010438600    0.0000850700   -0.0006087200
  -0.0006381900   -0.0000595600    0.0000426300
   0.0004008500   -0.0004986300    0.0003026500
  -0.0011593900   -0.0006894500    0.0001675000
   0.0000119900   -0.0000876100    0.0006967700
  -0.0060564800   -0.0009690400   -0.0001739200
  -0.0018594400    0.0013171700   -0.0022622600
  -0.0000330300   -0.0007251800   -0.0000691100
   0.0006790400   -0.0000758000    0.0002593800
   0.0002603800    0.0002914600    0.0012237200
  -0.0003785000   -0.0010570900   -0.0003463800
   0.0002561900   -0.0002655900    0.0009326000
  -0.0001458300    0.0000133100   -0.0005666600
   0.0001900100   -0.0004489300   -0.0002400700
  -0.0004504800   -0.0009538400   -0.0006092100
   0.0000879700    0.0003614100    0.0009311200
  -0.0000180900    0.0013203800    0.0001424600
   0.0002500000    0.0005697300    0.0000433300
   0.0007216100    0.0001713600   -0.0000195400
  -0.0004283700    0.0008691700   -0.0003945600
   0.0001042300   -0.0006781600   -0.0004124500
  -0.0001603200    0.0002894200    0.0003088900
   0.0011550100   -0.0006438100    0.0001605800
   0.0003550500   -0.0005137200    0.0000450600
  -0.0013323800   -0.0001835200   -0.0004082100
  -0.0002744400   -0.0002040000    0.0000077500

57   
 -0.0011470786693528   0.0099339926779878   0.0000000000000000
  -0.0005010300    0.0000587100   -0.0003343300
  -0.0012674300    0.0015624800    0.0025773900
  -0.0001466200   -0.0000991100   -0.0006035600
   0.0001685300   -0.0000262400   -0.0006055300
  -0.0001800300    0.0002092100   -0.0003074400
  -0.0000404800    0.0000503800    0.0006028600
  -0.0000129300    0.0000209500   -0.0000288700
   0.0001358600   -0.0000787800   -0.0006545900
  -0.0001789300   -0.0000599900   -0.0006495200
   0.0004298900    0.0003664300   -0.0008102100
   0.0003244300   -0.0002798200   -0.0003907200
   0.0004679000    0.0011519600    0.0008717000
  -0.0016864600   -0.0032796800   -0.0011403900
   0.0000834000    0.0004658300   -0.0003826600
  -0.0000489100    0.0000565100   -0.0002581200
  -0.0000181600   -0.0002659600    0.0002109400
  -0.0096344700    0.0488184500   -0.0346323200
   0.0001034400   -0.0003294600    0.0001954300
   0.0002400000    0.0001745000    0.0002179500
  -0.0007941500    0.0003801900    0.0001474200
   0.0002327100    0.0003037800    0.0001991800
  -0.0003771000    0.0000965000    0.0001844200
  -0.0000007800    0.0002015100   -0.0006680000
   0.0001054700   -0.0001206300   -0.0002638500
  -0.0005803900   -0.0000413200    0.0005492700
  -0.0000516400    0.0002045800   -0.0006045600
   0.0000297700   -0.0000056400    0.0000862100
  -0.0002606700    0.0001647700    0.0002105800
  -0.0001026600   -0.0000857600   -0.0006828500
   0.0000306500    0.0000356300   -0.0002541100
   0.0131490500    0.0301757200    0.0208282100
   0.0000085000    0.0000516900    0.0001836900
  -0.0004514600   -0.0001189900   -0.0003887800
   0.0033706500   -0.0012043900   -0.0014516600
  -0.0000164400   -0.0000243600   -0.0002536500
   0.0006653700    0.0004174100   -0.0004087300
  -0.0147078700    0.0199777000    0.0141150700
  -0.0001281400   -0.0001019600   -0.0000472600
  -0.0001269400   -0.0003574600    0.0005197800
  -0.0002035800    0.0007664400   -0.0001584000
  -0.0003651200   -0.0000680200   -0.0002413100
   0.0004667700   -0.0003549700    0.0000726000
   0.0000845000    0.0004890300   -0.0000285500
   0.0023766200    0.0055729000   -0.0020597300
  -0.0000751300   -0.0034429900    0.0004273900
  -0.0002286600    0.0010018000    0.0031593400
  -0.0003759000   -0.0000761500    0.0009129900
   0.0025359900    0.0014349100   -0.0010641700
   0.0000445000   -0.0000103800   -0.0003073200
  -0.0003382800    0.0000294500    0.0011842900
   0.0010978700    0.0001564600   -0.0003430900
   0.0005501500    0.0011944700   -0.0002058300
   0.0003303300    0.0000197800    0.0009952300
   0.0006232800   -0.0012314200   -0.0000996000
  -0.0000631300    0.0000114800    0.0008625500
   0.0005775000   -0.0009231000   -0.0001556300
   0.0132631900   -0.1110577400    0.0013490200
  -0.0020734500   -0.0016125300    0.0016684700
  -0.0009459100   -0.0001677800    0.0003097200
   0.0009866100   -0.0000221400   -0.0002793700
  -0.0003849600    0.0007544600    0.0003089500
   0.0002982400    0.0003004000    0.0003889300
  -0.0000219500    0.0001691300   -0.0003519200
  -0.0037335100    0.0031894300    0.0005423400
  -0.0037681000    0.0007498700   -0.0024327300
   0.0006259800    0.0057871300   -0.0009866500
  -0.0039718800    0.0033631200    0.0014486500
   0.0009010100    0.0009872400    0.0004133700
  -0.0006114900    0.0008834000   -0.0006249400
   0.0004789000   -0.0013684200    0.0003335300
   0.0000577600    0.0001304600   -0.0005773600
  -0.0005030900    0.0000737300   -0.0002547400
   0.0000425100   -0.0001098800   -0.0005572200
   0.0002759800    0.0004177200   -0.0002550500
   0.0005176100    0.0004635400   -0.0004367700
  -0.0001925100   -0.0002613500    0.0002924800
  -0.0000184900    0.0000189900    0.0018972300
  -0.0000151300    0.0000242000   -0.0033288100
  -0.0002174200   -0.0007147700   -0.0000280800
   0.0009482000   -0.0000487100   -0.0004119700
   0.0000518900    0.0000784800    0.0006711800
   0.0008065600   -0.0010319600   -0.0004255700
  -0.0000941600    0.0000495000    0.0006675000
   0.0004897000    0.0012591100   -0.0004265000
  -0.0005498600    0.0005808400   -0.0000549200
  -0.0005525100   -0.0007769800   -0.0004139000
  -0.0006607200    0.0002588100   -0.0004272700
   0.0003138800    0.0000057900    0.0002916000
   0.0010306800    0.0001142700   -0.0006181700
  -0.0006407300   -0.0000382400    0.0000268800
   0.0003769200   -0.0004059800    0.0003522400
  -0.0011502600   -0.0006581800    0.0001340000
   0.0000100700   -0.0000665500    0.0006665900
   0.0004261300   -0.0006922000    0.0002464300
   0.0028017600   -0.0019998100    0.0015279300
  -0.0003772100   -0.0010554100   -0.0001956100
   0.0007280800    0.0000782300    0.0002006200
   0.0001578400    0.0004338800    0.0012600400
  -0.0005464700   -0.0010860900   -0.0004033000
   0.0002541400   -0.0002444000    0.0009141100
  -0.0001405200    0.0000224000   -0.0005836100
   0.0001876900   -0.0004290600   -0.0002550300
  -0.0004782000   -0.0009380100   -0.0005924300
   0.0000847400    0.0003839200    0.0009158600
  -0.0000326400    0.0013391800    0.0001208200
   0.0002469400    0.0005948200    0.0000262800
   0.0007343000    0.0002107000   -0.0000381000
  -0.0004301500    0.0008872600   -0.0004149900
   0.0000987200   -0.0006612100   -0.0004407000
  -0.0001629300    0.0003123300    0.0002934800
   0.0011526400   -0.0006287100    0.0001342300
   0.0003517000   -0.0004906800    0.0000260600
  -0.0013361200   -0.0001622400   -0.0004289600
  -0.0003596900   -0.0002283200   -0.0000130600

57   
  0.0011470786693528  -0.0099339926779878   0.0000000000000000
  -0.0004260300    0.0000415200    0.0000557100
   0.0005926800   -0.0019588700   -0.0018729700
  -0.0001325700   -0.0001174100   -0.0005894500
   0.0001739200   -0.0000617600   -0.0005874300
  -0.0001695400    0.0000532800   -0.0002815200
  -0.0001336700    0.0004561200    0.0003041800
   0.0000064100    0.0000048500   -0.0000210500
   0.0001521300   -0.0001005300   -0.0006358900
  -0.0001556800   -0.0000678400   -0.0006416900
  -0.0001424900   -0.0000717700    0.0001596100
   0.0003425400   -0.0003127300   -0.0003622100
  -0.0004617700   -0.0003875600   -0.0001568700
   0.0020035000    0.0034908400    0.0005633800
   0.0001082700    0.0004568600   -0.0003692700
  -0.0000266500    0.0000282300   -0.0002373800
   0.0000053300   -0.0002852800    0.0002315100
   0.0092648300   -0.0475134000    0.0331784500
   0.0001126900   -0.0003572000    0.0001942100
   0.0002555000    0.0001390800    0.0002252500
   0.0007779000   -0.0007951300   -0.0007422300
   0.0002594200    0.0002742000    0.0001893000
  -0.0003586500    0.0000868600    0.0002039400
   0.0000174000    0.0001833600   -0.0006219500
  -0.0000526600   -0.0002354300   -0.0003911800
   0.0010790200   -0.0000314300    0.0003511400
  -0.0000345300    0.0001825700   -0.0005886200
  -0.0000928700    0.0001231100   -0.0001477200
  -0.0002457100    0.0001543200    0.0002306200
   0.0004861100   -0.0006911700    0.0004090500
   0.0000485700    0.0000206800   -0.0002407400
  -0.0127942500   -0.0308852500   -0.0205873500
  -0.0000198600   -0.0000285300    0.0005129000
  -0.0004331300   -0.0001325900   -0.0003637300
  -0.0027999200    0.0020086800    0.0011795500
  -0.0000024400   -0.0000399300   -0.0002410100
  -0.0010463200   -0.0002553200   -0.0002522900
   0.0144596500   -0.0203880100   -0.0133883900
   0.0002224900    0.0001329800   -0.0000140000
   0.0000360300   -0.0003122400    0.0005219100
   0.0000064700    0.0007288800   -0.0001205100
   0.0001480900   -0.0000071100   -0.0003698200
   0.0002814900   -0.0002139300   -0.0000020800
   0.0000420800    0.0004962300    0.0000942500
  -0.0024423500   -0.0056628100   -0.0039536800
  -0.0006796200    0.0021944600    0.0001145800
   0.0001849600   -0.0009474900    0.0012993600
  -0.0003584800   -0.0000929000    0.0009249800
  -0.0025329800   -0.0011447400    0.0028912400
   0.0001352600   -0.0000926500   -0.0003038500
  -0.0004807800    0.0000169200    0.0012344300
   0.0009743000    0.0001360500   -0.0003225300
   0.0006003000    0.0012300600   -0.0001153400
  -0.0001133000   -0.0001010800    0.0008605400
   0.0008629100   -0.0009450800   -0.0002157600
  -0.0001499500   -0.0001265600    0.0009879600
  -0.0018708300    0.0007781400    0.0008089000
  -0.0130844200    0.1083165600    0.0010581300
  -0.0004210900    0.0024461000   -0.0008428700
  -0.0002233500   -0.0006592900   -0.0005800800
   0.0008641600    0.0005464600   -0.0000215700
  -0.0003513200    0.0005535800    0.0001489800
   0.0001849400    0.0008809400    0.0002556800
   0.0000258800    0.0000860600   -0.0002646100
   0.0040234000   -0.0038122400    0.0018605300
   0.0024320200    0.0009404500    0.0017318500
  -0.0032309900   -0.0058221100    0.0006450100
   0.0046850400   -0.0031020400   -0.0004034400
   0.0010148100    0.0008123000    0.0004021500
  -0.0005958500    0.0008728100   -0.0006000000
   0.0000872100   -0.0011559200    0.0004888500
   0.0000832700    0.0001168800   -0.0005784000
  -0.0004850200    0.0000558900   -0.0002413500
   0.0000639400   -0.0001057600   -0.0005988900
   0.0002921200    0.0004037800   -0.0002402200
   0.0005350900    0.0004391500   -0.0004159100
  -0.0001710700   -0.0002595400    0.0003083400
   0.0000076400    0.0000085400    0.0019743100
   0.0000047000    0.0000027700   -0.0033124100
  -0.0001968000   -0.0007370200   -0.0000138800
   0.0009652000   -0.0000657500   -0.0003980400
   0.0000658800    0.0000689600    0.0006802500
   0.0008241300   -0.0010478700   -0.0004130600
  -0.0000823900    0.0000269400    0.0006836800
   0.0005069400    0.0012413400   -0.0004108700
  -0.0005352100    0.0005360100    0.0000153200
  -0.0005369500   -0.0007904800   -0.0003967600
  -0.0006366100    0.0002489500   -0.0004230100
   0.0003311100   -0.0000111500    0.0003070200
   0.0010582800    0.0000860900   -0.0006023100
  -0.0006229400   -0.0000544600    0.0000388200
   0.0003710400   -0.0005692000    0.0002934600
  -0.0011463700   -0.0006867200    0.0001595000
   0.0000236300   -0.0000772000    0.0006845900
  -0.0009691900    0.0011476600    0.0008099900
  -0.0014886800    0.0014918600   -0.0018233200
  -0.0001299100   -0.0007718100   -0.0001078400
   0.0007443800   -0.0000621200    0.0002643400
   0.0002573400    0.0002846400    0.0011692800
  -0.0002687900   -0.0008202400   -0.0002697200
   0.0002710400   -0.0002604000    0.0009286700
  -0.0001333400    0.0000234900   -0.0005688800
   0.0002046800   -0.0004442500   -0.0002442200
  -0.0004282200   -0.0009417800   -0.0006322000
   0.0001026400    0.0003669200    0.0009266200
  -0.0000190500    0.0013525900    0.0001721100
   0.0002675000    0.0005746700    0.0000404600
   0.0007429900    0.0002046600    0.0000003900
  -0.0004154100    0.0008734800   -0.0003996700
   0.0001196700   -0.0006717200   -0.0004102200
  -0.0001449700    0.0002947600    0.0003056900
   0.0011687800   -0.0006391900    0.0001578400
   0.0003698000   -0.0005085100    0.0000410200
  -0.0013163900   -0.0001784800   -0.0004101700
  -0.0005481400   -0.0001046000    0.0000825400

57   
  0.0000000000000000   0.0000000000000000   0.0100000000000000
  -0.0003502900    0.0000007600   -0.0002189000
  -0.0004292900    0.0002558100    0.0026415200
  -0.0001458500   -0.0001232600   -0.0005942700
   0.0001753100   -0.0000081000   -0.0006057700
  -0.0001830600    0.0001014700   -0.0003414700
   0.0000022800    0.0000552000    0.0004223000
  -0.0000021900   -0.0000209700   -0.0000109100
   0.0001411600   -0.0001098300   -0.0006310800
  -0.0001726000   -0.0000875700   -0.0006545400
   0.0000996800    0.0000622000    0.0005373800
   0.0003358800   -0.0003177900   -0.0003723200
   0.0000503800    0.0003917700    0.0013273400
   0.0006674100    0.0000027000    0.0019624200
   0.0000947200    0.0004362100   -0.0003773300
  -0.0000501300    0.0000260100   -0.0002428500
  -0.0000137100   -0.0002900300    0.0002181200
   0.0073272700   -0.0308609500    0.0452920700
   0.0001095600   -0.0003636200    0.0002106000
   0.0002760300    0.0001032100    0.0002721800
  -0.0000616500   -0.0002222600    0.0006626600
   0.0001983100    0.0002389200    0.0001751300
  -0.0003659100    0.0000727800    0.0002012800
  -0.0000011300    0.0001789500   -0.0006290600
  -0.0000124100   -0.0000890000   -0.0004126100
   0.0003028500    0.0000003700    0.0014142200
  -0.0000545500    0.0001701000   -0.0005854800
  -0.0001192600   -0.0000517000   -0.0001215000
  -0.0002576800    0.0001421600    0.0002482200
   0.0002539400   -0.0003818900    0.0007591000
   0.0000254000    0.0000153000   -0.0002450300
   0.0235928300    0.0218097600    0.0453736700
  -0.0002039300    0.0000139400    0.0003375400
  -0.0004527300   -0.0001541900   -0.0003733900
  -0.0001241500    0.0000333600    0.0021342100
  -0.0000157300   -0.0000571900   -0.0002475500
  -0.0002517100    0.0001020600    0.0006046900
  -0.0305575600    0.0090938300    0.0455314500
   0.0001503300    0.0001544500   -0.0000476400
  -0.0000105800   -0.0003868300    0.0001988900
  -0.0000636600    0.0006601500   -0.0000844600
  -0.0001845800   -0.0000614900   -0.0002443800
   0.0004316800   -0.0003390700    0.0000362200
   0.0000063800    0.0004505700   -0.0002640600
  -0.0006247200   -0.0008075300   -0.0069853200
  -0.0001287800   -0.0005857300    0.0188347600
  -0.0008890900    0.0019349300    0.0025699500
  -0.0003719200   -0.0001064200    0.0009295200
  -0.0018881600   -0.0010214900    0.0013013100
   0.0000061600   -0.0000529000   -0.0005673600
  -0.0004356600   -0.0000601000    0.0008947600
   0.0010130400    0.0000506900   -0.0002751600
   0.0006351400    0.0011980000   -0.0004520800
   0.0001693000   -0.0000506700    0.0009746900
   0.0006767200   -0.0011450900   -0.0001496100
  -0.0001083500   -0.0000701700    0.0006565600
   0.0002798900   -0.0002392600   -0.0035932100
   0.0000715200    0.0008813700   -0.1417978300
  -0.0025277900   -0.0013273400    0.0007396800
  -0.0006945200    0.0017227300    0.0002184200
   0.0009128600    0.0003112700   -0.0001537000
  -0.0003525700    0.0006344500   -0.0000220400
   0.0002735100    0.0004537100    0.0003289900
  -0.0000149300    0.0000878200   -0.0005717900
  -0.0001871000    0.0005491300   -0.0027443300
   0.0015292900    0.0006619100    0.0000337700
  -0.0014251200    0.0008524200   -0.0041586800
   0.0011449400   -0.0003204200   -0.0034071100
   0.0009688500    0.0008115500    0.0001663700
  -0.0006072800    0.0008472400   -0.0005885600
   0.0002340000   -0.0012329900    0.0004655100
   0.0000667300    0.0001144200   -0.0005623700
  -0.0004988600    0.0000436500   -0.0002373100
   0.0000348600   -0.0001276300   -0.0005957200
   0.0002811100    0.0003896600   -0.0002380000
   0.0004495200    0.0004571100   -0.0002868800
  -0.0001854800   -0.0002819600    0.0003383000
  -0.0000266300    0.0000021200    0.0019315700
  -0.0000098800   -0.0000092900   -0.0033111600
  -0.0002088000   -0.0007535300   -0.0000067200
   0.0009525700   -0.0000781400   -0.0003919900
   0.0000578100    0.0000533900    0.0006905500
   0.0008109300   -0.0010611200   -0.0004070300
  -0.0000914600    0.0000182900    0.0006899000
   0.0004933600    0.0012282800   -0.0004098600
  -0.0005372600    0.0005339400   -0.0000063100
  -0.0005500200   -0.0008043600   -0.0003922600
  -0.0006534900    0.0002284600   -0.0004126700
   0.0003191700   -0.0000225600    0.0003074600
   0.0010465000    0.0000769800   -0.0005917700
  -0.0006357500   -0.0000680700    0.0000440600
   0.0003184400   -0.0004657800    0.0000030700
  -0.0011661000   -0.0006958000    0.0001588600
   0.0000028900   -0.0000885500    0.0006735300
  -0.0011045400   -0.0003993800   -0.0034342400
   0.0025469000   -0.0012580100    0.0001618300
  -0.0001740400   -0.0008494200   -0.0001555900
   0.0007814500    0.0000403100   -0.0000336000
   0.0002191100    0.0003897000    0.0009173000
  -0.0003873900   -0.0009054000   -0.0002843800
   0.0002584800   -0.0002738600    0.0009346900
  -0.0001437400    0.0000068200   -0.0005603500
   0.0001905300   -0.0004585100   -0.0002417800
  -0.0004616500   -0.0009543200   -0.0006127700
   0.0000887500    0.0003549600    0.0009334400
  -0.0000231700    0.0013198000    0.0001591600
   0.0002521000    0.0005618000    0.0000423000
   0.0007421700    0.0001879800   -0.0000348500
  -0.0004259900    0.0008606200   -0.0004015400
   0.0001005000   -0.0006952000   -0.0004157400
  -0.0001586200    0.0002813200    0.0003082900
   0.0011550300   -0.0006525500    0.0001557700
   0.0003578300   -0.0005215900    0.0000452400
  -0.0013308800   -0.0001910400   -0.0004100600
  -0.0005693100   -0.0001569500    0.0000355100

57   
  0.0000000000000000   0.0000000000000000  -0.0100000000000000
  -0.0005900700    0.0000729400   -0.0000533400
  -0.0002806700   -0.0005886400   -0.0019224100
  -0.0001415300   -0.0001246900   -0.0005903700
   0.0001583600   -0.0001140800   -0.0005780600
  -0.0001730100    0.0001274200   -0.0002474400
  -0.0001910400    0.0004216300    0.0004872300
  -0.0000116000    0.0000159600   -0.0000314600
   0.0001385600   -0.0001000000   -0.0006510300
  -0.0001708400   -0.0000733500   -0.0006277500
   0.0001507100    0.0002063100   -0.0011955900
   0.0003233700   -0.0003057700   -0.0003724100
  -0.0000521600    0.0003361300   -0.0006141200
  -0.0002680800    0.0001657500   -0.0025507000
   0.0000887700    0.0004553300   -0.0003666600
  -0.0000335400    0.0000269600   -0.0002443800
  -0.0000067100   -0.0002934200    0.0002325700
  -0.0076557100    0.0318778900   -0.0461856800
   0.0000994100   -0.0003550400    0.0001869200
   0.0002104500    0.0001799300    0.0001770500
   0.0000469100   -0.0002316700   -0.0012557400
   0.0002874000    0.0003097700    0.0002223900
  -0.0003798600    0.0000789800    0.0001956000
   0.0000093600    0.0001757200   -0.0006528400
   0.0000559200   -0.0003048800   -0.0002362000
   0.0001395300   -0.0001137000   -0.0005145000
  -0.0000401700    0.0001863800   -0.0005998000
   0.0000547600    0.0001362800    0.0000665000
  -0.0002577500    0.0001444300    0.0002002700
   0.0001399700   -0.0004209000   -0.0010411700
   0.0000449800    0.0000093800   -0.0002410000
  -0.0237730500   -0.0229935000   -0.0454347900
   0.0001908400   -0.0000166000    0.0003627100
  -0.0004401700   -0.0001294000   -0.0003707800
   0.0006055600    0.0006894100   -0.0024118900
  -0.0000112500   -0.0000379900   -0.0002387800
  -0.0000935400    0.0000346600   -0.0012636100
   0.0312955500   -0.0098045300   -0.0454305400
  -0.0000626200   -0.0001592200   -0.0000097300
  -0.0000871100   -0.0003151000    0.0008617700
  -0.0001407700    0.0008047400   -0.0001880400
  -0.0000374700   -0.0000448500   -0.0003601800
   0.0003096800   -0.0002606200    0.0000492600
   0.0001133600    0.0004987000    0.0003498400
   0.0006061600    0.0008110000    0.0010328300
  -0.0006434400   -0.0006933700   -0.0187340300
   0.0008604400   -0.0019259300    0.0018841400
  -0.0003708300   -0.0000938600    0.0009162800
   0.0018358100    0.0012568200    0.0005558800
   0.0001668400   -0.0000812700   -0.0000294000
  -0.0003928300    0.0000752100    0.0015406400
   0.0010497300    0.0002105700   -0.0003859100
   0.0005066900    0.0011909200    0.0001508000
   0.0000370700   -0.0000634500    0.0008870600
   0.0008024200   -0.0010631100   -0.0001518400
  -0.0001109000   -0.0000721500    0.0012075800
  -0.0015568900    0.0000719100    0.0042835600
   0.0004511000    0.0010700700    0.1438680200
   0.0000036700    0.0020822600    0.0000884900
  -0.0004952400   -0.0026061000   -0.0005037300
   0.0009300100    0.0001776800   -0.0001353500
  -0.0003935200    0.0006432500    0.0004944300
   0.0002011200    0.0007002500    0.0003269100
   0.0000075200    0.0001390700   -0.0000311300
   0.0005696100   -0.0012748500    0.0052183400
  -0.0027975900    0.0010009600   -0.0007019500
  -0.0012538100   -0.0010637900    0.0038930200
  -0.0005191900    0.0006025700    0.0045061600
   0.0009379600    0.0009586500    0.0006666700
  -0.0006084800    0.0008773500   -0.0006295700
   0.0003250000   -0.0013244200    0.0003634800
   0.0000666700    0.0001016300   -0.0005863200
  -0.0004973000    0.0000548600   -0.0002506300
   0.0000630100   -0.0001197300   -0.0005534500
   0.0002784200    0.0003998800   -0.0002498000
   0.0005956100    0.0004141000   -0.0005596900
  -0.0001862400   -0.0002702300    0.0002686200
   0.0000079500   -0.0000060600    0.0019481500
  -0.0000088300    0.0000052600   -0.0033221900
  -0.0002141900   -0.0007297400   -0.0000280800
   0.0009520800   -0.0000679300   -0.0004101600
   0.0000516500    0.0000633400    0.0006680500
   0.0008113900   -0.0010496000   -0.0004239700
  -0.0000937700    0.0000267500    0.0006683900
   0.0004947700    0.0012408800   -0.0004199300
  -0.0005558600    0.0005511100   -0.0000272600
  -0.0005477700   -0.0007946900   -0.0004104900
  -0.0006523700    0.0002480000   -0.0004309200
   0.0003171900   -0.0000140400    0.0002991300
   0.0010346300    0.0000925300   -0.0006222500
  -0.0006361500   -0.0000564300    0.0000296400
   0.0004260000   -0.0005406800    0.0006556100
  -0.0011386600   -0.0006814200    0.0001412700
   0.0000228100   -0.0000863800    0.0006845800
   0.0005356400    0.0008130500    0.0045300900
  -0.0011820700    0.0006679100   -0.0004402000
  -0.0003412700   -0.0010101300   -0.0001404000
   0.0006824300   -0.0000563000    0.0005147600
   0.0001840600    0.0002970600    0.0015278300
  -0.0004382700   -0.0010333600   -0.0003827600
   0.0002581100   -0.0002627600    0.0009161200
  -0.0001389800    0.0000079400   -0.0005850000
   0.0001930500   -0.0004458600   -0.0002501000
  -0.0004524300   -0.0009567400   -0.0006035000
   0.0000905000    0.0003647900    0.0009167800
  -0.0000374200    0.0013401100    0.0001407200
   0.0002536700    0.0005759900    0.0000317600
   0.0007263900    0.0001958500    0.0000053400
  -0.0004276900    0.0008688000   -0.0004050100
   0.0001097700   -0.0006692000   -0.0004280400
  -0.0001574200    0.0002939800    0.0002983400
   0.0011585900   -0.0006470400    0.0001435800
   0.0003556400   -0.0005091200    0.0000297000
  -0.0013298900   -0.0001810700   -0.0004211200
  -0.0003466200   -0.0002082900    0.0000403400

58   
  0.0080295506854697   0.0059603956067927   0.0000000000000000
  -0.0003763400    0.0010454500    0.0002649600
  -0.0000599800   -0.0003063700   -0.0001225800
  -0.0001587100   -0.0001368100   -0.0006045600
   0.0001023300   -0.0000908500   -0.0007197000
   0.0006472900    0.0000734600    0.0001863800
  -0.0000843400    0.0002541700    0.0004543300
   0.0000034800   -0.0000221900    0.0000266000
   0.0001061500   -0.0001244700   -0.0006352600
  -0.0001949400   -0.0000687200   -0.0006417400
  -0.0000511200    0.0002474900   -0.0003197700
   0.0003182200   -0.0002948900   -0.0003825400
  -0.0001876000    0.0002367200    0.0005136600
   0.0001376800    0.0000824400   -0.0004948800
   0.0000869500    0.0004235600   -0.0003823700
  -0.0000714900    0.0000216100   -0.0002540000
  -0.0000297100   -0.0003136800    0.0002191300
   0.0000580900   -0.0035011900   -0.0013701800
   0.0001262300   -0.0004104500    0.0002303900
   0.0001939300    0.0000688600   -0.0000885500
  -0.0038285000   -0.0003598900   -0.0011940600
   0.0001885400    0.0003311600    0.0002695700
  -0.0003999800    0.0000703600    0.0002024900
   0.0000248700    0.0001927700   -0.0004855400
   0.0001060100   -0.0002575600   -0.0002426100
   0.0001909100   -0.0001937300    0.0005787700
  -0.0000852200    0.0001586900   -0.0006215600
  -0.0000137800    0.0000430400   -0.0002023500
  -0.0002782600    0.0001478800    0.0002321300
   0.0008352100   -0.0009936600   -0.0001157300
  -0.0000516600   -0.0000061200   -0.0002263100
   0.0004076700    0.0001764300   -0.0002008100
  -0.0004144500    0.0006140400    0.0005349800
  -0.0004710900   -0.0000994900   -0.0001923300
   0.0103162600    0.0239769100    0.0145267000
  -0.0000451500   -0.0000786100   -0.0002820800
   0.0320000500    0.0040276200    0.0200708700
   0.0363187200    0.0314213700   -0.0331859400
   0.0011308000    0.0016690600    0.0022064700
  -0.0001045400   -0.0002706500    0.0005191700
  -0.0001827100    0.0007708400   -0.0001264800
  -0.0003279700   -0.0000456700   -0.0003451000
   0.0003556700   -0.0005251600   -0.0000250000
   0.0000932100    0.0004845000    0.0000153300
   0.0000162800    0.0000629800   -0.0029950200
   0.0054815000    0.0005104300   -0.0006693300
  -0.0002589500   -0.0002476000    0.0023084500
  -0.0003902900   -0.0001124300    0.0009328100
  -0.0001888500   -0.0014338700    0.0004607900
  -0.0003258300   -0.0012411500   -0.0005756300
  -0.0003975000    0.0000266800    0.0011894700
   0.0010183200    0.0000044700   -0.0002914400
   0.0005535400    0.0012398000   -0.0001451000
   0.0000679700   -0.0002024600    0.0009032400
   0.0007157500   -0.0007183900    0.0002683600
   0.0006697600    0.0057843300    0.0018732400
  -0.0028989100   -0.0017828400    0.0004387300
   0.0016998000   -0.0009228000   -0.0021625300
  -0.0842891200   -0.0634849900   -0.0012007900
   0.0005270800    0.0048311000   -0.0006247300
   0.0007358100    0.0004348600   -0.0000884700
  -0.0003832000    0.0005827800    0.0002049500
   0.0000240700    0.0006062900    0.0002686000
   0.0000539200    0.0001247000   -0.0002873600
   0.0002487300   -0.0003814800    0.0011834900
  -0.0008402600    0.0008345600   -0.0002740000
  -0.0036424000   -0.0005103300    0.0010613800
  -0.0013654400    0.0027484500   -0.0015357200
   0.0009589000    0.0009504500    0.0004366400
  -0.0006207500    0.0008536800   -0.0006184900
   0.0002979900   -0.0013800800    0.0004037900
   0.0000473600    0.0001157100   -0.0005581700
  -0.0005215500    0.0000279700   -0.0002343800
  -0.0000012300   -0.0001822300   -0.0007022200
   0.0002610800    0.0003865800   -0.0002359200
   0.0005185000    0.0004655700   -0.0002337900
  -0.0002056200   -0.0002772600    0.0003169200
  -0.0000199200    0.0000034100    0.0019254400
  -0.0000327800   -0.0000161000   -0.0033271400
  -0.0002175600   -0.0007442700   -0.0000112600
   0.0009313400   -0.0000875000   -0.0003992200
   0.0000663900    0.0000496700    0.0006746300
   0.0007813300   -0.0010651500   -0.0004111800
  -0.0001364100   -0.0000335700    0.0006906600
   0.0004825000    0.0012302900   -0.0004270300
  -0.0005436000    0.0005145400   -0.0000241400
  -0.0005673300   -0.0008141100   -0.0004143900
  -0.0006581200    0.0002348100   -0.0004226000
   0.0002956100   -0.0000302900    0.0003033600
   0.0009954100    0.0000835000   -0.0007033300
  -0.0006581300   -0.0000772900    0.0000391200
   0.0003956200   -0.0005796300    0.0003140200
  -0.0011865200   -0.0007020400    0.0001522400
   0.0000026200   -0.0000945000    0.0006895900
  -0.0001546600    0.0000239600    0.0005970200
   0.0006188800   -0.0002974800   -0.0001583600
  -0.0002083800   -0.0008914400   -0.0000764500
   0.0004654700   -0.0002411300    0.0001084900
   0.0009246700    0.0009939800    0.0021441500
   0.0056813100   -0.0003517600    0.0006859300
   0.0002412500   -0.0002805100    0.0009194900
  -0.0001771900    0.0000085200   -0.0006010700
   0.0001732400   -0.0004596200   -0.0002487800
  -0.0004868700   -0.0009545500   -0.0006006600
   0.0000665200    0.0003471700    0.0009281600
  -0.0005732600    0.0011236200    0.0002340900
   0.0002339400    0.0005610800    0.0000509000
   0.0007175000    0.0002493600    0.0000106500
  -0.0004544700    0.0008560300   -0.0004081400
   0.0000780400   -0.0006931900   -0.0004212700
  -0.0001782200    0.0002816500    0.0002970200
   0.0011379700   -0.0006690600    0.0001553500
   0.0003327200   -0.0005255200    0.0000354300
  -0.0013487300   -0.0001952600   -0.0004190000
  -0.0009173900   -0.0029093700    0.0017105700

58   
 -0.0080295506854697  -0.0059603956067927   0.0000000000000000
  -0.0005741100   -0.0009726100   -0.0005324200
  -0.0006810400   -0.0001026700    0.0008410500
  -0.0001524900   -0.0001373800   -0.0005855200
   0.0002070600   -0.0000555600   -0.0004710400
  -0.0009969600    0.0001399700   -0.0007684900
  -0.0001243200    0.0001928600    0.0004570100
  -0.0000421000   -0.0000089500   -0.0000718000
   0.0001497200   -0.0001108300   -0.0006516500
  -0.0001727800   -0.0001159300   -0.0006459700
   0.0003077200   -0.0000324400   -0.0003292800
   0.0003165200   -0.0003546800   -0.0003672400
   0.0001702100    0.0005066400    0.0002098700
   0.0001991900    0.0000750300   -0.0000886900
   0.0000715200    0.0004424100   -0.0003664600
  -0.0000364500    0.0000064100   -0.0002380300
  -0.0000153700   -0.0002948500    0.0002262200
  -0.0001911700    0.0034125800    0.0013069200
   0.0000572500   -0.0003331100    0.0001619900
   0.0002689500    0.0001881400    0.0005342100
   0.0037893000   -0.0001373800    0.0006003200
   0.0002717800    0.0001901500    0.0001209600
  -0.0003687600    0.0000560600    0.0001886300
  -0.0000398000    0.0001365000   -0.0008057700
  -0.0000899500   -0.0001577900   -0.0004049400
   0.0002669400    0.0000575300    0.0003322300
  -0.0000328800    0.0001711200   -0.0005693500
  -0.0000733000    0.0000116000    0.0001485700
  -0.0002612300    0.0001142200    0.0002117700
  -0.0004812300    0.0001228700   -0.0001511400
   0.0000981800    0.0000046900   -0.0002651000
   0.0001820600   -0.0006331300    0.0009188600
   0.0003680800   -0.0006430100    0.0001702200
  -0.0004457500   -0.0002073700   -0.0005549100
  -0.0098247200   -0.0231404600   -0.0146155800
  -0.0000061900   -0.0000418900   -0.0002101800
  -0.0319891000   -0.0040080500   -0.0202475800
  -0.0377261600   -0.0327880800    0.0354942600
  -0.0010288200   -0.0016538100   -0.0022461600
  -0.0000187100   -0.0004590400    0.0005293300
  -0.0000488400    0.0006655400   -0.0001444200
   0.0000760100   -0.0000847400   -0.0002619200
   0.0003605000   -0.0001013500    0.0001004200
   0.0000000000    0.0004420000    0.0000617900
  -0.0000576100   -0.0000932000   -0.0029943800
  -0.0064157100   -0.0018300200    0.0011737200
   0.0002219400    0.0002215600    0.0021495700
  -0.0003770700   -0.0001138500    0.0009093300
   0.0001582200    0.0016287900    0.0013899700
   0.0004501600    0.0011037500   -0.0000346400
  -0.0004523500   -0.0000382700    0.0012402600
   0.0010202800    0.0002297000   -0.0003693000
   0.0005636800    0.0011274000   -0.0001649400
   0.0001139500    0.0000603200    0.0009558100
   0.0006946600   -0.0015239300   -0.0005964100
  -0.0009152600   -0.0058638800   -0.0000060600
   0.0016097800    0.0015971700    0.0001320600
  -0.0031299900    0.0022781900    0.0018910800
   0.0871253200    0.0687974000    0.0000258600
  -0.0017530900   -0.0058668300    0.0003655000
   0.0010865100    0.0000259200   -0.0002103800
  -0.0003885000    0.0006715600    0.0002690000
   0.0004248000    0.0005263000    0.0003816700
  -0.0000805300    0.0000728700   -0.0003198500
   0.0000998700   -0.0003609000    0.0012496400
  -0.0004680200    0.0008008400   -0.0003888000
   0.0009089100    0.0002775500   -0.0013734500
   0.0020059200   -0.0025516800    0.0026219700
   0.0009226700    0.0007950100    0.0003886700
  -0.0006187800    0.0008455200   -0.0006041100
   0.0002348800   -0.0012045300    0.0004242500
   0.0000606500    0.0000747200   -0.0005947200
  -0.0004999100    0.0000449300   -0.0002571600
   0.0000757800   -0.0000945500   -0.0004506900
   0.0002741400    0.0003781000   -0.0002544000
   0.0005013600    0.0003800800   -0.0006207300
  -0.0001905200   -0.0003001500    0.0002883300
  -0.0000231400   -0.0000329500    0.0019494600
  -0.0000101200   -0.0000139800   -0.0033098300
  -0.0002290400   -0.0007639300   -0.0000277800
   0.0009497100   -0.0000834300   -0.0004065800
   0.0000187800    0.0000411400    0.0006793700
   0.0008168600   -0.0010718400   -0.0004233100
  -0.0000724300    0.0000543700    0.0006636700
   0.0004815600    0.0012131200   -0.0004065800
  -0.0005732700    0.0005460600   -0.0000129300
  -0.0005545900   -0.0008099600   -0.0003919200
  -0.0006712000    0.0002162400   -0.0004250300
   0.0003176400   -0.0000316100    0.0002994800
   0.0010617300    0.0000609000   -0.0005184100
  -0.0006379900   -0.0000724100    0.0000308800
   0.0003210900   -0.0004530900    0.0003350500
  -0.0011426900   -0.0006997600    0.0001434500
  -0.0000016500   -0.0001056600    0.0006642700
  -0.0004498500    0.0003673700    0.0004557100
   0.0007065800   -0.0003058900   -0.0001131600
  -0.0003305100   -0.0009933500   -0.0002187200
   0.0009703600    0.0001948400    0.0003625700
  -0.0005525600   -0.0003756700    0.0002782500
  -0.0064053000   -0.0016034400   -0.0013378100
   0.0002516400   -0.0002813900    0.0009275900
  -0.0001293400   -0.0000196200   -0.0005493500
   0.0001865400   -0.0004704800   -0.0002459200
  -0.0004506000   -0.0009824100   -0.0006214000
   0.0000886100    0.0003472100    0.0009190000
   0.0004825400    0.0015196800    0.0000783400
   0.0002478200    0.0005517000    0.0000204000
   0.0007265000    0.0001098500   -0.0000448400
  -0.0004235000    0.0008475300   -0.0004020100
   0.0001078900   -0.0006964200   -0.0004267200
  -0.0001621700    0.0002686400    0.0003060000
   0.0011510100   -0.0006560600    0.0001394800
   0.0003564700   -0.0005304100    0.0000359400
  -0.0013364200   -0.0002020200   -0.0004156900
  -0.0000318500    0.0024600200   -0.0016285900

58   
 -0.0011470786693528   0.0099339926779878   0.0000000000000000
  -0.0007966900    0.0003594400    0.0004057100
   0.0001386700    0.0005596000   -0.0001287000
  -0.0001386900   -0.0001113500   -0.0006201800
   0.0001734200   -0.0000419000   -0.0005343500
   0.0005958800    0.0004463000   -0.0003329800
  -0.0000945700    0.0002764700    0.0004491100
  -0.0000303600   -0.0000163200   -0.0000923700
   0.0001445500   -0.0001119500   -0.0006661100
  -0.0001885100   -0.0000606400   -0.0006699800
   0.0001662300    0.0001657100   -0.0001679400
   0.0002887400   -0.0002977200   -0.0003342100
  -0.0001959800    0.0002916400    0.0003582300
   0.0002841700    0.0001459800   -0.0003551000
   0.0000661600    0.0004478600   -0.0003351400
  -0.0000617400    0.0000029800   -0.0002516200
  -0.0000149900   -0.0002848700    0.0002167800
  -0.0019139800   -0.0034057800    0.0009222700
   0.0001512700   -0.0003761500    0.0002348800
   0.0001529500    0.0000946000    0.0000472700
  -0.0009491000    0.0015680500   -0.0025769800
   0.0002163700    0.0003397400    0.0002093400
  -0.0003689000    0.0000712700    0.0002051800
  -0.0000504900    0.0002763700   -0.0005147700
   0.0001213500   -0.0002808200   -0.0004297300
   0.0002218100   -0.0000754000    0.0006506700
  -0.0000574700    0.0001361800   -0.0005765700
  -0.0000151500   -0.0001729200   -0.0001963300
  -0.0002637000    0.0001523200    0.0002174700
   0.0004936500   -0.0001554100    0.0003406800
   0.0000012600   -0.0000215100   -0.0002464600
  -0.0004341400   -0.0001765600    0.0002022400
  -0.0007815100    0.0004929400   -0.0000380200
  -0.0003817900   -0.0001484100   -0.0001295400
  -0.0097091000    0.0515428100    0.0358101500
   0.0000028400   -0.0000643600   -0.0002828200
  -0.0145089100    0.0198861700   -0.0132277800
   0.0122132800    0.0291166400   -0.0200325100
   0.0032009000   -0.0016115200    0.0013110400
  -0.0001822400   -0.0005006700    0.0005805000
  -0.0001385700    0.0007990200   -0.0001642600
  -0.0000255000   -0.0001071600   -0.0002585300
   0.0004424900   -0.0003022700    0.0000317900
   0.0000056000    0.0004902000    0.0000361300
  -0.0000043200    0.0000482200   -0.0029854900
   0.0004070100   -0.0015983800    0.0003829600
  -0.0001332900   -0.0001683500    0.0022660100
  -0.0003616400   -0.0000970700    0.0009294800
  -0.0041795000    0.0038076000    0.0015397500
  -0.0043576000    0.0034724700   -0.0011283600
  -0.0004227100    0.0000896900    0.0011412500
   0.0011067500   -0.0001539600   -0.0002173900
   0.0005316600    0.0012790700   -0.0001562200
   0.0001516800   -0.0003646500    0.0008531200
   0.0034262400    0.0002054600    0.0019182300
   0.0019317200    0.0059206000    0.0016366000
  -0.0003253800   -0.0028936300    0.0001845500
   0.0012834200   -0.0010138300   -0.0016886600
   0.0143182900   -0.1116139000   -0.0036807100
   0.0020133500    0.0056225200   -0.0011040700
   0.0008207800    0.0002606700   -0.0001450100
  -0.0004534200    0.0006000800    0.0002461500
  -0.0000188100    0.0005327100    0.0002578800
   0.0000676300    0.0001041600   -0.0002854200
   0.0001764700   -0.0003291100    0.0012536300
  -0.0005361500    0.0007443800   -0.0003874600
  -0.0045403600   -0.0001938100    0.0020141400
   0.0000419400    0.0011196700   -0.0003747000
   0.0009673500    0.0008647000    0.0004451500
  -0.0006052600    0.0008775500   -0.0006086200
   0.0002678300   -0.0013112600    0.0004386800
   0.0000670200    0.0001470600   -0.0005769800
  -0.0004993200    0.0000378300   -0.0002395400
  -0.0000092000    0.0002653000   -0.0012821100
   0.0002698200    0.0004011800   -0.0002480800
   0.0005593900    0.0003874900   -0.0002759500
  -0.0001942600   -0.0002653100    0.0003175000
  -0.0000039900    0.0000117700    0.0019389400
  -0.0000188300   -0.0000052600   -0.0033247200
  -0.0002061000   -0.0007457000   -0.0000218200
   0.0009488800   -0.0000775000   -0.0003996700
   0.0000410700    0.0000611400    0.0006629400
   0.0008093100   -0.0010477700   -0.0004167000
  -0.0001077300    0.0000571300    0.0006466500
   0.0004960600    0.0012273300   -0.0004294300
  -0.0005316200    0.0005128500   -0.0000163400
  -0.0005537900   -0.0007953000   -0.0004008100
  -0.0006573100    0.0002429300   -0.0004163300
   0.0003146500   -0.0000178300    0.0003047500
   0.0010163900    0.0000405100   -0.0006025700
  -0.0006427500   -0.0000695400    0.0000419300
   0.0006055000   -0.0004529500    0.0002557300
  -0.0011544400   -0.0006888100    0.0001496400
   0.0000135500   -0.0000814500    0.0006808700
  -0.0001010000    0.0001004300    0.0005900900
   0.0006865400   -0.0002154600   -0.0001823100
  -0.0002148700   -0.0008689500   -0.0001063200
   0.0006073100   -0.0001619200    0.0001603900
  -0.0006015400   -0.0016761700   -0.0001044000
   0.0007469000   -0.0018862500    0.0001291700
   0.0002544200   -0.0002729600    0.0009266800
  -0.0001581500    0.0000185600   -0.0005584500
   0.0001879900   -0.0004561700   -0.0002350600
  -0.0004866300   -0.0009253500   -0.0006042400
   0.0000906500    0.0003488100    0.0009313200
  -0.0007988400    0.0016989900    0.0020239300
   0.0002484800    0.0005773600    0.0000888600
   0.0007318800    0.0002829600   -0.0000224800
  -0.0004327100    0.0008373200   -0.0004118200
   0.0000993000   -0.0006863800   -0.0004239700
  -0.0001598700    0.0002844800    0.0003019600
   0.0011522400   -0.0006545500    0.0001481300
   0.0003541500   -0.0005155300    0.0000415200
  -0.0013274200   -0.0001899700   -0.0004250700
  -0.0007943100    0.0000654800   -0.0004277800

58   
  0.0011470786693528  -0.0099339926779878   0.0000000000000000
  -0.0001494600   -0.0002654100   -0.0006809600
  -0.0008555900   -0.0009731100    0.0008543300
  -0.0001521900   -0.0001429400   -0.0005678300
   0.0001576500   -0.0000837400   -0.0006536100
  -0.0009591000   -0.0002197800   -0.0002441500
  -0.0000943000    0.0001935500    0.0004618700
   0.0000111700    0.0000044900    0.0000457300
   0.0001321500   -0.0001044700   -0.0006192200
  -0.0001582300   -0.0001044900   -0.0006155300
   0.0001097800    0.0000676200   -0.0004811200
   0.0003669200   -0.0003331400   -0.0004134400
   0.0002009400    0.0004712200    0.0003646200
   0.0000742400    0.0000292000   -0.0002273700
   0.0001129100    0.0004367400   -0.0004115500
  -0.0000254100    0.0000432500   -0.0002378100
  -0.0000096500   -0.0003037900    0.0002312000
   0.0017912500    0.0032991800   -0.0009915100
   0.0000526400   -0.0003490100    0.0001594600
   0.0003307900    0.0001821600    0.0004015600
   0.0009207900   -0.0020522600    0.0020102200
   0.0002643400    0.0002008600    0.0001849200
  -0.0003789200    0.0000735200    0.0001885900
   0.0000546400    0.0000728000   -0.0007754400
  -0.0000838700   -0.0001113500   -0.0002177400
   0.0002604300   -0.0000381900    0.0002584300
  -0.0000403700    0.0002128600   -0.0006126200
  -0.0000548200    0.0002488200    0.0001407900
  -0.0002547200    0.0001292100    0.0002289500
  -0.0001190100   -0.0006693600   -0.0006167300
   0.0000659800    0.0000400000   -0.0002423900
   0.0010729200   -0.0002422500    0.0005254100
   0.0007768100   -0.0005285700    0.0007445000
  -0.0005153400   -0.0001399600   -0.0006162700
   0.0098949100   -0.0493645900   -0.0346481600
  -0.0000328200   -0.0000361300   -0.0002064600
   0.0142096300   -0.0198210900    0.0127641700
  -0.0128343400   -0.0298129500    0.0214249300
  -0.0030638100    0.0016243800   -0.0013706200
   0.0000800800   -0.0002093400    0.0004694100
  -0.0000683300    0.0006591100   -0.0001089800
  -0.0002044500   -0.0000015600   -0.0003484200
   0.0002946700   -0.0003044600    0.0000449000
   0.0001091400    0.0004569100    0.0000415400
  -0.0000189300   -0.0000601300   -0.0030068300
  -0.0011474900    0.0003253200    0.0000833300
   0.0001134500    0.0001596500    0.0021922300
  -0.0003852600   -0.0001103300    0.0009143200
   0.0040445800   -0.0035060800    0.0003439100
   0.0046013600   -0.0036606900    0.0005292300
  -0.0004052200   -0.0000862500    0.0012910700
   0.0009515900    0.0004135200   -0.0004455900
   0.0006068800    0.0011045900   -0.0001473200
   0.0000520100    0.0002380400    0.0010096600
  -0.0019173000   -0.0024020300   -0.0021980700
  -0.0020968100   -0.0059355700    0.0002503200
  -0.0009442700    0.0027212600    0.0003924800
  -0.0027057800    0.0024084700    0.0013986100
  -0.0139539600    0.1124561900    0.0023384200
  -0.0032638500   -0.0066505500    0.0008397600
   0.0010184700    0.0002208700   -0.0001524900
  -0.0002965800    0.0006787700    0.0002270500
   0.0004854900    0.0006160000    0.0003935900
  -0.0000767100    0.0001159400   -0.0003181700
   0.0001936100   -0.0003958500    0.0011821500
  -0.0007518800    0.0009122700   -0.0002743300
   0.0018030700   -0.0000176600   -0.0022889600
   0.0005541600   -0.0008237100    0.0014200000
   0.0009343700    0.0008999500    0.0003867900
  -0.0006135200    0.0008407800   -0.0006117100
   0.0002867000   -0.0012511100    0.0003953000
   0.0000621400    0.0000621700   -0.0005730500
  -0.0005012300    0.0000543900   -0.0002510600
   0.0001027800   -0.0005152300    0.0001201300
   0.0002868500    0.0003824600   -0.0002414100
   0.0004809900    0.0004785100   -0.0005729600
  -0.0001810600   -0.0002930600    0.0002886700
  -0.0000180900   -0.0000224500    0.0019380800
  -0.0000032900   -0.0000057600   -0.0033107300
  -0.0002201100   -0.0007439900   -0.0000160100
   0.0009527700   -0.0000747200   -0.0004041300
   0.0000651400    0.0000489700    0.0006931400
   0.0008092100   -0.0010699200   -0.0004165600
  -0.0000799800   -0.0000190900    0.0007087600
   0.0004889600    0.0012351300   -0.0004019500
  -0.0005647000    0.0005662800   -0.0000194000
  -0.0005476400   -0.0008098600   -0.0004040800
  -0.0006514000    0.0002273100   -0.0004287700
   0.0003191500   -0.0000249100    0.0002989600
   0.0010610900    0.0001211100   -0.0006136100
  -0.0006327900   -0.0000608300    0.0000303200
   0.0001355900   -0.0005607700    0.0003949600
  -0.0011539000   -0.0006940700    0.0001479300
   0.0000078000   -0.0001004300    0.0006749900
  -0.0004814900    0.0003078800    0.0004650300
   0.0006578100   -0.0003683300   -0.0000949900
  -0.0003050900   -0.0010011800   -0.0001879700
   0.0008522200    0.0001385400    0.0003153900
   0.0010170600    0.0023884100    0.0025377800
  -0.0016083400   -0.0000716000   -0.0008072800
   0.0002592600   -0.0002698900    0.0009219200
  -0.0001279700   -0.0000115100   -0.0005888200
   0.0001922700   -0.0004554400   -0.0002586300
  -0.0004309900   -0.0009916700   -0.0006149700
   0.0000852700    0.0003647000    0.0009168500
   0.0007377600    0.0009669000   -0.0017405200
   0.0002538100    0.0005549500   -0.0000170800
   0.0007323500    0.0000931400   -0.0000101100
  -0.0004246500    0.0008851800   -0.0003970100
   0.0001068000   -0.0006836000   -0.0004219500
  -0.0001603400    0.0002852100    0.0003029200
   0.0011580900   -0.0006512000    0.0001491100
   0.0003562000   -0.0005212700    0.0000313900
  -0.0013373900   -0.0001888200   -0.0004083900
  -0.0001090800   -0.0003972000    0.0004827800

58   
  0.0000000000000000   0.0000000000000000   0.0100000000000000
  -0.0005627500    0.0001213500    0.0007890300
  -0.0004320700   -0.0002015800    0.0013225700
  -0.0001457400   -0.0001132000   -0.0006279600
   0.0000843900   -0.0000295800   -0.0007295700
  -0.0000795800    0.0000280400    0.0007539200
  -0.0000927400    0.0002418400    0.0004184000
  -0.0000708900   -0.0001001200    0.0002454700
   0.0001151700   -0.0001147400   -0.0006403400
  -0.0001939700   -0.0001075100   -0.0007033900
   0.0003805000    0.0000998000   -0.0003538900
   0.0002993800   -0.0002963200   -0.0003934900
  -0.0001242900    0.0001794300    0.0003172800
   0.0002352300   -0.0000412800   -0.0003830800
   0.0000449400    0.0004462100   -0.0003997500
  -0.0000378500    0.0000359600   -0.0002613400
  -0.0000206400   -0.0002909200    0.0002088500
  -0.0005362000    0.0001208100    0.0022236800
   0.0001647900   -0.0003673300    0.0001834600
   0.0001116000   -0.0000017700    0.0000704000
   0.0001582200   -0.0006325900    0.0019468400
   0.0003079000    0.0003279500    0.0002796000
  -0.0003826800    0.0000632200    0.0001599600
   0.0001150300    0.0004073500   -0.0012125000
   0.0000938800   -0.0001005300   -0.0004106400
   0.0001114900   -0.0000512100    0.0003597400
   0.0000113000    0.0001030500   -0.0005503700
  -0.0001264200    0.0002458400   -0.0000632500
  -0.0002573300    0.0001592100    0.0001976200
   0.0001724100   -0.0003075000    0.0008369500
   0.0000113800    0.0000156600   -0.0002932000
   0.0002885500   -0.0002486900    0.0013634700
   0.0001131600   -0.0000162200    0.0013801200
  -0.0005025500   -0.0001451500    0.0001765600
  -0.0071543600    0.0337317400    0.0462469200
   0.0000002000    0.0000604600   -0.0001920400
   0.0307116800   -0.0092234000    0.0445683600
  -0.0240208900   -0.0228824000    0.0466388800
   0.0004577000    0.0003456000    0.0021458200
  -0.0000913900   -0.0004283400    0.0005662900
  -0.0001012600    0.0007122900   -0.0004958900
  -0.0000071300   -0.0000678900   -0.0003527900
   0.0003871500   -0.0002234800    0.0000826100
   0.0001537600    0.0004443600   -0.0002624100
  -0.0000762100   -0.0000593500   -0.0032752600
   0.0003019300   -0.0001742100   -0.0037737300
  -0.0000821100   -0.0000999100    0.0021880900
  -0.0003459100   -0.0000931800    0.0009150800
   0.0002633600   -0.0006971500   -0.0029951000
  -0.0008828700    0.0005263800   -0.0042727900
  -0.0004419800    0.0000109400    0.0009397100
   0.0010317100    0.0000484200   -0.0003824400
   0.0005461200    0.0012802800   -0.0004470200
   0.0000793600    0.0000557300    0.0008932000
   0.0024739600    0.0000039000    0.0002278900
   0.0000197000   -0.0010928600   -0.0029756400
  -0.0005135100   -0.0000410800    0.0190036900
  -0.0026634300    0.0017183300    0.0001676800
   0.0013148300   -0.0020715200   -0.1454412200
   0.0000430500    0.0004569400   -0.0041394300
   0.0008723000    0.0003147600   -0.0001077200
  -0.0004053100    0.0006535000   -0.0001005700
   0.0003093900    0.0005786700    0.0003675000
   0.0000116100    0.0001487700   -0.0006536700
   0.0002156500   -0.0003511500    0.0009267900
  -0.0007114200    0.0008579800   -0.0003832900
  -0.0034799000    0.0001506900    0.0002102500
   0.0011686700   -0.0017767600    0.0008342000
   0.0009830800    0.0008957700    0.0000755000
  -0.0006116700    0.0008514400   -0.0005846100
   0.0002452900   -0.0012898400    0.0000773400
   0.0001011600    0.0001301600   -0.0006589700
  -0.0005117700    0.0000637700   -0.0002686400
   0.0004508200   -0.0009171900    0.0001148500
   0.0002592500    0.0004129000   -0.0002325900
   0.0007063100    0.0004801200   -0.0005469800
  -0.0002281900   -0.0002822500    0.0002996300
   0.0000011300   -0.0000240500    0.0019210600
  -0.0000168400   -0.0000077600   -0.0033179400
  -0.0002010200   -0.0007514500   -0.0000468400
   0.0009478600   -0.0000804100   -0.0004043000
   0.0000586900    0.0000628700    0.0005561000
   0.0008273600   -0.0010736600   -0.0004497500
  -0.0000733300    0.0000098500    0.0005579100
   0.0004875400    0.0012177700   -0.0004308800
  -0.0005600900    0.0005467300   -0.0000758600
  -0.0005620800   -0.0007953800   -0.0004020800
  -0.0006413100    0.0002387700   -0.0004270700
   0.0003131600   -0.0000174400    0.0003057600
   0.0009764900    0.0000941800   -0.0008133000
  -0.0006350000   -0.0000604000    0.0000479400
   0.0002942900   -0.0005355400    0.0003704000
  -0.0011489600   -0.0006891600    0.0001341100
   0.0000107700   -0.0000846200    0.0006877200
  -0.0002350900    0.0001467200    0.0005665100
   0.0006910300   -0.0003210200   -0.0004748200
  -0.0002613000   -0.0009525500   -0.0004102300
   0.0007801800    0.0000552500    0.0001923100
   0.0014590400    0.0020056300    0.0015639600
  -0.0013886500   -0.0008474800   -0.0042640000
   0.0002556900   -0.0002650600    0.0009279100
  -0.0001606400    0.0000393600   -0.0006163900
   0.0001853000   -0.0004537900   -0.0002490800
  -0.0004800300   -0.0009737100   -0.0006906700
   0.0000802600    0.0003637100    0.0009288400
  -0.0013514300    0.0029751000    0.0036713300
   0.0002544700    0.0005514000    0.0000985600
   0.0006879800    0.0002250000   -0.0001734900
  -0.0004220700    0.0008327100   -0.0004033200
   0.0000959700   -0.0006820800   -0.0004297000
  -0.0001601500    0.0002845300    0.0003058900
   0.0011469800   -0.0006428600    0.0001380000
   0.0003596500   -0.0005163300    0.0000400400
  -0.0013289000   -0.0001920900   -0.0004171900
  -0.0003192600   -0.0022741900    0.0003239500

58   
  0.0000000000000000   0.0000000000000000  -0.0100000000000000
  -0.0003632300   -0.0000128900   -0.0010502700
  -0.0002802300   -0.0002120800   -0.0005881700
  -0.0001463600   -0.0001367200   -0.0005599500
   0.0002462800   -0.0000931300   -0.0004546200
  -0.0002427100    0.0002092000   -0.0013266300
  -0.0000946100    0.0002302000    0.0004975200
   0.0000532900    0.0000939900   -0.0002962600
   0.0001617000   -0.0000985100   -0.0006443300
  -0.0001525600   -0.0000551600   -0.0005822900
  -0.0000991800    0.0001412500   -0.0002934000
   0.0003555000   -0.0003298300   -0.0003548600
   0.0001268800    0.0005824300    0.0004070000
   0.0001236400    0.0002170500   -0.0002001700
   0.0001358700    0.0004428000   -0.0003472000
  -0.0000490700    0.0000156000   -0.0002291500
  -0.0000037200   -0.0002939300    0.0002381200
   0.0005073100   -0.0002340900   -0.0022727100
   0.0000407900   -0.0003531800    0.0002108300
   0.0003714900    0.0002833100    0.0003799700
  -0.0002138300    0.0002492300   -0.0025226500
   0.0001715900    0.0002176800    0.0001135400
  -0.0003671700    0.0000863700    0.0002341200
  -0.0001130700   -0.0000561200   -0.0000664400
  -0.0000518300   -0.0002893700   -0.0002378400
   0.0003656100   -0.0000567000    0.0005499900
  -0.0001108100    0.0002511400   -0.0006376100
   0.0000493700   -0.0001630100    0.0000106700
  -0.0002612100    0.0001251200    0.0002488500
   0.0001717300   -0.0005037600   -0.0010982200
   0.0000548600    0.0000087200   -0.0001959800
   0.0003036800   -0.0001736600   -0.0006292700
  -0.0001071500   -0.0000213100   -0.0006676300
  -0.0003916600   -0.0001430800   -0.0009347300
   0.0073917000   -0.0318404600   -0.0456705600
  -0.0000316200   -0.0001584400   -0.0002980600
  -0.0300417300    0.0090245700   -0.0444324500
   0.0228325600    0.0217122600   -0.0448809200
  -0.0004026400   -0.0003761500   -0.0021936200
  -0.0000147300   -0.0002779600    0.0004862300
  -0.0001109400    0.0007503800    0.0002158300
  -0.0002235000   -0.0000389200   -0.0002531500
   0.0003485000   -0.0003767300   -0.0000020600
  -0.0000400700    0.0005064600    0.0003341200
   0.0000530100    0.0000512300   -0.0027228100
  -0.0010608000   -0.0011079000    0.0042049300
   0.0000615600    0.0000936500    0.0022684500
  -0.0004009600   -0.0001086600    0.0009270300
  -0.0002896600    0.0009281900    0.0048130600
   0.0010480900   -0.0006517100    0.0036325300
  -0.0003870000   -0.0000050600    0.0014866200
   0.0010272500    0.0002089700   -0.0002838700
   0.0005911700    0.0011097000    0.0001327300
   0.0001238700   -0.0001737100    0.0009675600
  -0.0010123500   -0.0022209700   -0.0005309200
  -0.0002544100    0.0009304300    0.0047949600
  -0.0007539300   -0.0001206400   -0.0179855400
   0.0012981400   -0.0003694700   -0.0004598900
  -0.0014731500    0.0036692100    0.1436794000
  -0.0012426900   -0.0013496600    0.0038228700
   0.0009679700    0.0001732300   -0.0001873600
  -0.0003430300    0.0006283600    0.0005633600
   0.0001624600    0.0005749700    0.0002863300
  -0.0000214800    0.0000761500    0.0000410200
   0.0001486800   -0.0003671900    0.0015030300
  -0.0005766000    0.0008021900   -0.0002851800
   0.0008187200   -0.0003524500   -0.0005141900
  -0.0005524300    0.0020603600    0.0002303900
   0.0009221900    0.0008692400    0.0007445800
  -0.0006087900    0.0008711400   -0.0006361200
   0.0003084500   -0.0012726100    0.0007446100
   0.0000275400    0.0000829700   -0.0004922000
  -0.0004876500    0.0000314200   -0.0002233700
  -0.0003638700    0.0006822000   -0.0012793300
   0.0002970100    0.0003747600   -0.0002589700
   0.0003318900    0.0003882500   -0.0002985800
  -0.0001463500   -0.0002720400    0.0003045100
  -0.0000235300    0.0000187400    0.0019556400
  -0.0000052500    0.0000012500   -0.0033199700
  -0.0002262000   -0.0007337600    0.0000084400
   0.0009530500   -0.0000674200   -0.0004017600
   0.0000476200    0.0000522000    0.0008015800
   0.0007909800   -0.0010393000   -0.0003846500
  -0.0001159300    0.0000322200    0.0007971800
   0.0004968800    0.0012496300   -0.0004026000
  -0.0005364200    0.0005359000    0.0000395800
  -0.0005393800   -0.0008053700   -0.0004047200
  -0.0006686700    0.0002351600   -0.0004205100
   0.0003192500   -0.0000217600    0.0002974700
   0.0011000200    0.0000724000   -0.0003994900
  -0.0006403100   -0.0000659300    0.0000215200
   0.0004422800   -0.0004760400    0.0002824800
  -0.0011593600   -0.0006898400    0.0001632400
   0.0000110400   -0.0000921300    0.0006673100
  -0.0003456400    0.0002644700    0.0004911000
   0.0006583000   -0.0002585200    0.0001915800
  -0.0002561000   -0.0009091500    0.0001102900
   0.0006810100   -0.0000744500    0.0002780900
  -0.0010642700   -0.0013370600    0.0008759500
   0.0005518700   -0.0010981900    0.0035569500
   0.0002565000   -0.0002733800    0.0009189700
  -0.0001256400   -0.0000272900   -0.0005316800
   0.0001947500   -0.0004530900   -0.0002459900
  -0.0004378100   -0.0009395200   -0.0005297800
   0.0000951000    0.0003537700    0.0009178700
   0.0013120400   -0.0003494000   -0.0034408600
   0.0002473400    0.0005845000   -0.0000289100
   0.0007767900    0.0001569000    0.0001404400
  -0.0004359900    0.0008950800   -0.0004070000
   0.0001108400   -0.0006838100   -0.0004174600
  -0.0001594300    0.0002890700    0.0002973800
   0.0011623800   -0.0006591700    0.0001581800
   0.0003498600   -0.0005168100    0.0000311500
  -0.0013354100   -0.0001819800   -0.0004175000
  -0.0005940900    0.0019249500   -0.0002447100
