   6  150
1 1
    16.451619505702105     0.000000000000002     0.000000000000000
     0.000000000000002    16.451619505702109     0.000000000000000
     0.000000000000000     0.000000000000000     2.399944163717885
1 2
    -0.454874475755176     0.011096236349786     0.112392870967111
    -0.011096236349786     0.477484662553640    -0.234151411122431
    -0.112392870967111    -0.234151411122431    -0.015905143450437
1 3
    -0.025906420133474    -0.020081847223290     0.014499927761913
     0.020081847223290     0.101067540405163    -0.053236835901372
    -0.014499927761913    -0.053236835901372     0.047871088207860
1 4
    -0.025906420133474     0.020081847223290    -0.014499927761913
    -0.020081847223290     0.101067540405163    -0.053236835901372
     0.014499927761913    -0.053236835901372     0.047871088207860
1 5
    -0.454874475755176    -0.011096236349786    -0.112392870967111
     0.011096236349786     0.477484662553640    -0.234151411122431
     0.112392870967111    -0.234151411122431    -0.015905143450437
1 6
     0.244394877976436    -0.414819585962788    -0.146584634880444
    -0.392627113263216    -0.221784691177972     0.214410787023000
    -0.258977505847555     0.019740624099431    -0.015905143450437
1 7
    -0.064829671021665    -0.018931309756091     0.007472578086381
    -0.018931309756091    -0.042969677454082     0.004314294969712
     0.025066013521805     0.014471869654325     0.009860330891089
1 8
    -0.025890315067109    -0.000000000000000     0.000000000000000
     0.000000000000000    -0.013519639286362    -0.003296051069051
     0.000000000000000    -0.004229459975865     0.007639444842784
1 9
    -0.064829671021665     0.018931309756091    -0.007472578086381
     0.018931309756091    -0.042969677454082     0.004314294969712
    -0.025066013521805     0.014471869654325     0.009860330891089
1 10
     0.244394877976436     0.414819585962788     0.146584634880444
     0.392627113263216    -0.221784691177972     0.214410787023000
     0.258977505847555     0.019740624099431    -0.015905143450437
1 11
     0.069324050270504    -0.034899490499501    -0.038854488426735
    -0.075063184946081     0.005837070001185     0.039175723745542
    -0.053354416188648     0.014061112155830     0.047871088207860
1 12
    -0.016612308231549    -0.005356659744054    -0.002854463957969
    -0.005356659744054    -0.022797646121922     0.001648025534525
    -0.003662819783388     0.002114729987932     0.007639444842784
1 13
    -0.016612308231549     0.005356659744054     0.002854463957969
     0.005356659744054    -0.022797646121922     0.001648025534525
     0.003662819783388     0.002114729987932     0.007639444842784
1 14
     0.069324050270504     0.034899490499501     0.038854488426735
     0.075063184946081     0.005837070001185     0.039175723745542
     0.053354416188648     0.014061112155830     0.047871088207860
1 15
    -0.032039680670290    -0.000000000000000     0.000000000000000
    -0.000000000000000    -0.075759667805457    -0.028943739308649
     0.000000000000000    -0.008628589939425     0.009860330891089
1 16
     0.069324050270504    -0.075063184946081    -0.053354416188648
    -0.034899490499501     0.005837070001185     0.014061112155830
    -0.038854488426735     0.039175723745542     0.047871088207860
1 17
    -0.032039680670290    -0.000000000000000     0.000000000000000
    -0.000000000000000    -0.075759667805457    -0.008628589939425
     0.000000000000000    -0.028943739308649     0.009860330891089
1 18
     0.069324050270504     0.075063184946081     0.053354416188648
     0.034899490499501     0.005837070001185     0.014061112155830
     0.038854488426735     0.039175723745542     0.047871088207860
1 19
    -0.016612308231549     0.005356659744054     0.003662819783388
     0.005356659744054    -0.022797646121922     0.002114729987932
     0.002854463957969     0.001648025534525     0.007639444842784
1 20
    -0.016612308231549    -0.005356659744054    -0.003662819783388
    -0.005356659744054    -0.022797646121922     0.002114729987932
    -0.002854463957969     0.001648025534525     0.007639444842784
1 21
     0.244394877976436    -0.392627113263216    -0.258977505847555
    -0.414819585962788    -0.221784691177972     0.019740624099431
    -0.146584634880444     0.214410787023000    -0.015905143450437
1 22
     0.244394877976436     0.392627113263216     0.258977505847555
     0.414819585962788    -0.221784691177972     0.019740624099431
     0.146584634880444     0.214410787023000    -0.015905143450437
1 23
    -0.064829671021665     0.018931309756091    -0.025066013521805
     0.018931309756091    -0.042969677454082     0.014471869654325
    -0.007472578086381     0.004314294969712     0.009860330891089
1 24
    -0.025890315067109     0.000000000000000     0.000000000000000
    -0.000000000000000    -0.013519639286362    -0.004229459975865
     0.000000000000000    -0.003296051069051     0.007639444842784
1 25
    -0.064829671021665    -0.018931309756091     0.025066013521805
    -0.018931309756091    -0.042969677454082     0.014471869654325
     0.007472578086381     0.004314294969712     0.009860330891089
1 26
    -7.327357794258912    -3.527750301790142     2.238537629254230
    -3.527750301790140    -3.253862621514278     1.292420302841035
     2.096795253209908     1.210585303876269    -0.722788819564541
1 27
    -0.015496712313787     0.120708244447548    -0.050016631613937
     0.104846680499389    -0.114524206922432     0.098112926977874
    -0.050934317997709     0.084220493421834     0.003527606023109
1 28
    -0.000930666450133    -0.000000000000000     0.000000000000000
     0.000000000000000    -0.078541927793897     0.040667682382071
     0.000000000000000     0.049625791641815    -0.040372057660086
1 29
    -0.015496712313787    -0.120708244447548     0.050016631613936
    -0.104846680499389    -0.114524206922433     0.098112926977874
     0.050934317997709     0.084220493421834     0.003527606023109
1 30
    -7.327357794258918     3.527750301790140    -2.238537629254230
     3.527750301790140    -3.253862621514278     1.292420302841037
    -2.096795253209908     1.210585303876270    -0.722788819564541
1 31
     0.007900814206098     0.091338112264761     0.059959971395518
     0.107199676212920    -0.137921733442318    -0.092372137078334
     0.047469927823714    -0.086220660021368     0.003527606023109
1 32
     0.051444479234200     0.007791051733718    -0.003948829065065
     0.007791051733718     0.042448147602735    -0.002279857523699
    -0.012656192707826    -0.007307056266779    -0.017321382834975
1 33
     0.051444479234200    -0.007791051733718     0.003948829065065
    -0.007791051733718     0.042448147602735    -0.002279857523699
     0.012656192707826    -0.007307056266779    -0.017321382834975
1 34
     0.007900814206098    -0.091338112264761    -0.059959971395518
    -0.107199676212920    -0.137921733442318    -0.092372137078334
    -0.047469927823714    -0.086220660021368     0.003527606023109
1 35
    -0.144225169416060     0.000000000000000     0.000000000000000
    -0.000000000000000     0.086571524376233    -0.030175206850655
     0.000000000000000    -0.037690516603715    -0.041057397088254
1 36
    -0.059139112457956     0.033606661971726     0.035219246055911
     0.033606661971726    -0.020333481786074    -0.020333841191036
     0.042977196244725    -0.024812895820907    -0.040372057660086
1 37
     0.037949981787003     0.000000000000000     0.000000000000000
     0.000000000000000     0.055942645049932     0.004559715047398
     0.000000000000000     0.014614112533558    -0.017321382834975
1 38
    -0.059139112457956    -0.033606661971726    -0.035219246055911
    -0.033606661971726    -0.020333481786074    -0.020333841191036
    -0.042977196244725    -0.024812895820907    -0.040372057660086
1 39
     0.001759906009932    -0.003692041577231     0.001726002967995
    -0.014879965365327     0.026843765251819     0.002550332446568
     0.006544676465404     0.007283102666253    -0.014311856322399
1 40
     0.001759906009932     0.003692041577231    -0.001726002967995
     0.014879965365327     0.026843765251819     0.002550332446568
    -0.006544676465404     0.007283102666253    -0.014311856322399
1 41
    -0.187435480746641    -0.005577786260548     0.109976603009455
    -0.021439350208707     0.057414561510421    -0.005740789899540
     0.098404245821423     0.002000166599534     0.003527606023109
1 42
    -0.187435480746641     0.005577786260548    -0.109976603009455
     0.021439350208707     0.057414561510421    -0.005740789899540
    -0.098404245821423     0.002000166599534     0.003527606023109
1 43
     0.012530885535590    -0.021098593293901     0.003071654170821
    -0.009910669505805     0.016072785726162     0.000219596194007
     0.009579690160047     0.002026304745463    -0.014311856322399
1 44
     0.000160802187320     0.000000000000000     0.000000000000000
     0.000000000000000     0.000160802187320     0.000000000000000
     0.000000000000000     0.000000000000000    -0.010390383434338
1 45
     0.012530885535590     0.021098593293901    -0.003071654170821
     0.009910669505805     0.016072785726162     0.000219596194007
    -0.009579690160047     0.002026304745463    -0.014311856322399
1 46
    -1.217115035141958    -0.000000000000002     0.000000000000000
    -0.000000000000002    -9.364105380631239    -2.584840605682073
     0.000000000000000    -2.421170607752540    -0.722788819564542
1 47
     0.028872350928160    -0.099937899966792    -0.026132495697118
    -0.099937899966792    -0.086525995967987     0.015087603425328
    -0.032640944860576     0.018845258301857    -0.041057397088254
1 48
     0.028614715347105    -0.000624666034526     0.001345651202826
    -0.011812589822623    -0.000011044085354    -0.002769928640575
     0.003035013694643    -0.009309407411716    -0.014311856322399
1 49
     0.028614715347105     0.000624666034526    -0.001345651202826
     0.011812589822623    -0.000011044085354    -0.002769928640575
    -0.003035013694643    -0.009309407411716    -0.014311856322399
1 50
     0.028872350928160     0.099937899966792     0.026132495697118
     0.099937899966792    -0.086525995967987     0.015087603425328
     0.032640944860576     0.018845258301857    -0.041057397088254
1 51
     0.013237558382125    -0.017421460905234    -0.014181619863967
    -0.017421460905234     0.033354128668752    -0.008187762046006
    -0.036913984703562    -0.021312299005463    -0.009244966369919
1 52
    -0.014732433131557     0.020642338610629     0.008788212088860
    -0.008317828248981     0.013548312041756     0.003156086254870
     0.005435877323731    -0.010048315835454    -0.007893660050680
1 53
    -0.003293853753459     0.000000000000000     0.000000000000000
    -0.000000000000000     0.001098146850246    -0.001890606182049
     0.000000000000000    -0.000743056583117     0.000356223975057
1 54
    -0.014732433131557    -0.020642338610629    -0.008788212088860
     0.008317828248981     0.013548312041756     0.003156086254870
    -0.005435877323731    -0.010048315835454    -0.007893660050680
1 55
     0.013237558382125     0.017421460905234     0.014181619863967
     0.017421460905234     0.033354128668752    -0.008187762046006
     0.036913984703562    -0.021312299005463    -0.009244966369919
1 56
     0.011814795279624    -0.023644877718415     0.007127356917682
     0.005315289141196    -0.012998916369425     0.006032771795363
    -0.005984158116888     0.009731765771934    -0.007893660050680
1 57
    -0.005547889455911    -0.000839796433087     0.001999318908801
    -0.000839796433087    -0.004578176062497     0.001154307310192
    -0.001031509244179    -0.000595542139799    -0.001352238347137
1 58
    -0.005547889455911     0.000839796433087    -0.001999318908801
     0.000839796433087    -0.004578176062497     0.001154307310192
     0.001031509244179    -0.000595542139799    -0.001352238347137
1 59
     0.011814795279624     0.023644877718415    -0.007127356917682
    -0.005315289141196    -0.012998916369425     0.006032771795363
     0.005984158116888     0.009731765771934    -0.007893660050680
1 60
    -0.006653666312936    -0.000000000000000     0.000000000000000
     0.000000000000000    -0.043210315574416    -0.020399350921422
     0.000000000000000    -0.059338852127388    -0.029910002353474
1 61
     0.000000146699320    -0.001901792048123    -0.001637312982206
    -0.001901792048123    -0.002195853602532     0.000945303091024
    -0.000643505877428     0.000371528291558     0.000356223975057
1 62
    -0.004093319365790    -0.000000000000000     0.000000000000000
    -0.000000000000000    -0.006032746152618    -0.002308614620384
     0.000000000000000     0.001191084279597    -0.001352238347137
1 63
     0.000000146699320     0.001901792048123     0.001637312982206
     0.001901792048123    -0.002195853602532     0.000945303091024
     0.000643505877428     0.000371528291558     0.000356223975057
1 64
     0.003144916460952    -0.002876934941714     0.007472341775120
    -0.007961354178941     0.003146512663341    -0.005276533705924
    -0.003676397030926    -0.006830030760183    -0.002871861546571
1 65
     0.003144916460952     0.002876934941714    -0.007472341775120
     0.007961354178941     0.003146512663341    -0.005276533705924
     0.003676397030926    -0.006830030760183    -0.002871861546571
1 66
     0.001141456217232    -0.000846966039629    -0.001660855171177
    -0.029807132899239    -0.002325577307033    -0.009188858050233
    -0.011420035440619     0.000316550063520    -0.007893660050680
1 67
     0.001141456217232     0.000846966039629     0.001660855171177
     0.029807132899239    -0.002325577307033    -0.009188858050233
     0.011420035440619     0.000316550063520    -0.007893660050680
1 68
    -0.001547003243280    -0.005252473074686    -0.000833441345695
    -0.000168053837459     0.007838432367573     0.009109504655975
    -0.007753178662411     0.000231162156912    -0.002871861546571
1 69
     0.000249516436662     0.000000000000000     0.000000000000000
     0.000000000000000     0.000249516436662     0.000000000000000
     0.000000000000000     0.000000000000000    -0.000972605602327
1 70
    -0.001547003243280     0.005252473074686     0.000833441345695
     0.000168053837459     0.007838432367573     0.009109504655975
     0.007753178662411     0.000231162156912    -0.002871861546571
1 71
     0.043412413812065    -0.000000000000000     0.000000000000000
    -0.000000000000000     0.003179273238811     0.016375524092013
     0.000000000000000     0.042624598010927    -0.009244966369919
1 72
    -0.034071153259046     0.015829493468839    -0.017666356118665
     0.015829493468839    -0.015792828628306     0.010199675460711
    -0.051388953373726     0.029669426063694    -0.029910002353474
1 73
     0.007839230468767     0.005251090722868    -0.008305783120814
     0.000166671485641    -0.001547801344475    -0.003832970950052
    -0.004076781631485     0.006598868603271    -0.002871861546571
1 74
     0.007839230468767    -0.005251090722868     0.008305783120814
    -0.000166671485641    -0.001547801344475    -0.003832970950052
     0.004076781631485     0.006598868603271    -0.002871861546571
1 75
    -0.034071153259046    -0.015829493468839     0.017666356118665
    -0.015829493468839    -0.015792828628306     0.010199675460711
     0.051388953373726     0.029669426063694    -0.029910002353474
1 76
     0.000025695520643     0.007239145738031    -0.005986194815437
     0.007239145738031    -0.008333349960467    -0.003456131188114
     0.003501034990866     0.002021323494419    -0.012211972175549
1 77
     0.003172613330236    -0.001907938628085    -0.007542642631033
     0.002721793167720    -0.001774583914707    -0.005862951341247
    -0.006643319899926     0.003428665043152     0.005236245399943
1 78
    -0.003774080901469     0.000000000000000     0.000000000000000
    -0.000000000000000     0.001743266235594    -0.000965291842693
     0.000000000000000    -0.001301543158980     0.000659095484736
1 79
     0.003172613330236     0.001907938628085     0.007542642631033
    -0.002721793167720    -0.001774583914707    -0.005862951341247
     0.006643319899926     0.003428665043152     0.005236245399943
1 80
     0.000025695520643    -0.007239145738031     0.005986194815437
    -0.007239145738031    -0.008333349960467    -0.003456131188114
    -0.003501034990866     0.002021323494419    -0.012211972175549
1 81
    -0.000185375250317     0.004660528778638    -0.008848786118188
     0.000030796982832     0.001583404665846    -0.003600644459519
    -0.000352348921525    -0.007467616320379     0.005236245399943
1 82
    -0.001042851680147    -0.001091514929469    -0.000868924816357
    -0.001091514929469     0.000217521196560    -0.000501673976629
    -0.000309921011209    -0.000178932979249     0.001057813340279
1 83
    -0.001042851680147     0.001091514929469     0.000868924816357
     0.001091514929469     0.000217521196560    -0.000501673976629
     0.000309921011209    -0.000178932979249     0.001057813340279
1 84
    -0.000185375250317    -0.004660528778638     0.008848786118188
    -0.000030796982832     0.001583404665846    -0.003600644459519
     0.000352348921525    -0.007467616320379     0.005236245399943
1 85
     0.001496095639088     0.000000000000000     0.000000000000000
    -0.000000000000000     0.000018659868744    -0.000580600224759
     0.000000000000000    -0.005392987892375    -0.009563510664510
1 86
     0.000363929451328    -0.002389081391097    -0.000835967257838
    -0.002389081391097    -0.002394744117203     0.000482645921346
    -0.001127169439799     0.000650771579490     0.000659095484736
1 87
     0.000847707634913    -0.000000000000000     0.000000000000000
    -0.000000000000000    -0.001673038118500     0.001003347953259
     0.000000000000000     0.000357865958498     0.001057813340279
1 88
     0.000363929451328     0.002389081391097     0.000835967257838
     0.002389081391097    -0.002394744117203     0.000482645921346
     0.001127169439799     0.000650771579490     0.000659095484736
1 89
    -0.000441001046535     0.004351358327713    -0.003650358675424
     0.000152363956465    -0.000882320444328     0.002807175150183
     0.000502079405411     0.002235009675212    -0.001890376385698
1 90
    -0.000441001046535    -0.004351358327713     0.003650358675424
    -0.000152363956465    -0.000882320444328     0.002807175150183
    -0.000502079405411     0.002235009675212    -0.001890376385698
1 91
    -0.000890193956626    -0.000376130286985    -0.001306143487155
     0.004253601508820     0.002288223372155     0.009463595800766
     0.006290970978401     0.004038951277226     0.005236245399943
1 92
    -0.000890193956626     0.000376130286985     0.001306143487155
    -0.004253601508820     0.002288223372155     0.009463595800766
    -0.006290970978401     0.004038951277226     0.005236245399943
1 93
     0.001178178359964    -0.000782469709744     0.000605905655219
     0.003416524661505    -0.002501499850827    -0.004564890920934
     0.002186614859143    -0.000682691317803    -0.001890376385698
1 94
    -0.000388231386205    -0.000000000000000     0.000000000000000
    -0.000000000000000    -0.000388231386205     0.000000000000000
     0.000000000000000     0.000000000000000    -0.000333675184991
1 95
     0.001178178359964     0.000782469709744    -0.000605905655219
    -0.003416524661505    -0.002501499850827    -0.004564890920934
    -0.002186614859143    -0.000682691317803    -0.001890376385698
1 96
    -0.012512872701023     0.000000000000000     0.000000000000000
     0.000000000000000     0.004205218261199     0.006912262376228
     0.000000000000000    -0.004042646988838    -0.012211972175549
1 97
     0.000388018811330     0.000639748454789    -0.000502814544084
     0.000639748454789     0.001126736696502     0.000290300112379
    -0.004670464517098     0.002696493946187    -0.009563510664510
1 98
    -0.002722159549724     0.001164663519416     0.004256264330643
    -0.003034330851833     0.001398838058861     0.001757715770750
     0.001684535453732    -0.001552318357409    -0.001890376385698
1 99
    -0.002722159549724    -0.001164663519416    -0.004256264330643
     0.003034330851833     0.001398838058861     0.001757715770750
    -0.001684535453732    -0.001552318357409    -0.001890376385698
1 100
     0.000388018811330    -0.000639748454789     0.000502814544084
    -0.000639748454789     0.001126736696502     0.000290300112379
     0.004670464517098     0.002696493946187    -0.009563510664510
1 101
     0.031316715051533     0.018841290022730     0.028804583586212
     0.018841290022730     0.009560667318527     0.016630334087395
    -0.000890656950082    -0.000514221029885    -0.006438723879575
1 102
     0.005605506103218    -0.000561152929288     0.002215171617741
     0.001611161984386     0.002935845666169     0.001387274915257
     0.003123443791999     0.001016417467905     0.004048084585714
1 103
     0.005605506103218     0.000561152929288    -0.002215171617741
    -0.001611161984386     0.002935845666169     0.001387274915257
    -0.003123443791999     0.001016417467905     0.004048084585714
1 104
     0.031316715051533    -0.018841290022730    -0.028804583586212
    -0.018841290022730     0.009560667318527     0.016630334087395
     0.000890656950082    -0.000514221029885    -0.006438723879575
1 105
    -0.032811945910260    -0.000000000000000     0.000000000000000
     0.000000000000000    -0.029676283402972    -0.046202905047098
     0.000000000000000    -0.006683765252169    -0.023517598574176
1 106
     0.004057928033390     0.002504656599593     0.002309001127516
     0.000332341685919     0.004483423735997     0.001224757437078
     0.002441965244056     0.002196772937212     0.004048084585714
1 107
     0.010160988997545     0.000000000000000     0.000000000000000
     0.000000000000000     0.010160988997545     0.000000000000000
     0.000000000000000     0.000000000000000     0.001793742108354
1 108
     0.004057928033390    -0.002504656599593    -0.002309001127516
    -0.000332341685919     0.004483423735997     0.001224757437078
    -0.002441965244056     0.002196772937212     0.004048084585714
1 109
    -0.004816115322942    -0.003248753367311     0.002547720283262
    -0.005378127594181     0.005324776586886     0.003333749559085
    -0.007387115023896     0.014201934264600     0.016819817693754
1 110
    -0.004816115322942     0.003248753367311    -0.002547720283262
     0.005378127594181     0.005324776586886     0.003333749559085
     0.007387115023896     0.014201934264600     0.016819817693754
1 111
     0.003148593517472    -0.000192662841630     0.000093829509774
     0.001979652072044     0.005392758251915    -0.002612032352335
    -0.000681478547944    -0.003213190405117     0.004048084585714
1 112
     0.003148593517472     0.000192662841630    -0.000093829509774
    -0.001979652072044     0.005392758251915    -0.002612032352335
     0.000681478547944    -0.003213190405117     0.004048084585714
1 113
     0.001465285904627    -0.000376333352650     0.001884277405697
    -0.000376333352650     0.001899838229542     0.001087888067407
    -0.001255750699318    -0.000725008004286     0.005531434577700
1 114
    -0.001991644826932    -0.000000000000000     0.000000000000000
     0.000000000000000    -0.007307951574086     0.001741620404447
     0.000000000000000    -0.000033670662585     0.002663379322693
1 115
     0.001465285904627     0.000376333352650    -0.001884277405697
     0.000376333352650     0.001899838229542     0.001087888067407
     0.001255750699318    -0.000725008004286     0.005531434577700
1 116
    -0.001317356547976     0.000000000000000     0.000000000000000
     0.000000000000000     0.042194738918036    -0.033260668174790
     0.000000000000000     0.001028442059771    -0.006438723879575
1 117
    -0.000945995424609    -0.007612542359279     0.004160971949654
    -0.005483168132409     0.001454656688553     0.000539515707499
     0.008605678344072    -0.013498396403672     0.016819817693754
1 118
    -0.005978874887298     0.002302028348673     0.001508287514000
     0.002302028348673    -0.003320721513721    -0.000870810202223
    -0.000029159649161     0.000016835331293     0.002663379322693
1 119
    -0.005978874887298    -0.002302028348673    -0.001508287514000
    -0.002302028348673    -0.003320721513721    -0.000870810202223
     0.000029159649161     0.000016835331293     0.002663379322693
1 120
    -0.000945995424609     0.007612542359279    -0.004160971949654
     0.005483168132409     0.001454656688553     0.000539515707499
    -0.008605678344072    -0.013498396403672     0.016819817693754
1 121
    -0.030460199029794    -0.001357781694503    -0.040012889499427
    -0.001357781694503    -0.032028030283438     0.023101452523549
    -0.005788310501310     0.003341882626084    -0.023517598574176
1 122
     0.006525102643467    -0.001169727651664     0.001613251666392
    -0.003299101878534    -0.006016441379523    -0.003873265266584
     0.015992793367968    -0.000703537860928     0.016819817693754
1 123
     0.002117114391999     0.000000000000000     0.000000000000000
     0.000000000000000     0.001248009742170    -0.002175776134814
     0.000000000000000     0.001450016008572     0.005531434577700
1 124
     0.006525102643467     0.001169727651664    -0.001613251666392
     0.003299101878534    -0.006016441379523    -0.003873265266584
    -0.015992793367968    -0.000703537860928     0.016819817693754
1 125
    -0.030460199029794     0.001357781694503     0.040012889499427
     0.001357781694503    -0.032028030283438     0.023101452523549
     0.005788310501310     0.003341882626084    -0.023517598574176
1 126
    -0.000213059069705    -0.000819502735462     0.002441594864051
    -0.000819502735462     0.000733221180136     0.001409655452012
     0.008830283647248     0.005098166640759     0.005927933501697
1 127
     0.002285365907601     0.001699563825651     0.002954188358645
     0.001482441197998     0.001122587630469     0.001864566680068
     0.000305234016778    -0.000214692094234    -0.002410190418542
1 128
     0.002285365907601    -0.001699563825651    -0.002954188358645
    -0.001482441197998     0.001122587630469     0.001864566680068
    -0.000305234016778    -0.000214692094234    -0.002410190418542
1 129
    -0.000213059069705     0.000819502735462    -0.002441594864051
     0.000819502735462     0.000733221180136     0.001409655452012
    -0.008830283647248     0.005098166640759     0.005927933501697
1 130
    -0.007233165622730    -0.000000000000000     0.000000000000000
     0.000000000000000    -0.001353484740849    -0.004395489836813
     0.000000000000000     0.003433613198104     0.005926553855136
1 131
     0.002791130792477     0.001190437705568     0.003091856291311
     0.001407560333221     0.000616822745594     0.001626118826117
    -0.000033311799209     0.000371686459746    -0.002410190418542
1 132
     0.001240822149935     0.000000000000000     0.000000000000000
     0.000000000000000     0.001240822149935     0.000000000000000
     0.000000000000000     0.000000000000000    -0.000143661063249
1 133
     0.002791130792477    -0.001190437705568    -0.003091856291311
    -0.001407560333221     0.000616822745594     0.001626118826117
     0.000033311799209     0.000371686459746    -0.002410190418542
1 134
    -0.006541903173955    -0.001435788727259    -0.002198783894765
     0.004079609853886    -0.001107793499479    -0.000560704723065
    -0.000866167392519    -0.000433502984622    -0.003028961900240
1 135
    -0.006541903173955     0.001435788727259     0.002198783894765
    -0.004079609853886    -0.001107793499479    -0.000560704723065
     0.000866167392519    -0.000433502984622    -0.003028961900240
1 136
     0.000035433607028    -0.000183442178603     0.000137667932666
    -0.000400564806256     0.003372519931043    -0.003490685506185
    -0.000338545815987    -0.000156994365512    -0.002410190418542
1 137
     0.000035433607028     0.000183442178603    -0.000137667932666
     0.000400564806256     0.003372519931043    -0.003490685506185
     0.000338545815987    -0.000156994365512    -0.002410190418542
1 138
    -0.003238089101431     0.000632268068845     0.001370015347788
     0.000632268068845    -0.003968169380926     0.000790978729839
    -0.001209386282518    -0.000698239495766     0.000507762053682
1 139
     0.000894738391716    -0.000000000000000     0.000000000000000
     0.000000000000000    -0.002011886525260    -0.001115669364459
     0.000000000000000     0.000420783278371     0.001134811414735
1 140
    -0.003238089101431    -0.000632268068845    -0.001370015347788
    -0.000632268068845    -0.003968169380926     0.000790978729839
     0.001209386282518    -0.000698239495766     0.000507762053682
1 141
     0.001206361305057    -0.000000000000000     0.000000000000000
    -0.000000000000000    -0.000686199194625    -0.002819310904024
     0.000000000000000    -0.010196333281519     0.005927933501697
1 142
    -0.001321512788738     0.001065616059706    -0.001584976481578
    -0.004449782521439    -0.006328183884696    -0.001623850348766
    -0.000808508293558    -0.000533371473540    -0.003028961900240
1 143
    -0.001285230296016     0.001258605508687    -0.000966198011845
     0.001258605508687     0.000168082162472     0.000557834682229
     0.000364409008557    -0.000210391639186     0.001134811414735
1 144
    -0.001285230296016    -0.001258605508687     0.000966198011845
    -0.001258605508687     0.000168082162472     0.000557834682229
    -0.000364409008557    -0.000210391639186     0.001134811414735
1 145
    -0.001321512788738    -0.001065616059706     0.001584976481578
     0.004449782521439    -0.006328183884696    -0.001623850348766
     0.000808508293558    -0.000533371473540    -0.003028961900240
1 146
    -0.002823404961319    -0.002545976504927    -0.003806605860756
    -0.002545976504927    -0.005763245402260     0.002197744918406
     0.002973596256328    -0.001716806599052     0.005926553855136
1 147
    -0.003611129047458    -0.005771693084753     0.000613807413186
    -0.000256294503607    -0.004038567625975     0.002184555071831
     0.000057659098961     0.000966874458162    -0.003028961900240
1 148
    -0.004333209520674    -0.000000000000000     0.000000000000000
    -0.000000000000000    -0.002873048961683    -0.001581957459679
     0.000000000000000     0.001396478991531     0.000507762053682
1 149
    -0.003611129047458     0.005771693084753    -0.000613807413186
     0.000256294503607    -0.004038567625975     0.002184555071831
    -0.000057659098961     0.000966874458162    -0.003028961900240
1 150
    -0.002823404961319     0.002545976504927     0.003806605860756
     0.002545976504927    -0.005763245402260     0.002197744918406
    -0.002973596256328    -0.001716806599052     0.005926553855136
26 1
    -7.327357794258912    -3.527750301790140     2.096795253209908
    -3.527750301790142    -3.253862621514278     1.210585303876269
     2.238537629254230     1.292420302841035    -0.722788819564541
26 2
    -7.327357794258918     3.527750301790140    -2.096795253209908
     3.527750301790140    -3.253862621514278     1.210585303876270
    -2.238537629254230     1.292420302841037    -0.722788819564541
26 3
    -0.015496712313787    -0.104846680499389     0.050934317997709
    -0.120708244447548    -0.114524206922433     0.084220493421834
     0.050016631613936     0.098112926977874     0.003527606023109
26 4
    -0.000930666450133     0.000000000000000     0.000000000000000
    -0.000000000000000    -0.078541927793897     0.049625791641815
     0.000000000000000     0.040667682382071    -0.040372057660086
26 5
    -0.015496712313787     0.104846680499389    -0.050934317997709
     0.120708244447548    -0.114524206922432     0.084220493421834
    -0.050016631613937     0.098112926977874     0.003527606023109
26 6
    -1.217115035141958    -0.000000000000002     0.000000000000000
    -0.000000000000002    -9.364105380631239    -2.421170607752540
     0.000000000000000    -2.584840605682073    -0.722788819564542
26 7
     0.028872350928160     0.099937899966792     0.032640944860576
     0.099937899966792    -0.086525995967987     0.018845258301857
     0.026132495697118     0.015087603425328    -0.041057397088254
26 8
     0.028614715347105     0.011812589822623    -0.003035013694643
     0.000624666034526    -0.000011044085354    -0.009309407411716
    -0.001345651202826    -0.002769928640575    -0.014311856322399
26 9
     0.028614715347105    -0.011812589822623     0.003035013694643
    -0.000624666034526    -0.000011044085354    -0.009309407411716
     0.001345651202826    -0.002769928640575    -0.014311856322399
26 10
     0.028872350928160    -0.099937899966792    -0.032640944860576
    -0.099937899966792    -0.086525995967987     0.018845258301857
    -0.026132495697118     0.015087603425328    -0.041057397088254
26 11
    -0.187435480746641    -0.021439350208707     0.098404245821423
    -0.005577786260548     0.057414561510421     0.002000166599534
     0.109976603009455    -0.005740789899540     0.003527606023109
26 12
     0.012530885535590     0.009910669505805    -0.009579690160047
     0.021098593293901     0.016072785726162     0.002026304745463
    -0.003071654170821     0.000219596194007    -0.014311856322399
26 13
     0.000160802187320     0.000000000000000     0.000000000000000
     0.000000000000000     0.000160802187320     0.000000000000000
     0.000000000000000     0.000000000000000    -0.010390383434338
26 14
     0.012530885535590    -0.009910669505805     0.009579690160047
    -0.021098593293901     0.016072785726162     0.002026304745463
     0.003071654170821     0.000219596194007    -0.014311856322399
26 15
    -0.187435480746641     0.021439350208707    -0.098404245821423
     0.005577786260548     0.057414561510421     0.002000166599534
    -0.109976603009455    -0.005740789899540     0.003527606023109
26 16
    -0.059139112457956     0.033606661971726     0.042977196244725
     0.033606661971726    -0.020333481786074    -0.024812895820907
     0.035219246055911    -0.020333841191036    -0.040372057660086
26 17
     0.001759906009932     0.014879965365327    -0.006544676465404
     0.003692041577231     0.026843765251819     0.007283102666253
    -0.001726002967995     0.002550332446568    -0.014311856322399
26 18
     0.001759906009932    -0.014879965365327     0.006544676465404
    -0.003692041577231     0.026843765251819     0.007283102666253
     0.001726002967995     0.002550332446568    -0.014311856322399
26 19
    -0.059139112457956    -0.033606661971726    -0.042977196244725
    -0.033606661971726    -0.020333481786074    -0.024812895820907
    -0.035219246055911    -0.020333841191036    -0.040372057660086
26 20
     0.037949981787003     0.000000000000000     0.000000000000000
     0.000000000000000     0.055942645049932     0.014614112533558
     0.000000000000000     0.004559715047398    -0.017321382834975
26 21
     0.007900814206098     0.107199676212920     0.047469927823714
     0.091338112264761    -0.137921733442318    -0.086220660021368
     0.059959971395518    -0.092372137078334     0.003527606023109
26 22
    -0.144225169416060    -0.000000000000000     0.000000000000000
     0.000000000000000     0.086571524376233    -0.037690516603715
     0.000000000000000    -0.030175206850655    -0.041057397088254
26 23
     0.007900814206098    -0.107199676212920    -0.047469927823714
    -0.091338112264761    -0.137921733442318    -0.086220660021368
    -0.059959971395518    -0.092372137078334     0.003527606023109
26 24
     0.051444479234200    -0.007791051733718     0.012656192707826
    -0.007791051733718     0.042448147602735    -0.007307056266779
     0.003948829065065    -0.002279857523699    -0.017321382834975
26 25
     0.051444479234200     0.007791051733718    -0.012656192707826
     0.007791051733718     0.042448147602735    -0.007307056266779
    -0.003948829065065    -0.002279857523699    -0.017321382834975
26 26
    16.511568265536688     0.000000000000002     0.000000000000000
     0.000000000000002    16.511568265536692     0.000000000000000
     0.000000000000000     0.000000000000000     2.785258228674549
26 27
    -0.471371994039257    -0.062163115495045    -0.181662031043307
     0.062163115495045     0.503955171073239    -0.184410173322457
     0.181662031043308    -0.184410173322457    -0.032672397376764
26 28
    -0.032073337217980     0.006127454567736    -0.010115308143876
    -0.006127454567736     0.106300513276385    -0.048846547024382
     0.010115308143876    -0.048846547024382     0.048849308205210
26 29
    -0.032073337217980    -0.006127454567736     0.010115308143876
     0.006127454567736     0.106300513276385    -0.048846547024382
    -0.010115308143876    -0.048846547024382     0.048849308205210
26 30
    -0.471371994039257     0.062163115495045     0.181662031043308
    -0.062163115495045     0.503955171073239    -0.184410173322457
    -0.181662031043307    -0.184410173322457    -0.032672397376764
26 31
     0.260123379795114    -0.360165935499195    -0.250534910335193
    -0.484492166489285    -0.227540202761133    -0.065118847125353
    -0.068872879291885     0.249529020447810    -0.032672397376764
26 32
    -0.063734760409090    -0.011398768481677     0.019335112387209
    -0.011398768481677    -0.050572596306438     0.011163132341567
     0.011994508955721     0.006925032974383     0.002139419451938
26 33
    -0.037685757848459    -0.000000000000000     0.000000000000000
     0.000000000000000    -0.005427633577773    -0.000448804783146
     0.000000000000000     0.003342981778297     0.004898482628787
26 34
    -0.063734760409090     0.011398768481677    -0.019335112387209
     0.011398768481677    -0.050572596306438     0.011163132341567
    -0.011994508955721     0.006925032974383     0.002139419451938
26 35
     0.260123379795114     0.360165935499195     0.250534910335193
     0.484492166489285    -0.227540202761133    -0.065118847125353
     0.068872879291885     0.249529020447810    -0.032672397376764
26 36
     0.071707050652793    -0.066045089441531    -0.047360004682203
    -0.053790180306059     0.002520125405611     0.015663159692487
    -0.037244696538328     0.033183387331895     0.048849308205210
26 37
    -0.013492164645445    -0.013968177548425    -0.000388676343545
    -0.013968177548425    -0.029621226780788     0.000224402391573
     0.002895107144394    -0.001671490889149     0.004898482628787
26 38
    -0.013492164645445     0.013968177548425     0.000388676343545
     0.013968177548425    -0.029621226780788     0.000224402391573
    -0.002895107144394    -0.001671490889149     0.004898482628787
26 39
     0.071707050652793     0.066045089441531     0.047360004682203
     0.053790180306059     0.002520125405611     0.015663159692487
     0.037244696538328     0.033183387331895     0.048849308205210
26 40
    -0.043991514255112    -0.000000000000000     0.000000000000000
    -0.000000000000000    -0.070315842460416    -0.013850065948766
     0.000000000000000    -0.022326264683133     0.002139419451938
26 41
     0.071707050652793    -0.053790180306059    -0.037244696538328
    -0.066045089441531     0.002520125405611     0.033183387331895
    -0.047360004682203     0.015663159692487     0.048849308205210
26 42
    -0.043991514255112    -0.000000000000000     0.000000000000000
    -0.000000000000000    -0.070315842460416    -0.022326264683133
     0.000000000000000    -0.013850065948766     0.002139419451938
26 43
     0.071707050652793     0.053790180306059     0.037244696538328
     0.066045089441531     0.002520125405611     0.033183387331895
     0.047360004682203     0.015663159692487     0.048849308205210
26 44
    -0.013492164645445     0.013968177548425    -0.002895107144394
     0.013968177548425    -0.029621226780788    -0.001671490889149
     0.000388676343545     0.000224402391573     0.004898482628787
26 45
    -0.013492164645445    -0.013968177548425     0.002895107144394
    -0.013968177548425    -0.029621226780788    -0.001671490889149
    -0.000388676343545     0.000224402391573     0.004898482628787
26 46
     0.260123379795114    -0.484492166489285    -0.068872879291885
    -0.360165935499195    -0.227540202761133     0.249529020447810
    -0.250534910335193    -0.065118847125353    -0.032672397376764
26 47
     0.260123379795114     0.484492166489285     0.068872879291885
     0.360165935499195    -0.227540202761133     0.249529020447810
     0.250534910335193    -0.065118847125353    -0.032672397376764
26 48
    -0.063734760409090     0.011398768481677    -0.011994508955721
     0.011398768481677    -0.050572596306438     0.006925032974383
    -0.019335112387209     0.011163132341567     0.002139419451938
26 49
    -0.037685757848459     0.000000000000000     0.000000000000000
    -0.000000000000000    -0.005427633577773     0.003342981778297
     0.000000000000000    -0.000448804783146     0.004898482628787
26 50
    -0.063734760409090    -0.011398768481677     0.011994508955721
    -0.011398768481677    -0.050572596306438     0.006925032974383
     0.019335112387209     0.011163132341567     0.002139419451938
26 51
    -0.026196174440029    -0.000000000000000     0.000000000000000
    -0.000000000000000    -0.026196174440029     0.000000000000000
     0.000000000000000     0.000000000000000    -0.009484597180743
26 52
     0.014683298217429    -0.031819981110384    -0.015603403844649
     0.005534908580335    -0.003496819494321     0.006563220666217
     0.010323437414929    -0.000605239406288    -0.006624934775639
26 53
     0.002455131980601    -0.007108468700041    -0.002412951832250
    -0.004409132455622     0.002281776543883     0.007237458209292
     0.002188879847521     0.002034018161590    -0.003561142165076
26 54
     0.002455131980601     0.007108468700041     0.002412951832250
     0.004409132455622     0.002281776543883     0.007237458209292
    -0.002188879847521     0.002034018161590    -0.003561142165076
26 55
     0.014683298217429     0.031819981110384     0.015603403844649
    -0.005534908580335    -0.003496819494321     0.006563220666217
    -0.010323437414929    -0.000605239406288    -0.006624934775639
26 56
    -0.010333560342052     0.019978398603931    -0.002117786094738
    -0.017376491086788     0.021520039065160    -0.016794554448082
     0.004637566006248     0.009242978758852    -0.006624934775639
26 57
    -0.000964627280010     0.002938917619562    -0.003050223809130
     0.002938917619562    -0.004358197037570    -0.001761047537290
     0.001324549083401     0.000764728769856    -0.000495510025769
26 58
     0.004580535416113     0.000000000000000     0.000000000000000
    -0.000000000000000     0.001873274822532     0.001950688735195
     0.000000000000000    -0.001045933965814    -0.001148772671441
26 59
    -0.000964627280010    -0.002938917619562     0.003050223809130
    -0.002938917619562    -0.004358197037570    -0.001761047537290
    -0.001324549083401     0.000764728769856    -0.000495510025769
26 60
    -0.010333560342052    -0.019978398603931     0.002117786094738
     0.017376491086788     0.021520039065160    -0.016794554448082
    -0.004637566006248     0.009242978758852    -0.006624934775639
26 61
    -0.002662152192668    -0.001454667060665     0.005061346751950
    -0.004154003305084     0.007399060717152    -0.005708406689483
     0.002855951323457     0.000878616472990    -0.003561142165076
26 62
     0.002550089970928     0.001172278224353     0.001689345999555
     0.001172278224353     0.003903720267718    -0.000975344367597
    -0.000905805385076     0.000522966982907    -0.001148772671441
26 63
     0.002550089970928    -0.001172278224353    -0.001689345999555
    -0.001172278224353     0.003903720267718    -0.000975344367597
     0.000905805385076     0.000522966982907    -0.001148772671441
26 64
    -0.002662152192668     0.001454667060665    -0.005061346751950
     0.004154003305084     0.007399060717152    -0.005708406689483
    -0.002855951323457     0.000878616472990    -0.003561142165076
26 65
    -0.006213503348420    -0.000000000000000     0.000000000000000
     0.000000000000000    -0.018243449090681     0.015686800392670
     0.000000000000000     0.030258938420104    -0.007137128560657
26 66
     0.007312382998793     0.001604797272748     0.007474298584200
     0.004304133517167    -0.002575474474309    -0.001529051519809
     0.000667071475936    -0.002912634634581    -0.003561142165076
26 67
    -0.006054981916350     0.000000000000000     0.000000000000000
     0.000000000000000     0.000732157598770     0.003522095074579
     0.000000000000000    -0.001529457539713    -0.000495510025769
26 68
     0.007312382998793    -0.001604797272748    -0.007474298584200
    -0.004304133517167    -0.002575474474309    -0.001529051519809
    -0.000667071475936    -0.002912634634581    -0.003561142165076
26 69
    -0.006222163977165     0.005428253559712     0.000918213981447
     0.005428253559712    -0.012490171285023     0.000530131089362
     0.002168616051648     0.001252051061188    -0.000288792983015
26 70
    -0.006222163977165    -0.005428253559712    -0.000918213981447
    -0.005428253559712    -0.012490171285023     0.000530131089362
    -0.002168616051648     0.001252051061188    -0.000288792983015
26 71
     0.012429980209286    -0.004233954821764     0.013485617749911
     0.033120934868955    -0.001243501486178     0.010231333781865
    -0.005685871408682    -0.008637739352563    -0.006624934775639
26 72
     0.012429980209286     0.004233954821764    -0.013485617749911
    -0.033120934868955    -0.001243501486178     0.010231333781865
     0.005685871408682    -0.008637739352563    -0.006624934775639
26 73
    -0.015235962655116     0.005209119309473     0.013585167644148
     0.005209119309473    -0.009220989783985    -0.007843400196335
     0.026205009363359    -0.015129469210052    -0.007137128560657
26 74
    -0.015624174938952     0.000000000000000     0.000000000000000
     0.000000000000000    -0.003088160323236    -0.001060262178725
     0.000000000000000    -0.002504102122376    -0.000288792983015
26 75
    -0.015235962655116    -0.005209119309473    -0.013585167644148
    -0.005209119309473    -0.009220989783985    -0.007843400196335
    -0.026205009363359    -0.015129469210052    -0.007137128560657
26 76
    -0.000476565822147    -0.000000000000000     0.000000000000000
    -0.000000000000000    -0.000476565822147     0.000000000000000
     0.000000000000000     0.000000000000000    -0.005107169500240
26 77
    -0.006704400055010     0.005915103646449     0.007771283850762
     0.000282616093957    -0.000393967230151     0.002695882992671
    -0.001559298795185     0.002070995495588     0.003939058016391
26 78
     0.001601672069996    -0.001889756720334     0.001601283968608
     0.003259375946305     0.000333955390796    -0.002710292701043
     0.000820861714152     0.001655246791898    -0.004834056966835
26 79
     0.001601672069996     0.001889756720334    -0.001601283968608
    -0.003259375946305     0.000333955390796    -0.002710292701043
    -0.000820861714152     0.001655246791898    -0.004834056966835
26 80
    -0.006704400055010    -0.005915103646449    -0.007771283850762
    -0.000282616093957    -0.000393967230151     0.002695882992671
     0.001559298795185     0.002070995495588     0.003939058016391
26 81
     0.000712115933998    -0.003999311408746     0.006220345082664
     0.001633176143746    -0.007810483219159     0.005382187738444
     0.001013885312710    -0.002385890116515     0.003939058016391
26 82
     0.000001906505062     0.000168577685192     0.001615531761111
     0.000168577685192    -0.000192750238788     0.000932727697162
     0.002276737391700     0.001314474945972    -0.005711684634160
26 83
     0.000386219274284    -0.000000000000000     0.000000000000000
     0.000000000000000    -0.001792949722877     0.000132426667519
     0.000000000000000     0.000766337503071    -0.004949889792517
26 84
     0.000001906505062    -0.000168577685192    -0.001615531761111
    -0.000168577685192    -0.000192750238788     0.000932727697162
    -0.002276737391700     0.001314474945972    -0.005711684634160
26 85
     0.000712115933998     0.003999311408746    -0.006220345082664
    -0.001633176143746    -0.007810483219159     0.005382187738444
    -0.001013885312710    -0.002385890116515     0.003939058016391
26 86
     0.001243947082197     0.003465908564306    -0.001546540346491
    -0.001683224102333     0.000691680378595     0.002741898946009
     0.001843916628392    -0.000116736298500    -0.004834056966835
26 87
    -0.001248157473586     0.000943607855340     0.000114684858210
     0.000943607855340    -0.000158572975006    -0.000066213333759
     0.000663667745533    -0.000383168751536    -0.004949889792517
26 88
    -0.001248157473586    -0.000943607855340    -0.000114684858210
    -0.000943607855340    -0.000158572975006    -0.000066213333759
    -0.000663667745533    -0.000383168751536    -0.004949889792517
26 89
     0.001243947082197    -0.003465908564306     0.001546540346491
     0.001683224102333     0.000691680378595     0.002741898946009
    -0.001843916628392    -0.000116736298500    -0.004834056966835
26 90
     0.001081585806825     0.000000000000000     0.000000000000000
    -0.000000000000000     0.014069854496450    -0.018064009296751
     0.000000000000000    -0.005698877610221     0.007219052739799
26 91
     0.000057822038995    -0.002368033715318    -0.003147824315099
     0.002781098951321     0.001877805421797    -0.000031606244965
     0.001023054914240    -0.001538510493398    -0.004834056966835
26 92
    -0.000290078610713     0.000000000000000     0.000000000000000
     0.000000000000000     0.000099234876987    -0.001865455394324
     0.000000000000000    -0.002628949891944    -0.005711684634160
26 93
     0.000057822038995     0.002368033715318     0.003147824315099
    -0.002781098951321     0.001877805421797    -0.000031606244965
    -0.001023054914240    -0.001538510493398    -0.004834056966835
26 94
     0.000220003111712     0.000884478506713    -0.002968533264667
     0.000884478506713    -0.000801304696174    -0.001713883479454
     0.002869195546837     0.001656530821324    -0.005639023248722
26 95
     0.000220003111712    -0.000884478506713     0.002968533264667
    -0.000884478506713    -0.000801304696174    -0.001713883479454
    -0.002869195546837     0.001656530821324    -0.005639023248722
26 96
    -0.004655266806730    -0.001465683726457    -0.001550938768098
    -0.007098171278949    -0.002443100478432    -0.008078070731115
     0.002573184107895     0.000314894620927     0.003939058016391
26 97
    -0.004655266806730     0.001465683726457     0.001550938768098
     0.007098171278949    -0.002443100478432    -0.008078070731115
    -0.002573184107895     0.000314894620927     0.003939058016391
26 98
     0.010822787324044    -0.005624085318197    -0.015643890945184
    -0.005624085318197     0.004328652979232     0.009032004648375
    -0.004935372783510     0.002849438805111     0.007219052739799
26 99
    -0.001311958600117     0.000000000000000     0.000000000000000
     0.000000000000000     0.000730657015656     0.003427766958908
     0.000000000000000    -0.003313061642648    -0.005639023248722
26 100
     0.010822787324044     0.005624085318197     0.015643890945184
     0.005624085318197     0.004328652979232     0.009032004648375
     0.004935372783510     0.002849438805111     0.007219052739799
26 101
    -0.046473509009433    -0.033515764854803    -0.077235470662453
    -0.033515764854802    -0.007772837287400    -0.044591919777955
    -0.077765205105704    -0.044897762101364    -0.083477989983203
26 102
    -0.005751211347177     0.003562835151120    -0.006141082344431
     0.009472562292796    -0.002565292502919     0.006528534850619
    -0.000365964839641    -0.002733676485837     0.004794268726545
26 103
     0.001836369655209    -0.000000000000000     0.000000000000000
     0.000000000000000    -0.001971160672692     0.002340228407814
     0.000000000000000    -0.001453120728654     0.003251536447248
26 104
    -0.005751211347177    -0.003562835151120     0.006141082344431
    -0.009472562292796    -0.002565292502919     0.006528534850619
     0.000365964839641    -0.002733676485837     0.004794268726545
26 105
    -0.046473509009433     0.033515764854802     0.077235470662453
     0.033515764854802    -0.007772837287400    -0.044591919777955
     0.077765205105704    -0.044897762101364    -0.083477989983203
26 106
     0.002282720453445     0.004834169605055     0.002583335857912
    -0.001075557536621    -0.010599224303541    -0.008582600742319
    -0.002550415702283     0.001049903394897     0.004794268726545
26 107
    -0.005591862101821    -0.001103263912304     0.000065663424143
    -0.001103263912304    -0.004317922668309     0.000037910795605
    -0.001161605507668    -0.000670653252544     0.004587839110158
26 108
    -0.005591862101821     0.001103263912304    -0.000065663424143
     0.001103263912304    -0.004317922668309     0.000037910795605
     0.001161605507668    -0.000670653252544     0.004587839110158
26 109
     0.002282720453445    -0.004834169605055    -0.002583335857912
     0.001075557536621    -0.010599224303541    -0.008582600742319
     0.002550415702283     0.001049903394897     0.004794268726545
26 110
     0.002984815188997     0.000000000000000     0.000000000000000
    -0.000000000000000     0.010013954052826    -0.000392483693614
     0.000000000000000    -0.055667569389404    -0.018951805449560
26 111
    -0.001019278090717     0.001648708994821     0.002026697251825
     0.001648708994821     0.000884487073234    -0.001170114203907
    -0.001258439465780     0.000726560364327     0.003251536447248
26 112
    -0.003680952951553    -0.000000000000000     0.000000000000000
    -0.000000000000000    -0.006228831818577    -0.000075821591209
     0.000000000000000     0.001341306505089     0.004587839110158
26 113
    -0.001019278090717    -0.001648708994821    -0.002026697251825
    -0.001648708994821     0.000884487073234    -0.001170114203907
     0.001258439465780     0.000726560364327     0.003251536447248
26 114
     0.004523978729019     0.000106709282983    -0.000574570131549
    -0.000240928840626     0.010713754210785     0.002006920305892
     0.000982091069891    -0.000052647477834     0.002821316661942
26 115
     0.004523978729019    -0.000106709282983     0.000574570131549
     0.000240928840626     0.010713754210785     0.002006920305892
    -0.000982091069891    -0.000052647477834     0.002821316661942
26 116
    -0.009006264881412    -0.007593256258578     0.008724418202344
    -0.001683529116902     0.000689761031316     0.002054065891700
    -0.002184450862642     0.001683773090940     0.004794268726545
26 117
    -0.009006264881412     0.007593256258578    -0.008724418202344
     0.001683529116902     0.000689761031316     0.002054065891700
     0.002184450862642     0.001683773090940     0.004794268726545
26 118
     0.009108191567042    -0.002887625356681     0.001450758902499
    -0.002539987233072     0.006129541372763    -0.001501052483124
     0.000445451481697     0.000876839554273     0.002821316661942
26 119
     0.012623331357893     0.000000000000000     0.000000000000000
     0.000000000000000     0.012623331357893     0.000000000000000
     0.000000000000000     0.000000000000000     0.004041614043353
26 120
     0.009108191567042     0.002887625356681    -0.001450758902499
     0.002539987233072     0.006129541372763    -0.001501052483124
    -0.000445451481697     0.000876839554273     0.002821316661942
26 121
     0.011577498573617    -0.000000000000000     0.000000000000000
    -0.000000000000000    -0.065823844870449     0.089183839555910
     0.000000000000000     0.089795524202729    -0.083477989983203
26 122
     0.008256669336869    -0.003043706411402    -0.000339900849241
    -0.003043706411402     0.004742099904954     0.000196241846807
    -0.048209529258156     0.027833784694702    -0.018951805449560
26 123
     0.009224429113645    -0.002472877454250     0.002025329034048
    -0.002820515577859     0.006013303826159    -0.000505867822768
    -0.000536639588195    -0.000824192076439     0.002821316661942
26 124
     0.009224429113645     0.002472877454250    -0.002025329034048
     0.002820515577859     0.006013303826159    -0.000505867822768
     0.000536639588195    -0.000824192076439     0.002821316661942
26 125
     0.008256669336869     0.003043706411402     0.000339900849241
     0.003043706411402     0.004742099904954     0.000196241846807
     0.048209529258156     0.027833784694702    -0.018951805449560
26 126
    -0.000843354240145     0.001033492012875     0.001188145105363
     0.001033492012875    -0.002036728023822     0.000685975896418
     0.002440970550491     0.001409295004410     0.000383791612716
26 127
    -0.004014069060377    -0.001866816745100    -0.003169668690467
     0.001386514838961    -0.000353938241344    -0.000308599010661
    -0.004660273896508    -0.003847993535605    -0.001335247999763
26 128
    -0.002293969600549    -0.000000000000000     0.000000000000000
     0.000000000000000    -0.000472894401865     0.002833382913761
     0.000000000000000    -0.001565197964956     0.001894964476976
26 129
    -0.004014069060377     0.001866816745100     0.003169668690467
    -0.001386514838961    -0.000353938241344    -0.000308599010661
     0.004660273896508    -0.003847993535605    -0.001335247999763
26 130
    -0.000843354240145    -0.001033492012875    -0.001188145105363
    -0.001033492012875    -0.002036728023822     0.000685975896418
    -0.002440970550491     0.001409295004410     0.000383791612716
26 131
    -0.001476947772203    -0.000078292819733    -0.001852088928049
    -0.003331624403794    -0.002891059529517    -0.002590714102194
    -0.005662597103686    -0.002111918815167    -0.001335247999763
26 132
    -0.003156073406471    -0.000531483235621    -0.000229632721424
    -0.000531483235621    -0.002542369428160    -0.000132578513529
    -0.000654074527086    -0.000377630104283     0.002273792427959
26 133
    -0.003156073406471     0.000531483235621     0.000229632721424
     0.000531483235621    -0.002542369428160    -0.000132578513529
     0.000654074527086    -0.000377630104283     0.002273792427959
26 134
    -0.001476947772203     0.000078292819733     0.001852088928049
     0.003331624403794    -0.002891059529517    -0.002590714102194
     0.005662597103686    -0.002111918815167    -0.001335247999763
26 135
     0.002641725701774    -0.000000000000000     0.000000000000000
     0.000000000000000    -0.007626506417654    -0.005277930536020
     0.000000000000000    -0.001531602803741    -0.003871038375154
26 136
    -0.000928163201536    -0.000788548692131     0.002453781581966
    -0.000788548692131    -0.001838700800878    -0.001416691456881
    -0.001355501199604     0.000782598982478     0.001894964476976
26 137
    -0.002235517439004    -0.000000000000000     0.000000000000000
    -0.000000000000000    -0.003462925395627     0.000265157027058
     0.000000000000000     0.000755260208566     0.002273792427959
26 138
    -0.000928163201536     0.000788548692131    -0.002453781581966
     0.000788548692131    -0.001838700800878    -0.001416691456881
     0.001355501199604     0.000782598982478     0.001894964476976
26 139
    -0.001608990399314    -0.002061866924654    -0.000185538053740
    -0.008336166545300     0.001282971802715     0.005188548885309
     0.004327255277386    -0.003031864766897    -0.002200056451145
26 140
    -0.001608990399314     0.002061866924654     0.000185538053740
     0.008336166545300     0.001282971802715     0.005188548885309
    -0.004327255277386    -0.003031864766897    -0.002200056451145
26 141
    -0.001060994120001    -0.003091473450724     0.001317579762418
     0.000161858133336    -0.003307013181720     0.002899313112855
    -0.001002323207178     0.005959912350772    -0.001335247999763
26 142
    -0.001060994120001     0.003091473450724    -0.001317579762418
    -0.000161858133336    -0.003307013181720     0.002899313112855
     0.001002323207178     0.005959912350772    -0.001335247999763
26 143
    -0.003942499314983    -0.006988914544682     0.004400646116585
    -0.000714614924036     0.003616480718384    -0.002754955110562
    -0.000462044270279     0.005263445382325    -0.002200056451145
26 144
     0.001152850593029     0.000000000000000     0.000000000000000
     0.000000000000000     0.001152850593029     0.000000000000000
     0.000000000000000     0.000000000000000     0.003904649631212
26 145
    -0.003942499314983     0.006988914544682    -0.004400646116585
     0.000714614924036     0.003616480718384    -0.002754955110562
     0.000462044270279     0.005263445382325    -0.002200056451145
26 146
    -0.002633414915661     0.000000000000000     0.000000000000000
     0.000000000000000    -0.000246667348306    -0.001371951792835
     0.000000000000000    -0.002818590008820     0.000383791612716
26 147
    -0.005059448387797     0.004446274933690    -0.004570821923603
     0.004446274933690     0.000074667671917     0.002638965268010
    -0.001326406936547     0.000765801401871    -0.003871038375154
26 148
     0.005062461819398     0.004484401810941     0.004586184170325
    -0.001789897809705    -0.005388480415997    -0.002433593774747
    -0.004789299547665    -0.002231580615428    -0.002200056451145
26 149
     0.005062461819398    -0.004484401810941    -0.004586184170325
     0.001789897809705    -0.005388480415997    -0.002433593774747
     0.004789299547665    -0.002231580615428    -0.002200056451145
26 150
    -0.005059448387797    -0.004446274933690     0.004570821923603
    -0.004446274933690     0.000074667671917     0.002638965268010
     0.001326406936547     0.000765801401871    -0.003871038375154
51 1
     0.013237558382125    -0.017421460905234    -0.036913984703562
    -0.017421460905234     0.033354128668752    -0.021312299005463
    -0.014181619863967    -0.008187762046006    -0.009244966369919
51 2
     0.013237558382125     0.017421460905234     0.036913984703562
     0.017421460905234     0.033354128668752    -0.021312299005463
     0.014181619863967    -0.008187762046006    -0.009244966369919
51 3
    -0.014732433131557     0.008317828248981    -0.005435877323731
    -0.020642338610629     0.013548312041756    -0.010048315835454
    -0.008788212088860     0.003156086254870    -0.007893660050680
51 4
    -0.003293853753459    -0.000000000000000     0.000000000000000
     0.000000000000000     0.001098146850246    -0.000743056583117
     0.000000000000000    -0.001890606182049     0.000356223975057
51 5
    -0.014732433131557    -0.008317828248981     0.005435877323731
     0.020642338610629     0.013548312041756    -0.010048315835454
     0.008788212088860     0.003156086254870    -0.007893660050680
51 6
     0.043412413812065    -0.000000000000000     0.000000000000000
    -0.000000000000000     0.003179273238811     0.042624598010927
     0.000000000000000     0.016375524092013    -0.009244966369919
51 7
    -0.034071153259046    -0.015829493468839     0.051388953373726
    -0.015829493468839    -0.015792828628306     0.029669426063694
     0.017666356118665     0.010199675460711    -0.029910002353474
51 8
     0.007839230468767    -0.000166671485641     0.004076781631485
    -0.005251090722868    -0.001547801344475     0.006598868603271
     0.008305783120814    -0.003832970950052    -0.002871861546571
51 9
     0.007839230468767     0.000166671485641    -0.004076781631485
     0.005251090722868    -0.001547801344475     0.006598868603271
    -0.008305783120814    -0.003832970950052    -0.002871861546571
51 10
    -0.034071153259046     0.015829493468839    -0.051388953373726
     0.015829493468839    -0.015792828628306     0.029669426063694
    -0.017666356118665     0.010199675460711    -0.029910002353474
51 11
     0.001141456217232    -0.029807132899239    -0.011420035440619
    -0.000846966039629    -0.002325577307033     0.000316550063520
    -0.001660855171177    -0.009188858050233    -0.007893660050680
51 12
    -0.001547003243280     0.000168053837459     0.007753178662411
     0.005252473074686     0.007838432367573     0.000231162156912
     0.000833441345695     0.009109504655975    -0.002871861546571
51 13
     0.000249516436662     0.000000000000000     0.000000000000000
     0.000000000000000     0.000249516436662     0.000000000000000
     0.000000000000000     0.000000000000000    -0.000972605602327
51 14
    -0.001547003243280    -0.000168053837459    -0.007753178662411
    -0.005252473074686     0.007838432367573     0.000231162156912
    -0.000833441345695     0.009109504655975    -0.002871861546571
51 15
     0.001141456217232     0.029807132899239     0.011420035440619
     0.000846966039629    -0.002325577307033     0.000316550063520
     0.001660855171177    -0.009188858050233    -0.007893660050680
51 16
     0.000000146699320    -0.001901792048123    -0.000643505877428
    -0.001901792048123    -0.002195853602532     0.000371528291558
    -0.001637312982206     0.000945303091024     0.000356223975057
51 17
     0.003144916460952     0.007961354178941     0.003676397030926
     0.002876934941714     0.003146512663341    -0.006830030760183
    -0.007472341775120    -0.005276533705924    -0.002871861546571
51 18
     0.003144916460952    -0.007961354178941    -0.003676397030926
    -0.002876934941714     0.003146512663341    -0.006830030760183
     0.007472341775120    -0.005276533705924    -0.002871861546571
51 19
     0.000000146699320     0.001901792048123     0.000643505877428
     0.001901792048123    -0.002195853602532     0.000371528291558
     0.001637312982206     0.000945303091024     0.000356223975057
51 20
    -0.004093319365790    -0.000000000000000     0.000000000000000
    -0.000000000000000    -0.006032746152618     0.001191084279597
     0.000000000000000    -0.002308614620384    -0.001352238347137
51 21
     0.011814795279624     0.005315289141196    -0.005984158116888
    -0.023644877718415    -0.012998916369425     0.009731765771934
     0.007127356917682     0.006032771795363    -0.007893660050680
51 22
    -0.006653666312936     0.000000000000000     0.000000000000000
    -0.000000000000000    -0.043210315574416    -0.059338852127388
     0.000000000000000    -0.020399350921422    -0.029910002353474
51 23
     0.011814795279624    -0.005315289141196     0.005984158116888
     0.023644877718415    -0.012998916369425     0.009731765771934
    -0.007127356917682     0.006032771795363    -0.007893660050680
51 24
    -0.005547889455911     0.000839796433087     0.001031509244179
     0.000839796433087    -0.004578176062497    -0.000595542139799
    -0.001999318908801     0.001154307310192    -0.001352238347137
51 25
    -0.005547889455911    -0.000839796433087    -0.001031509244179
    -0.000839796433087    -0.004578176062497    -0.000595542139799
     0.001999318908801     0.001154307310192    -0.001352238347137
51 26
    -0.026196174440029    -0.000000000000000     0.000000000000000
    -0.000000000000000    -0.026196174440029     0.000000000000000
     0.000000000000000     0.000000000000000    -0.009484597180743
51 27
     0.014683298217429    -0.005534908580335    -0.010323437414929
     0.031819981110384    -0.003496819494321    -0.000605239406288
     0.015603403844649     0.006563220666217    -0.006624934775639
51 28
     0.002455131980601     0.004409132455622    -0.002188879847521
     0.007108468700041     0.002281776543883     0.002034018161590
     0.002412951832250     0.007237458209292    -0.003561142165076
51 29
     0.002455131980601    -0.004409132455622     0.002188879847521
    -0.007108468700041     0.002281776543883     0.002034018161590
    -0.002412951832250     0.007237458209292    -0.003561142165076
51 30
     0.014683298217429     0.005534908580335     0.010323437414929
    -0.031819981110384    -0.003496819494321    -0.000605239406288
    -0.015603403844649     0.006563220666217    -0.006624934775639
51 31
     0.012429980209286     0.033120934868955    -0.005685871408682
    -0.004233954821764    -0.001243501486178    -0.008637739352563
     0.013485617749911     0.010231333781865    -0.006624934775639
51 32
    -0.015235962655116    -0.005209119309473    -0.026205009363359
    -0.005209119309473    -0.009220989783985    -0.015129469210052
    -0.013585167644148    -0.007843400196335    -0.007137128560657
51 33
    -0.015624174938952     0.000000000000000     0.000000000000000
     0.000000000000000    -0.003088160323236    -0.002504102122376
     0.000000000000000    -0.001060262178725    -0.000288792983015
51 34
    -0.015235962655116     0.005209119309473     0.026205009363359
     0.005209119309473    -0.009220989783985    -0.015129469210052
     0.013585167644148    -0.007843400196335    -0.007137128560657
51 35
     0.012429980209286    -0.033120934868955     0.005685871408682
     0.004233954821764    -0.001243501486178    -0.008637739352563
    -0.013485617749911     0.010231333781865    -0.006624934775639
51 36
     0.007312382998793     0.004304133517167     0.000667071475936
     0.001604797272748    -0.002575474474309    -0.002912634634581
     0.007474298584200    -0.001529051519809    -0.003561142165076
51 37
    -0.006222163977165    -0.005428253559712    -0.002168616051648
    -0.005428253559712    -0.012490171285023     0.001252051061188
    -0.000918213981447     0.000530131089362    -0.000288792983015
51 38
    -0.006222163977165     0.005428253559712     0.002168616051648
     0.005428253559712    -0.012490171285023     0.001252051061188
     0.000918213981447     0.000530131089362    -0.000288792983015
51 39
     0.007312382998793    -0.004304133517167    -0.000667071475936
    -0.001604797272748    -0.002575474474309    -0.002912634634581
    -0.007474298584200    -0.001529051519809    -0.003561142165076
51 40
    -0.006054981916350     0.000000000000000     0.000000000000000
     0.000000000000000     0.000732157598770    -0.001529457539713
     0.000000000000000     0.003522095074579    -0.000495510025769
51 41
    -0.002662152192668    -0.004154003305084     0.002855951323457
    -0.001454667060665     0.007399060717152     0.000878616472990
     0.005061346751950    -0.005708406689483    -0.003561142165076
51 42
    -0.006213503348420     0.000000000000000     0.000000000000000
    -0.000000000000000    -0.018243449090681     0.030258938420104
     0.000000000000000     0.015686800392670    -0.007137128560657
51 43
    -0.002662152192668     0.004154003305084    -0.002855951323457
     0.001454667060665     0.007399060717152     0.000878616472990
    -0.005061346751950    -0.005708406689483    -0.003561142165076
51 44
     0.002550089970928    -0.001172278224353     0.000905805385076
    -0.001172278224353     0.003903720267718     0.000522966982907
    -0.001689345999555    -0.000975344367597    -0.001148772671441
51 45
     0.002550089970928     0.001172278224353    -0.000905805385076
     0.001172278224353     0.003903720267718     0.000522966982907
     0.001689345999555    -0.000975344367597    -0.001148772671441
51 46
    -0.010333560342052    -0.017376491086788     0.004637566006248
     0.019978398603931     0.021520039065160     0.009242978758852
    -0.002117786094738    -0.016794554448082    -0.006624934775639
51 47
    -0.010333560342052     0.017376491086788    -0.004637566006248
    -0.019978398603931     0.021520039065160     0.009242978758852
     0.002117786094738    -0.016794554448082    -0.006624934775639
51 48
    -0.000964627280010    -0.002938917619562    -0.001324549083401
    -0.002938917619562    -0.004358197037570     0.000764728769856
     0.003050223809130    -0.001761047537290    -0.000495510025769
51 49
     0.004580535416113    -0.000000000000000     0.000000000000000
     0.000000000000000     0.001873274822532    -0.001045933965814
     0.000000000000000     0.001950688735195    -0.001148772671441
51 50
    -0.000964627280010     0.002938917619562     0.001324549083401
     0.002938917619562    -0.004358197037570     0.000764728769856
    -0.003050223809130    -0.001761047537290    -0.000495510025769
51 51
     7.196970869028478     0.000000000000001     0.000000000000000
     0.000000000000001     7.196970869028480     0.000000000000000
     0.000000000000000     0.000000000000000    12.025216795838011
51 52
    -0.700024359271746     0.282983238682613    -0.130205065676293
    -0.282983238682613     0.371787187938272    -0.239638526145719
     0.130205065676293    -0.239638526145719     0.239935231373937
51 53
    -0.074546881761801     0.037917231248358    -0.026655121451646
    -0.037917231248358     0.083840685000488    -0.046353489354135
     0.026655121451646    -0.046353489354135     0.056221035699106
51 54
    -0.074546881761801    -0.037917231248358     0.026655121451646
     0.037917231248358     0.083840685000488    -0.046353489354135
    -0.026655121451646    -0.046353489354135     0.056221035699106
51 55
    -0.700024359271746    -0.282983238682613     0.130205065676293
     0.282983238682613     0.371787187938272    -0.239638526145719
    -0.130205065676293    -0.239638526145719     0.239935231373937
51 56
     0.103834301135767    -0.747091252659303    -0.272635584205801
    -0.181124775294077    -0.432071472469242     0.007058368495769
    -0.142430518529508     0.232580157649950     0.239935231373937
51 57
    -0.065741410871684    -0.023884260532773    -0.025429385516110
    -0.023884260532773    -0.038162242375701    -0.014681662573053
     0.028631485380969     0.016530395792001     0.035466552630312
51 58
    -0.030953691812370    -0.000000000000000     0.000000000000000
     0.000000000000000    -0.016023674375443    -0.005803046122849
     0.000000000000000     0.006250119109919     0.016517337083931
51 59
    -0.065741410871684     0.023884260532773     0.025429385516110
     0.023884260532773    -0.038162242375701    -0.014681662573053
    -0.028631485380969     0.016530395792001     0.035466552630312
51 60
     0.103834301135767     0.747091252659303     0.272635584205801
     0.181124775294077    -0.432071472469242     0.007058368495769
     0.142430518529508     0.232580157649950     0.239935231373937
51 61
     0.044243793309915    -0.106501059478231    -0.053470860060556
    -0.030666596981515    -0.034949990071229     0.000092732358983
    -0.026815738608910     0.046260756995153     0.056221035699106
51 62
    -0.019756178734675    -0.006464887189662    -0.005025585361720
    -0.006464887189662    -0.027221187453138     0.002901523061424
     0.005412761925869    -0.003125059554960     0.016517337083931
51 63
    -0.019756178734675     0.006464887189662     0.005025585361720
     0.006464887189662    -0.027221187453138     0.002901523061424
    -0.005412761925869    -0.003125059554960     0.016517337083931
51 64
     0.044243793309915     0.106501059478231     0.053470860060556
     0.030666596981515    -0.034949990071229     0.000092732358983
     0.026815738608910     0.046260756995153     0.056221035699106
51 65
    -0.024372658127710    -0.000000000000000     0.000000000000000
    -0.000000000000000    -0.079530995119676    -0.033060791584002
     0.000000000000000     0.029363325146106     0.035466552630312
51 66
     0.044243793309915    -0.030666596981515    -0.026815738608910
    -0.106501059478231    -0.034949990071229     0.046260756995153
    -0.053470860060556     0.000092732358983     0.056221035699106
51 67
    -0.024372658127710    -0.000000000000000     0.000000000000000
    -0.000000000000000    -0.079530995119676     0.029363325146106
     0.000000000000000    -0.033060791584002     0.035466552630312
51 68
     0.044243793309915     0.030666596981515     0.026815738608910
     0.106501059478231    -0.034949990071229     0.046260756995153
     0.053470860060556     0.000092732358983     0.056221035699106
51 69
    -0.019756178734675     0.006464887189662    -0.005412761925869
     0.006464887189662    -0.027221187453138    -0.003125059554960
     0.005025585361720     0.002901523061424     0.016517337083931
51 70
    -0.019756178734675    -0.006464887189662     0.005412761925869
    -0.006464887189662    -0.027221187453138    -0.003125059554960
    -0.005025585361720     0.002901523061424     0.016517337083931
51 71
     0.103834301135767    -0.181124775294077    -0.142430518529508
    -0.747091252659303    -0.432071472469242     0.232580157649950
    -0.272635584205801     0.007058368495769     0.239935231373937
51 72
     0.103834301135767     0.181124775294077     0.142430518529508
     0.747091252659303    -0.432071472469242     0.232580157649950
     0.272635584205801     0.007058368495769     0.239935231373937
51 73
    -0.065741410871684     0.023884260532773    -0.028631485380969
     0.023884260532773    -0.038162242375701     0.016530395792001
     0.025429385516110    -0.014681662573053     0.035466552630312
51 74
    -0.030953691812370     0.000000000000000     0.000000000000000
    -0.000000000000000    -0.016023674375443     0.006250119109919
     0.000000000000000    -0.005803046122849     0.016517337083931
51 75
    -0.065741410871684    -0.023884260532773     0.028631485380969
    -0.023884260532773    -0.038162242375701     0.016530395792001
    -0.025429385516110    -0.014681662573053     0.035466552630312
51 76
    -0.221648267999737    -0.000000000000000     0.000000000000000
    -0.000000000000000    -0.221648267999737     0.000000000000000
     0.000000000000000     0.000000000000000    -7.389971692422447
51 77
     0.139989716489998    -0.059265079394697    -0.191576789802014
     0.057452061893324    -0.010815773069108    -0.097683109901174
    -0.209754503419714     0.102755122539785     0.087941908472965
51 78
    -0.031824645584569     0.000888181096939    -0.010222662957853
    -0.001705920224885     0.003100845231483    -0.019039247241903
    -0.020520097044216     0.025402995604125     0.031886236443947
51 79
    -0.031824645584569    -0.000888181096939     0.010222662957853
     0.001705920224885     0.003100845231483    -0.019039247241903
     0.020520097044216     0.025402995604125     0.031886236443947
51 80
     0.139989716489998     0.059265079394697     0.191576789802014
    -0.057452061893324    -0.010815773069108    -0.097683109901174
     0.209754503419714     0.102755122539785     0.087941908472965
51 81
     0.026100539713821     0.123206008762835    -0.180384449596091
     0.006488867474814     0.103073403707069    -0.117068811793429
    -0.015888705221421    -0.233030289789555     0.087941908472965
51 82
    -0.010651909436113    -0.018561221294914    -0.016800464560364
    -0.018561221294914     0.010780742786101    -0.009699752736437
    -0.020794278260564    -0.012005582151341     0.030763606541857
51 83
    -0.022918456836446     0.000000000000000     0.000000000000000
     0.000000000000000     0.002968466955176    -0.003230016551159
     0.000000000000000    -0.001974698407972     0.014152891912934
51 84
    -0.010651909436113     0.018561221294914     0.016800464560364
     0.018561221294914     0.010780742786101    -0.009699752736437
     0.020794278260564    -0.012005582151341     0.030763606541857
51 85
     0.026100539713821    -0.123206008762835     0.180384449596091
    -0.006488867474814     0.103073403707069    -0.117068811793429
     0.015888705221421    -0.233030289789555     0.087941908472965
51 86
    -0.005984618901765    -0.016624666586069    -0.021599803259347
    -0.014030565264245    -0.022739181451321     0.000666537805125
     0.011739591003288    -0.030472423130475     0.031886236443947
51 87
    -0.003503263992730    -0.011209366814688    -0.002797276387948
    -0.011209366814688    -0.016446725888541     0.001615008275580
    -0.001710138986116     0.000987349203986     0.014152891912934
51 88
    -0.003503263992730     0.011209366814688     0.002797276387948
     0.011209366814688    -0.016446725888541     0.001615008275580
     0.001710138986116     0.000987349203986     0.014152891912934
51 89
    -0.005984618901765     0.016624666586069     0.021599803259347
     0.014030565264245    -0.022739181451321     0.000666537805125
    -0.011739591003288    -0.030472423130475     0.031886236443947
51 90
     0.019160181195238    -0.000000000000000     0.000000000000000
     0.000000000000000    -0.022699571135637    -0.016507123279553
     0.000000000000000    -0.031889076715096     0.029558485272596
51 91
    -0.005276436043295    -0.013621695700272    -0.011377140301494
    -0.016215797022096    -0.023447364309791     0.018372709436778
     0.032259688047504     0.005069427526351     0.031886236443947
51 92
     0.021497068897208    -0.000000000000000     0.000000000000000
    -0.000000000000000    -0.021368235547220     0.019399505472873
     0.000000000000000     0.024011164302681     0.030763606541857
51 93
    -0.005276436043295     0.013621695700272     0.011377140301494
     0.016215797022096    -0.023447364309791     0.018372709436778
    -0.032259688047504     0.005069427526351     0.031886236443947
51 94
    -0.004915849455638     0.009833284504421    -0.002823088950168
     0.009833284504421    -0.016270348366929    -0.001629911165326
    -0.005650862034695    -0.003262526716884     0.014870653035239
51 95
    -0.004915849455638    -0.009833284504421     0.002823088950168
    -0.009833284504421    -0.016270348366929    -0.001629911165326
     0.005650862034695    -0.003262526716884     0.014870653035239
51 96
     0.027670658927516     0.007395376225500     0.011192340205923
     0.124112517513521     0.101503284493374     0.214751921694603
     0.193865798198294     0.130275167249770     0.087941908472965
51 97
     0.027670658927516    -0.007395376225500    -0.011192340205923
    -0.124112517513521     0.101503284493374     0.214751921694603
    -0.193865798198294     0.130275167249770     0.087941908472965
51 98
    -0.012234633052918     0.018125804457331    -0.014295588103494
     0.018125804457331     0.008695243112519     0.008253561639776
    -0.027616750538504     0.015944538357548     0.029558485272596
51 99
    -0.021947597822574     0.000000000000000     0.000000000000000
     0.000000000000000     0.000761400000008     0.003259822330652
     0.000000000000000     0.006525053433769     0.014870653035239
51 100
    -0.012234633052918    -0.018125804457331     0.014295588103494
    -0.018125804457331     0.008695243112519     0.008253561639776
     0.027616750538504     0.015944538357548     0.029558485272596
51 101
    -2.649533339212447    -1.197191845640873     2.182717329667355
    -1.197191845640873    -1.267135270507684     1.260192437848308
     2.047334000243338     1.182028836161564    -2.108318826100914
51 102
     0.131243243669251    -0.011592299099568     0.044813445586358
     0.159946672715477    -0.043513667415020     0.068315998994115
    -0.114544908267097     0.043224624606741    -0.086427421391083
51 103
     0.079708847497959    -0.000000000000000     0.000000000000000
    -0.000000000000000    -0.017886536710935     0.030123831926886
     0.000000000000000     0.011742453989280    -0.029132711781561
51 104
     0.131243243669251     0.011592299099568    -0.044813445586358
    -0.159946672715477    -0.043513667415020     0.068315998994115
     0.114544908267097     0.043224624606741    -0.086427421391082
51 105
    -2.649533339212449     1.197191845640872    -2.182717329667355
     1.197191845640873    -1.267135270507684     1.260192437848309
    -2.047334000243338     1.182028836161565    -2.108318826100913
51 106
     0.064414888513000     0.198530041554438     0.081570113406994
     0.026991069739393     0.023314687741231     0.004651582811840
    -0.019838831155065    -0.120811112736835    -0.086427421391083
51 107
     0.036812215773731     0.010298873489660     0.004918962679861
     0.010298873489660     0.024920101010521     0.002839964427352
    -0.004432839540281    -0.002559301101856    -0.014285070484455
51 108
     0.036812215773731    -0.010298873489660    -0.004918962679861
    -0.010298873489660     0.024920101010521     0.002839964427352
     0.004432839540281    -0.002559301101856    -0.014285070484455
51 109
     0.064414888513000    -0.198530041554438    -0.081570113406994
    -0.026991069739393     0.023314687741231     0.004651582811840
     0.019838831155065    -0.120811112736835    -0.086427421391083
51 110
    -0.113361163624710     0.000000000000000     0.000000000000000
    -0.000000000000000     0.095249446401668     0.063807421159386
     0.000000000000000    -0.037996903355012    -0.071050743123886
51 111
     0.006512309341288     0.042260041008502     0.026088003708016
     0.042260041008502     0.055310001445735    -0.015061915963443
     0.010169263457487    -0.005871226994640    -0.029132711781561
51 112
     0.018974043628916     0.000000000000000     0.000000000000000
     0.000000000000000     0.042758273155337    -0.005679928854703
     0.000000000000000     0.005118602203712    -0.014285070484455
51 113
     0.006512309341288    -0.042260041008502    -0.026088003708016
    -0.042260041008502     0.055310001445735    -0.015061915963443
    -0.010169263457487    -0.005871226994640    -0.029132711781561
51 114
    -0.015133265640058    -0.000189419829978     0.004980916322587
    -0.014059624547454     0.034202860965289     0.007874859634015
    -0.001001773870009    -0.010875396591175    -0.016962734514327
51 115
    -0.015133265640058     0.000189419829978    -0.004980916322587
     0.014059624547454     0.034202860965289     0.007874859634015
     0.001001773870009    -0.010875396591175    -0.016962734514327
51 116
    -0.064063767800905    -0.047186117068561     0.036756667820637
     0.124352854746484     0.151793344055136    -0.072967581805955
     0.094706077112032     0.077586488130094    -0.086427421391083
51 117
    -0.064063767800905     0.047186117068561    -0.036756667820637
    -0.124352854746484     0.151793344055136    -0.072967581805955
    -0.094706077112032     0.077586488130094    -0.086427421391083
51 118
     0.015698812108698    -0.031860532935374     0.009310286655587
    -0.017990328217898     0.003370783216533     0.000376170252477
    -0.009919256659193     0.004570136675312    -0.016962734514327
51 119
     0.007271037229998     0.000000000000000     0.000000000000000
     0.000000000000000     0.007271037229998     0.000000000000000
     0.000000000000000     0.000000000000000    -0.008565285792053
51 120
     0.015698812108698     0.031860532935374    -0.009310286655587
     0.017990328217898     0.003370783216533     0.000376170252477
     0.009919256659193     0.004570136675312    -0.016962734514327
51 121
    -0.575936236155302    -0.000000000000001     0.000000000000000
    -0.000000000000001    -3.340732373564832    -2.520384875696617
     0.000000000000000    -2.364057672323130    -2.108318826100914
51 122
     0.043096793895074    -0.090331043890906     0.055258847674001
    -0.090331043890906    -0.061208511118115    -0.031903710579693
    -0.032906283570583     0.018998451677506    -0.071050743123886
51 123
     0.028038846519206    -0.010865806029182     0.004329370333000
    -0.024736010746658    -0.008969251193975    -0.008251029886492
    -0.008917482789184     0.006305259915863    -0.016962734514327
51 124
     0.028038846519206     0.010865806029182    -0.004329370333000
     0.024736010746658    -0.008969251193975    -0.008251029886492
     0.008917482789184     0.006305259915863    -0.016962734514327
51 125
     0.043096793895074     0.090331043890906    -0.055258847674001
     0.090331043890906    -0.061208511118115    -0.031903710579693
     0.032906283570583     0.018998451677506    -0.071050743123886
51 126
    -0.254925924299057    -0.169491463883116    -0.254078588274036
    -0.169491463883116    -0.059214039702536    -0.146692341335335
     0.392086375774358     0.226371174598910     0.193094398066342
51 127
     0.047148152403032     0.033704328444415     0.066191157352524
     0.008864532163308     0.006393873088023     0.036935164745504
     0.042870104596923    -0.011631839315031    -0.045265183427871
51 128
     0.025568205244198     0.000000000000000     0.000000000000000
    -0.000000000000000     0.001541589763482     0.010705930155140
     0.000000000000000    -0.006554066403179    -0.022137133424913
51 129
     0.047148152403032    -0.033704328444415    -0.066191157352524
    -0.008864532163308     0.006393873088023     0.036935164745504
    -0.042870104596923    -0.011631839315031    -0.045265183427871
51 130
    -0.254925924299057     0.169491463883116     0.254078588274036
     0.169491463883116    -0.059214039702536    -0.146692341335335
    -0.392086375774358     0.226371174598910     0.193094398066342
51 131
     0.035015300264999     0.015869437611240     0.065082369638832
     0.040709233892347     0.018526725226056     0.038855641400427
     0.011361583958905     0.042942519301347    -0.045265183427871
51 132
     0.022101430103031     0.009576424795715     0.005375595213793
     0.009576424795715     0.011043527235671     0.003103601343738
     0.003127023600073     0.001805387917264    -0.016385731832201
51 133
     0.022101430103031    -0.009576424795715    -0.005375595213793
    -0.009576424795715     0.011043527235671     0.003103601343738
    -0.003127023600073     0.001805387917264    -0.016385731832201
51 134
     0.035015300264999    -0.015869437611240    -0.065082369638832
    -0.040709233892347     0.018526725226056     0.038855641400427
    -0.011361583958905     0.042942519301347    -0.045265183427871
51 135
    -0.115212698835084     0.000000000000000     0.000000000000000
     0.000000000000000     0.015645048570586     0.061974169582175
     0.000000000000000     0.038015879623798    -0.066884245006954
51 136
     0.007548243633661     0.010403829686630     0.009271607485493
     0.010403829686630     0.019561551374019    -0.005352965077570
    -0.005675988003243     0.003277033201589    -0.022137133424913
51 137
     0.005514575801991     0.000000000000000     0.000000000000000
     0.000000000000000     0.027630381536711    -0.006207202687475
     0.000000000000000    -0.003610775834529    -0.016385731832201
51 138
     0.007548243633661    -0.010403829686630    -0.009271607485493
    -0.010403829686630     0.019561551374019    -0.005352965077570
     0.005675988003243     0.003277033201589    -0.022137133424913
51 139
    -0.012505147630361    -0.010277437483827    -0.006982886289056
    -0.009360925979796     0.013666792798609     0.003955491461495
    -0.001326840085516     0.009521581008345    -0.018486243718234
51 140
    -0.012505147630361     0.010277437483827     0.006982886289056
     0.009360925979796     0.013666792798609     0.003955491461495
     0.001326840085516     0.009521581008345    -0.018486243718234
51 141
    -0.001850414431448     0.019424803588485    -0.001108787713692
    -0.005414992692622     0.055392439922503    -0.075790806145931
    -0.031508520638017    -0.031310679986315    -0.045265183427871
51 142
    -0.001850414431448    -0.019424803588485     0.001108787713692
     0.005414992692622     0.055392439922503    -0.075790806145931
     0.031508520638017    -0.031310679986315    -0.045265183427871
51 143
    -0.001379853132758    -0.015784117752800    -0.000065887054421
    -0.016700629256832     0.002541498301006    -0.008025102648809
     0.007582510994660    -0.005909867724989    -0.018486243718234
51 144
     0.004161652504884     0.000000000000000     0.000000000000000
     0.000000000000000     0.004161652504884     0.000000000000000
     0.000000000000000     0.000000000000000    -0.010546492741900
51 145
    -0.001379853132758     0.015784117752800     0.000065887054421
     0.016700629256832     0.002541498301006    -0.008025102648809
    -0.007582510994660    -0.005909867724989    -0.018486243718234
51 146
     0.038641902595725    -0.000000000000000     0.000000000000000
    -0.000000000000000    -0.352781866597318     0.293384682670670
     0.000000000000000    -0.452742349197821     0.193094398066342
51 147
    -0.017069388280832    -0.056663066767659     0.053671205236609
    -0.056663066767659    -0.082498261983666    -0.030987084791088
     0.032922717501420    -0.019007939811899    -0.066884245006954
51 148
     0.015627468515491    -0.006881447525020     0.006916999234636
    -0.005964936020989    -0.014465823347243     0.004069611187313
     0.008909351080177    -0.003611713283356    -0.018486243718234
51 149
     0.015627468515491     0.006881447525020    -0.006916999234636
     0.005964936020989    -0.014465823347243     0.004069611187313
    -0.008909351080177    -0.003611713283356    -0.018486243718234
51 150
    -0.017069388280832     0.056663066767659    -0.053671205236609
     0.056663066767659    -0.082498261983667    -0.030987084791088
    -0.032922717501420    -0.019007939811899    -0.066884245006954
76 1
     0.000025695520643     0.007239145738031     0.003501034990866
     0.007239145738031    -0.008333349960467     0.002021323494419
    -0.005986194815437    -0.003456131188114    -0.012211972175549
76 2
     0.000025695520643    -0.007239145738031    -0.003501034990866
    -0.007239145738031    -0.008333349960467     0.002021323494419
     0.005986194815437    -0.003456131188114    -0.012211972175549
76 3
     0.003172613330236    -0.002721793167720     0.006643319899926
     0.001907938628085    -0.001774583914707     0.003428665043152
     0.007542642631033    -0.005862951341247     0.005236245399943
76 4
    -0.003774080901469    -0.000000000000000     0.000000000000000
     0.000000000000000     0.001743266235594    -0.001301543158980
     0.000000000000000    -0.000965291842693     0.000659095484736
76 5
     0.003172613330236     0.002721793167720    -0.006643319899926
    -0.001907938628085    -0.001774583914707     0.003428665043152
    -0.007542642631033    -0.005862951341247     0.005236245399943
76 6
    -0.012512872701023     0.000000000000000     0.000000000000000
     0.000000000000000     0.004205218261199    -0.004042646988838
     0.000000000000000     0.006912262376228    -0.012211972175549
76 7
     0.000388018811330    -0.000639748454789     0.004670464517098
    -0.000639748454789     0.001126736696502     0.002696493946187
     0.000502814544084     0.000290300112379    -0.009563510664510
76 8
    -0.002722159549724     0.003034330851833    -0.001684535453732
    -0.001164663519416     0.001398838058861    -0.001552318357409
    -0.004256264330643     0.001757715770750    -0.001890376385698
76 9
    -0.002722159549724    -0.003034330851833     0.001684535453732
     0.001164663519416     0.001398838058861    -0.001552318357409
     0.004256264330643     0.001757715770750    -0.001890376385698
76 10
     0.000388018811330     0.000639748454789    -0.004670464517098
     0.000639748454789     0.001126736696502     0.002696493946187
    -0.000502814544084     0.000290300112379    -0.009563510664510
76 11
    -0.000890193956626     0.004253601508820     0.006290970978401
    -0.000376130286985     0.002288223372155     0.004038951277226
    -0.001306143487155     0.009463595800766     0.005236245399943
76 12
     0.001178178359964    -0.003416524661505    -0.002186614859143
     0.000782469709744    -0.002501499850827    -0.000682691317803
    -0.000605905655219    -0.004564890920934    -0.001890376385698
76 13
    -0.000388231386205    -0.000000000000000     0.000000000000000
    -0.000000000000000    -0.000388231386205     0.000000000000000
     0.000000000000000     0.000000000000000    -0.000333675184991
76 14
     0.001178178359964     0.003416524661505     0.002186614859143
    -0.000782469709744    -0.002501499850827    -0.000682691317803
     0.000605905655219    -0.004564890920934    -0.001890376385698
76 15
    -0.000890193956626    -0.004253601508820    -0.006290970978401
     0.000376130286985     0.002288223372155     0.004038951277226
     0.001306143487155     0.009463595800766     0.005236245399943
76 16
     0.000363929451328    -0.002389081391097    -0.001127169439799
    -0.002389081391097    -0.002394744117203     0.000650771579490
    -0.000835967257838     0.000482645921346     0.000659095484736
76 17
    -0.000441001046535    -0.000152363956465    -0.000502079405411
    -0.004351358327713    -0.000882320444328     0.002235009675212
     0.003650358675424     0.002807175150183    -0.001890376385698
76 18
    -0.000441001046535     0.000152363956465     0.000502079405411
     0.004351358327713    -0.000882320444328     0.002235009675212
    -0.003650358675424     0.002807175150183    -0.001890376385698
76 19
     0.000363929451328     0.002389081391097     0.001127169439799
     0.002389081391097    -0.002394744117203     0.000650771579490
     0.000835967257838     0.000482645921346     0.000659095484736
76 20
     0.000847707634913    -0.000000000000000     0.000000000000000
    -0.000000000000000    -0.001673038118500     0.000357865958498
     0.000000000000000     0.001003347953259     0.001057813340279
76 21
    -0.000185375250317     0.000030796982832    -0.000352348921525
     0.004660528778638     0.001583404665846    -0.007467616320379
    -0.008848786118188    -0.003600644459519     0.005236245399943
76 22
     0.001496095639088    -0.000000000000000     0.000000000000000
     0.000000000000000     0.000018659868744    -0.005392987892375
     0.000000000000000    -0.000580600224759    -0.009563510664510
76 23
    -0.000185375250317    -0.000030796982832     0.000352348921525
    -0.004660528778638     0.001583404665846    -0.007467616320379
     0.008848786118188    -0.003600644459519     0.005236245399943
76 24
    -0.001042851680147     0.001091514929469     0.000309921011209
     0.001091514929469     0.000217521196560    -0.000178932979249
     0.000868924816357    -0.000501673976629     0.001057813340279
76 25
    -0.001042851680147    -0.001091514929469    -0.000309921011209
    -0.001091514929469     0.000217521196560    -0.000178932979249
    -0.000868924816357    -0.000501673976629     0.001057813340279
76 26
    -0.000476565822147    -0.000000000000000     0.000000000000000
    -0.000000000000000    -0.000476565822147     0.000000000000000
     0.000000000000000     0.000000000000000    -0.005107169500240
76 27
    -0.006704400055010    -0.000282616093957     0.001559298795185
    -0.005915103646449    -0.000393967230151     0.002070995495588
    -0.007771283850762     0.002695882992671     0.003939058016391
76 28
     0.001601672069996    -0.003259375946305    -0.000820861714152
     0.001889756720334     0.000333955390796     0.001655246791898
    -0.001601283968608    -0.002710292701043    -0.004834056966835
76 29
     0.001601672069996     0.003259375946305     0.000820861714152
    -0.001889756720334     0.000333955390796     0.001655246791898
     0.001601283968608    -0.002710292701043    -0.004834056966835
76 30
    -0.006704400055010     0.000282616093957    -0.001559298795185
     0.005915103646449    -0.000393967230151     0.002070995495588
     0.007771283850762     0.002695882992671     0.003939058016391
76 31
    -0.004655266806730    -0.007098171278949     0.002573184107895
    -0.001465683726457    -0.002443100478432     0.000314894620927
    -0.001550938768098    -0.008078070731115     0.003939058016391
76 32
     0.010822787324044     0.005624085318197     0.004935372783510
     0.005624085318197     0.004328652979232     0.002849438805111
     0.015643890945184     0.009032004648375     0.007219052739799
76 33
    -0.001311958600117     0.000000000000000     0.000000000000000
     0.000000000000000     0.000730657015656    -0.003313061642648
     0.000000000000000     0.003427766958908    -0.005639023248722
76 34
     0.010822787324044    -0.005624085318197    -0.004935372783510
    -0.005624085318197     0.004328652979232     0.002849438805111
    -0.015643890945184     0.009032004648375     0.007219052739799
76 35
    -0.004655266806730     0.007098171278949    -0.002573184107895
     0.001465683726457    -0.002443100478432     0.000314894620927
     0.001550938768098    -0.008078070731115     0.003939058016391
76 36
     0.000057822038995     0.002781098951321     0.001023054914240
    -0.002368033715318     0.001877805421797    -0.001538510493398
    -0.003147824315099    -0.000031606244965    -0.004834056966835
76 37
     0.000220003111712    -0.000884478506713    -0.002869195546837
    -0.000884478506713    -0.000801304696174     0.001656530821324
     0.002968533264667    -0.001713883479454    -0.005639023248722
76 38
     0.000220003111712     0.000884478506713     0.002869195546837
     0.000884478506713    -0.000801304696174     0.001656530821324
    -0.002968533264667    -0.001713883479454    -0.005639023248722
76 39
     0.000057822038995    -0.002781098951321    -0.001023054914240
     0.002368033715318     0.001877805421797    -0.001538510493398
     0.003147824315099    -0.000031606244965    -0.004834056966835
76 40
    -0.000290078610713     0.000000000000000     0.000000000000000
     0.000000000000000     0.000099234876987    -0.002628949891944
     0.000000000000000    -0.001865455394324    -0.005711684634160
76 41
     0.001243947082197    -0.001683224102333     0.001843916628392
     0.003465908564306     0.000691680378595    -0.000116736298500
    -0.001546540346491     0.002741898946009    -0.004834056966835
76 42
     0.001081585806825    -0.000000000000000     0.000000000000000
     0.000000000000000     0.014069854496450    -0.005698877610221
     0.000000000000000    -0.018064009296751     0.007219052739799
76 43
     0.001243947082197     0.001683224102333    -0.001843916628392
    -0.003465908564306     0.000691680378595    -0.000116736298500
     0.001546540346491     0.002741898946009    -0.004834056966835
76 44
    -0.001248157473586    -0.000943607855340    -0.000663667745533
    -0.000943607855340    -0.000158572975006    -0.000383168751536
    -0.000114684858210    -0.000066213333759    -0.004949889792517
76 45
    -0.001248157473586     0.000943607855340     0.000663667745533
     0.000943607855340    -0.000158572975006    -0.000383168751536
     0.000114684858210    -0.000066213333759    -0.004949889792517
76 46
     0.000712115933998     0.001633176143746     0.001013885312710
    -0.003999311408746    -0.007810483219159    -0.002385890116515
     0.006220345082664     0.005382187738444     0.003939058016391
76 47
     0.000712115933998    -0.001633176143746    -0.001013885312710
     0.003999311408746    -0.007810483219159    -0.002385890116515
    -0.006220345082664     0.005382187738444     0.003939058016391
76 48
     0.000001906505062    -0.000168577685192    -0.002276737391700
    -0.000168577685192    -0.000192750238788     0.001314474945972
    -0.001615531761111     0.000932727697162    -0.005711684634160
76 49
     0.000386219274284     0.000000000000000     0.000000000000000
    -0.000000000000000    -0.001792949722877     0.000766337503071
     0.000000000000000     0.000132426667519    -0.004949889792517
76 50
     0.000001906505062     0.000168577685192     0.002276737391700
     0.000168577685192    -0.000192750238788     0.001314474945972
     0.001615531761111     0.000932727697162    -0.005711684634160
76 51
    -0.221648267999737    -0.000000000000000     0.000000000000000
    -0.000000000000000    -0.221648267999737     0.000000000000000
     0.000000000000000     0.000000000000000    -7.389971692422447
76 52
     0.139989716489998    -0.057452061893324     0.209754503419714
     0.059265079394697    -0.010815773069108     0.102755122539785
     0.191576789802014    -0.097683109901174     0.087941908472965
76 53
    -0.031824645584569     0.001705920224885     0.020520097044216
    -0.000888181096939     0.003100845231483     0.025402995604125
     0.010222662957853    -0.019039247241903     0.031886236443947
76 54
    -0.031824645584569    -0.001705920224885    -0.020520097044216
     0.000888181096939     0.003100845231483     0.025402995604125
    -0.010222662957853    -0.019039247241903     0.031886236443947
76 55
     0.139989716489998     0.057452061893324    -0.209754503419714
    -0.059265079394697    -0.010815773069108     0.102755122539785
    -0.191576789802014    -0.097683109901174     0.087941908472965
76 56
     0.027670658927516     0.124112517513521     0.193865798198294
     0.007395376225500     0.101503284493374     0.130275167249770
     0.011192340205923     0.214751921694603     0.087941908472965
76 57
    -0.012234633052918    -0.018125804457331     0.027616750538504
    -0.018125804457331     0.008695243112519     0.015944538357548
     0.014295588103494     0.008253561639776     0.029558485272596
76 58
    -0.021947597822574     0.000000000000000     0.000000000000000
     0.000000000000000     0.000761400000008     0.006525053433769
     0.000000000000000     0.003259822330652     0.014870653035239
76 59
    -0.012234633052918     0.018125804457331    -0.027616750538504
     0.018125804457331     0.008695243112519     0.015944538357548
    -0.014295588103494     0.008253561639776     0.029558485272596
76 60
     0.027670658927516    -0.124112517513521    -0.193865798198294
    -0.007395376225500     0.101503284493374     0.130275167249770
    -0.011192340205923     0.214751921694603     0.087941908472965
76 61
    -0.005276436043295    -0.016215797022096     0.032259688047504
    -0.013621695700272    -0.023447364309791     0.005069427526351
    -0.011377140301494     0.018372709436778     0.031886236443947
76 62
    -0.004915849455638    -0.009833284504421     0.005650862034695
    -0.009833284504421    -0.016270348366929    -0.003262526716884
     0.002823088950168    -0.001629911165326     0.014870653035239
76 63
    -0.004915849455638     0.009833284504421    -0.005650862034695
     0.009833284504421    -0.016270348366929    -0.003262526716884
    -0.002823088950168    -0.001629911165326     0.014870653035239
76 64
    -0.005276436043295     0.016215797022096    -0.032259688047504
     0.013621695700272    -0.023447364309791     0.005069427526351
     0.011377140301494     0.018372709436778     0.031886236443947
76 65
     0.021497068897208    -0.000000000000000     0.000000000000000
    -0.000000000000000    -0.021368235547220     0.024011164302681
     0.000000000000000     0.019399505472873     0.030763606541857
76 66
    -0.005984618901765    -0.014030565264245     0.011739591003288
    -0.016624666586069    -0.022739181451321    -0.030472423130475
    -0.021599803259347     0.000666537805125     0.031886236443947
76 67
     0.019160181195238     0.000000000000000     0.000000000000000
    -0.000000000000000    -0.022699571135637    -0.031889076715096
     0.000000000000000    -0.016507123279553     0.029558485272596
76 68
    -0.005984618901765     0.014030565264245    -0.011739591003288
     0.016624666586069    -0.022739181451321    -0.030472423130475
     0.021599803259347     0.000666537805125     0.031886236443947
76 69
    -0.003503263992730     0.011209366814688     0.001710138986116
     0.011209366814688    -0.016446725888541     0.000987349203986
     0.002797276387948     0.001615008275580     0.014152891912934
76 70
    -0.003503263992730    -0.011209366814688    -0.001710138986116
    -0.011209366814688    -0.016446725888541     0.000987349203986
    -0.002797276387948     0.001615008275580     0.014152891912934
76 71
     0.026100539713821     0.006488867474814    -0.015888705221421
     0.123206008762835     0.103073403707069    -0.233030289789555
    -0.180384449596091    -0.117068811793429     0.087941908472965
76 72
     0.026100539713821    -0.006488867474814     0.015888705221421
    -0.123206008762835     0.103073403707069    -0.233030289789555
     0.180384449596091    -0.117068811793429     0.087941908472965
76 73
    -0.010651909436113     0.018561221294914     0.020794278260564
     0.018561221294914     0.010780742786101    -0.012005582151341
     0.016800464560364    -0.009699752736437     0.030763606541857
76 74
    -0.022918456836446     0.000000000000000     0.000000000000000
     0.000000000000000     0.002968466955176    -0.001974698407972
     0.000000000000000    -0.003230016551159     0.014152891912934
76 75
    -0.010651909436113    -0.018561221294914    -0.020794278260564
    -0.018561221294914     0.010780742786101    -0.012005582151341
    -0.016800464560364    -0.009699752736437     0.030763606541857
76 76
     7.270724244403039     0.000000000000001     0.000000000000000
     0.000000000000001     7.270724244403040     0.000000000000000
     0.000000000000000     0.000000000000000    12.079270276493020
76 77
    -0.742998246317438     0.305327273862664     0.141927110045718
    -0.305327273862664     0.422989042798644     0.250802628404923
    -0.141927110045718     0.250802628404923     0.239488074127709
76 78
    -0.104007487738593     0.044078312607456     0.024141813150803
    -0.044078312607456     0.104274118357341     0.047590349857893
    -0.024141813150803     0.047590349857893     0.060993311326561
76 79
    -0.104007487738593    -0.044078312607456    -0.024141813150803
     0.044078312607456     0.104274118357341     0.047590349857893
     0.024141813150803     0.047590349857893     0.060993311326561
76 80
    -0.742998246317438    -0.305327273862664    -0.141927110045718
     0.305327273862664     0.422989042798644     0.250802628404923
     0.141927110045718     0.250802628404923     0.239488074127709
76 81
     0.131492220519623    -0.810214580294803     0.288165002557431
    -0.199560032569475    -0.451501424038418    -0.002488831417160
     0.146237892511713    -0.248313796987763     0.239488074127709
76 82
    -0.080414868357014    -0.035646657570079     0.033504884011116
    -0.035646657570079    -0.039253653669422     0.019344053802985
    -0.031960975875858    -0.018452678025490     0.039226857506760
76 83
    -0.048806401314710    -0.000000000000000     0.000000000000000
     0.000000000000000    -0.016039080587890     0.009286431044736
     0.000000000000000    -0.007670689672142     0.022648104689786
76 84
    -0.080414868357014     0.035646657570079    -0.033504884011116
     0.035646657570079    -0.039253653669422     0.019344053802985
     0.031960975875858    -0.018452678025490     0.039226857506760
76 85
     0.131492220519623     0.810214580294803    -0.288165002557431
     0.199560032569475    -0.451501424038418    -0.002488831417160
    -0.146237892511713    -0.248313796987763     0.239488074127709
76 86
     0.052203716833358    -0.134266893617507     0.053285358527326
    -0.046110268402595    -0.051937086214609    -0.002887751446934
     0.029143545376523    -0.044702598410959     0.060993311326561
76 87
    -0.024230910769595    -0.014188666081689     0.008042285195234
    -0.014188666081689    -0.040614571133005    -0.004643215522368
    -0.006643012120622     0.003835344836071     0.022648104689786
76 88
    -0.024230910769595     0.014188666081689    -0.008042285195234
     0.014188666081689    -0.040614571133005    -0.004643215522368
     0.006643012120622     0.003835344836071     0.022648104689786
76 89
     0.052203716833358     0.134266893617507    -0.053285358527326
     0.046110268402595    -0.051937086214609    -0.002887751446934
    -0.029143545376523    -0.044702598410959     0.060993311326561
76 90
    -0.018673046325627    -0.000000000000000     0.000000000000000
    -0.000000000000000    -0.100995475700809     0.036905356050980
     0.000000000000000    -0.038688107605970     0.039226857506761
76 91
     0.052203716833358    -0.046110268402595     0.029143545376523
    -0.134266893617507    -0.051937086214609    -0.044702598410959
     0.053285358527326    -0.002887751446934     0.060993311326561
76 92
    -0.018673046325627    -0.000000000000000     0.000000000000000
    -0.000000000000000    -0.100995475700809    -0.038688107605970
     0.000000000000000     0.036905356050980     0.039226857506761
76 93
     0.052203716833358     0.046110268402595    -0.029143545376523
     0.134266893617507    -0.051937086214609    -0.044702598410959
    -0.053285358527326    -0.002887751446934     0.060993311326561
76 94
    -0.024230910769595     0.014188666081689     0.006643012120622
     0.014188666081689    -0.040614571133005     0.003835344836071
    -0.008042285195234    -0.004643215522368     0.022648104689786
76 95
    -0.024230910769595    -0.014188666081689    -0.006643012120622
    -0.014188666081689    -0.040614571133005     0.003835344836071
     0.008042285195234    -0.004643215522368     0.022648104689786
76 96
     0.131492220519623    -0.199560032569475     0.146237892511713
    -0.810214580294803    -0.451501424038418    -0.248313796987763
     0.288165002557431    -0.002488831417160     0.239488074127709
76 97
     0.131492220519623     0.199560032569475    -0.146237892511713
     0.810214580294803    -0.451501424038418    -0.248313796987763
    -0.288165002557431    -0.002488831417160     0.239488074127709
76 98
    -0.080414868357014     0.035646657570079     0.031960975875858
     0.035646657570079    -0.039253653669422    -0.018452678025490
    -0.033504884011116     0.019344053802985     0.039226857506760
76 99
    -0.048806401314710     0.000000000000000     0.000000000000000
    -0.000000000000000    -0.016039080587890    -0.007670689672142
     0.000000000000000     0.009286431044736     0.022648104689786
76 100
    -0.080414868357014    -0.035646657570079    -0.031960975875858
    -0.035646657570079    -0.039253653669422    -0.018452678025490
     0.033504884011116     0.019344053802985     0.039226857506760
76 101
    -0.246044256948360    -0.163993312852045     0.242679376140933
    -0.163993312852045    -0.056681090307506     0.140111003141738
    -0.384858424556744    -0.222198115017731     0.201195526300679
76 102
     0.056515512039569     0.032375136646044    -0.069963648479247
     0.007626785883882     0.007858709332497    -0.036060600037967
    -0.034530725756544     0.011586079475206    -0.037439639593688
76 103
     0.034004185561460     0.000000000000000     0.000000000000000
    -0.000000000000000     0.007030865333779    -0.015504079239055
     0.000000000000000     0.006623568509283    -0.020449637131594
76 104
     0.056515512039569    -0.032375136646044     0.069963648479248
    -0.007626785883882     0.007858709332497    -0.036060600037967
     0.034530725756544     0.011586079475206    -0.037439639593688
76 105
    -0.246044256948360     0.163993312852045    -0.242679376140933
     0.163993312852045    -0.056681090307506     0.140111003141738
     0.384858424556744    -0.222198115017731     0.201195526300679
76 106
     0.037344250564832     0.018695318857026    -0.066211219948213
     0.043443669619188     0.027029970807235    -0.042559996905490
    -0.007231523722478    -0.035697525453883    -0.037439639593688
76 107
     0.030565118170732     0.011184105823256    -0.010086110243552
     0.011184105823256     0.017650825155327    -0.005823218464191
     0.000075489129007     0.000043583668953    -0.013409645652802
76 108
     0.030565118170732    -0.011184105823256     0.010086110243552
    -0.011184105823256     0.017650825155327    -0.005823218464191
    -0.000075489129007     0.000043583668953    -0.013409645652802
76 109
     0.037344250564832    -0.018695318857026     0.066211219948213
    -0.043443669619188     0.027029970807235    -0.042559996905490
     0.007231523722478    -0.035697525453883    -0.037439639593688
76 110
    -0.120817255761133     0.000000000000000     0.000000000000000
     0.000000000000000     0.019961520367287    -0.065928166209838
     0.000000000000000    -0.030895455625224    -0.062528857180225
76 111
     0.013774195390699     0.011679790270792    -0.013426926483308
     0.011679790270792     0.027260855504540     0.007752039619527
     0.005736178592746    -0.003311784254642    -0.020449637131594
76 112
     0.011193678647625     0.000000000000000     0.000000000000000
     0.000000000000000     0.037022264678434     0.011646436928382
     0.000000000000000    -0.000087167337906    -0.013409645652802
76 113
     0.013774195390699    -0.011679790270792     0.013426926483308
    -0.011679790270792     0.027260855504540     0.007752039619527
    -0.005736178592746    -0.003311784254642    -0.020449637131594
76 114
    -0.014258621153526    -0.013490482116139     0.009647201027013
    -0.010848359800899     0.019750637421909    -0.007476667633642
     0.000726802143321    -0.005358577208117    -0.016655954006062
76 115
    -0.014258621153526     0.013490482116139    -0.009647201027013
     0.010848359800899     0.019750637421909    -0.007476667633642
    -0.000726802143321    -0.005358577208117    -0.016655954006062
76 116
     0.002701569453699     0.023442708354225     0.003752428531035
    -0.001305642407936     0.061672651918367     0.078620596943456
     0.027299202034065     0.024111445978678    -0.037439639593688
76 117
     0.002701569453699    -0.023442708354225    -0.003752428531035
     0.001305642407937     0.061672651918367     0.078620596943456
    -0.027299202034065     0.024111445978678    -0.037439639593688
76 118
     0.000709295078626    -0.019490090266740    -0.001651383592880
    -0.022132212581980     0.004782721189758     0.012093054981630
    -0.004277262918709     0.003308717723700    -0.016655954006062
76 119
     0.006562890872708     0.000000000000000     0.000000000000000
     0.000000000000000     0.006562890872708     0.000000000000000
     0.000000000000000     0.000000000000000    -0.009188731976174
76 120
     0.000709295078626     0.019490090266740     0.001651383592880
     0.022132212581980     0.004782721189758     0.012093054981630
     0.004277262918709     0.003308717723700    -0.016655954006062
76 121
     0.038000493012920    -0.000000000000000     0.000000000000000
    -0.000000000000000    -0.340725840268786    -0.280222006283476
     0.000000000000000     0.444396230035462     0.201195526300679
76 122
    -0.015233173664818    -0.060958998220447    -0.057095466762643
    -0.060958998220447    -0.085622561729028     0.032964083104919
    -0.026756249432938     0.015447727812612    -0.062528857180225
76 123
     0.021787350477475    -0.009962791623461    -0.011298584619894
    -0.007320669308220    -0.016295334209091    -0.004616387347988
    -0.005004065062030     0.002049859484417    -0.016655954006062
76 124
     0.021787350477475     0.009962791623461     0.011298584619894
     0.007320669308220    -0.016295334209092    -0.004616387347988
     0.005004065062030     0.002049859484417    -0.016655954006062
76 125
    -0.015233173664818     0.060958998220447     0.057095466762643
     0.060958998220447    -0.085622561729028     0.032964083104919
     0.026756249432938     0.015447727812612    -0.062528857180226
76 126
    -2.694610673878119    -1.200187138376961    -2.247957531974660
    -1.200187138376960    -1.308753939038393    -1.297858886212415
    -2.086239388406651    -1.204490872490579    -2.212264267518670
76 127
     0.142930954115015    -0.009478063151342    -0.047134672604143
     0.158681295172524    -0.056331954131731    -0.080980023663127
     0.111705435958789    -0.039110359550858    -0.089291965445598
76 128
     0.093015772841119    -0.000000000000000     0.000000000000000
    -0.000000000000000    -0.020759325130180    -0.031103036698217
     0.000000000000000    -0.011932726082645    -0.037910593443648
76 129
     0.142930954115015     0.009478063151342     0.047134672604143
    -0.158681295172524    -0.056331954131731    -0.080980023663127
    -0.111705435958789    -0.039110359550858    -0.089291965445598
76 130
    -2.694610673878121     1.200187138376960     2.247957531974660
     1.200187138376960    -1.308753939038393    -1.297858886212417
     2.086239388406651    -1.204490872490580    -2.212264267518670
76 131
     0.058090667558499     0.207663857454053    -0.093698093993404
     0.039504499130187     0.028508332424785    -0.000329812042687
     0.021982153057208     0.116294925056556    -0.089291965445598
76 132
     0.046600093742456     0.015178715275914    -0.010736917044363
     0.015178715275914     0.029073223041453    -0.006198961945830
     0.005052705269309     0.002917180747371    -0.022984197322135
76 133
     0.046600093742456    -0.015178715275914     0.010736917044363
    -0.015178715275914     0.029073223041453    -0.006198961945830
    -0.005052705269309     0.002917180747371    -0.022984197322135
76 134
     0.058090667558499    -0.207663857454053     0.093698093993404
    -0.039504499130187     0.028508332424785    -0.000329812042687
    -0.021982153057208     0.116294925056556    -0.089291965445598
76 135
    -0.136016907266796     0.000000000000000     0.000000000000000
    -0.000000000000000     0.102480808251962    -0.068330844796798
     0.000000000000000     0.047892749861088    -0.077283061914123
76 136
     0.007684449362644     0.049266062580604    -0.026936019915495
     0.049266062580605     0.064571998348294     0.015551518349108
    -0.010334043923972     0.005966363041323    -0.037910593443648
76 137
     0.020309787690951     0.000000000000000     0.000000000000000
     0.000000000000000     0.055363529092958     0.012397923891659
     0.000000000000000    -0.005834361494743    -0.022984197322135
76 138
     0.007684449362644    -0.049266062580604     0.026936019915495
    -0.049266062580604     0.064571998348294     0.015551518349108
     0.010334043923972     0.005966363041323    -0.037910593443648
76 139
    -0.021442773141067    -0.006056124697643    -0.003849831686927
    -0.016365155442545     0.042064436003776    -0.011623332176575
     0.000961292612587     0.014223921455330    -0.024873048431914
76 140
    -0.021442773141067     0.006056124697643     0.003849831686927
     0.016365155442545     0.042064436003776    -0.011623332176575
    -0.000961292612587     0.014223921455330    -0.024873048431914
76 141
    -0.071123121698588    -0.035097116880404    -0.046563421389261
     0.133062241443463     0.157722121681872     0.081309835705813
    -0.089723282901581    -0.077184565505698    -0.089291965445598
76 142
    -0.071123121698588     0.035097116880404     0.046563421389261
    -0.133062241443463     0.157722121681872     0.081309835705813
     0.089723282901581    -0.077184565505698    -0.089291965445598
76 143
     0.016478934624180    -0.038259263628940    -0.011991016785002
    -0.027950232884039     0.004142728238529     0.002477614047114
     0.012798923628044    -0.006279456904694    -0.024873048431914
76 144
     0.007435015012144     0.000000000000000     0.000000000000000
     0.000000000000000     0.007435015012144     0.000000000000000
     0.000000000000000     0.000000000000000    -0.016629890183155
76 145
     0.016478934624180     0.038259263628940     0.011991016785002
     0.027950232884039     0.004142728238529     0.002477614047114
    -0.012798923628044    -0.006279456904694    -0.024873048431914
76 146
    -0.615825571618528    -0.000000000000001     0.000000000000000
    -0.000000000000001    -3.387539041297986     2.595717772424833
     0.000000000000000     2.408981744981160    -2.212264267518671
76 147
     0.042856379372272    -0.103272540191899    -0.059176247456078
    -0.103272540191899    -0.076392478387106     0.034165422398399
     0.041476338036796    -0.023946374930544    -0.077283061914123
76 148
     0.035896332810950    -0.016739592813945    -0.008141185098075
    -0.027048623558847    -0.015274669948241     0.009145718129460
     0.011837631015457    -0.007944464550636    -0.024873048431914
76 149
     0.035896332810950     0.016739592813945     0.008141185098075
     0.027048623558847    -0.015274669948241     0.009145718129460
    -0.011837631015457    -0.007944464550636    -0.024873048431914
76 150
     0.042856379372272     0.103272540191899     0.059176247456078
     0.103272540191899    -0.076392478387106     0.034165422398399
    -0.041476338036796    -0.023946374930544    -0.077283061914123
101 1
     0.031316715051533     0.018841290022730    -0.000890656950082
     0.018841290022730     0.009560667318527    -0.000514221029885
     0.028804583586212     0.016630334087395    -0.006438723879575
101 2
    -0.032811945910260     0.000000000000000     0.000000000000000
    -0.000000000000000    -0.029676283402972    -0.006683765252169
     0.000000000000000    -0.046202905047098    -0.023517598574176
101 3
     0.031316715051533    -0.018841290022730     0.000890656950082
    -0.018841290022730     0.009560667318527    -0.000514221029885
    -0.028804583586212     0.016630334087395    -0.006438723879575
101 4
     0.005605506103218    -0.001611161984386    -0.003123443791999
     0.000561152929288     0.002935845666169     0.001016417467905
    -0.002215171617741     0.001387274915257     0.004048084585714
101 5
     0.005605506103218     0.001611161984386     0.003123443791999
    -0.000561152929288     0.002935845666169     0.001016417467905
     0.002215171617741     0.001387274915257     0.004048084585714
101 6
    -0.030460199029794    -0.001357781694503    -0.005788310501310
    -0.001357781694503    -0.032028030283438     0.003341882626084
    -0.040012889499427     0.023101452523549    -0.023517598574176
101 7
    -0.030460199029794     0.001357781694503     0.005788310501310
     0.001357781694503    -0.032028030283438     0.003341882626084
     0.040012889499427     0.023101452523549    -0.023517598574176
101 8
     0.006525102643467     0.003299101878534    -0.015992793367968
     0.001169727651664    -0.006016441379523    -0.000703537860928
    -0.001613251666392    -0.003873265266584     0.016819817693754
101 9
     0.002117114391999     0.000000000000000     0.000000000000000
     0.000000000000000     0.001248009742170     0.001450016008572
     0.000000000000000    -0.002175776134814     0.005531434577700
101 10
     0.006525102643467    -0.003299101878534     0.015992793367968
    -0.001169727651664    -0.006016441379523    -0.000703537860928
     0.001613251666392    -0.003873265266584     0.016819817693754
101 11
    -0.001317356547976     0.000000000000000     0.000000000000000
     0.000000000000000     0.042194738918036     0.001028442059771
     0.000000000000000    -0.033260668174790    -0.006438723879575
101 12
    -0.000945995424609     0.005483168132409    -0.008605678344072
     0.007612542359279     0.001454656688553    -0.013498396403672
    -0.004160971949654     0.000539515707499     0.016819817693754
101 13
    -0.005978874887298    -0.002302028348673     0.000029159649161
    -0.002302028348673    -0.003320721513721     0.000016835331293
    -0.001508287514000    -0.000870810202223     0.002663379322693
101 14
    -0.005978874887298     0.002302028348673    -0.000029159649161
     0.002302028348673    -0.003320721513721     0.000016835331293
     0.001508287514000    -0.000870810202223     0.002663379322693
101 15
    -0.000945995424609    -0.005483168132409     0.008605678344072
    -0.007612542359279     0.001454656688553    -0.013498396403672
     0.004160971949654     0.000539515707499     0.016819817693754
101 16
     0.003148593517472     0.001979652072044    -0.000681478547944
    -0.000192662841630     0.005392758251915    -0.003213190405117
     0.000093829509774    -0.002612032352335     0.004048084585714
101 17
     0.001465285904627     0.000376333352650     0.001255750699318
     0.000376333352650     0.001899838229542    -0.000725008004286
    -0.001884277405697     0.001087888067407     0.005531434577700
101 18
    -0.001991644826932     0.000000000000000     0.000000000000000
    -0.000000000000000    -0.007307951574086    -0.000033670662585
     0.000000000000000     0.001741620404447     0.002663379322693
101 19
     0.001465285904627    -0.000376333352650    -0.001255750699318
    -0.000376333352650     0.001899838229542    -0.000725008004286
     0.001884277405697     0.001087888067407     0.005531434577700
101 20
     0.003148593517472    -0.001979652072044     0.000681478547944
     0.000192662841630     0.005392758251915    -0.003213190405117
    -0.000093829509774    -0.002612032352335     0.004048084585714
101 21
     0.004057928033390     0.000332341685919     0.002441965244056
     0.002504656599593     0.004483423735997     0.002196772937212
     0.002309001127516     0.001224757437078     0.004048084585714
101 22
    -0.004816115322942     0.005378127594181     0.007387115023896
     0.003248753367311     0.005324776586886     0.014201934264600
    -0.002547720283262     0.003333749559085     0.016819817693754
101 23
    -0.004816115322942    -0.005378127594181    -0.007387115023896
    -0.003248753367311     0.005324776586886     0.014201934264600
     0.002547720283262     0.003333749559085     0.016819817693754
101 24
     0.004057928033390    -0.000332341685919    -0.002441965244056
    -0.002504656599593     0.004483423735997     0.002196772937212
    -0.002309001127516     0.001224757437078     0.004048084585714
101 25
     0.010160988997545     0.000000000000000     0.000000000000000
     0.000000000000000     0.010160988997545     0.000000000000000
     0.000000000000000     0.000000000000000     0.001793742108354
101 26
    -0.046473509009433    -0.033515764854802    -0.077765205105704
    -0.033515764854803    -0.007772837287400    -0.044897762101364
    -0.077235470662453    -0.044591919777955    -0.083477989983203
101 27
    -0.046473509009433     0.033515764854802     0.077765205105704
     0.033515764854802    -0.007772837287400    -0.044897762101364
     0.077235470662453    -0.044591919777955    -0.083477989983203
101 28
    -0.005751211347177    -0.009472562292796     0.000365964839641
    -0.003562835151120    -0.002565292502919    -0.002733676485837
     0.006141082344431     0.006528534850619     0.004794268726545
101 29
     0.001836369655209     0.000000000000000     0.000000000000000
    -0.000000000000000    -0.001971160672692    -0.001453120728654
     0.000000000000000     0.002340228407814     0.003251536447248
101 30
    -0.005751211347177     0.009472562292796    -0.000365964839641
     0.003562835151120    -0.002565292502919    -0.002733676485837
    -0.006141082344431     0.006528534850619     0.004794268726545
101 31
     0.011577498573617    -0.000000000000000     0.000000000000000
    -0.000000000000000    -0.065823844870449     0.089795524202729
     0.000000000000000     0.089183839555910    -0.083477989983203
101 32
     0.008256669336869     0.003043706411402     0.048209529258156
     0.003043706411402     0.004742099904954     0.027833784694702
     0.000339900849241     0.000196241846807    -0.018951805449560
101 33
     0.009224429113645     0.002820515577859     0.000536639588195
     0.002472877454250     0.006013303826159    -0.000824192076439
    -0.002025329034048    -0.000505867822768     0.002821316661942
101 34
     0.009224429113645    -0.002820515577859    -0.000536639588195
    -0.002472877454250     0.006013303826159    -0.000824192076439
     0.002025329034048    -0.000505867822768     0.002821316661942
101 35
     0.008256669336869    -0.003043706411402    -0.048209529258156
    -0.003043706411402     0.004742099904954     0.027833784694702
    -0.000339900849241     0.000196241846807    -0.018951805449560
101 36
    -0.009006264881412    -0.001683529116902    -0.002184450862642
    -0.007593256258578     0.000689761031316     0.001683773090940
     0.008724418202344     0.002054065891700     0.004794268726545
101 37
     0.009108191567042     0.002539987233072    -0.000445451481697
     0.002887625356681     0.006129541372763     0.000876839554273
    -0.001450758902499    -0.001501052483124     0.002821316661942
101 38
     0.012623331357893     0.000000000000000     0.000000000000000
     0.000000000000000     0.012623331357893     0.000000000000000
     0.000000000000000     0.000000000000000     0.004041614043353
101 39
     0.009108191567042    -0.002539987233072     0.000445451481697
    -0.002887625356681     0.006129541372763     0.000876839554273
     0.001450758902499    -0.001501052483124     0.002821316661942
101 40
    -0.009006264881412     0.001683529116902     0.002184450862642
     0.007593256258578     0.000689761031316     0.001683773090940
    -0.008724418202344     0.002054065891700     0.004794268726545
101 41
    -0.001019278090717     0.001648708994821    -0.001258439465780
     0.001648708994821     0.000884487073234     0.000726560364327
     0.002026697251825    -0.001170114203907     0.003251536447248
101 42
     0.004523978729019     0.000240928840626    -0.000982091069891
    -0.000106709282983     0.010713754210785    -0.000052647477834
     0.000574570131549     0.002006920305892     0.002821316661942
101 43
     0.004523978729019    -0.000240928840626     0.000982091069891
     0.000106709282983     0.010713754210785    -0.000052647477834
    -0.000574570131549     0.002006920305892     0.002821316661942
101 44
    -0.001019278090717    -0.001648708994821     0.001258439465780
    -0.001648708994821     0.000884487073234     0.000726560364327
    -0.002026697251825    -0.001170114203907     0.003251536447248
101 45
    -0.003680952951553    -0.000000000000000     0.000000000000000
    -0.000000000000000    -0.006228831818577     0.001341306505089
     0.000000000000000    -0.000075821591209     0.004587839110158
101 46
     0.002282720453445    -0.001075557536621    -0.002550415702283
     0.004834169605055    -0.010599224303541     0.001049903394897
     0.002583335857912    -0.008582600742319     0.004794268726545
101 47
     0.002984815188997    -0.000000000000000     0.000000000000000
     0.000000000000000     0.010013954052826    -0.055667569389404
     0.000000000000000    -0.000392483693614    -0.018951805449560
101 48
     0.002282720453445     0.001075557536621     0.002550415702283
    -0.004834169605055    -0.010599224303541     0.001049903394897
    -0.002583335857912    -0.008582600742319     0.004794268726545
101 49
    -0.005591862101821     0.001103263912304     0.001161605507668
     0.001103263912304    -0.004317922668309    -0.000670653252544
    -0.000065663424143     0.000037910795605     0.004587839110158
101 50
    -0.005591862101821    -0.001103263912304    -0.001161605507668
    -0.001103263912304    -0.004317922668309    -0.000670653252544
     0.000065663424143     0.000037910795605     0.004587839110158
101 51
    -2.649533339212447    -1.197191845640873     2.047334000243338
    -1.197191845640873    -1.267135270507684     1.182028836161564
     2.182717329667355     1.260192437848308    -2.108318826100914
101 52
    -2.649533339212449     1.197191845640873    -2.047334000243338
     1.197191845640872    -1.267135270507684     1.182028836161565
    -2.182717329667355     1.260192437848309    -2.108318826100913
101 53
     0.131243243669251    -0.159946672715477     0.114544908267097
     0.011592299099568    -0.043513667415020     0.043224624606741
    -0.044813445586358     0.068315998994115    -0.086427421391082
101 54
     0.079708847497959    -0.000000000000000     0.000000000000000
    -0.000000000000000    -0.017886536710935     0.011742453989280
     0.000000000000000     0.030123831926886    -0.029132711781561
101 55
     0.131243243669251     0.159946672715477    -0.114544908267097
    -0.011592299099568    -0.043513667415020     0.043224624606741
     0.044813445586358     0.068315998994115    -0.086427421391083
101 56
    -0.575936236155302    -0.000000000000001     0.000000000000000
    -0.000000000000001    -3.340732373564832    -2.364057672323130
     0.000000000000000    -2.520384875696617    -2.108318826100914
101 57
     0.043096793895074     0.090331043890906     0.032906283570583
     0.090331043890906    -0.061208511118115     0.018998451677506
    -0.055258847674001    -0.031903710579693    -0.071050743123886
101 58
     0.028038846519206     0.024736010746658     0.008917482789184
     0.010865806029182    -0.008969251193975     0.006305259915863
    -0.004329370333000    -0.008251029886492    -0.016962734514327
101 59
     0.028038846519206    -0.024736010746658    -0.008917482789184
    -0.010865806029182    -0.008969251193975     0.006305259915863
     0.004329370333000    -0.008251029886492    -0.016962734514327
101 60
     0.043096793895074    -0.090331043890906    -0.032906283570583
    -0.090331043890906    -0.061208511118115     0.018998451677506
     0.055258847674001    -0.031903710579693    -0.071050743123886
101 61
    -0.064063767800905     0.124352854746484     0.094706077112032
    -0.047186117068561     0.151793344055136     0.077586488130094
     0.036756667820637    -0.072967581805955    -0.086427421391083
101 62
     0.015698812108698     0.017990328217898     0.009919256659193
     0.031860532935374     0.003370783216533     0.004570136675312
    -0.009310286655587     0.000376170252477    -0.016962734514327
101 63
     0.007271037229998     0.000000000000000     0.000000000000000
     0.000000000000000     0.007271037229998     0.000000000000000
     0.000000000000000     0.000000000000000    -0.008565285792053
101 64
     0.015698812108698    -0.017990328217898    -0.009919256659193
    -0.031860532935374     0.003370783216533     0.004570136675312
     0.009310286655587     0.000376170252477    -0.016962734514327
101 65
    -0.064063767800905    -0.124352854746484    -0.094706077112032
     0.047186117068561     0.151793344055136     0.077586488130094
    -0.036756667820637    -0.072967581805955    -0.086427421391083
101 66
     0.006512309341288     0.042260041008502     0.010169263457487
     0.042260041008502     0.055310001445735    -0.005871226994640
     0.026088003708016    -0.015061915963443    -0.029132711781561
101 67
    -0.015133265640058     0.014059624547454     0.001001773870009
     0.000189419829978     0.034202860965289    -0.010875396591175
    -0.004980916322587     0.007874859634015    -0.016962734514327
101 68
    -0.015133265640058    -0.014059624547454    -0.001001773870009
    -0.000189419829978     0.034202860965289    -0.010875396591175
     0.004980916322587     0.007874859634015    -0.016962734514327
101 69
     0.006512309341288    -0.042260041008502    -0.010169263457487
    -0.042260041008502     0.055310001445735    -0.005871226994640
    -0.026088003708016    -0.015061915963443    -0.029132711781561
101 70
     0.018974043628916     0.000000000000000     0.000000000000000
     0.000000000000000     0.042758273155337     0.005118602203712
     0.000000000000000    -0.005679928854703    -0.014285070484455
101 71
     0.064414888513000     0.026991069739393    -0.019838831155065
     0.198530041554438     0.023314687741231    -0.120811112736835
     0.081570113406994     0.004651582811840    -0.086427421391083
101 72
    -0.113361163624710    -0.000000000000000     0.000000000000000
     0.000000000000000     0.095249446401668    -0.037996903355012
     0.000000000000000     0.063807421159386    -0.071050743123886
101 73
     0.064414888513000    -0.026991069739393     0.019838831155065
    -0.198530041554438     0.023314687741231    -0.120811112736835
    -0.081570113406994     0.004651582811840    -0.086427421391083
101 74
     0.036812215773731    -0.010298873489660     0.004432839540281
    -0.010298873489660     0.024920101010521    -0.002559301101856
    -0.004918962679861     0.002839964427352    -0.014285070484455
101 75
     0.036812215773731     0.010298873489660    -0.004432839540281
     0.010298873489660     0.024920101010521    -0.002559301101856
     0.004918962679861     0.002839964427352    -0.014285070484455
101 76
    -0.246044256948360    -0.163993312852045    -0.384858424556744
    -0.163993312852045    -0.056681090307506    -0.222198115017731
     0.242679376140933     0.140111003141738     0.201195526300679
101 77
    -0.246044256948360     0.163993312852045     0.384858424556744
     0.163993312852045    -0.056681090307506    -0.222198115017731
    -0.242679376140933     0.140111003141738     0.201195526300679
101 78
     0.056515512039569    -0.007626785883882     0.034530725756544
    -0.032375136646044     0.007858709332497     0.011586079475206
     0.069963648479248    -0.036060600037967    -0.037439639593688
101 79
     0.034004185561460    -0.000000000000000     0.000000000000000
     0.000000000000000     0.007030865333779     0.006623568509283
     0.000000000000000    -0.015504079239055    -0.020449637131594
101 80
     0.056515512039569     0.007626785883882    -0.034530725756544
     0.032375136646044     0.007858709332497     0.011586079475206
    -0.069963648479247    -0.036060600037967    -0.037439639593688
101 81
     0.038000493012920    -0.000000000000000     0.000000000000000
    -0.000000000000000    -0.340725840268786     0.444396230035462
     0.000000000000000    -0.280222006283476     0.201195526300679
101 82
    -0.015233173664818     0.060958998220447     0.026756249432938
     0.060958998220447    -0.085622561729028     0.015447727812612
     0.057095466762643     0.032964083104919    -0.062528857180226
101 83
     0.021787350477475     0.007320669308220     0.005004065062030
     0.009962791623461    -0.016295334209092     0.002049859484417
     0.011298584619894    -0.004616387347988    -0.016655954006062
101 84
     0.021787350477475    -0.007320669308220    -0.005004065062030
    -0.009962791623461    -0.016295334209091     0.002049859484417
    -0.011298584619894    -0.004616387347988    -0.016655954006062
101 85
    -0.015233173664818    -0.060958998220447    -0.026756249432938
    -0.060958998220447    -0.085622561729028     0.015447727812612
    -0.057095466762643     0.032964083104919    -0.062528857180225
101 86
     0.002701569453699    -0.001305642407936     0.027299202034065
     0.023442708354225     0.061672651918367     0.024111445978678
     0.003752428531035     0.078620596943456    -0.037439639593688
101 87
     0.000709295078626     0.022132212581980     0.004277262918709
     0.019490090266740     0.004782721189758     0.003308717723700
     0.001651383592880     0.012093054981630    -0.016655954006062
101 88
     0.006562890872708     0.000000000000000     0.000000000000000
     0.000000000000000     0.006562890872708     0.000000000000000
     0.000000000000000     0.000000000000000    -0.009188731976174
101 89
     0.000709295078626    -0.022132212581980    -0.004277262918709
    -0.019490090266740     0.004782721189758     0.003308717723700
    -0.001651383592880     0.012093054981630    -0.016655954006062
101 90
     0.002701569453699     0.001305642407937    -0.027299202034065
    -0.023442708354225     0.061672651918367     0.024111445978678
    -0.003752428531035     0.078620596943456    -0.037439639593688
101 91
     0.013774195390699     0.011679790270792     0.005736178592746
     0.011679790270792     0.027260855504540    -0.003311784254642
    -0.013426926483308     0.007752039619527    -0.020449637131594
101 92
    -0.014258621153526     0.010848359800899    -0.000726802143321
     0.013490482116139     0.019750637421909    -0.005358577208117
    -0.009647201027013    -0.007476667633642    -0.016655954006062
101 93
    -0.014258621153526    -0.010848359800899     0.000726802143321
    -0.013490482116139     0.019750637421909    -0.005358577208117
     0.009647201027013    -0.007476667633642    -0.016655954006062
101 94
     0.013774195390699    -0.011679790270792    -0.005736178592746
    -0.011679790270792     0.027260855504540    -0.003311784254642
     0.013426926483308     0.007752039619527    -0.020449637131594
101 95
     0.011193678647625     0.000000000000000     0.000000000000000
     0.000000000000000     0.037022264678434    -0.000087167337906
     0.000000000000000     0.011646436928382    -0.013409645652802
101 96
     0.037344250564832     0.043443669619188    -0.007231523722478
     0.018695318857026     0.027029970807235    -0.035697525453883
    -0.066211219948213    -0.042559996905490    -0.037439639593688
101 97
    -0.120817255761133     0.000000000000000     0.000000000000000
     0.000000000000000     0.019961520367287    -0.030895455625224
     0.000000000000000    -0.065928166209838    -0.062528857180225
101 98
     0.037344250564832    -0.043443669619188     0.007231523722478
    -0.018695318857026     0.027029970807235    -0.035697525453883
     0.066211219948213    -0.042559996905490    -0.037439639593688
101 99
     0.030565118170732    -0.011184105823256    -0.000075489129007
    -0.011184105823256     0.017650825155327     0.000043583668953
     0.010086110243552    -0.005823218464191    -0.013409645652802
101 100
     0.030565118170732     0.011184105823256     0.000075489129007
     0.011184105823256     0.017650825155327     0.000043583668953
    -0.010086110243552    -0.005823218464191    -0.013409645652802
101 101
     7.977114678387990     0.000000000000001     0.000000000000000
     0.000000000000001     7.977114678387990     0.000000000000000
     0.000000000000000     0.000000000000000     6.019239683667632
101 102
    -0.734644893556078     0.127161283996757    -0.254122299218984
    -0.127161283996757     0.130176356173728    -0.057690596878639
     0.254122299218984    -0.057690596878639     0.129454597356852
101 103
    -0.138932357841583     0.016534099775319    -0.035084191573917
    -0.016534099775319     0.021753040901482    -0.011974726891254
     0.035084191573917    -0.011974726891254     0.047067048588577
101 104
    -0.138932357841583    -0.016534099775319     0.035084191573917
     0.016534099775319     0.021753040901482    -0.011974726891254
    -0.035084191573917    -0.011974726891254     0.047067048588577
101 105
    -0.734644893556078    -0.127161283996757     0.254122299218984
     0.127161283996757     0.130176356173728    -0.057690596878639
    -0.254122299218984    -0.057690596878639     0.129454597356852
101 106
    -0.086028956258724    -0.501639869996066    -0.177022672065880
    -0.247317302002552    -0.518439581123627    -0.191231068352431
     0.077099627153104     0.248921665231070     0.129454597356852
101 107
    -0.018180561108889    -0.025380088646267    -0.007459795281054
    -0.025380088646267     0.011125840915069    -0.004306914813616
    -0.000328195274083    -0.000189483629839     0.033745526326789
101 108
    -0.019330800890602     0.000000000000000     0.000000000000000
     0.000000000000000     0.000086731708491    -0.003191832010923
     0.000000000000000     0.001711436316650     0.019443650214303
101 109
    -0.018180561108889     0.025380088646267     0.007459795281054
     0.025380088646267     0.011125840915069    -0.004306914813616
     0.000328195274083    -0.000189483629839     0.033745526326789
101 110
    -0.086028956258724     0.501639869996066     0.177022672065880
     0.247317302002552    -0.518439581123627    -0.191231068352432
    -0.077099627153104     0.248921665231070     0.129454597356852
101 111
    -0.018418308784284    -0.086112918439683    -0.027912513478165
    -0.053044718889044    -0.098761008155817    -0.024396437728625
     0.007171678095752     0.036371164619879     0.047067048588577
101 112
    -0.004767651441282    -0.008408038254814    -0.002764207606072
    -0.008408038254814    -0.014476417740829     0.001595916005461
     0.001482147327179    -0.000855718158325     0.019443650214303
101 113
    -0.004767651441282     0.008408038254814     0.002764207606072
     0.008408038254814    -0.014476417740829     0.001595916005461
    -0.001482147327179    -0.000855718158325     0.019443650214303
101 114
    -0.018418308784284     0.086112918439683     0.027912513478165
     0.053044718889044    -0.098761008155817    -0.024396437728625
    -0.007171678095752     0.036371164619879     0.047067048588577
101 115
     0.025779041927048    -0.000000000000000     0.000000000000000
    -0.000000000000000    -0.032833762120868     0.000378967259677
     0.000000000000000     0.008613829627232     0.033745526326789
101 116
    -0.018418308784284    -0.053044718889044     0.007171678095752
    -0.086112918439683    -0.098761008155817     0.036371164619879
    -0.027912513478165    -0.024396437728625     0.047067048588577
101 117
     0.025779041927048    -0.000000000000000     0.000000000000000
    -0.000000000000000    -0.032833762120868     0.008613829627232
     0.000000000000000     0.000378967259677     0.033745526326789
101 118
    -0.018418308784284     0.053044718889044    -0.007171678095752
     0.086112918439683    -0.098761008155817     0.036371164619879
     0.027912513478165    -0.024396437728625     0.047067048588577
101 119
    -0.004767651441282     0.008408038254814    -0.001482147327179
     0.008408038254814    -0.014476417740829    -0.000855718158325
     0.002764207606072     0.001595916005461     0.019443650214303
101 120
    -0.004767651441282    -0.008408038254814     0.001482147327179
    -0.008408038254814    -0.014476417740829    -0.000855718158325
    -0.002764207606072     0.001595916005461     0.019443650214303
101 121
    -0.086028956258724    -0.247317302002552     0.077099627153104
    -0.501639869996066    -0.518439581123627     0.248921665231070
    -0.177022672065880    -0.191231068352431     0.129454597356852
101 122
    -0.086028956258724     0.247317302002552    -0.077099627153104
     0.501639869996066    -0.518439581123627     0.248921665231070
     0.177022672065880    -0.191231068352432     0.129454597356852
101 123
    -0.018180561108889     0.025380088646267     0.000328195274083
     0.025380088646267     0.011125840915069    -0.000189483629839
     0.007459795281054    -0.004306914813616     0.033745526326789
101 124
    -0.019330800890602     0.000000000000000     0.000000000000000
     0.000000000000000     0.000086731708491     0.001711436316650
     0.000000000000000    -0.003191832010923     0.019443650214303
101 125
    -0.018180561108889    -0.025380088646267    -0.000328195274083
    -0.025380088646267     0.011125840915069    -0.000189483629839
    -0.007459795281054    -0.004306914813616     0.033745526326789
101 126
     0.121786148649071     0.000000000000000     0.000000000000000
     0.000000000000000     0.121786148649071     0.000000000000000
     0.000000000000000     0.000000000000000     0.076630425474697
101 127
    -0.061564826817650    -0.058800063136951    -0.108256643163322
     0.059481570666991     0.060421053039092     0.063151864009938
    -0.111001300788005    -0.062599585120420    -0.073275703728361
101 128
    -0.034685953772780    -0.004696240275730    -0.005696275636896
     0.006412817800260     0.006712234079248    -0.007977992689991
    -0.011926976639866     0.006622811321441     0.024989967346024
101 129
    -0.034685953772780     0.004696240275730     0.005696275636896
    -0.006412817800260     0.006712234079248    -0.007977992689991
     0.011926976639866     0.006622811321441     0.024989967346024
101 130
    -0.061564826817650     0.058800063136951     0.108256643163322
    -0.059481570666991     0.060421053039092     0.063151864009938
     0.111001300788005    -0.062599585120420    -0.073275703728361
101 131
     0.030219684491849     0.006489758355013     0.000562796947285
    -0.111791875448928    -0.031363458270407    -0.125328935112833
    -0.109713481374653    -0.064830153775320    -0.073275703728361
101 132
    -0.016440737891566    -0.023423394750847    -0.009401192854144
    -0.023423394750847     0.010606268637907    -0.005427781225044
    -0.014026764254167    -0.008098356118003     0.035476718326040
101 133
    -0.018412613402690     0.000000000000000     0.000000000000000
     0.000000000000000     0.001605407633688    -0.000362429275821
     0.000000000000000     0.000904489729089     0.017729174932524
101 134
    -0.016440737891566     0.023423394750847     0.009401192854144
     0.023423394750847     0.010606268637907    -0.005427781225044
     0.014026764254167    -0.008098356118003     0.035476718326040
101 135
     0.030219684491849    -0.006489758355013    -0.000562796947285
     0.111791875448928    -0.031363458270407    -0.125328935112833
     0.109713481374653    -0.064830153775320    -0.073275703728361
101 136
    -0.002894013011854    -0.011942267756120    -0.009757282159187
    -0.023051325832111    -0.025079706681677    -0.000944123063515
    -0.000227965471094    -0.013640470421188     0.024989967346024
101 137
    -0.003399097625406    -0.008668057375497    -0.000313872959936
    -0.008668057375497    -0.013408108143595     0.000181214637911
     0.000783311082853    -0.000452244864545     0.017729174932524
101 138
    -0.003399097625406     0.008668057375497     0.000313872959936
     0.008668057375497    -0.013408108143595     0.000181214637911
    -0.000783311082853    -0.000452244864545     0.017729174932524
101 139
    -0.002894013011854     0.011942267756120     0.009757282159187
     0.023051325832111    -0.025079706681677    -0.000944123063515
     0.000227965471094    -0.013640470421188     0.024989967346024
101 140
     0.019437420588272    -0.000000000000000     0.000000000000000
     0.000000000000000    -0.028002675603451    -0.013589593692720
     0.000000000000000    -0.015849846681575     0.030710729288074
101 141
    -0.004380612755663    -0.023909614594376    -0.004061006522291
    -0.012800556518386    -0.023593106937868     0.008922115753506
     0.011699011168772     0.007017659099747     0.024989967346024
101 142
     0.024129771902643    -0.000000000000000     0.000000000000000
    -0.000000000000000    -0.029964241156302     0.010855562450087
     0.000000000000000     0.016196712236005     0.035476718326040
101 143
    -0.004380612755663     0.023909614594376     0.004061006522291
     0.012800556518386    -0.023593106937869     0.008922115753506
    -0.011699011168772     0.007017659099747     0.024989967346024
101 144
    -0.004863685783883     0.008224513832124     0.002594419390169
     0.008224513832124    -0.014360536333745     0.001497888733305
    -0.000506676928915    -0.000292530061301     0.017585806660938
101 145
    -0.004863685783883    -0.008224513832124    -0.002594419390169
    -0.008224513832124    -0.014360536333745     0.001497888733305
     0.000506676928915    -0.000292530061301     0.017585806660938
101 146
     0.029629481657964    -0.112132629213949     0.108819440110608
     0.006149004589993    -0.030773255436522     0.062177071102895
     0.001287819413352     0.127429738895740    -0.073275703728361
101 147
     0.029629481657964     0.112132629213949    -0.108819440110608
    -0.006149004589993    -0.030773255436522     0.062177071102895
    -0.001287819413352     0.127429738895740    -0.073275703728361
101 148
    -0.016142651555520     0.020542164230005    -0.011768933365005
     0.020542164230005     0.007577396540341     0.006794796846360
    -0.013726369872332     0.007924923340787     0.030710729288074
101 149
    -0.019108961608676     0.000000000000000     0.000000000000000
     0.000000000000000    -0.000115260508952    -0.002995777466609
     0.000000000000000     0.000585060122603     0.017585806660938
101 150
    -0.016142651555520    -0.020542164230005     0.011768933365005
    -0.020542164230005     0.007577396540341     0.006794796846360
     0.013726369872332     0.007924923340787     0.030710729288074
126 1
    -0.000213059069705    -0.000819502735462     0.008830283647248
    -0.000819502735462     0.000733221180136     0.005098166640759
     0.002441594864051     0.001409655452012     0.005927933501697
126 2
    -0.007233165622730     0.000000000000000     0.000000000000000
    -0.000000000000000    -0.001353484740849     0.003433613198104
     0.000000000000000    -0.004395489836813     0.005926553855136
126 3
    -0.000213059069705     0.000819502735462    -0.008830283647248
     0.000819502735462     0.000733221180136     0.005098166640759
    -0.002441594864051     0.001409655452012     0.005927933501697
126 4
     0.002285365907601    -0.001482441197998    -0.000305234016778
    -0.001699563825651     0.001122587630469    -0.000214692094234
    -0.002954188358645     0.001864566680068    -0.002410190418542
126 5
     0.002285365907601     0.001482441197998     0.000305234016778
     0.001699563825651     0.001122587630469    -0.000214692094234
     0.002954188358645     0.001864566680068    -0.002410190418542
126 6
    -0.002823404961319    -0.002545976504927     0.002973596256328
    -0.002545976504927    -0.005763245402260    -0.001716806599052
    -0.003806605860756     0.002197744918406     0.005926553855136
126 7
    -0.002823404961319     0.002545976504927    -0.002973596256328
     0.002545976504927    -0.005763245402260    -0.001716806599052
     0.003806605860756     0.002197744918406     0.005926553855136
126 8
    -0.003611129047458     0.000256294503607    -0.000057659098961
     0.005771693084753    -0.004038567625975     0.000966874458162
    -0.000613807413186     0.002184555071831    -0.003028961900240
126 9
    -0.004333209520674    -0.000000000000000     0.000000000000000
    -0.000000000000000    -0.002873048961683     0.001396478991531
     0.000000000000000    -0.001581957459679     0.000507762053682
126 10
    -0.003611129047458    -0.000256294503607     0.000057659098961
    -0.005771693084753    -0.004038567625975     0.000966874458162
     0.000613807413186     0.002184555071831    -0.003028961900240
126 11
     0.001206361305057    -0.000000000000000     0.000000000000000
    -0.000000000000000    -0.000686199194625    -0.010196333281519
     0.000000000000000    -0.002819310904024     0.005927933501697
126 12
    -0.001321512788738     0.004449782521439     0.000808508293558
    -0.001065616059706    -0.006328183884696    -0.000533371473540
     0.001584976481578    -0.001623850348766    -0.003028961900240
126 13
    -0.001285230296016    -0.001258605508687    -0.000364409008557
    -0.001258605508687     0.000168082162472    -0.000210391639186
     0.000966198011845     0.000557834682229     0.001134811414735
126 14
    -0.001285230296016     0.001258605508687     0.000364409008557
     0.001258605508687     0.000168082162472    -0.000210391639186
    -0.000966198011845     0.000557834682229     0.001134811414735
126 15
    -0.001321512788738    -0.004449782521439    -0.000808508293558
     0.001065616059706    -0.006328183884696    -0.000533371473540
    -0.001584976481578    -0.001623850348766    -0.003028961900240
126 16
     0.000035433607028    -0.000400564806256    -0.000338545815987
    -0.000183442178603     0.003372519931043    -0.000156994365512
     0.000137667932666    -0.003490685506185    -0.002410190418542
126 17
    -0.003238089101431    -0.000632268068845     0.001209386282518
    -0.000632268068845    -0.003968169380926    -0.000698239495766
    -0.001370015347788     0.000790978729839     0.000507762053682
126 18
     0.000894738391716     0.000000000000000     0.000000000000000
    -0.000000000000000    -0.002011886525260     0.000420783278371
     0.000000000000000    -0.001115669364459     0.001134811414735
126 19
    -0.003238089101431     0.000632268068845    -0.001209386282518
     0.000632268068845    -0.003968169380926    -0.000698239495766
     0.001370015347788     0.000790978729839     0.000507762053682
126 20
     0.000035433607028     0.000400564806256     0.000338545815987
     0.000183442178603     0.003372519931043    -0.000156994365512
    -0.000137667932666    -0.003490685506185    -0.002410190418542
126 21
     0.002791130792477     0.001407560333221    -0.000033311799209
     0.001190437705568     0.000616822745594     0.000371686459746
     0.003091856291311     0.001626118826117    -0.002410190418542
126 22
    -0.006541903173955    -0.004079609853886     0.000866167392519
     0.001435788727259    -0.001107793499479    -0.000433502984622
     0.002198783894765    -0.000560704723065    -0.003028961900240
126 23
    -0.006541903173955     0.004079609853886    -0.000866167392519
    -0.001435788727259    -0.001107793499479    -0.000433502984622
    -0.002198783894765    -0.000560704723065    -0.003028961900240
126 24
     0.002791130792477    -0.001407560333221     0.000033311799209
    -0.001190437705568     0.000616822745594     0.000371686459746
    -0.003091856291311     0.001626118826117    -0.002410190418542
126 25
     0.001240822149935     0.000000000000000     0.000000000000000
     0.000000000000000     0.001240822149935     0.000000000000000
     0.000000000000000     0.000000000000000    -0.000143661063249
126 26
    -0.000843354240145     0.001033492012875     0.002440970550491
     0.001033492012875    -0.002036728023822     0.001409295004410
     0.001188145105363     0.000685975896418     0.000383791612716
126 27
    -0.000843354240145    -0.001033492012875    -0.002440970550491
    -0.001033492012875    -0.002036728023822     0.001409295004410
    -0.001188145105363     0.000685975896418     0.000383791612716
126 28
    -0.004014069060377    -0.001386514838961     0.004660273896508
     0.001866816745100    -0.000353938241344    -0.003847993535605
     0.003169668690467    -0.000308599010661    -0.001335247999763
126 29
    -0.002293969600549     0.000000000000000     0.000000000000000
    -0.000000000000000    -0.000472894401865    -0.001565197964956
     0.000000000000000     0.002833382913761     0.001894964476976
126 30
    -0.004014069060377     0.001386514838961    -0.004660273896508
    -0.001866816745100    -0.000353938241344    -0.003847993535605
    -0.003169668690467    -0.000308599010661    -0.001335247999763
126 31
    -0.002633414915661     0.000000000000000     0.000000000000000
     0.000000000000000    -0.000246667348306    -0.002818590008820
     0.000000000000000    -0.001371951792835     0.000383791612716
126 32
    -0.005059448387797    -0.004446274933690     0.001326406936547
    -0.004446274933690     0.000074667671917     0.000765801401871
     0.004570821923603     0.002638965268010    -0.003871038375154
126 33
     0.005062461819398     0.001789897809705     0.004789299547665
    -0.004484401810941    -0.005388480415997    -0.002231580615428
    -0.004586184170325    -0.002433593774747    -0.002200056451145
126 34
     0.005062461819398    -0.001789897809705    -0.004789299547665
     0.004484401810941    -0.005388480415997    -0.002231580615428
     0.004586184170325    -0.002433593774747    -0.002200056451145
126 35
    -0.005059448387797     0.004446274933690    -0.001326406936547
     0.004446274933690     0.000074667671917     0.000765801401871
    -0.004570821923603     0.002638965268010    -0.003871038375154
126 36
    -0.001060994120001     0.000161858133336    -0.001002323207178
    -0.003091473450724    -0.003307013181720     0.005959912350772
     0.001317579762418     0.002899313112855    -0.001335247999763
126 37
    -0.003942499314983     0.000714614924036     0.000462044270279
     0.006988914544682     0.003616480718384     0.005263445382325
    -0.004400646116585    -0.002754955110562    -0.002200056451145
126 38
     0.001152850593029     0.000000000000000     0.000000000000000
     0.000000000000000     0.001152850593029     0.000000000000000
     0.000000000000000     0.000000000000000     0.003904649631212
126 39
    -0.003942499314983    -0.000714614924036    -0.000462044270279
    -0.006988914544682     0.003616480718384     0.005263445382325
     0.004400646116585    -0.002754955110562    -0.002200056451145
126 40
    -0.001060994120001    -0.000161858133336     0.001002323207178
     0.003091473450724    -0.003307013181720     0.005959912350772
    -0.001317579762418     0.002899313112855    -0.001335247999763
126 41
    -0.000928163201536    -0.000788548692131    -0.001355501199604
    -0.000788548692131    -0.001838700800878     0.000782598982478
     0.002453781581966    -0.001416691456881     0.001894964476976
126 42
    -0.001608990399314     0.008336166545300    -0.004327255277386
     0.002061866924654     0.001282971802715    -0.003031864766897
     0.000185538053740     0.005188548885309    -0.002200056451145
126 43
    -0.001608990399314    -0.008336166545300     0.004327255277386
    -0.002061866924654     0.001282971802715    -0.003031864766897
    -0.000185538053740     0.005188548885309    -0.002200056451145
126 44
    -0.000928163201536     0.000788548692131     0.001355501199604
     0.000788548692131    -0.001838700800878     0.000782598982478
    -0.002453781581966    -0.001416691456881     0.001894964476976
126 45
    -0.002235517439004    -0.000000000000000     0.000000000000000
    -0.000000000000000    -0.003462925395627     0.000755260208566
     0.000000000000000     0.000265157027058     0.002273792427959
126 46
    -0.001476947772203    -0.003331624403794    -0.005662597103686
    -0.000078292819733    -0.002891059529517    -0.002111918815167
    -0.001852088928049    -0.002590714102194    -0.001335247999763
126 47
     0.002641725701774     0.000000000000000     0.000000000000000
    -0.000000000000000    -0.007626506417654    -0.001531602803741
     0.000000000000000    -0.005277930536020    -0.003871038375154
126 48
    -0.001476947772203     0.003331624403794     0.005662597103686
     0.000078292819733    -0.002891059529517    -0.002111918815167
     0.001852088928049    -0.002590714102194    -0.001335247999763
126 49
    -0.003156073406471     0.000531483235621     0.000654074527086
     0.000531483235621    -0.002542369428160    -0.000377630104283
     0.000229632721424    -0.000132578513529     0.002273792427959
126 50
    -0.003156073406471    -0.000531483235621    -0.000654074527086
    -0.000531483235621    -0.002542369428160    -0.000377630104283
    -0.000229632721424    -0.000132578513529     0.002273792427959
126 51
    -0.254925924299057    -0.169491463883116     0.392086375774358
    -0.169491463883116    -0.059214039702536     0.226371174598910
    -0.254078588274036    -0.146692341335335     0.193094398066342
126 52
    -0.254925924299057     0.169491463883116    -0.392086375774358
     0.169491463883116    -0.059214039702536     0.226371174598910
     0.254078588274036    -0.146692341335335     0.193094398066342
126 53
     0.047148152403032    -0.008864532163308    -0.042870104596923
    -0.033704328444415     0.006393873088023    -0.011631839315031
    -0.066191157352524     0.036935164745504    -0.045265183427871
126 54
     0.025568205244198    -0.000000000000000     0.000000000000000
     0.000000000000000     0.001541589763482    -0.006554066403179
     0.000000000000000     0.010705930155140    -0.022137133424913
126 55
     0.047148152403032     0.008864532163308     0.042870104596923
     0.033704328444415     0.006393873088023    -0.011631839315031
     0.066191157352524     0.036935164745504    -0.045265183427871
126 56
     0.038641902595725    -0.000000000000000     0.000000000000000
    -0.000000000000000    -0.352781866597318    -0.452742349197821
     0.000000000000000     0.293384682670670     0.193094398066342
126 57
    -0.017069388280832     0.056663066767659    -0.032922717501420
     0.056663066767659    -0.082498261983667    -0.019007939811899
    -0.053671205236609    -0.030987084791088    -0.066884245006954
126 58
     0.015627468515491     0.005964936020989    -0.008909351080177
     0.006881447525020    -0.014465823347243    -0.003611713283356
    -0.006916999234636     0.004069611187313    -0.018486243718234
126 59
     0.015627468515491    -0.005964936020989     0.008909351080177
    -0.006881447525020    -0.014465823347243    -0.003611713283356
     0.006916999234636     0.004069611187313    -0.018486243718234
126 60
    -0.017069388280832    -0.056663066767659     0.032922717501420
    -0.056663066767659    -0.082498261983666    -0.019007939811899
     0.053671205236609    -0.030987084791088    -0.066884245006954
126 61
    -0.001850414431448    -0.005414992692622    -0.031508520638017
     0.019424803588485     0.055392439922503    -0.031310679986315
    -0.001108787713692    -0.075790806145931    -0.045265183427871
126 62
    -0.001379853132758     0.016700629256832    -0.007582510994660
     0.015784117752800     0.002541498301006    -0.005909867724989
     0.000065887054421    -0.008025102648809    -0.018486243718234
126 63
     0.004161652504884     0.000000000000000     0.000000000000000
     0.000000000000000     0.004161652504884     0.000000000000000
     0.000000000000000     0.000000000000000    -0.010546492741900
126 64
    -0.001379853132758    -0.016700629256832     0.007582510994660
    -0.015784117752800     0.002541498301006    -0.005909867724989
    -0.000065887054421    -0.008025102648809    -0.018486243718234
126 65
    -0.001850414431448     0.005414992692622     0.031508520638017
    -0.019424803588485     0.055392439922503    -0.031310679986315
     0.001108787713692    -0.075790806145931    -0.045265183427871
126 66
     0.007548243633661     0.010403829686630    -0.005675988003243
     0.010403829686630     0.019561551374019     0.003277033201589
     0.009271607485493    -0.005352965077570    -0.022137133424913
126 67
    -0.012505147630361     0.009360925979796     0.001326840085516
     0.010277437483827     0.013666792798609     0.009521581008345
     0.006982886289056     0.003955491461495    -0.018486243718234
126 68
    -0.012505147630361    -0.009360925979796    -0.001326840085516
    -0.010277437483827     0.013666792798609     0.009521581008345
    -0.006982886289056     0.003955491461495    -0.018486243718234
126 69
     0.007548243633661    -0.010403829686630     0.005675988003243
    -0.010403829686630     0.019561551374019     0.003277033201589
    -0.009271607485493    -0.005352965077570    -0.022137133424913
126 70
     0.005514575801991     0.000000000000000     0.000000000000000
     0.000000000000000     0.027630381536711    -0.003610775834529
     0.000000000000000    -0.006207202687475    -0.016385731832201
126 71
     0.035015300264999     0.040709233892347     0.011361583958905
     0.015869437611240     0.018526725226056     0.042942519301347
     0.065082369638832     0.038855641400427    -0.045265183427871
126 72
    -0.115212698835084     0.000000000000000     0.000000000000000
     0.000000000000000     0.015645048570586     0.038015879623798
     0.000000000000000     0.061974169582175    -0.066884245006954
126 73
     0.035015300264999    -0.040709233892347    -0.011361583958905
    -0.015869437611240     0.018526725226056     0.042942519301347
    -0.065082369638832     0.038855641400427    -0.045265183427871
126 74
     0.022101430103031    -0.009576424795715    -0.003127023600073
    -0.009576424795715     0.011043527235671     0.001805387917264
    -0.005375595213793     0.003103601343738    -0.016385731832201
126 75
     0.022101430103031     0.009576424795715     0.003127023600073
     0.009576424795715     0.011043527235671     0.001805387917264
     0.005375595213793     0.003103601343738    -0.016385731832201
126 76
    -2.694610673878119    -1.200187138376960    -2.086239388406651
    -1.200187138376961    -1.308753939038393    -1.204490872490579
    -2.247957531974660    -1.297858886212415    -2.212264267518670
126 77
    -2.694610673878121     1.200187138376960     2.086239388406651
     1.200187138376960    -1.308753939038393    -1.204490872490580
     2.247957531974660    -1.297858886212417    -2.212264267518670
126 78
     0.142930954115015    -0.158681295172524    -0.111705435958789
     0.009478063151342    -0.056331954131731    -0.039110359550858
     0.047134672604143    -0.080980023663127    -0.089291965445598
126 79
     0.093015772841119    -0.000000000000000     0.000000000000000
    -0.000000000000000    -0.020759325130180    -0.011932726082645
     0.000000000000000    -0.031103036698217    -0.037910593443648
126 80
     0.142930954115015     0.158681295172524     0.111705435958789
    -0.009478063151342    -0.056331954131731    -0.039110359550858
    -0.047134672604143    -0.080980023663127    -0.089291965445598
126 81
    -0.615825571618528    -0.000000000000001     0.000000000000000
    -0.000000000000001    -3.387539041297986     2.408981744981160
     0.000000000000000     2.595717772424833    -2.212264267518671
126 82
     0.042856379372272     0.103272540191899    -0.041476338036796
     0.103272540191899    -0.076392478387106    -0.023946374930544
     0.059176247456078     0.034165422398399    -0.077283061914123
126 83
     0.035896332810950     0.027048623558847    -0.011837631015457
     0.016739592813945    -0.015274669948241    -0.007944464550636
     0.008141185098075     0.009145718129460    -0.024873048431914
126 84
     0.035896332810950    -0.027048623558847     0.011837631015457
    -0.016739592813945    -0.015274669948241    -0.007944464550636
    -0.008141185098075     0.009145718129460    -0.024873048431914
126 85
     0.042856379372272    -0.103272540191899     0.041476338036796
    -0.103272540191899    -0.076392478387106    -0.023946374930544
    -0.059176247456078     0.034165422398399    -0.077283061914123
126 86
    -0.071123121698588     0.133062241443463    -0.089723282901581
    -0.035097116880404     0.157722121681872    -0.077184565505698
    -0.046563421389261     0.081309835705813    -0.089291965445598
126 87
     0.016478934624180     0.027950232884039    -0.012798923628044
     0.038259263628940     0.004142728238529    -0.006279456904694
     0.011991016785002     0.002477614047114    -0.024873048431914
126 88
     0.007435015012144     0.000000000000000     0.000000000000000
     0.000000000000000     0.007435015012144     0.000000000000000
     0.000000000000000     0.000000000000000    -0.016629890183155
126 89
     0.016478934624180    -0.027950232884039     0.012798923628044
    -0.038259263628940     0.004142728238529    -0.006279456904694
    -0.011991016785002     0.002477614047114    -0.024873048431914
126 90
    -0.071123121698588    -0.133062241443463     0.089723282901581
     0.035097116880404     0.157722121681872    -0.077184565505698
     0.046563421389261     0.081309835705813    -0.089291965445598
126 91
     0.007684449362644     0.049266062580605    -0.010334043923972
     0.049266062580604     0.064571998348294     0.005966363041323
    -0.026936019915495     0.015551518349108    -0.037910593443648
126 92
    -0.021442773141067     0.016365155442545    -0.000961292612587
     0.006056124697643     0.042064436003776     0.014223921455330
     0.003849831686927    -0.011623332176575    -0.024873048431914
126 93
    -0.021442773141067    -0.016365155442545     0.000961292612587
    -0.006056124697643     0.042064436003776     0.014223921455330
    -0.003849831686927    -0.011623332176575    -0.024873048431914
126 94
     0.007684449362644    -0.049266062580604     0.010334043923972
    -0.049266062580604     0.064571998348294     0.005966363041323
     0.026936019915495     0.015551518349108    -0.037910593443648
126 95
     0.020309787690951     0.000000000000000     0.000000000000000
     0.000000000000000     0.055363529092958    -0.005834361494743
     0.000000000000000     0.012397923891659    -0.022984197322135
126 96
     0.058090667558499     0.039504499130187     0.021982153057208
     0.207663857454053     0.028508332424785     0.116294925056556
    -0.093698093993404    -0.000329812042687    -0.089291965445598
126 97
    -0.136016907266796    -0.000000000000000     0.000000000000000
     0.000000000000000     0.102480808251962     0.047892749861088
     0.000000000000000    -0.068330844796798    -0.077283061914123
126 98
     0.058090667558499    -0.039504499130187    -0.021982153057208
    -0.207663857454053     0.028508332424785     0.116294925056556
     0.093698093993404    -0.000329812042687    -0.089291965445598
126 99
     0.046600093742456    -0.015178715275914    -0.005052705269309
    -0.015178715275914     0.029073223041453     0.002917180747371
     0.010736917044363    -0.006198961945830    -0.022984197322135
126 100
     0.046600093742456     0.015178715275914     0.005052705269309
     0.015178715275914     0.029073223041453     0.002917180747371
    -0.010736917044363    -0.006198961945830    -0.022984197322135
126 101
     0.121786148649071     0.000000000000000     0.000000000000000
     0.000000000000000     0.121786148649071     0.000000000000000
     0.000000000000000     0.000000000000000     0.076630425474697
126 102
    -0.061564826817650    -0.059481570666991     0.111001300788005
     0.058800063136951     0.060421053039092    -0.062599585120420
     0.108256643163322     0.063151864009938    -0.073275703728361
126 103
    -0.034685953772780    -0.006412817800260     0.011926976639866
     0.004696240275730     0.006712234079248     0.006622811321441
     0.005696275636896    -0.007977992689991     0.024989967346024
126 104
    -0.034685953772780     0.006412817800260    -0.011926976639866
    -0.004696240275730     0.006712234079248     0.006622811321441
    -0.005696275636896    -0.007977992689991     0.024989967346024
126 105
    -0.061564826817650     0.059481570666991    -0.111001300788005
    -0.058800063136951     0.060421053039092    -0.062599585120420
    -0.108256643163322     0.063151864009938    -0.073275703728361
126 106
     0.029629481657964     0.006149004589993     0.001287819413352
    -0.112132629213949    -0.030773255436522     0.127429738895740
     0.108819440110608     0.062177071102895    -0.073275703728361
126 107
    -0.016142651555520    -0.020542164230005     0.013726369872332
    -0.020542164230005     0.007577396540341     0.007924923340787
     0.011768933365005     0.006794796846360     0.030710729288074
126 108
    -0.019108961608676     0.000000000000000     0.000000000000000
     0.000000000000000    -0.000115260508952     0.000585060122603
     0.000000000000000    -0.002995777466609     0.017585806660938
126 109
    -0.016142651555520     0.020542164230005    -0.013726369872332
     0.020542164230005     0.007577396540341     0.007924923340787
    -0.011768933365005     0.006794796846360     0.030710729288074
126 110
     0.029629481657964    -0.006149004589993    -0.001287819413352
     0.112132629213949    -0.030773255436522     0.127429738895740
    -0.108819440110608     0.062177071102895    -0.073275703728361
126 111
    -0.004380612755663    -0.012800556518386     0.011699011168772
    -0.023909614594376    -0.023593106937868     0.007017659099747
    -0.004061006522291     0.008922115753506     0.024989967346024
126 112
    -0.004863685783883    -0.008224513832124     0.000506676928915
    -0.008224513832124    -0.014360536333745    -0.000292530061301
    -0.002594419390169     0.001497888733305     0.017585806660938
126 113
    -0.004863685783883     0.008224513832124    -0.000506676928915
     0.008224513832124    -0.014360536333745    -0.000292530061301
     0.002594419390169     0.001497888733305     0.017585806660938
126 114
    -0.004380612755663     0.012800556518386    -0.011699011168772
     0.023909614594376    -0.023593106937869     0.007017659099747
     0.004061006522291     0.008922115753506     0.024989967346024
126 115
     0.024129771902643    -0.000000000000000     0.000000000000000
    -0.000000000000000    -0.029964241156302     0.016196712236005
     0.000000000000000     0.010855562450087     0.035476718326040
126 116
    -0.002894013011854    -0.023051325832111    -0.000227965471094
    -0.011942267756120    -0.025079706681677    -0.013640470421188
    -0.009757282159187    -0.000944123063515     0.024989967346024
126 117
     0.019437420588272     0.000000000000000     0.000000000000000
    -0.000000000000000    -0.028002675603451    -0.015849846681575
     0.000000000000000    -0.013589593692720     0.030710729288074
126 118
    -0.002894013011854     0.023051325832111     0.000227965471094
     0.011942267756120    -0.025079706681677    -0.013640470421188
     0.009757282159187    -0.000944123063515     0.024989967346024
126 119
    -0.003399097625406     0.008668057375497    -0.000783311082853
     0.008668057375497    -0.013408108143595    -0.000452244864545
     0.000313872959936     0.000181214637911     0.017729174932524
126 120
    -0.003399097625406    -0.008668057375497     0.000783311082853
    -0.008668057375497    -0.013408108143595    -0.000452244864545
    -0.000313872959936     0.000181214637911     0.017729174932524
126 121
     0.030219684491849    -0.111791875448928    -0.109713481374653
     0.006489758355013    -0.031363458270407    -0.064830153775320
     0.000562796947285    -0.125328935112833    -0.073275703728361
126 122
     0.030219684491849     0.111791875448928     0.109713481374653
    -0.006489758355013    -0.031363458270407    -0.064830153775320
    -0.000562796947285    -0.125328935112833    -0.073275703728361
126 123
    -0.016440737891566     0.023423394750847     0.014026764254167
     0.023423394750847     0.010606268637907    -0.008098356118003
     0.009401192854144    -0.005427781225044     0.035476718326040
126 124
    -0.018412613402690     0.000000000000000     0.000000000000000
     0.000000000000000     0.001605407633688     0.000904489729089
     0.000000000000000    -0.000362429275821     0.017729174932524
126 125
    -0.016440737891566    -0.023423394750847    -0.014026764254167
    -0.023423394750847     0.010606268637907    -0.008098356118003
    -0.009401192854144    -0.005427781225044     0.035476718326040
126 126
     8.265719890807604     0.000000000000001     0.000000000000000
     0.000000000000001     8.265719890807606     0.000000000000000
     0.000000000000000     0.000000000000000     6.357530330591681
126 127
    -0.701576501444726     0.123955005728662     0.238783374132505
    -0.123955005728662     0.123209389171370     0.063459749775203
    -0.238783374132505     0.063459749775203     0.149002625498044
126 128
    -0.146354673986036     0.015813301035381     0.036809698602824
    -0.015813301035381     0.017168918449081     0.011637094773270
    -0.036809698602824     0.011637094773270     0.041037119349718
126 129
    -0.146354673986036    -0.015813301035381    -0.036809698602824
     0.015813301035381     0.017168918449081     0.011637094773270
     0.036809698602824     0.011637094773270     0.041037119349718
126 130
    -0.701576501444726    -0.123955005728662    -0.238783374132505
     0.123955005728662     0.123209389171370     0.063459749775203
     0.238783374132505     0.063459749775203     0.149002625498044
126 131
    -0.082987083482654    -0.481097772706918     0.174349442489382
    -0.233187761249595    -0.495380028790702     0.175062593112512
    -0.064433931643123    -0.238522342887715     0.149002625498044
126 132
    -0.028214731519740    -0.031050169225555     0.015631111327616
    -0.031050169225555     0.007638915601776     0.009024626332732
    -0.006217599317430    -0.003589732639631     0.032964577392081
126 133
    -0.029682193612784    -0.000000000000000     0.000000000000000
     0.000000000000000    -0.003771473798543     0.003871942645566
     0.000000000000000    -0.003020855044802     0.017251667761409
126 134
    -0.028214731519740     0.031050169225555    -0.015631111327616
     0.031050169225555     0.007638915601776     0.009024626332732
     0.006217599317430    -0.003589732639631     0.032964577392081
126 135
    -0.082987083482654     0.481097772706918    -0.174349442489382
     0.233187761249594    -0.495380028790703     0.175062593112512
     0.064433931643123    -0.238522342887715     0.149002625498044
126 136
    -0.023711979659698    -0.086621093618833     0.028482869001311
    -0.054994491548072    -0.105473775877257     0.026059586709059
    -0.008326829601513    -0.037696681482329     0.041037119349718
126 137
    -0.010249153752104    -0.011219670794737     0.003353200693057
    -0.011219670794737    -0.023204513659224    -0.001935971322783
    -0.002616137209949     0.001510427522401     0.017251667761409
126 138
    -0.010249153752104     0.011219670794737    -0.003353200693057
     0.011219670794737    -0.023204513659224    -0.001935971322783
     0.002616137209949     0.001510427522401     0.017251667761409
126 139
    -0.023711979659698     0.086621093618833    -0.028482869001311
     0.054994491548072    -0.105473775877257     0.026059586709059
     0.008326829601513    -0.037696681482329     0.041037119349718
126 140
     0.025565739162534    -0.000000000000000     0.000000000000000
    -0.000000000000000    -0.046141555080498     0.007179465279263
     0.000000000000000    -0.018049252665464     0.032964577392081
126 141
    -0.023711979659698    -0.054994491548072    -0.008326829601513
    -0.086621093618833    -0.105473775877257    -0.037696681482329
     0.028482869001311     0.026059586709059     0.041037119349718
126 142
     0.025565739162534    -0.000000000000000     0.000000000000000
    -0.000000000000000    -0.046141555080498    -0.018049252665464
     0.000000000000000     0.007179465279263     0.032964577392081
126 143
    -0.023711979659698     0.054994491548072     0.008326829601513
     0.086621093618833    -0.105473775877257    -0.037696681482329
    -0.028482869001311     0.026059586709059     0.041037119349718
126 144
    -0.010249153752104     0.011219670794737     0.002616137209949
     0.011219670794737    -0.023204513659224     0.001510427522401
    -0.003353200693057    -0.001935971322783     0.017251667761409
126 145
    -0.010249153752104    -0.011219670794737    -0.002616137209949
    -0.011219670794737    -0.023204513659224     0.001510427522401
     0.003353200693057    -0.001935971322783     0.017251667761409
126 146
    -0.082987083482654    -0.233187761249595    -0.064433931643123
    -0.481097772706918    -0.495380028790702    -0.238522342887715
     0.174349442489382     0.175062593112512     0.149002625498044
126 147
    -0.082987083482654     0.233187761249594     0.064433931643123
     0.481097772706918    -0.495380028790703    -0.238522342887715
    -0.174349442489382     0.175062593112512     0.149002625498044
126 148
    -0.028214731519740     0.031050169225555     0.006217599317430
     0.031050169225555     0.007638915601776    -0.003589732639631
    -0.015631111327616     0.009024626332732     0.032964577392081
126 149
    -0.029682193612784     0.000000000000000     0.000000000000000
    -0.000000000000000    -0.003771473798543    -0.003020855044802
     0.000000000000000     0.003871942645566     0.017251667761409
126 150
    -0.028214731519740    -0.031050169225555    -0.006217599317430
    -0.031050169225555     0.007638915601776    -0.003589732639631
     0.015631111327616     0.009024626332732     0.032964577392081