   6   96
1 1
    20.710966396102258     0.000000000000000     0.000000000000000
     0.000000000000000    20.710966396102258     0.000000000000000
     0.000000000000000     0.000000000000000    25.299091073464361
1 2
    -0.228914587733465    -0.903268848942116     0.015423513373317
     0.903268848942115    -0.362385456724330     0.018232317317428
    -0.015423513373317     0.018232317317428     0.562586241143872
1 3
    -0.248411266400979     0.000000000000000     0.000000000000000
     0.000000000000000     0.075574625406139     0.007893440404845
     0.000000000000000     0.007893440404845    -0.109584926999272
1 4
    -0.228914587733465     0.903268848942115    -0.015423513373317
    -0.903268848942116    -0.362385456724330     0.018232317317428
     0.015423513373317     0.018232317317428     0.562586241143872
1 5
    -0.329017739476614     0.961063430547752     0.023501406653410
    -0.845474267336479    -0.262282304981181     0.004240995738187
     0.008077893280094    -0.022473313055615     0.562586241143871
1 6
    -0.062548974531280     0.062105061692376     0.003406124887431
     0.062105061692376    -0.134261722703544     0.001966527120651
     0.002186029710162     0.001262104841618    -0.009223738346651
1 7
    -0.062548974531280    -0.062105061692376    -0.003406124887431
    -0.062105061692376    -0.134261722703544     0.001966527120651
    -0.002186029710162     0.001262104841618    -0.009223738346651
1 8
    -0.329017739476614    -0.961063430547752    -0.023501406653410
     0.845474267336479    -0.262282304981181     0.004240995738187
    -0.008077893280094    -0.022473313055615     0.562586241143872
1 9
    -0.005421847545641    -0.140290006386360     0.006835919913855
    -0.140290006386360    -0.167414793449200    -0.003946720202423
     0.006835919913855    -0.003946720202423    -0.109584926999272
1 10
    -0.170118096789675     0.000000000000000     0.000000000000000
     0.000000000000000    -0.026692600445149    -0.003933054241303
     0.000000000000000    -0.002524209683237    -0.009223738346651
1 11
    -0.005421847545641     0.140290006386360    -0.006835919913855
     0.140290006386360    -0.167414793449200    -0.003946720202423
    -0.006835919913855    -0.003946720202423    -0.109584926999272
1 12
    -0.170118096789675     0.000000000000000     0.000000000000000
     0.000000000000000    -0.026692600445149    -0.002524209683237
     0.000000000000000    -0.003933054241303    -0.009223738346651
1 13
    -0.329017739476614    -0.845474267336479     0.008077893280094
     0.961063430547752    -0.262282304981181    -0.022473313055615
     0.023501406653410     0.004240995738187     0.562586241143871
1 14
    -0.329017739476614     0.845474267336479    -0.008077893280094
    -0.961063430547752    -0.262282304981181    -0.022473313055615
    -0.023501406653410     0.004240995738187     0.562586241143872
1 15
    -0.062548974531280    -0.062105061692376    -0.002186029710162
    -0.062105061692376    -0.134261722703544     0.001262104841618
    -0.003406124887431     0.001966527120651    -0.009223738346651
1 16
    -0.062548974531280     0.062105061692376     0.002186029710162
     0.062105061692376    -0.134261722703544     0.001262104841618
     0.003406124887431     0.001966527120651    -0.009223738346651
1 17
    -0.006076191409174    -0.009149953145028    -0.020487277819698
    -0.009149953145028     0.004489264413534    -0.011828335364165
    -0.018924464805023    -0.010926044849450     0.005173008950689
1 18
    -0.003526434206492     0.002835174834056     0.006722640425086
     0.002149108500124    -0.002445803486217     0.004446261988058
     0.005749756031894    -0.009808526446281    -0.011500572918214
1 19
    -0.003526434206492    -0.002835174834056    -0.006722640425086
    -0.002149108500124    -0.002445803486217     0.004446261988058
    -0.005749756031894    -0.009808526446281    -0.011500572918214
1 20
    -0.006076191409174     0.009149953145028     0.020487277819698
     0.009149953145028     0.004489264413534    -0.011828335364165
     0.018924464805023    -0.010926044849450     0.005173008950689
1 21
    -0.000557703172756     0.000435110838645     0.007211896046083
     0.001121177172577    -0.005414534519953     0.003598846394604
    -0.005619555060224     0.009883698012324    -0.011500572918214
1 22
    -0.002674195187064     0.000000000000000     0.000000000000000
     0.000000000000000    -0.002674195187064     0.000000000000000
     0.000000000000000     0.000000000000000    -0.020446299447507
1 23
    -0.000557703172756    -0.000435110838645    -0.007211896046083
    -0.001121177172577    -0.005414534519953     0.003598846394604
     0.005619555060224     0.009883698012324    -0.011500572918214
1 24
    -0.005567873657935     0.000000000000000     0.000000000000000
     0.000000000000000    -0.009734052658882     0.007566476149648
     0.000000000000000    -0.005766687698974     0.021857994295209
1 25
    -0.004874219159815    -0.001370964494513     0.000489255620997
    -0.002057030828445    -0.001098018532894    -0.008045108382662
    -0.011369311092118    -0.000075171566043    -0.011500572918214
1 26
    -0.004874219159815     0.001370964494513    -0.000489255620997
     0.002057030828445    -0.001098018532894    -0.008045108382662
     0.011369311092118    -0.000075171566043    -0.011500572918214
1 27
    -0.003611112564341    -0.003626775637093     0.008475564989463
    -0.003626775637093     0.000576727216392     0.004893369728201
    -0.000449239233644    -0.000259368392475    -0.007199662062193
1 28
    -0.003611112564341     0.003626775637093    -0.008475564989463
     0.003626775637093     0.000576727216392     0.004893369728201
     0.000449239233644    -0.000259368392475    -0.007199662062193
1 29
     0.009771992324889     0.000000000000000     0.000000000000000
     0.000000000000000    -0.011358919320529     0.023656670728331
     0.000000000000000     0.021852089698899     0.005173008950689
1 30
    -0.008692507908645     0.001804008425767     0.006552760562725
     0.001804008425767    -0.006609418408172    -0.003783238074824
    -0.004994098043003     0.002883343849487     0.021857994295209
1 31
     0.002670647106758     0.000000000000000     0.000000000000000
     0.000000000000000    -0.005705032454707    -0.009786739456401
     0.000000000000000     0.000518736784950    -0.007199662062193
1 32
    -0.008692507908645    -0.001804008425767    -0.006552760562725
    -0.001804008425767    -0.006609418408172    -0.003783238074824
     0.004994098043003     0.002883343849487     0.021857994295209
1 33
    -3.947142638061849    -1.640165132487542     3.152468046418571
    -1.640165132487539    -2.053243076547616     1.820078275211455
     2.992030945710472     1.727449871929631    -4.348879175032845
1 34
    -0.045289553066327     0.113440217525618    -0.044445445200291
    -0.029486201123658    -0.026699950538399    -0.026580874375676
     0.038357666672124    -0.019029114386966    -0.061985391217632
1 35
    -0.045289553066327    -0.113440217525618     0.044445445200291
     0.029486201123658    -0.026699950538399    -0.026580874375676
    -0.038357666672124    -0.019029114386966    -0.061985391217632
1 36
    -3.947142638061853     1.640165132487539    -3.152468046418571
     1.640165132487538    -2.053243076547616     1.820078275211455
    -2.992030945710472     1.727449871929631    -4.348879175032840
1 37
     0.005005804306536    -0.058524239241868    -0.045242435064284
     0.084402179407408    -0.076995307911262    -0.025200447438124
     0.002699136865430     0.042733270961438    -0.061985391217632
1 38
     0.026734067782344     0.000000000000000     0.000000000000000
     0.000000000000000     0.026734067782344     0.000000000000000
     0.000000000000000     0.000000000000000    -0.015515927990921
1 39
     0.005005804306536     0.058524239241868     0.045242435064284
    -0.084402179407408    -0.076995307911262    -0.025200447438124
    -0.002699136865430     0.042733270961438    -0.061985391217632
1 40
     0.359749440616916     0.000000000000000     0.000000000000000
     0.000000000000000    -0.250720778902136     0.129448164416794
     0.000000000000000     0.170271047303328    -0.238606222716962
1 41
    -0.067700506647298     0.042425171206427    -0.000796989863992
    -0.100501247442849    -0.004288996957428     0.051781321813799
    -0.035658529806694    -0.023704156574472    -0.061985391217632
1 42
    -0.067700506647298    -0.042425171206427     0.000796989863993
     0.100501247442849    -0.004288996957428     0.051781321813799
     0.035658529806694    -0.023704156574472    -0.061985391217632
1 43
     0.010701836878142    -0.004771581406751    -0.006485198531532
    -0.004771581406751     0.016211584497437    -0.003744231117928
    -0.002353987927241    -0.001359075563462     0.007946322967076
1 44
     0.010701836878142     0.004771581406751     0.006485198531532
     0.004771581406751     0.016211584497437    -0.003744231117928
     0.002353987927241    -0.001359075563462     0.007946322967076
1 45
    -1.106293295790497     0.000000000000000     0.000000000000000
     0.000000000000000    -4.894092418818971    -3.640156550422911
     0.000000000000000    -3.454899743859263    -4.348879175032842
1 46
    -0.098103224022373     0.264341359178681     0.112105398858208
     0.264341359178681     0.207131885737153    -0.064724082208397
     0.147459052493664    -0.085135523651664    -0.238606222716962
1 47
     0.018966458307085     0.000000000000000     0.000000000000000
     0.000000000000000     0.007946963068494     0.007488462235857
     0.000000000000000     0.002718151126924     0.007946322967076
1 48
    -0.098103224022373    -0.264341359178681    -0.112105398858208
    -0.264341359178681     0.207131885737153    -0.064724082208397
    -0.147459052493664    -0.085135523651664    -0.238606222716962
1 49
    -3.948445674022287    -1.642355909743434    -3.174325451177298
    -1.642355909743431    -2.052016420831205    -1.832697653732692
    -2.957678217170969    -1.707616314859951    -4.338520974251623
1 50
    -0.039870357767359     0.094592354981097     0.037794582969453
    -0.028024752627857    -0.022966171268965     0.018467249125457
    -0.034253888006125     0.009609196312479    -0.068285517655920
1 51
    -0.039870357767359    -0.094592354981098    -0.037794582969453
     0.028024752627857    -0.022966171268965     0.018467249125457
     0.034253888006125     0.009609196312479    -0.068285517655920
1 52
    -3.948445674022290     1.642355909743431     3.174325451177298
     1.642355909743431    -2.052016420831205    -1.832697653732693
     2.957678217170969    -1.707616314859951    -4.338520974251618
1 53
     0.001632399459900    -0.051986380685127     0.034890398365388
     0.070630726923828    -0.064468928496223     0.023497444414256
    -0.008805135886504    -0.034469335347931    -0.068285517655920
1 54
     0.022278930175787     0.000000000000000     0.000000000000000
     0.000000000000000     0.022278930175787     0.000000000000000
     0.000000000000000     0.000000000000000    -0.014920002611400
1 55
     0.001632399459900     0.051986380685127    -0.034890398365388
    -0.070630726923828    -0.064468928496223     0.023497444414256
     0.008805135886504    -0.034469335347931    -0.068285517655920
1 56
     0.362759135994575     0.000000000000000     0.000000000000000
     0.000000000000000    -0.257869921942842    -0.121522345027095
     0.000000000000000    -0.174285956521510    -0.229160199954545
1 57
    -0.056016835247026     0.037346925747208    -0.002904184604065
    -0.085270181861747    -0.006819693789297    -0.041964693539713
     0.025448752119621     0.024860139035452    -0.068285517655920
1 58
    -0.056016835247027    -0.037346925747208     0.002904184604065
     0.085270181861747    -0.006819693789297    -0.041964693539713
    -0.025448752119621     0.024860139035452    -0.068285517655920
1 59
     0.006460862651999    -0.004842664838561     0.009540984254655
    -0.004842664838561     0.012052690348276     0.005508489827759
     0.006948105739551     0.004011490719088     0.004948853131211
1 60
     0.006460862651999     0.004842664838561    -0.009540984254655
     0.004842664838561     0.012052690348276     0.005508489827759
    -0.006948105739551     0.004011490719088     0.004948853131211
1 61
    -1.103801794235662     0.000000000000000     0.000000000000000
     0.000000000000000    -4.896660300617834     3.665395307465387
     0.000000000000000     3.415232629719903    -4.338520974251621
1 62
    -0.102712657458488     0.268740265250303    -0.105241437920922
     0.268740265250303     0.207601871510221     0.060761172513548
    -0.150936065870498     0.087142978260755    -0.229160199954544
1 63
     0.014848604196414     0.000000000000000     0.000000000000000
     0.000000000000000     0.003664948803861    -0.011016979655518
     0.000000000000000    -0.008022981438176     0.004948853131211
1 64
    -0.102712657458488    -0.268740265250303     0.105241437920922
    -0.268740265250303     0.207601871510221     0.060761172513548
     0.150936065870498     0.087142978260755    -0.229160199954545
1 65
    -0.012549734044144    -0.004309335297972    -0.025417449790602
    -0.004309335297972    -0.007573742255518    -0.014674771478718
    -0.020523462872581    -0.011849226814188    -0.048731129633566
1 66
    -0.010860593371669     0.000000000000000     0.000000000000000
     0.000000000000000    -0.004476387635551     0.005284319370653
     0.000000000000000    -0.004783540950478     0.012317977259681
1 67
    -0.012549734044144     0.004309335297972     0.025417449790602
     0.004309335297972    -0.007573742255518    -0.014674771478718
     0.020523462872581    -0.011849226814188    -0.048731129633566
1 68
    -0.009153176781848     0.000000000000000     0.000000000000000
     0.000000000000000     0.004458208473157     0.015799634472669
     0.000000000000000     0.038938548369785     0.047945335968251
1 69
    -0.006072439069580    -0.002764442175232     0.004576354816696
    -0.002764442175232    -0.009264541937640    -0.002642159685327
    -0.004142667983157     0.002391770475239     0.012317977259681
1 70
    -0.006072439069580     0.002764442175232    -0.004576354816696
     0.002764442175232    -0.009264541937640    -0.002642159685327
     0.004142667983157     0.002391770475239     0.012317977259681
1 71
    -0.000313209569059     0.001752510095548     0.005988854132378
    -0.000611661836473    -0.002454777080137     0.003194517928446
     0.002636972637712    -0.001902690895153    -0.000994030049453
1 72
    -0.000313209569059    -0.001752510095548    -0.005988854132378
     0.000611661836473    -0.002454777080137     0.003194517928446
    -0.002636972637712    -0.001902690895153    -0.000994030049453
1 73
    -0.005085746361206     0.000000000000000     0.000000000000000
     0.000000000000000    -0.015037729938456     0.029349542957436
     0.000000000000000     0.023698453628376    -0.048731129633566
1 74
    -0.001425383415256     0.000030452033015     0.005760960745068
     0.002394623965036    -0.001342603233940     0.003589240853976
    -0.000329292331896     0.003235030740920    -0.000994030049453
1 75
    -0.002165798603460     0.000000000000000     0.000000000000000
     0.000000000000000    -0.002165798603460     0.000000000000000
     0.000000000000000     0.000000000000000     0.004800786127511
1 76
    -0.001425383415256    -0.000030452033015    -0.005760960745068
    -0.002394623965036    -0.001342603233940     0.003589240853976
     0.000329292331896     0.003235030740920    -0.000994030049453
1 77
     0.001055362159406    -0.005893902705766     0.013682884823839
    -0.005893902705766    -0.005750330468097    -0.007899817236334
     0.033721772074723    -0.019469274184893     0.047945335968251
1 78
    -0.002413386989479     0.001824199835498    -0.000227893387310
    -0.000539972096523    -0.000354599659718    -0.006783758782422
    -0.002966264969608    -0.001332339845767    -0.000994030049453
1 79
    -0.002413386989479    -0.001824199835498     0.000227893387310
     0.000539972096523    -0.000354599659718    -0.006783758782422
     0.002966264969608    -0.001332339845767    -0.000994030049453
1 80
     0.001055362159406     0.005893902705766    -0.013682884823839
     0.005893902705766    -0.005750330468097    -0.007899817236334
    -0.033721772074723    -0.019469274184893     0.047945335968251
1 81
    -0.000413150357021    -0.000450157723309     0.000618586734076
    -0.000450157723309     0.000106647008440     0.000357141217436
    -0.000754815145044    -0.000435792727179    -0.008725946001673
1 82
     0.000160534271122     0.000000000000000     0.000000000000000
     0.000000000000000     0.000344370653149     0.000042541900994
     0.000000000000000     0.000400602330740    -0.002687105449589
1 83
    -0.000413150357021     0.000450157723309    -0.000618586734076
     0.000450157723309     0.000106647008440     0.000357141217436
     0.000754815145044    -0.000435792727179    -0.008725946001673
1 84
     0.001033943229030     0.000000000000000     0.000000000000000
     0.000000000000000    -0.001549851980374     0.003987854303202
     0.000000000000000    -0.000395446999517     0.001374932601429
1 85
     0.000298411557642    -0.000079603488487     0.000036842366986
    -0.000079603488487     0.000206493366629    -0.000021270950497
     0.000346931795236    -0.000200301165370    -0.002687105449589
1 86
     0.000298411557642     0.000079603488487    -0.000036842366986
     0.000079603488487     0.000206493366629    -0.000021270950497
    -0.000346931795236    -0.000200301165370    -0.002687105449589
1 87
     0.000113688230318     0.000436425328989     0.001285709097490
     0.000301592353828     0.000452531801094    -0.000286925759871
    -0.002155946879115    -0.000757984842560    -0.003687860465374
1 88
     0.000113688230318    -0.000436425328989    -0.001285709097490
    -0.000301592353828     0.000452531801094    -0.000286925759871
     0.002155946879115    -0.000757984842560    -0.003687860465374
1 89
     0.000366545691171     0.000000000000000     0.000000000000000
     0.000000000000000    -0.000673049039751    -0.000714282434872
     0.000000000000000     0.000871585454359    -0.008725946001673
1 90
     0.000687391939281    -0.000029635636977     0.000394369551696
     0.000105197338184    -0.000121171907868     0.001256919620239
    -0.001734407568899    -0.001488112345244    -0.003687860465374
1 91
     0.000296593313219     0.000000000000000     0.000000000000000
     0.000000000000000     0.000296593313219     0.000000000000000
     0.000000000000000     0.000000000000000    -0.002871661699679
1 92
     0.000687391939281     0.000029635636977    -0.000394369551696
    -0.000105197338184    -0.000121171907868     0.001256919620239
     0.001734407568899    -0.001488112345244    -0.003687860465374
1 93
    -0.000903903178023     0.001118816144760     0.003453583133164
     0.001118816144760     0.000387994426679    -0.001993927151601
    -0.000342467147432     0.000197723499758     0.001374932601429
1 94
     0.000048249877520    -0.000263811503224    -0.000891339545794
    -0.000398644478385     0.000517970153893    -0.000969993860368
     0.000421539310217     0.002246097187804    -0.003687860465374
1 95
     0.000048249877520     0.000263811503224     0.000891339545794
     0.000398644478385     0.000517970153893    -0.000969993860368
    -0.000421539310217     0.002246097187804    -0.003687860465374
1 96
    -0.000903903178023    -0.001118816144760    -0.003453583133164
    -0.001118816144760     0.000387994426679    -0.001993927151601
     0.000342467147432     0.000197723499758     0.001374932601429
17 1
    -0.006076191409174    -0.009149953145028    -0.018924464805023
    -0.009149953145028     0.004489264413534    -0.010926044849450
    -0.020487277819698    -0.011828335364165     0.005173008950689
17 2
    -0.006076191409174     0.009149953145028     0.018924464805023
     0.009149953145028     0.004489264413534    -0.010926044849450
     0.020487277819698    -0.011828335364165     0.005173008950689
17 3
    -0.003526434206492    -0.002149108500124    -0.005749756031894
    -0.002835174834056    -0.002445803486217    -0.009808526446281
    -0.006722640425086     0.004446261988058    -0.011500572918214
17 4
    -0.003526434206492     0.002149108500124     0.005749756031894
     0.002835174834056    -0.002445803486217    -0.009808526446281
     0.006722640425086     0.004446261988058    -0.011500572918214
17 5
     0.009771992324889     0.000000000000000     0.000000000000000
     0.000000000000000    -0.011358919320529     0.021852089698899
     0.000000000000000     0.023656670728331     0.005173008950689
17 6
    -0.008692507908645    -0.001804008425767     0.004994098043003
    -0.001804008425767    -0.006609418408172     0.002883343849487
    -0.006552760562725    -0.003783238074824     0.021857994295209
17 7
     0.002670647106758     0.000000000000000     0.000000000000000
     0.000000000000000    -0.005705032454707     0.000518736784950
     0.000000000000000    -0.009786739456401    -0.007199662062193
17 8
    -0.008692507908645     0.001804008425767    -0.004994098043003
     0.001804008425767    -0.006609418408172     0.002883343849487
     0.006552760562725    -0.003783238074824     0.021857994295209
17 9
    -0.004874219159815    -0.002057030828445    -0.011369311092118
    -0.001370964494513    -0.001098018532894    -0.000075171566043
     0.000489255620997    -0.008045108382662    -0.011500572918214
17 10
    -0.003611112564341     0.003626775637093     0.000449239233644
     0.003626775637093     0.000576727216392    -0.000259368392475
    -0.008475564989463     0.004893369728201    -0.007199662062193
17 11
    -0.003611112564341    -0.003626775637093    -0.000449239233644
    -0.003626775637093     0.000576727216392    -0.000259368392475
     0.008475564989463     0.004893369728201    -0.007199662062193
17 12
    -0.004874219159815     0.002057030828445     0.011369311092118
     0.001370964494513    -0.001098018532894    -0.000075171566043
    -0.000489255620997    -0.008045108382662    -0.011500572918214
17 13
    -0.000557703172756     0.001121177172577    -0.005619555060224
     0.000435110838645    -0.005414534519953     0.009883698012324
     0.007211896046083     0.003598846394604    -0.011500572918214
17 14
    -0.005567873657935     0.000000000000000     0.000000000000000
     0.000000000000000    -0.009734052658882    -0.005766687698974
     0.000000000000000     0.007566476149648     0.021857994295209
17 15
    -0.000557703172756    -0.001121177172577     0.005619555060224
    -0.000435110838645    -0.005414534519953     0.009883698012324
    -0.007211896046083     0.003598846394604    -0.011500572918214
17 16
    -0.002674195187064     0.000000000000000     0.000000000000000
     0.000000000000000    -0.002674195187064     0.000000000000000
     0.000000000000000     0.000000000000000    -0.020446299447507
17 17
    20.445903532452192     0.000000000000000     0.000000000000000
     0.000000000000000    20.445903532452192     0.000000000000000
     0.000000000000000     0.000000000000000    25.287159155536699
17 18
    -0.211196115219215    -0.897274882928018    -0.022150134118631
     0.897274882928018    -0.352835560683618     0.000419891626112
     0.022150134118631     0.000419891626112     0.539512527356445
17 19
    -0.243023180548220     0.000000000000000     0.000000000000000
     0.000000000000000     0.077047372375517    -0.005150879137995
     0.000000000000000    -0.005150879137995    -0.102820946684967
17 20
    -0.211196115219215     0.897274882928018     0.022150134118631
    -0.897274882928018    -0.352835560683618     0.000419891626112
    -0.022150134118631     0.000419891626112     0.539512527356445
17 21
    -0.317425699317517     0.958606561903074    -0.010711430244266
    -0.835943203952961    -0.246605976585316    -0.019392524657023
     0.011438703874365     0.018972633030911     0.539512527356444
17 22
    -0.060230731272475     0.058457066711506     0.002456782207785
     0.058457066711506    -0.127731137676323     0.001418423869005
    -0.004136734319050    -0.002388344672670    -0.003679529801309
17 23
    -0.060230731272475    -0.058457066711506    -0.002456782207785
    -0.058457066711506    -0.127731137676323     0.001418423869005
     0.004136734319050    -0.002388344672670    -0.003679529801309
17 24
    -0.317425699317517    -0.958606561903074     0.010711430244266
     0.835943203952961    -0.246605976585316    -0.019392524657023
    -0.011438703874365     0.018972633030911     0.539512527356444
17 25
    -0.002970265855418    -0.138594614917644    -0.004460792185327
    -0.138594614917644    -0.163005542317286     0.002575439568997
    -0.004460792185327     0.002575439568997    -0.102820946684967
17 26
    -0.161481340878247     0.000000000000000     0.000000000000000
     0.000000000000000    -0.026480528070551    -0.002836847738010
     0.000000000000000     0.004776689345339    -0.003679529801309
17 27
    -0.002970265855418     0.138594614917644     0.004460792185327
     0.138594614917644    -0.163005542317286     0.002575439568997
     0.004460792185327     0.002575439568997    -0.102820946684967
17 28
    -0.161481340878247     0.000000000000000     0.000000000000000
     0.000000000000000    -0.026480528070551     0.004776689345339
     0.000000000000000    -0.002836847738010    -0.003679529801309
17 29
    -0.317425699317517    -0.835943203952961     0.011438703874365
     0.958606561903074    -0.246605976585316     0.018972633030911
    -0.010711430244266    -0.019392524657023     0.539512527356444
17 30
    -0.317425699317517     0.835943203952961    -0.011438703874365
    -0.958606561903074    -0.246605976585316     0.018972633030911
     0.010711430244266    -0.019392524657023     0.539512527356444
17 31
    -0.060230731272475    -0.058457066711506     0.004136734319050
    -0.058457066711506    -0.127731137676323    -0.002388344672670
    -0.002456782207785     0.001418423869005    -0.003679529801309
17 32
    -0.060230731272475     0.058457066711506    -0.004136734319050
     0.058457066711506    -0.127731137676323    -0.002388344672670
     0.002456782207785     0.001418423869005    -0.003679529801309
17 33
     0.006326574420199     0.000000000000000     0.000000000000000
     0.000000000000000     0.006326574420199     0.000000000000000
     0.000000000000000     0.000000000000000     0.013588301936448
17 34
     0.003787250265859    -0.000730347266271    -0.001459660639506
     0.000788218532159     0.005658078976729    -0.001198687624274
     0.000840079190228    -0.000122956951704    -0.000122576943029
17 35
     0.005865680194298     0.000000000000000     0.000000000000000
     0.000000000000000     0.008454877996999    -0.000914859893064
     0.000000000000000     0.002195794562100     0.006239562145825
17 36
     0.003787250265859     0.000730347266271     0.001459660639506
    -0.000788218532159     0.005658078976729    -0.001198687624274
    -0.000840079190228    -0.000122956951704    -0.000122576943029
17 37
     0.005215430792216    -0.000036341879184    -0.001767924253576
    -0.001554907677614     0.004229898450372    -0.000664759382580
     0.000313555751367     0.000789008395780    -0.000122576943029
17 38
     0.006065448938508     0.000809342113159     0.000020609433634
     0.000809342113159     0.005130901164711     0.000011898862056
     0.000120565079714     0.000069608281228     0.003183130589272
17 39
     0.006065448938508    -0.000809342113159    -0.000020609433634
    -0.000809342113159     0.005130901164711     0.000011898862056
    -0.000120565079714     0.000069608281228     0.003183130589272
17 40
     0.005215430792216     0.000036341879184     0.001767924253576
     0.001554907677614     0.004229898450372    -0.000664759382580
    -0.000313555751367     0.000789008395780    -0.000122576943029
17 41
     0.007807578546324    -0.001121155536281    -0.000792291908297
    -0.001121155536281     0.006512979644973     0.000457429946532
     0.001901613872270    -0.001097897281050     0.006239562145825
17 42
     0.004663627277812     0.000000000000000     0.000000000000000
     0.000000000000000     0.006532722825407    -0.000023797724113
     0.000000000000000    -0.000139216562456     0.003183130589272
17 43
     0.007807578546324     0.001121155536281     0.000792291908297
     0.001121155536281     0.006512979644973     0.000457429946532
    -0.001901613872270    -0.001097897281050     0.006239562145825
17 44
     0.003372544810447     0.000000000000000     0.000000000000000
     0.000000000000000     0.004598660787533     0.001232041738508
     0.000000000000000     0.000896330346048     0.006222356901914
17 45
     0.005165312805807    -0.001583843310559    -0.000308263614070
    -0.000065277512129     0.004280016436781     0.001863447006853
    -0.000526523438862    -0.000666051444077    -0.000122576943029
17 46
     0.005165312805807     0.001583843310559     0.000308263614070
     0.000065277512129     0.004280016436781     0.001863447006853
     0.000526523438862    -0.000666051444077    -0.000122576943029
17 47
     0.004292131793262    -0.000530923792071     0.001066979444071
    -0.000530923792071     0.003679073804719    -0.000616020869254
     0.000776244849860    -0.000448165173024     0.006222356901914
17 48
     0.004292131793262     0.000530923792071    -0.001066979444071
     0.000530923792071     0.003679073804719    -0.000616020869254
    -0.000776244849860    -0.000448165173024     0.006222356901914
17 49
    -0.022627639446932     0.000000000000000     0.000000000000000
     0.000000000000000    -0.022627639446932     0.000000000000000
     0.000000000000000     0.000000000000000     0.046161073400576
17 50
     0.005111080728095     0.015196118648774     0.002931365884086
     0.012222712580953     0.000574442301054     0.016415124003360
     0.010273971931974    -0.029125198550893    -0.027299866441552
17 51
     0.001487665978213     0.000000000000000     0.000000000000000
     0.000000000000000     0.000382309831009     0.002158527424467
     0.000000000000000     0.001039251135709     0.002567386669346
17 52
     0.005111080728095    -0.015196118648774    -0.002931365884086
    -0.012222712580953     0.000574442301054     0.016415124003360
    -0.010273971931974    -0.029125198550893    -0.027299866441552
17 53
     0.013581304101325     0.007332426836322     0.015681597335224
     0.010305832904143    -0.007895781072176    -0.005668924678275
    -0.020086175869352     0.023460119966304    -0.027299866441552
17 54
     0.000939604360376    -0.003708513021686     0.006344446847396
    -0.003708513021686     0.005221826343104     0.003662968095203
     0.006839336511894     0.003948692776220     0.006419360695847
17 55
     0.000939604360376     0.003708513021686    -0.006344446847396
     0.003708513021686     0.005221826343104     0.003662968095203
    -0.006839336511894     0.003948692776220     0.006419360695847
17 56
     0.013581304101325    -0.007332426836322    -0.015681597335224
    -0.010305832904143    -0.007895781072176    -0.005668924678275
     0.020086175869352     0.023460119966304    -0.027299866441552
17 57
     0.000658648867810     0.000478633251854     0.001869339584354
     0.000478633251854     0.001211326941412    -0.001079263712233
     0.000900017884436    -0.000519625567855     0.002567386669346
17 58
     0.007362937334467     0.000000000000000     0.000000000000000
     0.000000000000000    -0.001201506630987    -0.007325936190406
     0.000000000000000    -0.007897385552440     0.006419360695847
17 59
     0.000658648867810    -0.000478633251854    -0.001869339584354
    -0.000478633251854     0.001211326941412    -0.001079263712233
    -0.000900017884436    -0.000519625567855     0.002567386669346
17 60
     0.012277786458214     0.000000000000000     0.000000000000000
     0.000000000000000     0.009817738230228    -0.002233321588801
     0.000000000000000    -0.001125570559254     0.004989524902379
17 61
    -0.010164100285697    -0.003403582710720     0.012750231451139
    -0.006376988778542     0.015849623314846    -0.010746199325085
    -0.030360147801326     0.005665078584589    -0.027299866441552
17 62
    -0.010164100285697     0.003403582710720    -0.012750231451139
     0.006376988778542     0.015849623314846    -0.010746199325085
     0.030360147801326     0.005665078584589    -0.027299866441552
17 63
     0.010432750287225     0.001065232129985    -0.001934113230722
     0.001065232129985     0.011662774401218     0.001116660794401
    -0.000974772698066     0.000562785279627     0.004989524902379
17 64
     0.010432750287225    -0.001065232129985     0.001934113230722
    -0.001065232129985     0.011662774401218     0.001116660794401
     0.000974772698066     0.000562785279627     0.004989524902379
17 65
    -3.943201389542760    -1.648001073380420     3.141610620483569
    -1.648001073380417    -2.040253662860811     1.813809737425175
     2.955676193210008     1.706460445787165    -4.267520096701241
17 66
    -0.044780306313679     0.105205156762641    -0.041631935053301
    -0.030950838717265    -0.028881870024139    -0.025028815001268
     0.034506568564755    -0.008860614680200    -0.072037173606913
17 67
    -0.044780306313679    -0.105205156762641     0.041631935053301
     0.030950838717265    -0.028881870024139    -0.025028815001268
    -0.034506568564755    -0.008860614680200    -0.072037173606913
17 68
    -3.943201389542764     1.648001073380417    -3.141610620483569
     1.648001073380417    -2.040253662860811     1.813809737425175
    -2.955676193210008     1.706460445787166    -4.267520096701236
17 69
    -0.000703416212531    -0.056398643082204    -0.042491557144370
     0.079757352397702    -0.072958760125287    -0.023539905864229
     0.009579766876179     0.034313872314607    -0.072037173606913
17 70
     0.015350177125566     0.000000000000000     0.000000000000000
     0.000000000000000     0.015350177125566     0.000000000000000
     0.000000000000000     0.000000000000000    -0.020513569950598
17 71
    -0.000703416212531     0.056398643082204     0.042491557144370
    -0.079757352397702    -0.072958760125287    -0.023539905864229
    -0.009579766876179     0.034313872314607    -0.072037173606913
17 72
     0.353440165332513     0.000000000000000     0.000000000000000
     0.000000000000000    -0.249764287990125     0.153642396626929
     0.000000000000000     0.187664760600791    -0.215665549478386
17 73
    -0.065009541980516     0.042630193375013    -0.000859622091068
    -0.093525802104893    -0.008652634357301     0.048568720865497
    -0.024926801688576    -0.025453257634407    -0.072037173606913
17 74
    -0.065009541980517    -0.042630193375013     0.000859622091068
     0.093525802104893    -0.008652634357301     0.048568720865497
     0.024926801688576    -0.025453257634407    -0.072037173606913
17 75
     0.003758978345315    -0.006318442891133    -0.007866014985240
    -0.006318442891133     0.011054887753425    -0.004541445869178
    -0.004331822773120    -0.002500979044143     0.003312892013694
17 76
     0.003758978345315     0.006318442891133     0.007866014985240
     0.006318442891133     0.011054887753425    -0.004541445869178
     0.004331822773120    -0.002500979044143     0.003312892013694
17 77
    -1.088779799519835     0.000000000000000     0.000000000000000
     0.000000000000000    -4.894675252883740    -3.627619474850351
     0.000000000000000    -3.412920891574332    -4.267520096701237
17 78
    -0.098963174659465     0.261195190126655     0.133058218577245
     0.261195190126655     0.202639052001854    -0.076821198313464
     0.162522450075411    -0.093832380300396    -0.215665549478386
17 79
     0.014702842457480     0.000000000000000     0.000000000000000
     0.000000000000000     0.000111023641260     0.009082891738356
     0.000000000000000     0.005001958088286     0.003312892013694
17 80
    -0.098963174659465    -0.261195190126655    -0.133058218577245
    -0.261195190126655     0.202639052001854    -0.076821198313464
    -0.162522450075411    -0.093832380300396    -0.215665549478386
17 81
    -3.950707766473535    -1.636736764391157    -3.164886377556669
    -1.636736764391154    -2.060766943445958    -1.827248002036921
    -3.002751879941911    -1.733639606194117    -4.371163595129859
17 82
    -0.045369624293031     0.113235298264771     0.042441989106705
    -0.028125702010348    -0.026378987772830     0.023647930944608
    -0.038197331488290     0.016982666311991    -0.066188950527293
17 83
    -0.045369624293031    -0.113235298264771    -0.042441989106705
     0.028125702010348    -0.026378987772830     0.023647930944608
     0.038197331488290     0.016982666311991    -0.066188950527293
17 84
    -3.950707766473538     1.636736764391154     3.164886377556669
     1.636736764391154    -2.060766943445958    -1.827248002036922
     3.002751879941911    -1.733639606194117    -4.371163595129854
17 85
     0.005726889328203    -0.057626287904219     0.041700703498323
     0.083734712370900    -0.077475501394064     0.024931875281245
    -0.004391245293966    -0.041571192581630    -0.066188950527293
17 86
     0.026822274158829     0.000000000000000     0.000000000000000
     0.000000000000000     0.026822274158829     0.000000000000000
     0.000000000000000     0.000000000000000    -0.023368949604411
17 87
     0.005726889328203     0.057626287904219    -0.041700703498323
    -0.083734712370900    -0.077475501394064     0.024931875281245
     0.004391245293966    -0.041571192581630    -0.066188950527293
17 88
     0.355253625950021     0.000000000000000     0.000000000000000
     0.000000000000000    -0.249912156488870    -0.124987113562463
     0.000000000000000    -0.166445309841796    -0.240916354937170
17 89
    -0.067980183133964     0.041179914243689    -0.000741285608382
    -0.100181086031430    -0.003768428931897    -0.048579806225853
     0.033806086194324     0.024588526269638    -0.066188950527293
17 90
    -0.067980183133964    -0.041179914243689     0.000741285608382
     0.100181086031430    -0.003768428931897    -0.048579806225853
    -0.033806086194324     0.024588526269638    -0.066188950527293
17 91
     0.009609838097271    -0.003972599951807     0.006889199393623
    -0.003972599951807     0.014197001400389     0.003977481124409
     0.002077976456936     0.001199720266782     0.000426702969621
17 92
     0.009609838097271     0.003972599951807    -0.006889199393623
     0.003972599951807     0.014197001400389     0.003977481124409
    -0.002077976456936     0.001199720266782     0.000426702969621
17 93
    -1.115796531932169     0.000000000000000     0.000000000000000
     0.000000000000000    -4.895678177987329     3.654496004073844
     0.000000000000000     3.467279212388235    -4.371163595129856
17 94
    -0.098620710879147     0.262044470546583    -0.108242015490784
     0.262044470546583     0.203962180340298     0.062493556781232
    -0.144145866663767     0.083222654920898    -0.240916354937170
17 95
     0.016490583051947     0.000000000000000     0.000000000000000
     0.000000000000000     0.007316256445713    -0.007954962248818
     0.000000000000000    -0.002399440533564     0.000426702969621
17 96
    -0.098620710879147    -0.262044470546583     0.108242015490784
    -0.262044470546583     0.203962180340299     0.062493556781232
     0.144145866663767     0.083222654920898    -0.240916354937170
33 1
    -3.947142638061849    -1.640165132487539     2.992030945710472
    -1.640165132487542    -2.053243076547616     1.727449871929631
     3.152468046418571     1.820078275211455    -4.348879175032845
33 2
    -3.947142638061853     1.640165132487538    -2.992030945710472
     1.640165132487539    -2.053243076547616     1.727449871929631
    -3.152468046418571     1.820078275211455    -4.348879175032840
33 3
    -0.045289553066327     0.029486201123658    -0.038357666672124
    -0.113440217525618    -0.026699950538399    -0.019029114386966
     0.044445445200291    -0.026580874375676    -0.061985391217632
33 4
    -0.045289553066327    -0.029486201123658     0.038357666672124
     0.113440217525618    -0.026699950538399    -0.019029114386966
    -0.044445445200291    -0.026580874375676    -0.061985391217632
33 5
    -1.106293295790497     0.000000000000000     0.000000000000000
     0.000000000000000    -4.894092418818971    -3.454899743859263
     0.000000000000000    -3.640156550422911    -4.348879175032842
33 6
    -0.098103224022373    -0.264341359178681    -0.147459052493664
    -0.264341359178681     0.207131885737153    -0.085135523651664
    -0.112105398858208    -0.064724082208397    -0.238606222716962
33 7
     0.018966458307085     0.000000000000000     0.000000000000000
     0.000000000000000     0.007946963068494     0.002718151126924
     0.000000000000000     0.007488462235857     0.007946322967076
33 8
    -0.098103224022373     0.264341359178681     0.147459052493664
     0.264341359178681     0.207131885737153    -0.085135523651664
     0.112105398858208    -0.064724082208397    -0.238606222716962
33 9
    -0.067700506647298    -0.100501247442849    -0.035658529806694
     0.042425171206427    -0.004288996957428    -0.023704156574472
    -0.000796989863992     0.051781321813799    -0.061985391217632
33 10
     0.010701836878142     0.004771581406751     0.002353987927241
     0.004771581406751     0.016211584497437    -0.001359075563462
     0.006485198531532    -0.003744231117928     0.007946322967076
33 11
     0.010701836878142    -0.004771581406751    -0.002353987927241
    -0.004771581406751     0.016211584497437    -0.001359075563462
    -0.006485198531532    -0.003744231117928     0.007946322967076
33 12
    -0.067700506647298     0.100501247442849     0.035658529806694
    -0.042425171206427    -0.004288996957428    -0.023704156574472
     0.000796989863993     0.051781321813799    -0.061985391217632
33 13
     0.005005804306536     0.084402179407408     0.002699136865430
    -0.058524239241868    -0.076995307911262     0.042733270961438
    -0.045242435064284    -0.025200447438124    -0.061985391217632
33 14
     0.359749440616916     0.000000000000000     0.000000000000000
     0.000000000000000    -0.250720778902136     0.170271047303328
     0.000000000000000     0.129448164416794    -0.238606222716962
33 15
     0.005005804306536    -0.084402179407408    -0.002699136865430
     0.058524239241868    -0.076995307911262     0.042733270961438
     0.045242435064284    -0.025200447438124    -0.061985391217632
33 16
     0.026734067782344     0.000000000000000     0.000000000000000
     0.000000000000000     0.026734067782344     0.000000000000000
     0.000000000000000     0.000000000000000    -0.015515927990921
33 17
     0.006326574420199     0.000000000000000     0.000000000000000
     0.000000000000000     0.006326574420199     0.000000000000000
     0.000000000000000     0.000000000000000     0.013588301936448
33 18
     0.003787250265859    -0.000788218532159    -0.000840079190228
     0.000730347266271     0.005658078976729    -0.000122956951704
     0.001459660639506    -0.001198687624274    -0.000122576943029
33 19
     0.005865680194298     0.000000000000000     0.000000000000000
     0.000000000000000     0.008454877996999     0.002195794562100
     0.000000000000000    -0.000914859893064     0.006239562145825
33 20
     0.003787250265859     0.000788218532159     0.000840079190228
    -0.000730347266271     0.005658078976729    -0.000122956951704
    -0.001459660639506    -0.001198687624274    -0.000122576943029
33 21
     0.005165312805807    -0.000065277512129    -0.000526523438862
    -0.001583843310559     0.004280016436781    -0.000666051444077
    -0.000308263614070     0.001863447006853    -0.000122576943029
33 22
     0.004292131793262     0.000530923792071    -0.000776244849860
     0.000530923792071     0.003679073804719    -0.000448165173024
    -0.001066979444071    -0.000616020869254     0.006222356901914
33 23
     0.004292131793262    -0.000530923792071     0.000776244849860
    -0.000530923792071     0.003679073804719    -0.000448165173024
     0.001066979444071    -0.000616020869254     0.006222356901914
33 24
     0.005165312805807     0.000065277512129     0.000526523438862
     0.001583843310559     0.004280016436781    -0.000666051444077
     0.000308263614070     0.001863447006853    -0.000122576943029
33 25
     0.007807578546324    -0.001121155536281     0.001901613872270
    -0.001121155536281     0.006512979644973    -0.001097897281050
    -0.000792291908297     0.000457429946532     0.006239562145825
33 26
     0.003372544810447     0.000000000000000     0.000000000000000
     0.000000000000000     0.004598660787533     0.000896330346048
     0.000000000000000     0.001232041738508     0.006222356901914
33 27
     0.007807578546324     0.001121155536281    -0.001901613872270
     0.001121155536281     0.006512979644973    -0.001097897281050
     0.000792291908297     0.000457429946532     0.006239562145825
33 28
     0.004663627277812     0.000000000000000     0.000000000000000
     0.000000000000000     0.006532722825407    -0.000139216562456
     0.000000000000000    -0.000023797724113     0.003183130589272
33 29
     0.005215430792216    -0.001554907677614     0.000313555751367
    -0.000036341879184     0.004229898450372     0.000789008395780
    -0.001767924253576    -0.000664759382580    -0.000122576943029
33 30
     0.005215430792216     0.001554907677614    -0.000313555751367
     0.000036341879184     0.004229898450372     0.000789008395780
     0.001767924253576    -0.000664759382580    -0.000122576943029
33 31
     0.006065448938508    -0.000809342113159    -0.000120565079714
    -0.000809342113159     0.005130901164711     0.000069608281228
    -0.000020609433634     0.000011898862056     0.003183130589272
33 32
     0.006065448938508     0.000809342113159     0.000120565079714
     0.000809342113159     0.005130901164711     0.000069608281228
     0.000020609433634     0.000011898862056     0.003183130589272
33 33
    10.217619085965019     0.000000000000000     0.000000000000000
     0.000000000000000    10.217619085965019     0.000000000000000
     0.000000000000000     0.000000000000000    13.461335151286081
33 34
    -0.800652922115497     0.027801052963950    -0.124235791109968
    -0.027801052963950     0.089611365715318    -0.007542074579975
     0.124235791109968    -0.007542074579975     0.294427066318788
33 35
     0.000613541545905     0.000000000000000     0.000000000000000
     0.000000000000000     0.006264660123629     0.011621464319718
     0.000000000000000     0.011621464319718     0.052521536978763
33 36
    -0.800652922115497    -0.027801052963950     0.124235791109968
     0.027801052963950     0.089611365715318    -0.007542074579975
    -0.124235791109968    -0.007542074579975     0.294427066318788
33 37
    -0.132954706242386    -0.413296797635724    -0.068649523738479
    -0.357694691707823    -0.578086850157793    -0.103820313870502
     0.055586267371489     0.111362388450476     0.294427066318787
33 38
     0.024215090998154     0.009613069500031     0.007807356039255
     0.009613069500031     0.013114874470991     0.004507579110923
    -0.001144941689842    -0.000661032392837     0.009097201863476
33 39
     0.024215090998154    -0.009613069500031    -0.007807356039255
    -0.009613069500031     0.013114874470991     0.004507579110923
     0.001144941689842    -0.000661032392837     0.009097201863476
33 40
    -0.132954706242386     0.413296797635724     0.068649523738479
     0.357694691707823    -0.578086850157793    -0.103820313870502
    -0.055586267371489     0.111362388450476     0.294427066318787
33 41
     0.004851880479198    -0.002447006124054     0.010064483330050
    -0.002447006124054     0.002026321190336    -0.005810732159859
     0.010064483330050    -0.005810732159859     0.052521536978763
33 42
     0.007564766207410     0.000000000000000     0.000000000000000
     0.000000000000000     0.029765199261735    -0.009015158221847
     0.000000000000000     0.001322064785674     0.009097201863476
33 43
     0.004851880479198     0.002447006124054    -0.010064483330050
     0.002447006124054     0.002026321190336    -0.005810732159859
    -0.010064483330050    -0.005810732159859     0.052521536978763
33 44
     0.007564766207410     0.000000000000000     0.000000000000000
     0.000000000000000     0.029765199261735     0.001322064785674
     0.000000000000000    -0.009015158221847     0.009097201863476
33 45
    -0.132954706242386    -0.357694691707823     0.055586267371489
    -0.413296797635724    -0.578086850157793     0.111362388450476
    -0.068649523738479    -0.103820313870502     0.294427066318787
33 46
    -0.132954706242386     0.357694691707823    -0.055586267371489
     0.413296797635724    -0.578086850157793     0.111362388450476
     0.068649523738479    -0.103820313870502     0.294427066318787
33 47
     0.024215090998154    -0.009613069500031     0.001144941689842
    -0.009613069500031     0.013114874470991    -0.000661032392837
    -0.007807356039255     0.004507579110923     0.009097201863476
33 48
     0.024215090998154     0.009613069500031    -0.001144941689842
     0.009613069500031     0.013114874470991    -0.000661032392837
     0.007807356039255     0.004507579110923     0.009097201863476
33 49
     0.231404978219118     0.000000000000000     0.000000000000000
     0.000000000000000     0.231404978219118     0.000000000000000
     0.000000000000000     0.000000000000000    -1.558203345141556
33 50
    -0.101346023531559    -0.109789253234890    -0.134191767949469
     0.106507997697621     0.168140534379955     0.125472505135321
    -0.142319934242180    -0.132575786268335    -0.019498319891921
33 51
     0.003270014201587     0.000000000000000     0.000000000000000
     0.000000000000000     0.032015461540323    -0.005201928331346
     0.000000000000000     0.005657959329275     0.005405520441862
33 52
    -0.101346023531559     0.109789253234890     0.134191767949469
    -0.106507997697621     0.168140534379955     0.125472505135321
     0.142319934242180    -0.132575786268335    -0.019498319891921
33 53
     0.099348069576285    -0.009362790982961     0.041566492948927
    -0.225660041915472    -0.032553558727889    -0.178949732590647
    -0.185973965956164    -0.056964785384491    -0.019498319891921
33 54
     0.001670530991282    -0.004910026128156    -0.007432146300034
    -0.004910026128156     0.007340140804920    -0.004290951666981
     0.001687629932892     0.000974353596048     0.034256313750375
33 55
     0.001670530991282     0.004910026128156     0.007432146300034
     0.004910026128156     0.007340140804920    -0.004290951666981
    -0.001687629932892     0.000974353596048     0.034256313750375
33 56
     0.099348069576285     0.009362790982961    -0.041566492948927
     0.225660041915472    -0.032553558727889    -0.178949732590647
     0.185973965956164    -0.056964785384491    -0.019498319891921
33 57
     0.024829099705639    -0.012447143819246    -0.004505002083612
    -0.012447143819246     0.010456376036271     0.002600964165673
     0.004899936512731    -0.002828979664638     0.005405520441862
33 58
     0.010174945711739     0.000000000000000     0.000000000000000
     0.000000000000000    -0.001164273915538     0.008581903333963
     0.000000000000000    -0.001948707192095     0.034256313750375
33 59
     0.024829099705639     0.012447143819246     0.004505002083612
     0.012447143819246     0.010456376036271     0.002600964165673
    -0.004899936512731    -0.002828979664638     0.005405520441862
33 60
     0.008139581868203     0.000000000000000     0.000000000000000
     0.000000000000000     0.000100658827484    -0.000353990273743
     0.000000000000000    -0.004979081280927     0.033699243963483
33 61
     0.102189720227868    -0.224019414146837     0.175758260898396
    -0.007722163214326    -0.035395209379473     0.053477227455326
    -0.043654031713984     0.189540571652826    -0.019498319891921
33 62
     0.102189720227868     0.224019414146837    -0.175758260898396
     0.007722163214326    -0.035395209379472     0.053477227455326
     0.043654031713984     0.189540571652826    -0.019498319891921
33 63
     0.002110389587664     0.003480955786165    -0.000306564569754
     0.003480955786165     0.006129851108023     0.000176995136872
    -0.004312010876790     0.002489540640463     0.033699243963483
33 64
     0.002110389587664    -0.003480955786165     0.000306564569754
    -0.003480955786165     0.006129851108023     0.000176995136872
     0.004312010876790     0.002489540640463     0.033699243963483
33 65
     0.002252204175170     0.001032344938945     0.003616280583425
     0.001032344938945     0.001060154918378     0.002087860568306
    -0.000811615463781    -0.000468586406492     0.004648767919535
33 66
     0.005127207348398     0.000294506788331     0.001447610224985
     0.002174635872103     0.002683902923001     0.000978750659806
     0.001611644372716     0.000527091688731     0.007168986045915
33 67
     0.005127207348398    -0.000294506788331    -0.001447610224985
    -0.002174635872103     0.002683902923001     0.000978750659806
    -0.001611644372716     0.000527091688731     0.007168986045915
33 68
     0.002252204175170    -0.001032344938945    -0.003616280583425
    -0.001032344938945     0.001060154918378     0.002087860568306
     0.000811615463781    -0.000468586406492     0.004648767919535
33 69
     0.004363899164102     0.002615332057781     0.001571428047855
     0.000735202974010     0.003447211107297     0.000764291899712
     0.001262296978922     0.001132179124273     0.007168986045915
33 70
     0.004426959523435     0.000000000000000     0.000000000000000
     0.000000000000000     0.004426959523435     0.000000000000000
     0.000000000000000     0.000000000000000     0.003739690845854
33 71
     0.004363899164102    -0.002615332057781    -0.001571428047855
    -0.000735202974010     0.003447211107297     0.000764291899712
    -0.001262296978922     0.001132179124273     0.007168986045915
33 72
     0.005843861155828     0.000000000000000     0.000000000000000
     0.000000000000000     0.004629861409370     0.002644776877216
     0.000000000000000     0.000346309276895     0.005341178956500
33 73
     0.002225558894598    -0.000499368356208     0.000123817822870
     0.001380760727564     0.005585551376801    -0.001743042559518
    -0.000349347393794    -0.001659270813004     0.007168986045915
33 74
     0.002225558894598     0.000499368356208    -0.000123817822870
    -0.001380760727564     0.005585551376801    -0.001743042559518
     0.000349347393794    -0.001659270813004     0.007168986045915
33 75
     0.004111268144752    -0.000109204128610    -0.000721561411763
    -0.000109204128610     0.004237366210851    -0.000416593675318
    -0.000156591206639    -0.000090407975306     0.006650478012096
33 76
     0.004111268144752     0.000109204128610     0.000721561411763
     0.000109204128610     0.004237366210851    -0.000416593675318
     0.000156591206639    -0.000090407975306     0.006650478012096
33 77
     0.000464130289981     0.000000000000000     0.000000000000000
     0.000000000000000     0.002848228803566    -0.004175721136612
     0.000000000000000     0.000937172812985     0.004648767919535
33 78
     0.004933361345984     0.000525677310310     0.002290443963011
     0.000525677310310     0.005540361219213    -0.001322388438608
     0.000299912631357    -0.000173154638447     0.005341178956499
33 79
     0.004300415243900     0.000000000000000     0.000000000000000
     0.000000000000000     0.004048219111702     0.000833187350636
     0.000000000000000     0.000180815950612     0.006650478012096
33 80
     0.004933361345984    -0.000525677310310    -0.002290443963011
    -0.000525677310310     0.005540361219213    -0.001322388438608
    -0.000299912631357    -0.000173154638447     0.005341178956500
33 81
     0.007909443659339     0.000206716253523    -0.000028394826858
     0.000206716253523     0.007670748290105    -0.000016393760930
     0.000901424997024     0.000520437964686    -0.002589747651318
33 82
     0.007685357822242    -0.000212864872061    -0.000387096112290
     0.000160599871421     0.007500428843442     0.000041372299335
    -0.000159857649271    -0.000073844543141    -0.000269590500655
33 83
     0.007685357822242     0.000212864872061     0.000387096112290
    -0.000160599871421     0.007500428843442     0.000041372299335
     0.000159857649271    -0.000073844543141    -0.000269590500655
33 84
     0.007909443659339    -0.000206716253523     0.000028394826858
    -0.000206716253523     0.007670748290105    -0.000016393760930
    -0.000901424997024     0.000520437964686    -0.002589747651318
33 85
     0.007524029679001     0.000253742718350    -0.000157718593908
    -0.000119722025133     0.007661756986684    -0.000355921216617
    -0.000143880074926    -0.000101518513687    -0.000269590500655
33 86
     0.007752131829762     0.000000000000000     0.000000000000000
     0.000000000000000     0.007752131829762     0.000000000000000
     0.000000000000000     0.000000000000000     0.000092369819660
33 87
     0.007524029679001    -0.000253742718350     0.000157718593908
     0.000119722025133     0.007661756986684    -0.000355921216617
     0.000143880074926    -0.000101518513687    -0.000269590500655
33 88
     0.007770127734933     0.000000000000000     0.000000000000000
     0.000000000000000     0.007897140705732     0.000303265434264
     0.000000000000000    -0.000231989392165    -0.001112697467580
33 89
     0.007569292497284    -0.000093589524813     0.000229377518382
     0.000279875218669     0.007616494168401     0.000314548917282
     0.000015977574345     0.000175363056828    -0.000269590500655
33 90
     0.007569292497284     0.000093589524813    -0.000229377518382
    -0.000279875218669     0.007616494168401     0.000314548917282
    -0.000015977574345     0.000175363056828    -0.000269590500655
33 91
     0.007539325410572     0.000144669237856    -0.000101930079179
     0.000144669237856     0.007372275763733    -0.000058849358652
     0.000266910332586     0.000154100752368    -0.000906734693078
33 92
     0.007539325410572    -0.000144669237856     0.000101930079179
    -0.000144669237856     0.007372275763733    -0.000058849358652
    -0.000266910332586     0.000154100752368    -0.000906734693078
33 93
     0.007551400605488     0.000000000000000     0.000000000000000
     0.000000000000000     0.008028791343956     0.000032787521860
     0.000000000000000    -0.001040875929373    -0.002589747651318
33 94
     0.007865387463033    -0.000054998229661     0.000262635570162
    -0.000054998229661     0.007801880977633    -0.000151632717132
    -0.000200908707024     0.000115994696083    -0.001112697467580
33 95
     0.007288750940313     0.000000000000000     0.000000000000000
     0.000000000000000     0.007622850233992     0.000117698717304
     0.000000000000000    -0.000308201504737    -0.000906734693078
33 96
     0.007865387463033     0.000054998229661    -0.000262635570162
     0.000054998229661     0.007801880977633    -0.000151632717132
     0.000200908707024     0.000115994696083    -0.001112697467580
49 1
    -3.948445674022287    -1.642355909743431    -2.957678217170969
    -1.642355909743434    -2.052016420831205    -1.707616314859951
    -3.174325451177298    -1.832697653732692    -4.338520974251623
49 2
    -3.948445674022290     1.642355909743431     2.957678217170969
     1.642355909743431    -2.052016420831205    -1.707616314859951
     3.174325451177298    -1.832697653732693    -4.338520974251618
49 3
    -0.039870357767359     0.028024752627857     0.034253888006125
    -0.094592354981098    -0.022966171268965     0.009609196312479
    -0.037794582969453     0.018467249125457    -0.068285517655920
49 4
    -0.039870357767359    -0.028024752627857    -0.034253888006125
     0.094592354981097    -0.022966171268965     0.009609196312479
     0.037794582969453     0.018467249125457    -0.068285517655920
49 5
    -1.103801794235662     0.000000000000000     0.000000000000000
     0.000000000000000    -4.896660300617834     3.415232629719903
     0.000000000000000     3.665395307465387    -4.338520974251621
49 6
    -0.102712657458488    -0.268740265250303     0.150936065870498
    -0.268740265250303     0.207601871510221     0.087142978260755
     0.105241437920922     0.060761172513548    -0.229160199954545
49 7
     0.014848604196414     0.000000000000000     0.000000000000000
     0.000000000000000     0.003664948803861    -0.008022981438176
     0.000000000000000    -0.011016979655518     0.004948853131211
49 8
    -0.102712657458488     0.268740265250303    -0.150936065870498
     0.268740265250303     0.207601871510221     0.087142978260755
    -0.105241437920922     0.060761172513548    -0.229160199954544
49 9
    -0.056016835247026    -0.085270181861747     0.025448752119621
     0.037346925747208    -0.006819693789297     0.024860139035452
    -0.002904184604065    -0.041964693539713    -0.068285517655920
49 10
     0.006460862651999     0.004842664838561    -0.006948105739551
     0.004842664838561     0.012052690348276     0.004011490719088
    -0.009540984254655     0.005508489827759     0.004948853131211
49 11
     0.006460862651999    -0.004842664838561     0.006948105739551
    -0.004842664838561     0.012052690348276     0.004011490719088
     0.009540984254655     0.005508489827759     0.004948853131211
49 12
    -0.056016835247027     0.085270181861747    -0.025448752119621
    -0.037346925747208    -0.006819693789297     0.024860139035452
     0.002904184604065    -0.041964693539713    -0.068285517655920
49 13
     0.001632399459900     0.070630726923828    -0.008805135886504
    -0.051986380685127    -0.064468928496223    -0.034469335347931
     0.034890398365388     0.023497444414256    -0.068285517655920
49 14
     0.362759135994575     0.000000000000000     0.000000000000000
     0.000000000000000    -0.257869921942842    -0.174285956521510
     0.000000000000000    -0.121522345027095    -0.229160199954545
49 15
     0.001632399459900    -0.070630726923828     0.008805135886504
     0.051986380685127    -0.064468928496223    -0.034469335347931
    -0.034890398365388     0.023497444414256    -0.068285517655920
49 16
     0.022278930175787     0.000000000000000     0.000000000000000
     0.000000000000000     0.022278930175787     0.000000000000000
     0.000000000000000     0.000000000000000    -0.014920002611400
49 17
    -0.022627639446932     0.000000000000000     0.000000000000000
     0.000000000000000    -0.022627639446932     0.000000000000000
     0.000000000000000     0.000000000000000     0.046161073400576
49 18
     0.005111080728095    -0.012222712580953    -0.010273971931974
    -0.015196118648774     0.000574442301054    -0.029125198550893
    -0.002931365884086     0.016415124003360    -0.027299866441552
49 19
     0.001487665978213     0.000000000000000     0.000000000000000
     0.000000000000000     0.000382309831009     0.001039251135709
     0.000000000000000     0.002158527424467     0.002567386669346
49 20
     0.005111080728095     0.012222712580953     0.010273971931974
     0.015196118648774     0.000574442301054    -0.029125198550893
     0.002931365884086     0.016415124003360    -0.027299866441552
49 21
    -0.010164100285697    -0.006376988778542    -0.030360147801326
    -0.003403582710720     0.015849623314846     0.005665078584589
     0.012750231451139    -0.010746199325085    -0.027299866441552
49 22
     0.010432750287225    -0.001065232129985     0.000974772698066
    -0.001065232129985     0.011662774401218     0.000562785279627
     0.001934113230722     0.001116660794401     0.004989524902379
49 23
     0.010432750287225     0.001065232129985    -0.000974772698066
     0.001065232129985     0.011662774401218     0.000562785279627
    -0.001934113230722     0.001116660794401     0.004989524902379
49 24
    -0.010164100285697     0.006376988778542     0.030360147801326
     0.003403582710720     0.015849623314846     0.005665078584589
    -0.012750231451139    -0.010746199325085    -0.027299866441552
49 25
     0.000658648867810     0.000478633251854     0.000900017884436
     0.000478633251854     0.001211326941412    -0.000519625567855
     0.001869339584354    -0.001079263712233     0.002567386669346
49 26
     0.012277786458214     0.000000000000000     0.000000000000000
     0.000000000000000     0.009817738230228    -0.001125570559254
     0.000000000000000    -0.002233321588801     0.004989524902379
49 27
     0.000658648867810    -0.000478633251854    -0.000900017884436
    -0.000478633251854     0.001211326941412    -0.000519625567855
    -0.001869339584354    -0.001079263712233     0.002567386669346
49 28
     0.007362937334467     0.000000000000000     0.000000000000000
     0.000000000000000    -0.001201506630987    -0.007897385552440
     0.000000000000000    -0.007325936190406     0.006419360695847
49 29
     0.013581304101325     0.010305832904143    -0.020086175869352
     0.007332426836322    -0.007895781072176     0.023460119966304
     0.015681597335224    -0.005668924678275    -0.027299866441552
49 30
     0.013581304101325    -0.010305832904143     0.020086175869352
    -0.007332426836322    -0.007895781072176     0.023460119966304
    -0.015681597335224    -0.005668924678275    -0.027299866441552
49 31
     0.000939604360376     0.003708513021686    -0.006839336511894
     0.003708513021686     0.005221826343104     0.003948692776220
    -0.006344446847396     0.003662968095203     0.006419360695847
49 32
     0.000939604360376    -0.003708513021686     0.006839336511894
    -0.003708513021686     0.005221826343104     0.003948692776220
     0.006344446847396     0.003662968095203     0.006419360695847
49 33
     0.231404978219118     0.000000000000000     0.000000000000000
     0.000000000000000     0.231404978219118     0.000000000000000
     0.000000000000000     0.000000000000000    -1.558203345141556
49 34
    -0.101346023531559    -0.106507997697621     0.142319934242180
     0.109789253234890     0.168140534379955    -0.132575786268335
     0.134191767949469     0.125472505135321    -0.019498319891921
49 35
     0.003270014201587     0.000000000000000     0.000000000000000
     0.000000000000000     0.032015461540323     0.005657959329275
     0.000000000000000    -0.005201928331346     0.005405520441862
49 36
    -0.101346023531559     0.106507997697621    -0.142319934242180
    -0.109789253234890     0.168140534379955    -0.132575786268335
    -0.134191767949469     0.125472505135321    -0.019498319891921
49 37
     0.102189720227868    -0.007722163214326    -0.043654031713984
    -0.224019414146837    -0.035395209379473     0.189540571652826
     0.175758260898396     0.053477227455326    -0.019498319891921
49 38
     0.002110389587664    -0.003480955786165     0.004312010876790
    -0.003480955786165     0.006129851108023     0.002489540640463
     0.000306564569754     0.000176995136872     0.033699243963483
49 39
     0.002110389587664     0.003480955786165    -0.004312010876790
     0.003480955786165     0.006129851108023     0.002489540640463
    -0.000306564569754     0.000176995136872     0.033699243963483
49 40
     0.102189720227868     0.007722163214326     0.043654031713984
     0.224019414146837    -0.035395209379472     0.189540571652826
    -0.175758260898396     0.053477227455326    -0.019498319891921
49 41
     0.024829099705639    -0.012447143819246     0.004899936512731
    -0.012447143819246     0.010456376036271    -0.002828979664638
    -0.004505002083612     0.002600964165673     0.005405520441862
49 42
     0.008139581868203     0.000000000000000     0.000000000000000
     0.000000000000000     0.000100658827484    -0.004979081280927
     0.000000000000000    -0.000353990273743     0.033699243963483
49 43
     0.024829099705639     0.012447143819246    -0.004899936512731
     0.012447143819246     0.010456376036271    -0.002828979664638
     0.004505002083612     0.002600964165673     0.005405520441862
49 44
     0.010174945711739     0.000000000000000     0.000000000000000
     0.000000000000000    -0.001164273915538    -0.001948707192095
     0.000000000000000     0.008581903333963     0.034256313750375
49 45
     0.099348069576285    -0.225660041915472    -0.185973965956164
    -0.009362790982961    -0.032553558727889    -0.056964785384491
     0.041566492948927    -0.178949732590647    -0.019498319891921
49 46
     0.099348069576285     0.225660041915472     0.185973965956164
     0.009362790982961    -0.032553558727889    -0.056964785384491
    -0.041566492948927    -0.178949732590647    -0.019498319891921
49 47
     0.001670530991282     0.004910026128156    -0.001687629932892
     0.004910026128156     0.007340140804920     0.000974353596048
     0.007432146300034    -0.004290951666981     0.034256313750375
49 48
     0.001670530991282    -0.004910026128156     0.001687629932892
    -0.004910026128156     0.007340140804920     0.000974353596048
    -0.007432146300034    -0.004290951666981     0.034256313750375
49 49
    10.642007155812385     0.000000000000000     0.000000000000000
     0.000000000000000    10.642007155812385     0.000000000000000
     0.000000000000000     0.000000000000000    14.074821020490784
49 50
    -0.864443363632748     0.022425962773256     0.122753561613294
    -0.022425962773256     0.088732899319268     0.006834475001816
    -0.122753561613294     0.006834475001816     0.289715417775808
49 51
     0.001880664398289     0.000000000000000     0.000000000000000
     0.000000000000000     0.003096015693093    -0.009013086627889
     0.000000000000000    -0.009013086627889     0.049430882491548
49 52
    -0.864443363632748    -0.022425962773256    -0.122753561613294
     0.022425962773256     0.088732899319268     0.006834475001816
     0.122753561613294     0.006834475001816     0.289715417775808
49 53
    -0.149561166418736    -0.435163391773637     0.067295609779749
    -0.390311466227124    -0.626149297894744     0.102890465261223
    -0.055457951833545    -0.109724940263039     0.289715417775808
49 54
     0.021748011027701     0.010789606353149    -0.004585947722798
     0.010789606353149     0.009289246762820    -0.002647698152247
     0.004232205291381     0.002443464864244     0.011010272439984
49 55
     0.021748011027701    -0.010789606353149     0.004585947722798
    -0.010789606353149     0.009289246762820    -0.002647698152247
    -0.004232205291381     0.002443464864244     0.011010272439984
49 56
    -0.149561166418736     0.435163391773637    -0.067295609779749
     0.390311466227124    -0.626149297894744     0.102890465261223
     0.055457951833545    -0.109724940263039     0.289715417775808
49 57
     0.002792177869392    -0.000526262547911    -0.007805561986262
    -0.000526262547911     0.002184502221990     0.004506543313945
    -0.007805561986262     0.004506543313945     0.049430882491548
49 58
     0.003059864630379     0.000000000000000     0.000000000000000
     0.000000000000000     0.027977393160141     0.005295396304494
     0.000000000000000    -0.004886929728489     0.011010272439984
49 59
     0.002792177869392     0.000526262547911     0.007805561986262
     0.000526262547911     0.002184502221990     0.004506543313945
     0.007805561986262     0.004506543313945     0.049430882491548
49 60
     0.003059864630379     0.000000000000000     0.000000000000000
     0.000000000000000     0.027977393160141    -0.004886929728489
     0.000000000000000     0.005295396304494     0.011010272439984
49 61
    -0.149561166418736    -0.390311466227124    -0.055457951833545
    -0.435163391773637    -0.626149297894744    -0.109724940263039
     0.067295609779749     0.102890465261223     0.289715417775808
49 62
    -0.149561166418736     0.390311466227124     0.055457951833545
     0.435163391773637    -0.626149297894744    -0.109724940263039
    -0.067295609779749     0.102890465261223     0.289715417775808
49 63
     0.021748011027701    -0.010789606353149    -0.004232205291381
    -0.010789606353149     0.009289246762820     0.002443464864244
     0.004585947722798    -0.002647698152247     0.011010272439984
49 64
     0.021748011027701     0.010789606353149     0.004232205291381
     0.010789606353149     0.009289246762820     0.002443464864244
    -0.004585947722798    -0.002647698152247     0.011010272439984
49 65
    -0.079012660061292    -0.066745432357699    -0.186804167363467
    -0.066745432357698    -0.001941673383502    -0.107851436313042
    -0.158862960494269    -0.091719573005627    -0.182275260096502
49 66
     0.002148320482063    -0.001590468042371     0.007190253205271
    -0.001930337530590     0.003710950653972    -0.002249807955949
     0.003320178305030    -0.000953941307276     0.013290545559567
49 67
     0.002148320482063     0.001590468042371    -0.007190253205271
     0.001930337530590     0.003710950653972    -0.002249807955949
    -0.003320178305030    -0.000953941307276     0.013290545559567
49 68
    -0.079012660061293     0.066745432357698     0.186804167363467
     0.066745432357698    -0.001941673383502    -0.107851436313042
     0.158862960494269    -0.091719573005627    -0.182275260096502
49 69
     0.001795739577010    -0.001726774850146     0.001646735759147
    -0.001386905361928     0.004063531559025     0.007351845913382
     0.000833951746694     0.003352329410888     0.013290545559567
49 70
     0.001699190512592     0.000000000000000     0.000000000000000
     0.000000000000000     0.001699190512592     0.000000000000000
     0.000000000000000     0.000000000000000     0.003857570523903
49 71
     0.001795739577010     0.001726774850146    -0.001646735759147
     0.001386905361928     0.004063531559025     0.007351845913382
    -0.000833951746694     0.003352329410888     0.013290545559567
49 72
     0.002889709583122     0.000000000000000     0.000000000000000
     0.000000000000000    -0.003472742935018    -0.003764083207633
     0.000000000000000    -0.004863468767557     0.026563590993674
49 73
     0.004844846644980     0.000373497424553    -0.005543517446124
     0.000033627936334     0.001014424491055    -0.005102037957433
    -0.002486226558335    -0.002398388103611     0.013290545559567
49 74
     0.004844846644980    -0.000373497424553     0.005543517446124
    -0.000033627936334     0.001014424491055    -0.005102037957433
     0.002486226558335    -0.002398388103611     0.013290545559567
49 75
     0.000945811250209    -0.000367870611704     0.002225363645749
    -0.000367870611704     0.001370591643598     0.001284814299918
    -0.002071296483627    -0.001195863582393     0.009375252234245
49 76
     0.000945811250209     0.000367870611704    -0.002225363645749
     0.000367870611704     0.001370591643598     0.001284814299918
     0.002071296483627    -0.001195863582393     0.009375252234245
49 77
     0.036593819955393     0.000000000000000     0.000000000000000
     0.000000000000000    -0.117548153400188     0.215702872626083
     0.000000000000000     0.183439146011254    -0.182275260096502
49 78
    -0.001882129805483     0.002755022755541    -0.003259791679768
     0.002755022755541     0.001299096453587     0.001882041603816
    -0.004211887503216     0.002431734383778     0.026563590993674
49 79
     0.001582981840292     0.000000000000000     0.000000000000000
     0.000000000000000     0.000733421053514    -0.002569628599836
     0.000000000000000     0.002391727164787     0.009375252234245
49 80
    -0.001882129805483    -0.002755022755541     0.003259791679768
    -0.002755022755541     0.001299096453587     0.001882041603816
     0.004211887503216     0.002431734383778     0.026563590993674
49 81
     0.005641370698164     0.000928305521593    -0.005181425448221
     0.000928305521593     0.004569455812601    -0.002991497377316
     0.003875462683599     0.002237499423610    -0.003031138430904
49 82
     0.008727419542256     0.001535312734195     0.001347306765791
     0.001099779626729     0.006974649364622     0.000570386746444
     0.001162490012919     0.000603528373207    -0.002129513628581
49 83
     0.008727419542256    -0.001535312734195    -0.001347306765791
    -0.001099779626729     0.006974649364622     0.000570386746444
    -0.001162490012919     0.000603528373207    -0.002129513628581
49 84
     0.005641370698164    -0.000928305521593     0.005181425448221
    -0.000928305521593     0.004569455812601    -0.002991497377316
    -0.003875462683599     0.002237499423610    -0.003031138430904
49 85
     0.008553870371970     0.001199978286911     0.001167622795298
     0.001635511394378     0.007148198534909     0.000881608512644
     0.001103915909561     0.000704981696230    -0.002129513628581
49 86
     0.005414851167087     0.000000000000000     0.000000000000000
     0.000000000000000     0.005414851167087     0.000000000000000
     0.000000000000000     0.000000000000000    -0.003565501297059
49 87
     0.008553870371970    -0.001199978286911    -0.001167622795298
    -0.001635511394378     0.007148198534909     0.000881608512644
    -0.001103915909561     0.000704981696230    -0.002129513628581
49 88
     0.010528570224581     0.000000000000000     0.000000000000000
     0.000000000000000     0.008187731271088    -0.000219800857854
     0.000000000000000     0.007991600246812     0.003390118676277
49 89
     0.006271813446091     0.000317965213916    -0.000179683970493
    -0.000117567893551     0.009430255460787    -0.001451995259088
    -0.000058574103358    -0.001308510069437    -0.002129513628581
49 90
     0.006271813446091    -0.000317965213916     0.000179683970493
     0.000117567893551     0.009430255460787    -0.001451995259088
     0.000058574103358    -0.001308510069437    -0.002129513628581
49 91
     0.006222952643339    -0.000651543706968    -0.000196798932228
    -0.000651543706968     0.006975290512553    -0.000113621916498
    -0.000536888691031    -0.000309972830292    -0.004381449986524
49 92
     0.006222952643339     0.000651543706968     0.000196798932228
     0.000651543706968     0.006975290512553    -0.000113621916498
     0.000536888691031    -0.000309972830292    -0.004381449986524
49 93
     0.004033498369819     0.000000000000000     0.000000000000000
     0.000000000000000     0.006177328140946     0.005982994754632
     0.000000000000000    -0.004474998847221    -0.003031138430904
49 94
     0.008772941009461     0.001013612999947    -0.000190353126675
     0.001013612999947     0.009943360486208     0.000109900428927
     0.006920928830629    -0.003995800123406     0.003390118676277
49 95
     0.007351459447159     0.000000000000000     0.000000000000000
     0.000000000000000     0.005846783708732     0.000227243832996
     0.000000000000000     0.000619945660583    -0.004381449986524
49 96
     0.008772941009461    -0.001013612999947     0.000190353126675
    -0.001013612999947     0.009943360486208     0.000109900428927
    -0.006920928830629    -0.003995800123406     0.003390118676277
65 1
    -0.012549734044144    -0.004309335297972    -0.020523462872581
    -0.004309335297972    -0.007573742255518    -0.011849226814188
    -0.025417449790602    -0.014674771478718    -0.048731129633566
65 2
    -0.009153176781848     0.000000000000000     0.000000000000000
     0.000000000000000     0.004458208473157     0.038938548369785
     0.000000000000000     0.015799634472669     0.047945335968251
65 3
    -0.012549734044144     0.004309335297972     0.020523462872581
     0.004309335297972    -0.007573742255518    -0.011849226814188
     0.025417449790602    -0.014674771478718    -0.048731129633566
65 4
    -0.010860593371669     0.000000000000000     0.000000000000000
     0.000000000000000    -0.004476387635551    -0.004783540950478
     0.000000000000000     0.005284319370653     0.012317977259681
65 5
     0.001055362159406    -0.005893902705766     0.033721772074723
    -0.005893902705766    -0.005750330468097    -0.019469274184893
     0.013682884823839    -0.007899817236334     0.047945335968251
65 6
     0.001055362159406     0.005893902705766    -0.033721772074723
     0.005893902705766    -0.005750330468097    -0.019469274184893
    -0.013682884823839    -0.007899817236334     0.047945335968251
65 7
    -0.002413386989479     0.000539972096523     0.002966264969608
    -0.001824199835498    -0.000354599659718    -0.001332339845767
     0.000227893387310    -0.006783758782422    -0.000994030049453
65 8
    -0.002413386989479    -0.000539972096523    -0.002966264969608
     0.001824199835498    -0.000354599659718    -0.001332339845767
    -0.000227893387310    -0.006783758782422    -0.000994030049453
65 9
    -0.005085746361206     0.000000000000000     0.000000000000000
     0.000000000000000    -0.015037729938456     0.023698453628376
     0.000000000000000     0.029349542957436    -0.048731129633566
65 10
    -0.001425383415256    -0.002394623965036     0.000329292331896
    -0.000030452033015    -0.001342603233940     0.003235030740920
    -0.005760960745068     0.003589240853976    -0.000994030049453
65 11
    -0.002165798603460     0.000000000000000     0.000000000000000
     0.000000000000000    -0.002165798603460     0.000000000000000
     0.000000000000000     0.000000000000000     0.004800786127511
65 12
    -0.001425383415256     0.002394623965036    -0.000329292331896
     0.000030452033015    -0.001342603233940     0.003235030740920
     0.005760960745068     0.003589240853976    -0.000994030049453
65 13
    -0.006072439069580    -0.002764442175232    -0.004142667983157
    -0.002764442175232    -0.009264541937640     0.002391770475239
     0.004576354816696    -0.002642159685327     0.012317977259681
65 14
    -0.000313209569059     0.000611661836473    -0.002636972637712
    -0.001752510095548    -0.002454777080137    -0.001902690895153
    -0.005988854132378     0.003194517928446    -0.000994030049453
65 15
    -0.000313209569059    -0.000611661836473     0.002636972637712
     0.001752510095548    -0.002454777080137    -0.001902690895153
     0.005988854132378     0.003194517928446    -0.000994030049453
65 16
    -0.006072439069580     0.002764442175232     0.004142667983157
     0.002764442175232    -0.009264541937640     0.002391770475239
    -0.004576354816696    -0.002642159685327     0.012317977259681
65 17
    -3.943201389542760    -1.648001073380417     2.955676193210008
    -1.648001073380420    -2.040253662860811     1.706460445787165
     3.141610620483569     1.813809737425175    -4.267520096701241
65 18
    -3.943201389542764     1.648001073380417    -2.955676193210008
     1.648001073380417    -2.040253662860811     1.706460445787166
    -3.141610620483569     1.813809737425175    -4.267520096701236
65 19
    -0.044780306313679     0.030950838717265    -0.034506568564755
    -0.105205156762641    -0.028881870024139    -0.008860614680200
     0.041631935053301    -0.025028815001268    -0.072037173606913
65 20
    -0.044780306313679    -0.030950838717265     0.034506568564755
     0.105205156762641    -0.028881870024139    -0.008860614680200
    -0.041631935053301    -0.025028815001268    -0.072037173606913
65 21
    -1.088779799519835     0.000000000000000     0.000000000000000
     0.000000000000000    -4.894675252883740    -3.412920891574332
     0.000000000000000    -3.627619474850351    -4.267520096701237
65 22
    -0.098963174659465    -0.261195190126655    -0.162522450075411
    -0.261195190126655     0.202639052001854    -0.093832380300396
    -0.133058218577245    -0.076821198313464    -0.215665549478386
65 23
     0.014702842457480     0.000000000000000     0.000000000000000
     0.000000000000000     0.000111023641260     0.005001958088286
     0.000000000000000     0.009082891738356     0.003312892013694
65 24
    -0.098963174659465     0.261195190126655     0.162522450075411
     0.261195190126655     0.202639052001854    -0.093832380300396
     0.133058218577245    -0.076821198313464    -0.215665549478386
65 25
    -0.065009541980516    -0.093525802104893    -0.024926801688576
     0.042630193375013    -0.008652634357301    -0.025453257634407
    -0.000859622091068     0.048568720865497    -0.072037173606913
65 26
     0.003758978345315     0.006318442891133     0.004331822773120
     0.006318442891133     0.011054887753425    -0.002500979044143
     0.007866014985240    -0.004541445869178     0.003312892013694
65 27
     0.003758978345315    -0.006318442891133    -0.004331822773120
    -0.006318442891133     0.011054887753425    -0.002500979044143
    -0.007866014985240    -0.004541445869178     0.003312892013694
65 28
    -0.065009541980517     0.093525802104893     0.024926801688576
    -0.042630193375013    -0.008652634357301    -0.025453257634407
     0.000859622091068     0.048568720865497    -0.072037173606913
65 29
    -0.000703416212531     0.079757352397702     0.009579766876179
    -0.056398643082204    -0.072958760125287     0.034313872314607
    -0.042491557144370    -0.023539905864229    -0.072037173606913
65 30
     0.353440165332513     0.000000000000000     0.000000000000000
     0.000000000000000    -0.249764287990125     0.187664760600791
     0.000000000000000     0.153642396626929    -0.215665549478386
65 31
    -0.000703416212531    -0.079757352397702    -0.009579766876179
     0.056398643082204    -0.072958760125287     0.034313872314607
     0.042491557144370    -0.023539905864229    -0.072037173606913
65 32
     0.015350177125566     0.000000000000000     0.000000000000000
     0.000000000000000     0.015350177125566     0.000000000000000
     0.000000000000000     0.000000000000000    -0.020513569950598
65 33
     0.002252204175170     0.001032344938945    -0.000811615463781
     0.001032344938945     0.001060154918378    -0.000468586406492
     0.003616280583425     0.002087860568306     0.004648767919535
65 34
     0.002252204175170    -0.001032344938945     0.000811615463781
    -0.001032344938945     0.001060154918378    -0.000468586406492
    -0.003616280583425     0.002087860568306     0.004648767919535
65 35
     0.005127207348398    -0.002174635872103    -0.001611644372716
    -0.000294506788331     0.002683902923001     0.000527091688731
    -0.001447610224985     0.000978750659806     0.007168986045915
65 36
     0.005127207348398     0.002174635872103     0.001611644372716
     0.000294506788331     0.002683902923001     0.000527091688731
     0.001447610224985     0.000978750659806     0.007168986045915
65 37
     0.000464130289981     0.000000000000000     0.000000000000000
     0.000000000000000     0.002848228803566     0.000937172812985
     0.000000000000000    -0.004175721136612     0.004648767919535
65 38
     0.004933361345984    -0.000525677310310    -0.000299912631357
    -0.000525677310310     0.005540361219213    -0.000173154638447
    -0.002290443963011    -0.001322388438608     0.005341178956500
65 39
     0.004300415243900     0.000000000000000     0.000000000000000
     0.000000000000000     0.004048219111702     0.000180815950612
     0.000000000000000     0.000833187350636     0.006650478012096
65 40
     0.004933361345984     0.000525677310310     0.000299912631357
     0.000525677310310     0.005540361219213    -0.000173154638447
     0.002290443963011    -0.001322388438608     0.005341178956499
65 41
     0.002225558894598     0.001380760727564    -0.000349347393794
    -0.000499368356208     0.005585551376801    -0.001659270813004
     0.000123817822870    -0.001743042559518     0.007168986045915
65 42
     0.004111268144752     0.000109204128610     0.000156591206639
     0.000109204128610     0.004237366210851    -0.000090407975306
     0.000721561411763    -0.000416593675318     0.006650478012096
65 43
     0.004111268144752    -0.000109204128610    -0.000156591206639
    -0.000109204128610     0.004237366210851    -0.000090407975306
    -0.000721561411763    -0.000416593675318     0.006650478012096
65 44
     0.002225558894598    -0.001380760727564     0.000349347393794
     0.000499368356208     0.005585551376801    -0.001659270813004
    -0.000123817822870    -0.001743042559518     0.007168986045915
65 45
     0.004363899164102     0.000735202974010     0.001262296978922
     0.002615332057781     0.003447211107297     0.001132179124273
     0.001571428047855     0.000764291899712     0.007168986045915
65 46
     0.005843861155828     0.000000000000000     0.000000000000000
     0.000000000000000     0.004629861409370     0.000346309276895
     0.000000000000000     0.002644776877216     0.005341178956500
65 47
     0.004363899164102    -0.000735202974010    -0.001262296978922
    -0.002615332057781     0.003447211107297     0.001132179124273
    -0.001571428047855     0.000764291899712     0.007168986045915
65 48
     0.004426959523435     0.000000000000000     0.000000000000000
     0.000000000000000     0.004426959523435     0.000000000000000
     0.000000000000000     0.000000000000000     0.003739690845854
65 49
    -0.079012660061292    -0.066745432357698    -0.158862960494269
    -0.066745432357699    -0.001941673383502    -0.091719573005627
    -0.186804167363467    -0.107851436313042    -0.182275260096502
65 50
    -0.079012660061293     0.066745432357698     0.158862960494269
     0.066745432357698    -0.001941673383502    -0.091719573005627
     0.186804167363467    -0.107851436313042    -0.182275260096502
65 51
     0.002148320482063     0.001930337530590    -0.003320178305030
     0.001590468042371     0.003710950653972    -0.000953941307276
    -0.007190253205271    -0.002249807955949     0.013290545559567
65 52
     0.002148320482063    -0.001930337530590     0.003320178305030
    -0.001590468042371     0.003710950653972    -0.000953941307276
     0.007190253205271    -0.002249807955949     0.013290545559567
65 53
     0.036593819955393     0.000000000000000     0.000000000000000
     0.000000000000000    -0.117548153400188     0.183439146011254
     0.000000000000000     0.215702872626083    -0.182275260096502
65 54
    -0.001882129805483    -0.002755022755541     0.004211887503216
    -0.002755022755541     0.001299096453587     0.002431734383778
     0.003259791679768     0.001882041603816     0.026563590993674
65 55
     0.001582981840292     0.000000000000000     0.000000000000000
     0.000000000000000     0.000733421053514     0.002391727164787
     0.000000000000000    -0.002569628599836     0.009375252234245
65 56
    -0.001882129805483     0.002755022755541    -0.004211887503216
     0.002755022755541     0.001299096453587     0.002431734383778
    -0.003259791679768     0.001882041603816     0.026563590993674
65 57
     0.004844846644980     0.000033627936334    -0.002486226558335
     0.000373497424553     0.001014424491055    -0.002398388103611
    -0.005543517446124    -0.005102037957433     0.013290545559567
65 58
     0.000945811250209     0.000367870611704     0.002071296483627
     0.000367870611704     0.001370591643598    -0.001195863582393
    -0.002225363645749     0.001284814299918     0.009375252234245
65 59
     0.000945811250209    -0.000367870611704    -0.002071296483627
    -0.000367870611704     0.001370591643598    -0.001195863582393
     0.002225363645749     0.001284814299918     0.009375252234245
65 60
     0.004844846644980    -0.000033627936334     0.002486226558335
    -0.000373497424553     0.001014424491055    -0.002398388103611
     0.005543517446124    -0.005102037957433     0.013290545559567
65 61
     0.001795739577010    -0.001386905361928     0.000833951746694
    -0.001726774850146     0.004063531559025     0.003352329410888
     0.001646735759147     0.007351845913382     0.013290545559567
65 62
     0.002889709583122     0.000000000000000     0.000000000000000
     0.000000000000000    -0.003472742935018    -0.004863468767557
     0.000000000000000    -0.003764083207633     0.026563590993674
65 63
     0.001795739577010     0.001386905361928    -0.000833951746694
     0.001726774850146     0.004063531559025     0.003352329410888
    -0.001646735759147     0.007351845913382     0.013290545559567
65 64
     0.001699190512592     0.000000000000000     0.000000000000000
     0.000000000000000     0.001699190512592     0.000000000000000
     0.000000000000000     0.000000000000000     0.003857570523903
65 65
    11.043722269967203     0.000000000000000     0.000000000000000
     0.000000000000000    11.043722269967203     0.000000000000000
     0.000000000000000     0.000000000000000    13.765457887289420
65 66
    -0.848542895091399     0.022095433669907    -0.107800729816672
    -0.022095433669907     0.084460757988584    -0.011521314133096
     0.107800729816672    -0.011521314133096     0.280909390074709
65 67
    -0.008918899013178     0.000000000000000     0.000000000000000
     0.000000000000000    -0.004211058271192     0.005356157129732
     0.000000000000000     0.005356157129732     0.055442470987606
65 68
    -0.848542895091399    -0.022095433669907     0.107800729816672
     0.022095433669907     0.084460757988584    -0.011521314133096
    -0.107800729816672    -0.011521314133096     0.280909390074709
65 69
    -0.148790155281412    -0.426097866365381    -0.063878115632577
    -0.381906999025567    -0.615291981821403    -0.087597513501192
     0.043922614184094     0.099118827634288     0.280909390074709
65 70
     0.011510538554198     0.011023084981662     0.006595433832256
     0.011023084981662    -0.001217823608727     0.003807875498475
    -0.004025192760440    -0.002323946123780     0.014523199379793
65 71
     0.011510538554198    -0.011023084981662    -0.006595433832256
    -0.011023084981662    -0.001217823608727     0.003807875498475
     0.004025192760440    -0.002323946123780     0.014523199379792
65 72
    -0.148790155281412     0.426097866365381     0.063878115632577
     0.381906999025567    -0.615291981821403    -0.087597513501192
    -0.043922614184094     0.099118827634288     0.280909390074709
65 73
    -0.005388018456689    -0.002038554839766     0.004638568141009
    -0.002038554839766    -0.007741938827682    -0.002678078564866
     0.004638568141009    -0.002678078564866     0.055442470987606
65 74
    -0.007582004690189     0.000000000000000     0.000000000000000
     0.000000000000000     0.017874719635661    -0.007615750996950
     0.000000000000000     0.004647892247561     0.014523199379793
65 75
    -0.005388018456689     0.002038554839766    -0.004638568141009
     0.002038554839766    -0.007741938827682    -0.002678078564866
    -0.004638568141009    -0.002678078564866     0.055442470987606
65 76
    -0.007582004690189     0.000000000000000     0.000000000000000
     0.000000000000000     0.017874719635661     0.004647892247561
     0.000000000000000    -0.007615750996950     0.014523199379793
65 77
    -0.148790155281412    -0.381906999025567     0.043922614184094
    -0.426097866365381    -0.615291981821403     0.099118827634288
    -0.063878115632577    -0.087597513501192     0.280909390074709
65 78
    -0.148790155281412     0.381906999025567    -0.043922614184094
     0.426097866365381    -0.615291981821403     0.099118827634288
     0.063878115632577    -0.087597513501192     0.280909390074709
65 79
     0.011510538554198    -0.011023084981662     0.004025192760440
    -0.011023084981662    -0.001217823608727    -0.002323946123780
    -0.006595433832256     0.003807875498475     0.014523199379792
65 80
     0.011510538554198     0.011023084981662    -0.004025192760440
     0.011023084981662    -0.001217823608727    -0.002323946123780
     0.006595433832256     0.003807875498475     0.014523199379793
65 81
     0.219967521584987     0.000000000000000     0.000000000000000
     0.000000000000000     0.219967521584987     0.000000000000000
     0.000000000000000     0.000000000000000    -1.557712204824016
65 82
    -0.111861166102224    -0.110321252252123    -0.134964152980858
     0.106879304288263     0.160063782099953     0.132012853356431
    -0.136561246069695    -0.121137490648259    -0.033588523759218
65 83
    -0.007011721704583     0.000000000000000     0.000000000000000
     0.000000000000000     0.021752860854988    -0.004514287968581
     0.000000000000000     0.005758470686751     0.000529224841818
65 84
    -0.111861166102224     0.110321252252123     0.134964152980857
    -0.106879304288263     0.160063782099953     0.132012853356431
     0.136561246069695    -0.121137490648259    -0.033588523759218
65 85
     0.090592137861805    -0.010007165253699     0.046844408142311
    -0.227207721794085    -0.042389521864076    -0.182888811759888
    -0.173188767286939    -0.057696762944685    -0.033588523759218
65 86
    -0.010305721135213    -0.005727652725276    -0.004127882160495
    -0.005727652725276    -0.003691997449687    -0.002383233876545
     0.003301999417335     0.001906410252462     0.027600375740814
65 87
    -0.010305721135213     0.005727652725276     0.004127882160495
     0.005727652725276    -0.003691997449687    -0.002383233876545
    -0.003301999417335     0.001906410252462     0.027600375740814
65 88
     0.090592137861805     0.010007165253699    -0.046844408142310
     0.227207721794085    -0.042389521864076    -0.182888811759888
     0.173188767286939    -0.057696762944685    -0.033588523759218
65 89
     0.014561715215095    -0.012455429612921    -0.003909488060790
    -0.012455429612921     0.000179423935310     0.002257143984291
     0.004986981901674    -0.002879235343375     0.000529224841818
65 90
    -0.000385135606924     0.000000000000000     0.000000000000000
     0.000000000000000    -0.013612582977976     0.004766467753090
     0.000000000000000    -0.003812820504925     0.027600375740814
65 91
     0.014561715215095     0.012455429612921     0.003909488060790
     0.012455429612921     0.000179423935310     0.002257143984291
    -0.004986981901674    -0.002879235343375     0.000529224841818
65 92
     0.000391606842210     0.000000000000000     0.000000000000000
     0.000000000000000    -0.011105125585265     0.002490455333187
     0.000000000000000    -0.009972621088939     0.029376317022277
65 93
     0.093572952237012    -0.225486747812155     0.181808561123168
    -0.008286191271769    -0.045370336239283     0.050875958403456
    -0.036627521217244     0.178834253592943    -0.033588523759218
65 94
     0.093572952237012     0.225486747812154    -0.181808561123168
     0.008286191271769    -0.045370336239283     0.050875958403456
     0.036627521217244     0.178834253592943    -0.033588523759218
65 95
    -0.008230942478396     0.004978231171353     0.002156797585530
     0.004978231171353    -0.002482576264659    -0.001245227666593
    -0.008636543205337     0.004986310544469     0.029376317022277
65 96
    -0.008230942478396    -0.004978231171353    -0.002156797585530
    -0.004978231171353    -0.002482576264659    -0.001245227666593
     0.008636543205337     0.004986310544469     0.029376317022277
81 1
    -0.000413150357021    -0.000450157723309    -0.000754815145044
    -0.000450157723309     0.000106647008440    -0.000435792727179
     0.000618586734076     0.000357141217436    -0.008725946001673
81 2
     0.001033943229030     0.000000000000000     0.000000000000000
     0.000000000000000    -0.001549851980374    -0.000395446999517
     0.000000000000000     0.003987854303202     0.001374932601429
81 3
    -0.000413150357021     0.000450157723309     0.000754815145044
     0.000450157723309     0.000106647008440    -0.000435792727179
    -0.000618586734076     0.000357141217436    -0.008725946001673
81 4
     0.000160534271122     0.000000000000000     0.000000000000000
     0.000000000000000     0.000344370653149     0.000400602330740
     0.000000000000000     0.000042541900994    -0.002687105449589
81 5
    -0.000903903178023     0.001118816144760    -0.000342467147432
     0.001118816144760     0.000387994426679     0.000197723499758
     0.003453583133164    -0.001993927151601     0.001374932601429
81 6
    -0.000903903178023    -0.001118816144760     0.000342467147432
    -0.001118816144760     0.000387994426679     0.000197723499758
    -0.003453583133164    -0.001993927151601     0.001374932601429
81 7
     0.000048249877520     0.000398644478385    -0.000421539310217
     0.000263811503224     0.000517970153893     0.002246097187804
     0.000891339545794    -0.000969993860368    -0.003687860465374
81 8
     0.000048249877520    -0.000398644478385     0.000421539310217
    -0.000263811503224     0.000517970153893     0.002246097187804
    -0.000891339545794    -0.000969993860368    -0.003687860465374
81 9
     0.000366545691171     0.000000000000000     0.000000000000000
     0.000000000000000    -0.000673049039751     0.000871585454359
     0.000000000000000    -0.000714282434872    -0.008725946001673
81 10
     0.000687391939281    -0.000105197338184     0.001734407568899
     0.000029635636977    -0.000121171907868    -0.001488112345244
    -0.000394369551696     0.001256919620239    -0.003687860465374
81 11
     0.000296593313219     0.000000000000000     0.000000000000000
     0.000000000000000     0.000296593313219     0.000000000000000
     0.000000000000000     0.000000000000000    -0.002871661699679
81 12
     0.000687391939281     0.000105197338184    -0.001734407568899
    -0.000029635636977    -0.000121171907868    -0.001488112345244
     0.000394369551696     0.001256919620239    -0.003687860465374
81 13
     0.000298411557642    -0.000079603488487     0.000346931795236
    -0.000079603488487     0.000206493366629    -0.000200301165370
     0.000036842366986    -0.000021270950497    -0.002687105449589
81 14
     0.000113688230318    -0.000301592353828     0.002155946879115
    -0.000436425328989     0.000452531801094    -0.000757984842560
    -0.001285709097490    -0.000286925759871    -0.003687860465374
81 15
     0.000113688230318     0.000301592353828    -0.002155946879115
     0.000436425328989     0.000452531801094    -0.000757984842560
     0.001285709097490    -0.000286925759871    -0.003687860465374
81 16
     0.000298411557642     0.000079603488487    -0.000346931795236
     0.000079603488487     0.000206493366629    -0.000200301165370
    -0.000036842366986    -0.000021270950497    -0.002687105449589
81 17
    -3.950707766473535    -1.636736764391154    -3.002751879941911
    -1.636736764391157    -2.060766943445958    -1.733639606194117
    -3.164886377556669    -1.827248002036921    -4.371163595129859
81 18
    -3.950707766473538     1.636736764391154     3.002751879941911
     1.636736764391154    -2.060766943445958    -1.733639606194117
     3.164886377556669    -1.827248002036922    -4.371163595129854
81 19
    -0.045369624293031     0.028125702010348     0.038197331488290
    -0.113235298264771    -0.026378987772830     0.016982666311991
    -0.042441989106705     0.023647930944608    -0.066188950527293
81 20
    -0.045369624293031    -0.028125702010348    -0.038197331488290
     0.113235298264771    -0.026378987772830     0.016982666311991
     0.042441989106705     0.023647930944608    -0.066188950527293
81 21
    -1.115796531932169     0.000000000000000     0.000000000000000
     0.000000000000000    -4.895678177987329     3.467279212388235
     0.000000000000000     3.654496004073844    -4.371163595129856
81 22
    -0.098620710879147    -0.262044470546583     0.144145866663767
    -0.262044470546583     0.203962180340299     0.083222654920898
     0.108242015490784     0.062493556781232    -0.240916354937170
81 23
     0.016490583051947     0.000000000000000     0.000000000000000
     0.000000000000000     0.007316256445713    -0.002399440533564
     0.000000000000000    -0.007954962248818     0.000426702969621
81 24
    -0.098620710879147     0.262044470546583    -0.144145866663767
     0.262044470546583     0.203962180340298     0.083222654920898
    -0.108242015490784     0.062493556781232    -0.240916354937170
81 25
    -0.067980183133964    -0.100181086031430     0.033806086194324
     0.041179914243689    -0.003768428931897     0.024588526269638
    -0.000741285608382    -0.048579806225853    -0.066188950527293
81 26
     0.009609838097271     0.003972599951807    -0.002077976456936
     0.003972599951807     0.014197001400389     0.001199720266782
    -0.006889199393623     0.003977481124409     0.000426702969621
81 27
     0.009609838097271    -0.003972599951807     0.002077976456936
    -0.003972599951807     0.014197001400389     0.001199720266782
     0.006889199393623     0.003977481124409     0.000426702969621
81 28
    -0.067980183133964     0.100181086031430    -0.033806086194324
    -0.041179914243689    -0.003768428931897     0.024588526269638
     0.000741285608382    -0.048579806225853    -0.066188950527293
81 29
     0.005726889328203     0.083734712370900    -0.004391245293966
    -0.057626287904219    -0.077475501394064    -0.041571192581630
     0.041700703498323     0.024931875281245    -0.066188950527293
81 30
     0.355253625950021     0.000000000000000     0.000000000000000
     0.000000000000000    -0.249912156488870    -0.166445309841796
     0.000000000000000    -0.124987113562463    -0.240916354937170
81 31
     0.005726889328203    -0.083734712370900     0.004391245293966
     0.057626287904219    -0.077475501394064    -0.041571192581630
    -0.041700703498323     0.024931875281245    -0.066188950527293
81 32
     0.026822274158829     0.000000000000000     0.000000000000000
     0.000000000000000     0.026822274158829     0.000000000000000
     0.000000000000000     0.000000000000000    -0.023368949604411
81 33
     0.007909443659339     0.000206716253523     0.000901424997024
     0.000206716253523     0.007670748290105     0.000520437964686
    -0.000028394826858    -0.000016393760930    -0.002589747651318
81 34
     0.007909443659339    -0.000206716253523    -0.000901424997024
    -0.000206716253523     0.007670748290105     0.000520437964686
     0.000028394826858    -0.000016393760930    -0.002589747651318
81 35
     0.007685357822242    -0.000160599871421     0.000159857649271
     0.000212864872061     0.007500428843442    -0.000073844543141
     0.000387096112290     0.000041372299335    -0.000269590500655
81 36
     0.007685357822242     0.000160599871421    -0.000159857649271
    -0.000212864872061     0.007500428843442    -0.000073844543141
    -0.000387096112290     0.000041372299335    -0.000269590500655
81 37
     0.007551400605488     0.000000000000000     0.000000000000000
     0.000000000000000     0.008028791343956    -0.001040875929373
     0.000000000000000     0.000032787521860    -0.002589747651318
81 38
     0.007865387463033     0.000054998229661     0.000200908707024
     0.000054998229661     0.007801880977633     0.000115994696083
    -0.000262635570162    -0.000151632717132    -0.001112697467580
81 39
     0.007288750940313     0.000000000000000     0.000000000000000
     0.000000000000000     0.007622850233992    -0.000308201504737
     0.000000000000000     0.000117698717304    -0.000906734693078
81 40
     0.007865387463033    -0.000054998229661    -0.000200908707024
    -0.000054998229661     0.007801880977633     0.000115994696083
     0.000262635570162    -0.000151632717132    -0.001112697467580
81 41
     0.007569292497284     0.000279875218669     0.000015977574345
    -0.000093589524813     0.007616494168401     0.000175363056828
     0.000229377518382     0.000314548917282    -0.000269590500655
81 42
     0.007539325410572    -0.000144669237856    -0.000266910332586
    -0.000144669237856     0.007372275763733     0.000154100752368
     0.000101930079179    -0.000058849358652    -0.000906734693078
81 43
     0.007539325410572     0.000144669237856     0.000266910332586
     0.000144669237856     0.007372275763733     0.000154100752368
    -0.000101930079179    -0.000058849358652    -0.000906734693078
81 44
     0.007569292497284    -0.000279875218669    -0.000015977574345
     0.000093589524813     0.007616494168401     0.000175363056828
    -0.000229377518382     0.000314548917282    -0.000269590500655
81 45
     0.007524029679001    -0.000119722025133    -0.000143880074926
     0.000253742718350     0.007661756986684    -0.000101518513687
    -0.000157718593908    -0.000355921216617    -0.000269590500655
81 46
     0.007770127734933     0.000000000000000     0.000000000000000
     0.000000000000000     0.007897140705732    -0.000231989392165
     0.000000000000000     0.000303265434264    -0.001112697467580
81 47
     0.007524029679001     0.000119722025133     0.000143880074926
    -0.000253742718350     0.007661756986684    -0.000101518513687
     0.000157718593908    -0.000355921216617    -0.000269590500655
81 48
     0.007752131829762     0.000000000000000     0.000000000000000
     0.000000000000000     0.007752131829762     0.000000000000000
     0.000000000000000     0.000000000000000     0.000092369819660
81 49
     0.005641370698164     0.000928305521593     0.003875462683599
     0.000928305521593     0.004569455812601     0.002237499423610
    -0.005181425448221    -0.002991497377316    -0.003031138430904
81 50
     0.005641370698164    -0.000928305521593    -0.003875462683599
    -0.000928305521593     0.004569455812601     0.002237499423610
     0.005181425448221    -0.002991497377316    -0.003031138430904
81 51
     0.008727419542256    -0.001099779626729    -0.001162490012919
    -0.001535312734195     0.006974649364622     0.000603528373207
    -0.001347306765791     0.000570386746444    -0.002129513628581
81 52
     0.008727419542256     0.001099779626729     0.001162490012919
     0.001535312734195     0.006974649364622     0.000603528373207
     0.001347306765791     0.000570386746444    -0.002129513628581
81 53
     0.004033498369819     0.000000000000000     0.000000000000000
     0.000000000000000     0.006177328140946    -0.004474998847221
     0.000000000000000     0.005982994754632    -0.003031138430904
81 54
     0.008772941009461    -0.001013612999947    -0.006920928830629
    -0.001013612999947     0.009943360486208    -0.003995800123406
     0.000190353126675     0.000109900428927     0.003390118676277
81 55
     0.007351459447159     0.000000000000000     0.000000000000000
     0.000000000000000     0.005846783708732     0.000619945660583
     0.000000000000000     0.000227243832996    -0.004381449986524
81 56
     0.008772941009461     0.001013612999947     0.006920928830629
     0.001013612999947     0.009943360486208    -0.003995800123406
    -0.000190353126675     0.000109900428927     0.003390118676277
81 57
     0.006271813446091    -0.000117567893551    -0.000058574103358
     0.000317965213916     0.009430255460787    -0.001308510069437
    -0.000179683970493    -0.001451995259088    -0.002129513628581
81 58
     0.006222952643339     0.000651543706968     0.000536888691031
     0.000651543706968     0.006975290512553    -0.000309972830292
     0.000196798932228    -0.000113621916498    -0.004381449986524
81 59
     0.006222952643339    -0.000651543706968    -0.000536888691031
    -0.000651543706968     0.006975290512553    -0.000309972830292
    -0.000196798932228    -0.000113621916498    -0.004381449986524
81 60
     0.006271813446091     0.000117567893551     0.000058574103358
    -0.000317965213916     0.009430255460787    -0.001308510069437
     0.000179683970493    -0.001451995259088    -0.002129513628581
81 61
     0.008553870371970     0.001635511394378     0.001103915909561
     0.001199978286911     0.007148198534909     0.000704981696230
     0.001167622795298     0.000881608512644    -0.002129513628581
81 62
     0.010528570224581     0.000000000000000     0.000000000000000
     0.000000000000000     0.008187731271088     0.007991600246812
     0.000000000000000    -0.000219800857854     0.003390118676277
81 63
     0.008553870371970    -0.001635511394378    -0.001103915909561
    -0.001199978286911     0.007148198534909     0.000704981696230
    -0.001167622795298     0.000881608512644    -0.002129513628581
81 64
     0.005414851167087     0.000000000000000     0.000000000000000
     0.000000000000000     0.005414851167087     0.000000000000000
     0.000000000000000     0.000000000000000    -0.003565501297059
81 65
     0.219967521584987     0.000000000000000     0.000000000000000
     0.000000000000000     0.219967521584987     0.000000000000000
     0.000000000000000     0.000000000000000    -1.557712204824016
81 66
    -0.111861166102224    -0.106879304288263     0.136561246069695
     0.110321252252123     0.160063782099953    -0.121137490648259
     0.134964152980857     0.132012853356431    -0.033588523759218
81 67
    -0.007011721704583     0.000000000000000     0.000000000000000
     0.000000000000000     0.021752860854988     0.005758470686751
     0.000000000000000    -0.004514287968581     0.000529224841818
81 68
    -0.111861166102224     0.106879304288263    -0.136561246069695
    -0.110321252252123     0.160063782099953    -0.121137490648259
    -0.134964152980858     0.132012853356431    -0.033588523759218
81 69
     0.093572952237012    -0.008286191271769    -0.036627521217244
    -0.225486747812155    -0.045370336239283     0.178834253592943
     0.181808561123168     0.050875958403456    -0.033588523759218
81 70
    -0.008230942478396    -0.004978231171353     0.008636543205337
    -0.004978231171353    -0.002482576264659     0.004986310544469
    -0.002156797585530    -0.001245227666593     0.029376317022277
81 71
    -0.008230942478396     0.004978231171353    -0.008636543205337
     0.004978231171353    -0.002482576264659     0.004986310544469
     0.002156797585530    -0.001245227666593     0.029376317022277
81 72
     0.093572952237012     0.008286191271769     0.036627521217244
     0.225486747812154    -0.045370336239283     0.178834253592943
    -0.181808561123168     0.050875958403456    -0.033588523759218
81 73
     0.014561715215095    -0.012455429612921     0.004986981901674
    -0.012455429612921     0.000179423935310    -0.002879235343375
    -0.003909488060790     0.002257143984291     0.000529224841818
81 74
     0.000391606842210     0.000000000000000     0.000000000000000
     0.000000000000000    -0.011105125585265    -0.009972621088939
     0.000000000000000     0.002490455333187     0.029376317022277
81 75
     0.014561715215095     0.012455429612921    -0.004986981901674
     0.012455429612921     0.000179423935310    -0.002879235343375
     0.003909488060790     0.002257143984291     0.000529224841818
81 76
    -0.000385135606924     0.000000000000000     0.000000000000000
     0.000000000000000    -0.013612582977976    -0.003812820504925
     0.000000000000000     0.004766467753090     0.027600375740814
81 77
     0.090592137861805    -0.227207721794085    -0.173188767286939
    -0.010007165253699    -0.042389521864076    -0.057696762944685
     0.046844408142311    -0.182888811759888    -0.033588523759218
81 78
     0.090592137861805     0.227207721794085     0.173188767286939
     0.010007165253699    -0.042389521864076    -0.057696762944685
    -0.046844408142310    -0.182888811759888    -0.033588523759218
81 79
    -0.010305721135213     0.005727652725276    -0.003301999417335
     0.005727652725276    -0.003691997449687     0.001906410252462
     0.004127882160495    -0.002383233876545     0.027600375740814
81 80
    -0.010305721135213    -0.005727652725276     0.003301999417335
    -0.005727652725276    -0.003691997449687     0.001906410252462
    -0.004127882160495    -0.002383233876545     0.027600375740814
81 81
    10.539189018315930     0.000000000000000     0.000000000000000
     0.000000000000000    10.539189018315930     0.000000000000000
     0.000000000000000     0.000000000000000    14.185170590959087
81 82
    -0.808984162024382     0.027221798450564     0.124923396897532
    -0.027221798450564     0.083174383751665     0.008244560031903
    -0.124923396897532     0.008244560031903     0.280466036196803
81 83
    -0.006436538405321     0.000000000000000     0.000000000000000
     0.000000000000000     0.000061769670636    -0.009625351891834
     0.000000000000000    -0.009625351891834     0.036745953806999
81 84
    -0.808984162024382    -0.027221798450564    -0.124923396897532
     0.027221798450564     0.083174383751665     0.008244560031903
     0.124923396897532     0.008244560031903     0.280466036196803
81 85
    -0.139865252692347    -0.413537780873283     0.069601696879420
    -0.359094183972156    -0.585944525580370     0.104064555224357
    -0.055321700018112    -0.112309115256260     0.280466036196802
81 86
     0.017282145190310     0.009634143430575    -0.008128922328381
     0.009634143430575     0.006157594584202    -0.004693235494512
     0.001795765367247     0.001036785618182    -0.006190132497046
81 87
     0.017282145190310    -0.009634143430575     0.008128922328381
    -0.009634143430575     0.006157594584202    -0.004693235494512
    -0.001795765367247     0.001036785618182    -0.006190132497046
81 88
    -0.139865252692347     0.413537780873283    -0.069601696879420
     0.359094183972156    -0.585944525580370     0.104064555224357
     0.055321700018112    -0.112309115256260     0.280466036196802
81 89
    -0.001562807348353    -0.002813849937698    -0.008335799258693
    -0.002813849937698    -0.004811961386331     0.004812675945917
    -0.008335799258693     0.004812675945917     0.036745953806999
81 90
     0.000595319281148     0.000000000000000     0.000000000000000
     0.000000000000000     0.022844420493364     0.009386470989024
     0.000000000000000    -0.002073571236363    -0.006190132497046
81 91
    -0.001562807348353     0.002813849937698     0.008335799258693
     0.002813849937698    -0.004811961386331     0.004812675945917
     0.008335799258693     0.004812675945917     0.036745953806999
81 92
     0.000595319281148     0.000000000000000     0.000000000000000
     0.000000000000000     0.022844420493364    -0.002073571236363
     0.000000000000000     0.009386470989024    -0.006190132497046
81 93
    -0.139865252692347    -0.359094183972156    -0.055321700018112
    -0.413537780873283    -0.585944525580370    -0.112309115256260
     0.069601696879420     0.104064555224357     0.280466036196802
81 94
    -0.139865252692347     0.359094183972156     0.055321700018112
     0.413537780873283    -0.585944525580370    -0.112309115256260
    -0.069601696879420     0.104064555224357     0.280466036196802
81 95
     0.017282145190310    -0.009634143430575    -0.001795765367247
    -0.009634143430575     0.006157594584202     0.001036785618182
     0.008128922328381    -0.004693235494512    -0.006190132497046
81 96
     0.017282145190310     0.009634143430575     0.001795765367247
     0.009634143430575     0.006157594584202     0.001036785618182
    -0.008128922328381    -0.004693235494512    -0.006190132497046